Id,Year,Paper,Subject,Topics,Tags,Difficulty,Question,Option_A,Option_B,Option_C,Option_D,Correct_Answer,Explanation
CDS-2014-I-GK-001,2014,GK,Defence & Security,"Defence, Military & Internal Security",Defence | Military Exercises | Armed Forces | Security Architecture,medium,Indian Navy commissioned its first Advanced Light Helicopter Squadron at Kochi in November 2013. What is the name of the helicopter? [2014 CDS-I],Chetak,Dhruv,Rudra,Cheetah,B,"Solution: Indian Navy commissioned its first advanced Light Helicopter Squadron named 'Dhruv' at Kochi in November 2013. Dhruv is the first indigenously designed and manufactured helicopter at Hindustan Aeronautics Limited to provide multi role capabilities. Dhruv has been operating with the three services of the Armed Forces, Indian Coast Guard and Border Security Forces. © examsnet.com"
CDS-2014-I-GK-002,2014,GK,General Knowledge,General Knowledge,General Knowledge | UPSC CDS | Prelims,medium,Which of the following statements about India’s unorganized sector are true? 1.Labour is more in number than that in the organized sector. 2.Job security and work regulation are better in unorganized sector. 3.They are usually not organized into trade unions. 4.Workers are usually employed for a limited number of days. Select the correct answer using the code given below. [2014 CDS-I],"1, 2 and 4","1,3 and 4",3 and 4 only,1 and 3 only,B,"Solution: Statements1, 3 and 4 are true regarding India's unorganisedsector. The sector which is not registered with the government andwhose terms of employment are not fixed and regular is considered as un-organised sector. Work is not properly regulated and there is nojob security in this sector. © examsnet.com"
CDS-2014-I-GK-003,2014,GK,General Knowledge,General Knowledge,General Knowledge | UPSC CDS | Prelims,medium,"Consider the following statements : 1.Battle of Buxar provided the key to the English to establish their rule in India. 2.The Treaty of Allahabad, concluded in 1765, enabled the British to establish their rule in Bengal. Which of the statements given above is/are correct? [2014 CDS-I]",1 only,2 only,Both 1 and 2,Neither 1 nor 2,C,"Solution: Both statements 1 and 2 are correct. The Battle of Buxar was fought on 22nd October 1764 between the forces under the command of the British East India Company led by Hector Munro and the combined armies of Mir Qasim, Shuja-ud-Daulah and Shah Alam II.The war came to an end by the ""Treaty of Allahabad"" in 1765.The Treaty marks the political and constitutional involvement and the beginning of British rule in India. Based on the terms of theagreement, Alam granted Diwani rights of the eastern province ofBengal-Bihar-Orissa to the East India Company. © examsnet.com"
CDS-2014-I-GK-004,2014,GK,Modern History,Indian National Movement,Modern History | Freedom Struggle | British Colonial Rule,easy,Corporation tax in India is levied on income of a company. Which one of the following does not include Corporation tax? [2014 CDS-I],Profit from business,Capital gain,Interest on securities,Sale proceed of assets,D,Solution: Option (d) is correct as sale proceed of assets does not includecorporation tax. Corporation tax in India relates to taxation ofcompanies. The income from following is liable for tax: Profit frombusiness; Capital gains; Income from property; Income from intereston securities. © examsnet.com
CDS-2014-I-GK-005,2014,GK,Modern History,Indian National Movement,Modern History | Freedom Struggle | British Colonial Rule,medium,The concept of hegemony is used to understand the capacity to ‘manufacture consent’. Here hegemony implies 1.class ascendency in ideological spheres 2.deploying ideological resources to shape behaviour of weaker States/powers 3.provision of global public goods by a dominant power 4.military dominance in relative and absolute terms Select the correct answer using the code given below. [2014 CDS-I],1 and 2,2 and 3,4,1 only,A,"Solution: The concept of hegemony is used to understand the capacity to'manufacture consent'. Here, hegemony implies class ascendency in ideological spheres. This notion of hegemony suggests that a dominant power deploys not only military power but also ideological resources to shape the behaviour of competing and lesser powers. The behaviour of the weaker countries is influenced in ways that favour the interests of the most powerful country. © examsnet.com"
CDS-2014-I-GK-006,2014,GK,General Knowledge,General Knowledge,General Knowledge | UPSC CDS | Prelims,easy,"On November 8, 2013, many people died in Philippines after a super typhoon ravaged the country. What was the name of the typhoon? [2014 CDS-I]",Haiyan,Utor,Phailin,Nesat,A,"Solution: On November 8, 2013, Typhoon Haiyan, known as Super TyphoonYolanda in the Philippines ravaged the country. It was one of thestrongest tropical cyclones ever recorded. It was the deadliestPhilippine typhoon on record, killing at least 6,300 people in the country alone. © examsnet.com"
CDS-2014-I-GK-007,2014,GK,Modern History,Indian National Movement,Modern History | Freedom Struggle | British Colonial Rule,medium,on-military Confidence Building Measures (CBMs) in a peace process include 1.people to people contact across borders 2.literary and cultural interac­tion under governmental and non-govemmental agencies 3.increase in travel facilities 4.joint initiatives to tackle common socio-economic problems Select the correct answer using the code given below. [2014 CDS-I],2 and 3 only,1 and 3 only,2 and 4 only,"1, 2, 3 and 4",D,"Solution: All the given statements regarding Non-military ConfidenceBuilding Measures (NCBMs) are correct. Examples of non-militaryconfidence building measures are: people to people contacts; jointsolutions to humanitarian problems; cultural, educational andsports exchanges; joint economic projects. Therefore, all the statements are rightly mentioned. © examsnet.com"
CDS-2014-I-GK-008,2014,GK,Geography,Physical and Indian Geography,Geography | Physical Geography | Indian Geography | Geomorphology,easy,"In India, mergers and acquisition of firms are regulated by [2014 CDS-I]",National Manufacturing Competitiveness Council,Competition Commission of India,Security and Exchange Board of India,Department of Industrial Policy and Promotion,B,"Solution: In India, mergers and acquisition of firms are regulated byCompetition Commission of India (CCI). Competition Commission of India is a statutory body of the Government of India responsible for enforcing the Competition Act, 2002 throughout India and toprevent activities that have an appreciable adverse effect oncompetition in India. © examsnet.com"
CDS-2014-I-GK-009,2014,GK,General Knowledge,General Knowledge,General Knowledge | UPSC CDS | Prelims,medium,Consider the following statements regarding Indian Feudalism in the early medieval period : 1.The revenue assignments were called Bhoga. 2.The hereditary chiefs neither collected revenues nor assumed administrative powers. Which of the statements given above is/are correct? [2014 CDS-I],1 only,2 only,Both 1 and 2,Neither 1 nor 2,A,"Solution: Statement (1) is correct regarding Indian Fuedalism in early medival period. In early medieval India, the political elites werebeneficiary of assignments made to them- on the basis of clanconnection or in lieu of services made to the state- in the form oflanded property, which became their Bhoga, grasa or whatever theregional expression was. Under Alauddin Khalji’s rule, Bhaga (landRevenue), Bhoga (cesses) and Kar (taxes) became the basis forassignment of land to nobles © examsnet.com"
CDS-2014-I-GK-010,2014,GK,Polity,Indian Constitution & Governance,Polity | Constitution of India | Governance | Constitutional Bodies,medium,"The Fundamental Rights, enshrined in Part III of the Constitution of India, “are inherent and cannot be extinguished by any constitutional and statutory provision"". This was made clear in the case of [2014 CDS-I]",A. K. Gopalan u. State of Madras,I. C. Golak Nath v. State of Punjab,"State of West Bengal v. Committee for Protection of Democratic Rights, West Bengal",Shankari Prasad Singh Deo v. Union of India,C,"Solution: The Fundamental Rights, enshrined in Part III of the Constitution of India, ""are inherent and cannot be extinguished by any constitutional and statutory provision"". This was made clear in the case of State of West Bengal V. Committee for Protection ofDemocratic Rights, West Bengal by the Supreme Court. Apex court also said that “Any law that abrogates or abridges such rights will be in violation of basic structure doctrine” © examsnet.com"
CDS-2014-I-GK-011,2014,GK,Ancient History,Ancient Indian History,Ancient History | Indian History | Archaeological Sources,medium,Consider the following statements : 1.The Jains believed that Mahavira had twenty-three predecessors. 2.Parshvanatha was twenty-third Tirthankara. 3.Rishava was immediate successor of Mahavira. Which of the statements given above is/are correct? [2014 CDS-I],1 and 2,2 and 3,2 only,3 only,A,"Solution: Rishabha was the first Tirthankara. Parshvanatha was the twenty-third Tirthankara; and Mahavira was the twenty-fourth Tirthankara. Accordingly, the statements (1) and (2) are correct but the third statement is incorrect. Therefore, the answer is option (a).There were 23 tirthankars before Mahavira, Rishabha being the first and Parshvanatha being the 23rd. © examsnet.com"
CDS-2014-I-GK-012,2014,GK,General Knowledge,General Knowledge,General Knowledge | UPSC CDS | Prelims,medium,Consider the following statements regarding Indian Ocean Rim Association : 1.The 13th Council of Ministers Meeting of the Association was held in November 2013 in Perth. 2.India was elected Chair of the Association from 2013 to 2015. 3.There are twenty member nations in the Association. Which of the statements given above is/are correct? [2014 CDS-I],1 only,2 only,1 and 3 only,"1, 2 and 3",C,"Solution: Among the given items regarding Indian Ocean Rim Association(IORA), only (1) and (3) are correct.India was not elected Chair of the Association from 2013 to 2015. Australia hosted IORA summit in 2013 and 2014. In 2015 it was chaired by Indonesia. The IndianOcean Rim Association is an international organisation consisting of coastal states bordering the Indian Ocean. It has 21 Member States (Somalia joins in 2016) and 7 Dialogue Partners. The IORA is a regional forum, tripartite in nature, bringing together representatives of Government, Business and Academia, for promoting co-operation and closer interaction among them. © examsnet.com"
CDS-2014-I-GK-013,2014,GK,Quantitative Aptitude,Basic Numeracy & Quantitative Aptitude,Aptitude | Mathematics | Quantitative Reasoning | Problem Solving,easy,‘Population dividend’ refers to [2014 CDS-I],total number of population,youthful age structure of a population,relatively high proportion of experienced aged people,migration from richer region to poorer region,B,Solution: 'Population dividend' refers to youthful age structure of a population. Population dividend is a phenomenon which occurs when the proportion of working population out of the total population is high. A country is expected to reap the demographic dividend when the share of its working population is larger than the share of its non-working population. India is currently goingthrough a phase of the demographic dividend. © examsnet.com
CDS-2014-I-GK-014,2014,GK,Modern History,Indian National Movement,Modern History | Freedom Struggle | British Colonial Rule,hard,Which of the following principles is/are taken into consideration by the Speaker while recognizing a parliamentary party or group? 1.An association of members who have an organization both inside and outside the House 2.An association of members who shall have at least one-third of the total number of members of the House 3.An association of members who have a distinct programme of parliamentary work Select the correct answer using the code given below. [2014 CDS-I],"1, 2 and 3",1 only,1 and 3 only,2 and 3 only,C,"Solution: While recognizing a parliamentary party or group the factors that are taken into consideration by the Speaker are: an association of members who have an organisation both inside and outside the House, shall have a  distinct programme of parliamentary work and shall have at least a strength equal to one tenth of the total number of members of the house. © examsnet.com"
CDS-2014-I-GK-015,2014,GK,Ancient History,Ancient Indian History,Ancient History | Indian History | Archaeological Sources,easy,The Fourth Buddhist Council was held in Kashmir under the leadership of [2014 CDS-I],Bindusara,Ashoka,Kunal,Kanishka,D,Solution: The fourth Buddhist council was convened in Kahsmir by Kanishkaunder the chairmanship of Vasumitra. Hence option 4 is correct. First Buddhist Council held under the patronage of king Ajatshatru with the monk Mahakasyapa presiding. Second council was held under the patronage of King Kalasoka and the presidency of Sabakami. Third council was held under the patronage of King Asoka and under the presidency of Moggaliputta Tissa. © examsnet.com
CDS-2014-I-GK-016,2014,GK,General Knowledge,General Knowledge,General Knowledge | UPSC CDS | Prelims,medium,"Consider the following statements about UN Frontline Workers Global Leadership Award : 1.Martha Dodray, an auxiliary nurse and midwife from Bihar, was conferred the Award in the year 2013. 2.Martha Dodray was awarded for her dedicated service in the bird flu affected areas of India. Which of the statements given above is/are correct? [2014 CDS-I]",1 only,2 only,Both 1 and 2,Neither 1 nor 2,A,"Solution: Statement (1) is correct. Martha Dodray, an auxiliary nurse andmidwife from Bihar, was conferred the Award in the year 2013. She is polio worker and not bird flu worker. United Nations Frontline Workers Global Leadership award is given in recognition of the roles to individuals, organizations, and corporations played in supporting  the work of the United Nations’ to advance global peace, justice, and prosperity. © examsnet.com"
CDS-2014-I-GK-017,2014,GK,Polity,Indian Constitution & Governance,Polity | Constitution of India | Governance | Constitutional Bodies,easy,Which one of the following statements regarding the Departmental Committee of the Parliament of India on the empowerment of women is correct? [2014 CDS-I],The Committee will consist of members of the Lok Sabha only,A Cabinet Minister can be a member of the Committee,The term of office of the members of the Committee shall not exceed two years,It reports on the working of welfare programmes for the women,D,"Solution: Departmental Committee of the Parliament of India on the empowerment of women reports on the working of welfare programmes for the women. The Constitution not only grants equality to women, but also empowers the State to adopt measures of positive discrimination in favour of women. © examsnet.com"
CDS-2014-I-GK-018,2014,GK,Ancient History,Ancient Indian History,Ancient History | Indian History | Archaeological Sources,easy,The University of Nalanda was set up by which Gupta ruler? [2014 CDS-I],Kumaragupta II,Kumaragupta I,Chandragupta II,Samudragupta,B,"Solution: The University of Nalanda was set up by Kumargupta l. He was the son and successor of Chandragupta II. He laid the foundation of the Nalanda University which emerged as an institution of international repute. Nalanda University was one of the first universities in the world, founded in the 5th Century BC, and reported to have been visited by the Buddha during his lifetime. © examsnet.com"
CDS-2014-I-GK-019,2014,GK,Science & Tech,General Science & Emerging Technologies,Science & Tech | General Science | Applied Science | Physics | Chemistry | Biology,medium,"Which of the following statements about Prof. C. N. R. Rao is/are correct? 1.He is considered to be an international authority in solid-state and structural chemistry. 2.He is the first Indian to reach the H index of 100, reflecting the economy of the body of his published research work. Select the correct answer using the code given below. [2014 CDS-I]",1 only,2 only,Both 1 and 2,Neither 1 nor 2,C,"Solution: Both the statements about Prof. C. N. R. Rao are correct. He is anIndian chemist who has worked mainly in solid-state and structuralchemistry. Prof Chintamani Nagesa Ramachandra Rao, also known as CNR Rao, became the first Indian in  April this year to reach the H-index of 100, reflecting the enormity of the body of his published research work. He was conferred with Bharat Ratna in 2013 along with Sachin Tendulkar. © examsnet.com"
CDS-2014-I-GK-020,2014,GK,Medieval History,Medieval Indian History,Medieval History | Delhi Sultanate | Mughal Empire | Administration,medium,"Consider the following statements about Sher Shah’s administration : 1.He divided his empire into Sarkars, which were further subdivided into Parganas. 2.The Sarkars and the Parganas were directly administered by Sher Shah without the help of any other officials. Which of the statements given above is/are correct? [2014 CDS-I]",1 only,2 only,Both 1 and 2,Neither 1 nor 2,A,"Solution: Only Statement (1) is correct regarding Sher Shah’s administration. The Sarkar was administered by two chief officers: the one, Shiqdar-i-Shiqdaran or chief Shiqdar was a military officer; the other officer was the Munsif-iMunsifan or the chief Munsif. Therewas a Shiqdar (military officer),Amin or Munsif (Civilian Judge), one Fotahdar (treasurer) and two Karkuns (clerks or writers) in eachPargana. Thus, statement (2) is incorrect. © examsnet.com"
CDS-2014-I-GK-021,2014,GK,General Knowledge,General Knowledge,General Knowledge | UPSC CDS | Prelims,medium,Consider the following statements : 1.B. G. Tilak founded the Home Rule League in April 1916 in Maharashtra. 2.N. C. Kelkar was not associated with Home Rule Movement. Which of the statements given above is/are correct? [2014 CDS-I],1 only,2 only,Both 1 and 2,Neither 1 nor 2,A,"Solution: Tilak had appointed Joesh Baptista and NC Kelkar as President and Secretary of the Home Rule League founded at Poona. So, statement (1) is correct. Objectives of the Home Rule League movement were: to establish self- government ; to build up an agitation for home rule by promoting political education anddiscussion; to revive the political activity on their own whilemaintaining the principles of congress; to demand for greaterpolitical representation from the British government. © examsnet.com"
CDS-2014-I-GK-022,2014,GK,Polity,Indian Constitution & Governance,Polity | Constitution of India | Governance | Constitutional Bodies,medium,"In India, contribution of food inflation to overall inflation is around 1 3 \frac{1}{3} 3 1 ​ rd to 2 5 \frac{2}{5} 5 2 ​ th. Within food inflation, contribution of food articles is higher because price rise in food articles is [2014 CDS-I]",higher and their weight is also higher compared to food products,higher but their weight is lower compared to food products,lower but their weight is higher compared to food products,lower and their weight is also lower compared to food products,A,"Solution: According to the data on or before November 2013, contribution of food inflation to overall inflation is around 1/3rd to 2/5th. Within food inflation, contribution of food articles is higher because price rise in food articles is higher and their weight is also higher compared to foodproducts. © examsnet.com"
CDS-2014-I-GK-023,2014,GK,Quantitative Aptitude,Basic Numeracy & Quantitative Aptitude,Aptitude | Mathematics | Quantitative Reasoning | Problem Solving,medium,What do you understand by the. term ‘propaganda? 1.It is an unverified story that is spread from one person to another. 2.t is communication tailored to influence opinion. 3. is an enthusiasm among a relatively large number of people for a particular innovation. 4.It is a tool of oration used only by political parties. Select the correct answer using the code given below. [2014 CDS-I],2 only,1 and 2,2 and 4,"1, 3 and 4",A,"Solution: Propaganda is communication tailored to influence opinion.Propaganda is the more or less systematic effort to manipulateother people’s beliefs, attitudes, or actions by means of symbols.Propaganda is information that is not objective and is used primarily to influence (so it is not enthusiasm) an audience.Propaganda is often associated with material prepared by politicalgovernments or opposition, but activist groups, companies and themedia can also produce propaganda. © examsnet.com"
CDS-2014-I-GK-024,2014,GK,Polity,Indian Constitution & Governance,Polity | Constitution of India | Governance | Constitutional Bodies,easy,The Annual Financial Statement of the Government of India in respect of each financial year shall be presented to the House on such day as the [2014 CDS-I],Speaker may direct,President of India may direct,Parliament may decide,Finance Minister may decide,B,Solution: The Annual Financial Statement of the Government of India inrespect of each financial year shall be presented to the House on such day as the President of India may direct. Annual Financial Statement is a document presented to the Parliament in every financial year as a part of the Budget Process under Article 112 of the constitution of India. © examsnet.com
CDS-2014-I-GK-025,2014,GK,Modern History,Indian National Movement,Modern History | Freedom Struggle | British Colonial Rule,easy,The social ideals of Mahatma Gandhi were first put forth in [2014 CDS-I],Hind Swaraj,An Autobiography—The Story of My Experiments with Truth,History of the Satyagraha in South Africa,The Bhagavad Gita According to Gandhi,A,"Solution: The social ideals of Mahatma Gandhi were first put forth in Hind Swaraj. It was written in Gujarati in 1909 ,the title of the first definitive writing of Mahatma Gandhi, and which continues to evoke critical interest the world over even now, literally means ‘self-rule in India’. He wrote this book while traveling from London to South Africa on board SS Kildonan Castle between November 13 and November 22, 1909. In the book Gandhi gives a diagnosis for the problems of humanity in modern times, the causes, and his remedy © examsnet.com"
CDS-2014-I-GK-026,2014,GK,Current Affairs,Current Events of National & International Importance,Current Affairs | International Relations | Government Schemes | Awards,medium,"Carefully read the following passage and identify the person referred to in that : er best known works are 'The Golden Notebook’, 'Memoirs of a Survivor’ and 'The Summer Before the Dark’, She was the oldest recipient of the Nobel Prize in Literature. [2014 CDS-I]",Alice Munro,Doris Lessing,Herta Muller,Elfriede Jelinek,B,"Solution: Doris Lessing has been referred in the given passage. Lessing wasawarded the 2007 Nobel Prize in Literature. She died in November2013.Alice Ann Munro is a Canadian short story writer who won the Nobel Prize in Literature in 2013. Herta Müller is a Romanianborn German novelist, poet, essayist and recipient of the 2009 Nobel Prize in Literature. Elfriede Jelinek won the 2004 Nobel Prizefor Literature with her satirical studies of gender oppression andfemale sexuality. © examsnet.com"
CDS-2014-I-GK-027,2014,GK,Polity,Indian Constitution & Governance,Polity | Constitution of India | Governance | Constitutional Bodies,medium,The subject matter of an adjournment motion the Parliament 1.must be directly related to the conduct of the Union Government 2.may involve failure of the Government of India to perform its duties in accordance with the Constitution Select the correct answer using the code given below. [2014 CDS-I],1 only,2 only,Both 1 and 2,Neither 1 nor 2,B,"Solution: The subject matter of an adjournment motion in the Parliament may involve failure of the Government of India to perform its duties in accordance with the Constitution. Adjournment Motion is the procedure for adjournment of the business of the House for thepurpose of discussing a definite matter of urgent public importance,which can be moved with the consent of the Speaker. © examsnet.com"
CDS-2014-I-GK-028,2014,GK,Modern History,Indian National Movement,Modern History | Freedom Struggle | British Colonial Rule,easy,Share of food in total consumption expenditure has been coming down as per capita income grew over time in last sixty years because [2014 CDS-I],people have been purchasing less food,people have been preferring non-cereal items in their food basket,growth in food expenditure has been lower than growth in per capita income,percentage of the poor in population has increased over time,C,"Solution: Share of food in total consumption expenditure has been coming down as per capita income grew over time in last sixty years because growth in food expenditure has been lower than growth in per capita income. People have been purchasing food so, option (a) can be eliminated. Percentage of the poor in population has decreased over time so, option (d) also wrong. © examsnet.com"
CDS-2014-I-GK-029,2014,GK,Modern History,Indian National Movement,Modern History | Freedom Struggle | British Colonial Rule,medium,"Consider the following statements about Syed Ahmed Khan, the founder of Muhammadan Anglo- Oriental College, Aligarh : 1.He was a staunch supporter of Indian National Congress. 2.Muhammadan Anglo-Oriental College was set up with the objective of promoting learning of Islamic education among the Muslims. Which of the statements given above is/are correct? [2014 CDS-I]",1 only,2 only,Both 1 and 2,Neither 1 nor 2,D,"Solution: Sayyid Ahmad Khan was opposed to the participation of Muslims in the activities of Indian national congress. He founded a modern school to promote English education among Muslims. This had later grown into the Mohammedan Anglo Oriental College and then into Aligarh Muslim university. It mainly provided for education inhumanities and science through English medium. So, both thestatements are incorrect. © examsnet.com"
CDS-2014-I-GK-030,2014,GK,Modern History,Indian National Movement,Modern History | Freedom Struggle | British Colonial Rule,medium,"Political theory 1.deals with the ideas and principles that shape Constitutions 2.clarifies the meaning of freedom, equality and justice 3.probes the significance of principles of rule of law, separation of power and judicial review Select the correct answer using the code given below. [2014 CDS-I]",1 and 2 only,1 only,2 and 3 only,"1, 2 and 3",D,"Solution: Political theory deals with the ideas and principles that shape Constitutions, clarifies the meaning of freedom, equality and justice, probes the significance of principles of rule of law, separation of power and judicial review. Political philosophy, or political theory, is the study of topics such as politics, liberty, justice, property, rights, law, and the enforcement of laws by authority. © examsnet.com"
CDS-2014-I-GK-031,2014,GK,General Knowledge,General Knowledge,General Knowledge | UPSC CDS | Prelims,easy,Which one of the following statements about Rig Veda is not correct? [2014 CDS-I],Deities were worshipped through prayer and sacrificial rituals,"The Gods are presented as powerful, who could be made to intervene in the world of men via the performance of sacrifices",The Gods were supposed to partake of the offerings as they were consumed by the fire,The sacrifices were performed in the temples,D,"Solution: Options (a), (b) and (c) are correct about Rig Vedic period. Vedic Aryans worshipped natural forces like fire, wind, rain and thunder. There were no temples and no idol worship during the early Vedic period. Hence, option (d) is the correct answer i.e. statement(d) is not true. The Rig-Veda is the largest and most important text of the Vedic collection; it includes 1028 hymns and it is divided intoten books called Mandalas. More than half the hymns invoke justthree top-rated gods of the moment: Indra (250 hymns), Agni(200 hymns), and Soma (100 hymns) © examsnet.com"
CDS-2014-I-GK-032,2014,GK,Science & Tech,General Science & Emerging Technologies,Science & Tech | General Science | Applied Science | Physics | Chemistry | Biology,easy,Classification of an enterprise into public or private sector is based on [2014 CDS-I],number of employees in the enterprise,ownership of assets of the enterprise,employment conditions for workers in the enterprise,nature of products manufac­tured by the enterprise,B,"Solution: Classification of an enterprise into public or private sector isbased on ownership of assets of the enterprise. Privatisation implies shedding off the ownership or management of a government owned enterprise. Government companies can be converted into private companies in two ways: (i) by withdrawal of the government from ownership and management of public sector companies.(ii) by outright sale of public sector companies. In other words, ownership of assets of the enterprise decides whether givenenterprise is public sector or private sector. Hence, option (b) is theanswer. © examsnet.com"
CDS-2014-I-GK-033,2014,GK,General Knowledge,General Knowledge,General Knowledge | UPSC CDS | Prelims,medium,"Consider the following statements about Democracy : 1.It consists with the formation of government elected by the people. 2.In democracy, those currently in power have a fair chance of losing. 3.Each vote has one value. Which of the statements given above is/are correct? [2014 CDS-I]",1 and 2 only,"1, 2 and 3",1 only,2 and 3 only,B,"Solution: All three statements related to Democracy are correct. It deals withthe formation of government elected by the people. In democracy, those currently in power have a fair chance of losing. Each vote has one value. Democracy is a system of government in which the citizens exercise power directly or elect representatives from amongst themselves to form a governing body, such as a parliament. © examsnet.com"
CDS-2014-I-GK-034,2014,GK,General Knowledge,General Knowledge,General Knowledge | UPSC CDS | Prelims,medium,Which of the following nations were recently suspended with regard to the voting rights by the UNESCO for not paying their dues to it? 1.USA 2.Israel 3.Iran 4.Iraq Select the correct answer using the code given below. [2014 CDS-I],"1, 2, 3 and 4",1 and 2 only,2 and 3 only,3 and 4 only,B,"Solution: USA and Israel were recently suspended with regard to the votingrights by the UNESCO for not paying  their dues to it. UNESCO, the United Nations Educational Scientific and Cultural Organization, is responsible for designating World Heritage sites, promoting global education and supporting press freedom, among other tasks. © examsnet.com"
CDS-2014-I-GK-035,2014,GK,Ancient History,Ancient Indian History,Ancient History | Indian History | Archaeological Sources,easy,Which one of the following statements about ancient Indian Mahajanapadas is correct? [2014 CDS-I],All Mahajanapadas were oligarchies where power was exercised by a group of people,All Mahajanapadas were located in eastern India,No army was maintained by the Mahajanapadas,Buddhist and Jaina texts list sixteen Mahajanapadas,D,"Solution: Option (d) is correct regarding ancient Indian Mahajanapadas.Buddhist literature (Anguttara Nikaya, Mahavastu) and Jainliterature (Bhagavati Sutta) present a list of 16 Mahajanapads withminor variation in names. In the post-Vedic period, the entirenorthern territory mostly situated north of the Vindhyas and extending from the North-West frontier to Bihar was divided intosixteen states called Sodasha Mahajanapadas. These Mahajanapadas were either monarchical or republican incharacter © examsnet.com"
CDS-2014-I-GK-036,2014,GK,Polity,Indian Constitution & Governance,Polity | Constitution of India | Governance | Constitutional Bodies,hard,"Match List-I with List-II and select the correct answer using the code given below the Lists : List-I (Person) List-II (Role in making of the Constitution of India) A. Rajendra Prasad 1. Member, Drafting Committee B. T.T.Krishnamachari 2. Chairman, Constituent Assembly C. H.C.Mookheijee 3. Chairman, Drafting Committee D. B.R.Ambedkar 4. Vice-Chairman, Constituent Assembly A B C D (1) 2 1 4 3 (2) 2 4 1 3 (3) 3 4 1 2 (4) 3 1 4 2 [2014 CDS-I]",(1),(2),(3),(4),A,"Solution: Rajendra Prasad was chairman (elected on December11, 1946) ofthe Constituent Assembly. T.T. Krishnamachari (he replaced D. P.Khaitan who died in 1948) was member of the Drafting Committee.H.C. Mukherjee was Vice-Chairman (elected on December11, 1946) of the Constituent Assembly. Dr. B.R. Ambedkar was the Chairman of the Drafting Committee. So, the option (a) provide © examsnet.com"
CDS-2014-I-GK-037,2014,GK,General Knowledge,General Knowledge,General Knowledge | UPSC CDS | Prelims,easy,"Heena Sidhu, who recently won a World Cup Gold Medal for India, is associated with [2014 CDS-I]",Shooting,Archery,Weightlifting,Boxing,A,"Solution: Heena Sidhu, on April 7, 2014 won a World Cup Gold Medal inShooting for India. Sindhu became the first Indian pistol shooter toreach number one in world rankings by the International Shooting Sport Federation. © examsnet.com"
CDS-2014-I-GK-038,2014,GK,Ancient History,Ancient Indian History,Ancient History | Indian History | Archaeological Sources,easy,The only inscribed stone portrait of Emperor Ashoka has been found at [2014 CDS-I],Sanchi,Amaravati,Kanaganahalli,Ajanta,C,"Solution: The only inscribed stone portrait of Emperor Ashoka has been found at Kanaganahalli (Kanaganahalli is about 3 km from Sannati, an important Buddhist site, it is on the left bank of the Bhima river in, Gulbarga District in Karnataka).In 1993 a team of archeologistssurveyed Sannati, Karnataka, and the most dramatic evidence came from Kanagahalli. The discoveries at the site included a broken relief sculpture showing a king and queen flankaed by female attendants. An inscription in Brahmi letter read “Ranyo Ashoka” (King Ashoka), leaving no doubt about the centralfigure. © examsnet.com"
CDS-2014-I-GK-039,2014,GK,Polity,Indian Constitution & Governance,Polity | Constitution of India | Governance | Constitutional Bodies,medium,The citizenship means 1.full civil and political rights of the citizens 2.the right of suffrage for election to the House of the People {of the Union) and the Legislative Assembly of every State 3.the right to become a Member of the Parliament and Member of Legislative Assemblies Select the correct answer using the code given below. [2014 CDS-I],1 and 2 only,1 and 3 only,2 and 3 only,"1, 2 and 3",B,"Solution: The citizenship means full civil and political rights of the citizens .Itincludes the right to suffrage for election to the House of the People(of the Union) and the Legislative Assembly of State and the right to become a Member of the Parliament and Member of Legislative Assemblies. The word “Every” makes (2) statement wrong because, the resident citizen of Bihar cannot vote in the statelegislative assembly election of Rajasthan. Citizenship is the statusof a person recognized under the custom or law as being a legalmember of a sovereign state or belonging to a nation. © examsnet.com"
CDS-2014-I-GK-040,2014,GK,Polity,Indian Constitution & Governance,Polity | Constitution of India | Governance | Constitutional Bodies,hard,The Committee on Public Accounts under the Constitution of India is meant for 1.the examination of accounts showing the appropriation of sums granted by the House for the expenditure of the Government of India 2.scrutinizing the report of the Comptroller and Auditor General 3.suggesting the form in which estimates shall be presented to the Parliament Select the correct answer using the code given below. [2014 CDS-I],1 only,2 only,1 and 2 only,"1, 2 and 3",C,"Solution: The Committee on Public Accounts under the Constitution ofIndia is meant for the examination of accounts showing theappropriation of sums granted by the House for the expenditure ofthe Government of India, scrutinizing the report of the Comptroller and Auditor General. Public Accounts Committee has 22 members of which 15 are from Lok Sabha while 7 from Rajya Sabha.The members are “elected” by members of Parliament amongstthemselves via a system of proportional representation bymeans of single transferable vote.Estimates committee scrutinizesthe Estimates, thus statement 3 is incorrect about Committee on Public Accounts. © examsnet.com"
CDS-2014-I-GK-041,2014,GK,Medieval History,Medieval Indian History,Medieval History | Delhi Sultanate | Mughal Empire | Administration,easy,Which one of the following was a temple built by the Chola Kings? [2014 CDS-I],"Brihadiswara Temple, Tanjavur","Meenakshi Temple, Madurai","Srirangam Temple, Thiruchirapalli","Srirangam Temple, Thiruchirapalli",A,"Solution: Brihadiswara Temple, Tanjavur was built by the Chola King. Rajarajbuilt Brihadeshwar temple attributed to Lord Shiva. There are three great 11th and 12th century Temples built by Chola rulers i.e. Airavatesvara Temple at Darasuram, the Brihadisvara Temple at Gangaikondacholisvaram and the Brihadisvara Temple atThanjavur. They represent creative achievement in the architecturalconception of the pure form of the Dravida type of temple which arenow known as the ""Great Living Chola Temples"". © examsnet.com"
CDS-2014-I-GK-042,2014,GK,Modern History,Indian National Movement,Modern History | Freedom Struggle | British Colonial Rule,easy,Which among the following was the reason of the resignations of the Indian ministers in all the provinces in the year 1939? [2014 CDS-I],The Governors refused to act as constitutional heads,The Centre did not provide the required financial helpto provinces,The Governor-General converted Indian administration from federal to unitary one because of the beginning of the Second World War,India was declared a party to the Second World War without the consent of the provincial governments,D,"Solution: On 1st September 1939, the Second World War broke out.The British government without consulting the people of Indiainvolved the country in the war. The Congress vehemently opposedit and as a mark of protest the Congress ministries in the Provinces resigned on 12th December 1939. So, option (d) is  correct. © examsnet.com"
CDS-2014-I-GK-043,2014,GK,Modern History,Indian National Movement,Modern History | Freedom Struggle | British Colonial Rule,medium,The Union Ministry of Environment and Forest recently approved in principle a proposal for Western Ghats Development prepared by K. Kasturirangan-led panel. The panel has recommended a ban on development activities in around 60000 sq. km ecologically sensitive area spread over [2014 CDS-I],"Gujarat, Andhra Pradesh, Tamil Nadu, Maharashtra, Kerala and Karnataka","Gujarat, Maharashtra, Goa, Karnataka, Kerala and Tamil Nadu","Odisha, Maharashtra, Goa, Kerala, Andhra Pradesh and Tamil Nadu","Karnataka, Odisha, Gujarat, Kerala, Maharashtra and Tamil Nadu",B,"Solution: The Union Ministry of Environment and Forest approved in principle a proposal for Western Ghats Development prepared by K. Kasturirangan-led panel. The panel has recommended a ban ondevelopment activities in around 60000 sq. km ecologically sensitive area spread over Gujarat, Maharashtra, Goa, Karnataka,Kerala and Tamil Nadu. This Kasturirangan committee was set up to study the Gadgil committee report on the Western Ghats. © examsnet.com"
CDS-2014-I-GK-044,2014,GK,Modern History,Indian National Movement,Modern History | Freedom Struggle | British Colonial Rule,medium,"The legislative power of the Parliament includes making laws 1.on matters not enumerated in the Concurrent List and State List 2.in respect of entries in the State List if two or more State Legislatures consider it desirable 3.for implementing any treaty, agreement or convention with any country even if it falls in the State List Select the correct answer using the code given below. [2014 CDS-I]",2 only,1 and 2 only,1 and 3 only,"1, 2 and 3",D,"Solution: The legislative power of the Parliament includes making laws onmatters not enumerated in the Concurrent List and State List byvirtue of residuary clause under Art.248, in respect of entries in theState List if two or more State Legislatures consider it desirable byvirtue of Art.252 and for implementing any treaty, agreement or convention with any country even if it falls in the State List by virtue of Art.253. © examsnet.com"
CDS-2014-I-GK-045,2014,GK,Art & Culture,Indian Culture and Heritage,Art & Culture | Architecture | Performing Arts | Heritage Sites,hard,Match List-I with List-II and select the correct answer using the code given below the Lists : List-I (Temple) List-II (Town) A. Kailasanathar 1. Bhubaneshwar B. Lingaraj 2. Khajuraho C. Kandariya Mahadev 3. Mount Abu D. Dilwara 4. Kanchipuram A B C D (1) 4 2 1 3 (2) 4 1 2 3 (3) 3 1 2 4 (4) 3 2 1 4 [2014 CDS-I],(1),(2),(3),(4),B,"Solution: The Kailasanathar temple is the oldest structure in Kanchipuram.Located in Tamil Nadu, it is a Hindu temple in the Dravidian architectural style and is known for its historical importance. Lingaraja Temple is a Hindu temple dedicated to Shiva and is one of the oldest temples in Bhubaneswar, the capital of the East Indian state of Odisha. The Kandariya Mahadeva Temple gives the meaning of “the Great God of the Cave"" as the largest and most ornate Hindu temple in the medieval temple group found at Khajuraho in Madhya Pradesh. The Dilwara Temples of India are located about two and a half kilometres from Mount Abu, Rajasthan's only hill station. So, option (b) provides the correct match. © examsnet.com"
CDS-2014-I-GK-046,2014,GK,Modern History,Indian National Movement,Modern History | Freedom Struggle | British Colonial Rule,hard,'Inclusive growth’ is a phrase used in India’s 1. 9 th Plan 2. 10th Plan 3. 11th Plan 4. 12th Plan Select the correct answer using the code given below. [2014 CDS-I],"1, 2 and 3",2 and 4,3 and 4,4 only,C,"Solution: `Inclusive growth' is phrase used in India's 11th and 12th Fiveyears Plan. Inclusive growth means economic growth that createsemployment opportunities and helps in reducing poverty. It meanshaving access to essential services in health and education by thepoor. It includes providing equality of opportunity, empowering people through education and skill development. © examsnet.com"
CDS-2014-I-GK-047,2014,GK,General Knowledge,General Knowledge,General Knowledge | UPSC CDS | Prelims,easy,Who among the following was not associated with the activities of the Theosophical Society? [2014 CDS-I],Madame H. P. Blavatsky,Mr. A. O. Hume,Col. H. S. Olcott,Mrs. Annie Besant,B,"Solution: Mr. A.O. Hume was not associated with the activities of theTheosophical Society. Theosophical society was founded in New York (USA) in 1875 by Madam HP Blavatsky, a Russian lady andHenry Steel Olcott, an American colonel. Later in 1893, Mrs. AnnieBesant arrived in India and took over the leadership of the societyafter the death of Olcott. © examsnet.com"
CDS-2014-I-GK-048,2014,GK,Polity,Indian Constitution & Governance,Polity | Constitution of India | Governance | Constitutional Bodies,hard,There are provisions in the Constitution of India which empower the Parliament to modify or annul the operation of certain provisions of the Constitution without actually amending them. They include 1. any law made under Article 2 (relating to admission or establishment of new States) 2. any law made under Article 3 (relating to formation of new States) 3. amendment of First Schedule and Fourth Schedule Select the correct answer using the code given below. [2014 CDS-I],1 and 2 only,2 and 3 only,"1, 2 and 3",None of the above,C,"Solution: There are provisions in the Constitution of India which empower the Parliament to modify or annul the operation of certain provisions of the Constitution without actually amending them. They include any law made under Article 2 (relating to admission or establishment of new States), any law made under Article 3 (relating to formation of new States) and an amendment of the First Schedule and the Fourth Schedule.Art.4 (b) provides that such a law as aforesaid shall not be deemed to be an amendment for the purposesof Art.368 (constitutional amendment). © examsnet.com"
CDS-2014-I-GK-049,2014,GK,Modern History,Indian National Movement,Modern History | Freedom Struggle | British Colonial Rule,hard,Which of the following is/are the objective{s) of ‘Mahatma Gandhi Pravasi Suraksha Yojana? To encourage and enable the overseas Indian workers by giving Government contribution to 1. save for their return and resettlement 2. save for their old age 3. obtain a life insurance cover against natural death for the entire life of the worker Select the correct answer using the code given below. [2014 CDS-I],"1, 2 and 3",1 and 2 only,1 only,2 and 3 only,B,Solution: Statements 1 and 2 are objectives of 'Mahatma Gandhi Pravasi Suraksha Yojana'. The first two statements are correct.. The 3rdstatement is wrong. Insurance cover is not given for the entire lifeof the worker but only during the period of coverage. MahatmaGandhi Pravasi Suraksha Yojana (MGPSY) is a Pension and LifeInsurance fund scheme introduced by Ministry of Overseas IndianAffairs for the Overseas Indian workers having Emigration CheckRequired (ECR) passports. © examsnet.com
CDS-2014-I-GK-050,2014,GK,General Knowledge,General Knowledge,General Knowledge | UPSC CDS | Prelims,easy,"The Society of Jesus, whose followers were called Jesuits, was set up by [2014 CDS-I]",Martin Luther,Ulrich Zwingli,Erasmus,Ignatius Loyola,D,"Solution: The Society of Jesus, whose followers were called Jesuits, wasset up by Ignatius Loyola. The Society of Jesus is a scholarlyreligious congregation of the Catholic Church which originated insixteenth-century Spain. The society is engaged in evangelization and apostolic ministry in 112 nations on six continents. Jesuits work in education (founding schools, colleges, universities, andseminaries), intellectual research,and cultural pursuits. © examsnet.com"
CDS-2014-I-GK-051,2014,GK,Modern History,Indian National Movement,Modern History | Freedom Struggle | British Colonial Rule,hard,"The functions of the Committee on Estimates, as incorporated in the Constitution of India, shall be to 1. report what economies, improvements in organization, efficiency or administrative reform may be effected 2. suggest alternative policies in order to bring about efficiency and economy in administration 3. examine whether the money is well laid out within the limits of the policy implied in the estimates 4. examine the reports, if any, of the Comptroller and Auditor General on the public undertakings Select the correct answer using the code given below. [2014 CDS-I]",1 and 2 only,2 and 3 only,"1, 2 and 3",3 and 4,C,"Solution: The functions of the Committee on Estimates, as incorporated inthe Constitution of India, shall be to report what economies, improvements in organisation, efficiency or administrative reformmay be effected, suggest alternative policies in order to bringabout efficiency and economy in administration and examinewhether the money is well laid out within the limits of the policyimplied in the estimates. The reports of the CAG are taken intoconsideration by the Public Accounts Committees (PACs) andCommittees on Public Undertakings  (COPUs), which are specialcommittees in the Parliament of India and the state legislatures. © examsnet.com"
CDS-2014-I-GK-052,2014,GK,Modern History,Indian National Movement,Modern History | Freedom Struggle | British Colonial Rule,hard,The principle of ‘collective responsibility’ under parliamentary democracy implies that 1. a motion of no-confidence can be moved in the Council of Ministers as a whole as well as an individual minister 2. no person shall be nominated to the Cabinet except on the advice of the Prime Minister 3. no person shall be retained as a member of the Cabinet if the Prime Minister says that he shall be dismissed Select the correct answer using the code given below. [2014 CDS-I],1 only,2 only,3 only,2 and 3,D,"Solution: The principle of ‘collective responsibility’ under parliamentarydemocracy implies that a motion of no-confidence can be moved in the Council of Minister as a whole only. The Principle of ""CollectiveResponsibility"", as stated by Article 75 of the constitution is thebedrock of the parliamentary system. This means that all theministers (including the ones selected from the Rajya Sabha) arejointly responsible to the Lok sabha. They swim or sink together. In this context, Dr B R Ambedkar observed: “Collective responsibilitycan be achieved only through the instrumentality of the PrimeMinister. Therefore, unless and until we create that office andendow that office with statutory authority to nominate and dismissministers, there can be no collective responsibility.” © examsnet.com"
CDS-2014-I-GK-053,2014,GK,General Knowledge,General Knowledge,General Knowledge | UPSC CDS | Prelims,hard,"Consider the following statements : 1. Forming a cooperative society is a Fundamental Right in India. 2. Cooperative societies do not fall within the ambit of the Right to Information Act, 2005. Which of the statements given above is/are correct? [2014 CDS-I]",1 only,2 only,Both 1 and 2,Neither 1 nor 2,C,"Solution: Forming a cooperative society is a Fundamental Right in India under Art.19. As per the Supreme Court’s decision, Cooperative societies do not come under “public authority” as defined under Section 2(h) of the Right to Information Act and hence, are not liable to provide information to the general public under this law. © examsnet.com"
CDS-2014-I-GK-054,2014,GK,Geography,Physical and Indian Geography,Geography | Physical Geography | Indian Geography | Geomorphology,medium,"Consider the following statements concerning the initial phase of the Industrial Revolution in England : 1. England was fortunate in that coal and iron ore were plentifully available to be used in industry. 2. Until the eighteenth century, there was a scarcity of usable iron. Which of the statements given above is/are correct? [2014 CDS-I]",1 only,2 only,Both 1 and 2,Neither 1 nor 2,C,"Solution: Both the statements are true concerning the initial phase of theIndustrial Revolution in England.England in the 18th century was inthe most favourable position for an industrial revolution, because of the reasons that England had plenty of natural resources, such as iron and coal, essential for industries. The sources of iron and coal existed side by side and this saved England from many difficulties that other countries faced. Until the eighteenth century, there was ascarcity of usable iron worldwide though reserves were known butextraction was not at optimum level. © examsnet.com"
CDS-2014-I-GK-055,2014,GK,Polity,Indian Constitution & Governance,Polity | Constitution of India | Governance | Constitutional Bodies,medium,"Certain Bills cannot be introduced or proceeded with unless the recommendation of the President is received. However, no recommendation is required in some other cases. In which one of the following cases such recommendation is not required? [2014 CDS-I]",For introduction of Bills and for moving amendments relating to financial matters,For introduction of a Bill relating to formation of new States or of alteration of areas of existing States,For moving of an amendment making provision for the reduction or abolition of any tax,For introduction of a Bill or moving of an amendment affecting taxation in which States are interested,C,"Solution: Certain Bills cannot be introduced or proceeded unless therecommendation of the President is received. However, norecommendation is required for moving of an amendment makingprovision for the reduction or abolition of any tax. As per Article117, President's recommendation is not necessary to move anamendment making provisions for reduction or abolition of any tax. © examsnet.com"
CDS-2014-I-GK-056,2014,GK,Science & Tech,General Science & Emerging Technologies,Science & Tech | General Science | Applied Science | Physics | Chemistry | Biology,medium,Consider the following statements about Pragati missile system of India : 1. It is a short range solid fuel missile system. 2. It has all weather day and night operational launch capability. Which of the statements given above is/are correct? [2014 CDS-I],1 only,2 only,Both 1 and 2,Neither 1 nor 2,C,Solution: Both the statements 1 and 2 are correct about Pragati missilesystem of India. It is developed by Defence Research andDevelopment Organisation (DRDO). It is a short range solid fuel missile system. It has all weathers’ day and night’s op © examsnet.com
CDS-2014-I-GK-057,2014,GK,Modern History,Indian National Movement,Modern History | Freedom Struggle | British Colonial Rule,hard,Consider the following statements about the First Session of the Indian National Congress : 1. It was held in Bombay in 1885. 2. Surendranath Banerji could not attend the Session due to the simultaneous session of the Indian National Conference. Which of the statements given above is/are correct? [2014 CDS-I],1 only,2 only,Both 1 and 2,Neither 1 nor 2,C,"Solution: Both the statements are true regarding the First Session of theIndian National Congress. The first session of the Indian nationalcongress was held in Bombay in 1885 with WC Benrjee as itschairman. Surendranath Banerjea was not invited to the first session of the Congress until the very last moment, and since he was preoccupied with the second session of the National Conference in Calcutta. Due to this he couldn’t attend the founding session of the Congress in Mumbai in 1885. © examsnet.com"
CDS-2014-I-GK-058,2014,GK,Polity,Indian Constitution & Governance,Polity | Constitution of India | Governance | Constitutional Bodies,medium,"After a Bill has been passed by the Houses of the Parliament, it is presented to the President who may either give assent to the Bill or withhold his assent. The President may [2014 CDS-I]",assent within six months,assent or reject the Bill as soon as possible,return the Bill as soon as possible after the Bill is presented to him with a message requesting the House to reconsider the Bill,withhold his assent even if the Bill is passed again by the Houses,C,"Solution: After a Bill has been passed by the Houses of the Parliament, it ispresented to the President who may either give assent to the Bill orwithhold his assent. The President may return the Bill as soon aspossible after the Bill is presented to him with a message requesting the House to reconsider the Bill. Article 111 provides this veto power with respect to the assent of the President to Bill © examsnet.com"
CDS-2014-I-GK-059,2014,GK,Modern History,Indian National Movement,Modern History | Freedom Struggle | British Colonial Rule,hard,"Consider the following statements about Indira Gandhi Prize for Peace, Disarmament and Development : 1. Angela Merkel, Chancellor of Germany, was selected for the Prize for the year 2013. 2. The award is accorded annually to individuals only. Which of the statements given above is/are correct? [2014 CDS-I]",1 only,2 only,Both 1 and 2,Neither 1 nor 2,A,"Solution: Angela Merkel, Chancellor of Germany, was selected for IndiraGandhi Prize for Peace, Disarmament and Development thePrize for the year 2013.The prestigious award is accordedannually by Indira Gandhi Trust since 1986. It has been namedafter former Prime Minister Indira Gandhi. It is awarded to individuals or organisations in recognition of their creative efforts towards promoting international peace, development. Hence, statement 2 is not correct. © examsnet.com"
CDS-2014-I-GK-060,2014,GK,Modern History,Indian National Movement,Modern History | Freedom Struggle | British Colonial Rule,easy,"According to the Companies Act, 2013, ‘nominal capital' implies [2014 CDS-I]","such part of capital, which has been called for payment",the maximum amount of share capital of a company,"such part of capital, which has been received by a company from its shareholders",Such capital as the company issues from time to time for subscription,B,"Solution: According to the Companies Act, 2013, `Nominal capital’ meanssuch capital as is authorised by the memorandum of a company to be the maximum amount of share capital of the company. TheCompanies Act 2013 is an Act of the Parliament of India on Indiancompany law which regulates incorporation of a company,responsibilities of a company, directors, dissolution of a company.The 2013 Act is divided into 29 chapters. © examsnet.com"
CDS-2014-I-GK-061,2014,GK,Polity,Indian Constitution & Governance,Polity | Constitution of India | Governance | Constitutional Bodies,hard,"""The Draft Constitution as framed only provides a machinery for the government of the country. It is not a contrivance to install any particular party in power as has been done in some countries. Who should be in power is left to be determined by the people, as it must be, if the system is to satisfy the test of democracy.” The above passage from Constituent Assembly debates is attributed to [2014 CDS-I]",Pandit Jawaharlal Nehru,Dr. B. R. Ambedkar,Maulana Abul Kalam Azad,Acharya J. B. Kriplani,B,"Solution: “The Draft Constitution as framed only provides a machinery for the government of the country. It is not a contrivance to install any particular party in power as has been done in some countries. Who should be in power is left to be determined by the people, as it must be, if the system is to satisfy the test of democracy.” The above passage from the Constituent Assembly debates is attributed to Dr. B. R Ambedkar. On 29th August 1947, the Constituent Assembly set up a Drafting Committee under the chairmanship of Dr. B.R. Ambedkar to prepare a draft Constitution for India. He is called an architect of Indian Constitution. © examsnet.com"
CDS-2014-I-GK-062,2014,GK,Polity,Indian Constitution & Governance,Polity | Constitution of India | Governance | Constitutional Bodies,hard,"Which of the following statements are correct regarding Joint Session of the Houses of the Parliament in India? 1. It is an enabling provision, empowering the President to take steps for resolving deadlock the two Houses. 2. It is not obligatory upon the President to summon the Houses to meet in a joint sitting. 3. It is being notified by the President. 4. It is frequently resorted to establish the supremacy of the Lok Sabha. Select the correct answer using the code given below. [2014 CDS-I]",1 and 2 only,"1, 2 and 3",2 and 3 only,3 and 4,B,"Solution: The provision of Joint Session of the Houses of the Parliament in India is an enabling provision, empowering the President to take steps for resolving deadlock between the two Houses. It is not obligatory upon the President to summon the Houses to meet in a joint sitting. It is being notified by the President. The Parliament of India is bicameral. Concurrence of both the Houses is required to pass any bill. However, in situations of deadlock between the upper House and the lower House the Constitution of India provides for Joint sittings of both the Houses to break this deadlock. The joint sitting of the Parliament is called by the President and is presided over by the Speaker or, in his absence, by the Deputy Speaker of the Lok Sabha or in his absence, the Deputy-Chairman of the Rajya Sabha. © examsnet.com"
CDS-2014-I-GK-063,2014,GK,Medieval History,Medieval Indian History,Medieval History | Delhi Sultanate | Mughal Empire | Administration,hard,Match List-I with List-II and select the correct answer using the code given below the Lists : List-I (Text) List-II (Author) A. Kitab-al Hind 1. Ibn Battuta B. Rehla 2. Al-Biruni C. Humayun Nama 3. Lahori D. Badshah Nama 4. Gulbadan Begum A B C D (1) 2 4 1 3 (2) 3 1 4 2 (3) 3 4 1 2 (4) 2 1 4 3 [2014 CDS-I],(1),(2),(3),(4),D,"Solution: Kitab-al Hind was written by AlBaruni. Rehla was written by Ibn Battuta. Humayun Nama was written by Gulbadan Began. Badshah Nama was written by Lahori. So, the option (d) provides the correct code for the answer. © examsnet.com"
CDS-2014-I-GK-064,2014,GK,Polity,Indian Constitution & Governance,Polity | Constitution of India | Governance | Constitutional Bodies,hard,"Which of the following statements in the context of structure of the Parliament is/are correct? 1. The Parliament of India consists of the President, the Council of States and the House of the People. 2. The President of India is directly elected by an electoral college consisting of the elected members of both the Houses of the Parliament only. Select the correct answer using the code given below. [2014 CDS-I]",1 only,2 only,Both 1 and 2,Neither 1 nor 2,A,"Solution: According to Article 79 of the Constitution of India, the Parliament of India consists of the President, the Council of States and the House of the People. The President of India is directly elected by an electoral college consisting of the elected members of both the Houses of the Parliament and the Legislative assemblies of the States and the Union Territories of Delhi and Puducherry. © examsnet.com"
CDS-2014-I-GK-065,2014,GK,Science & Tech,General Science & Emerging Technologies,Science & Tech | General Science | Applied Science | Physics | Chemistry | Biology,easy,Internal Security Academy is located at [2014 CDS-I],Nashik,Mount Abu,Hyderabad,Hyderabad,B,"Solution: Internal Security Academy is located at Mount Abu, a hill station of Rajasthan in the Aravalli ranges. The Internal Security Academy isone of the premier and prestigious training institutions of the country,imparting specialised training on internal security to the officers fromvarious organisations of the Union of India as well as State Governments. © examsnet.com"
CDS-2014-I-GK-066,2014,GK,Modern History,Indian National Movement,Modern History | Freedom Struggle | British Colonial Rule,easy,"Which one among the following was not a proposal of the Cabinet Mission, 1946? [2014 CDS-I]",The Constituent Assembly was to be constituted on the democratic principle of population strength,Provision for an Indian Union of Provinces and States,All the members of the Constituent Assembly were to be Indians,British Government was to supervise the affairs of the Constituent Assembly,D,"Solution: According to Cabinet Mission, 1946 the Constituent Assemblywas to be constituted on the democratic principle of population strength. It contained the provision for an Indian Union of Provinces and States and that all the members of Constituent Assembly should be Indians. The Cabinet Mission of 1946 to India aimed to discuss the transfer of power from the British government to the Indian leadership, with the aim of preserving India's unity and granting it independence. © examsnet.com"
CDS-2014-I-GK-067,2014,GK,Polity,Indian Constitution & Governance,Polity | Constitution of India | Governance | Constitutional Bodies,hard,Which of the statements relating to the Deputy Speaker of the Lok Sabha is/are correct? 1. The office of the Deputy Speaker acquired a more prominent position after the enforcement of the Constitution of India in 1950. 2. He/She is elected from amongst the members. 3. He/She holds office until he/she ceases to be a member of the House. Select the correct answer using the code given below. [2014 CDS-I],1 only,1 and 2 only,"1, 2 and 3",2 and 3 only,C,Solution: The office of the Deputy Speaker acquired a more prominent positionafter the enforcement of the Constitution of India in 1950. He/she is elected from amongst the members. He/she holds office until he/she ceases to be a member of the House. The procedure of the election of the Deputy Speaker is same as that of the Speaker; the Deputy Speaker is elected from amongst the members of the Legislative Assembly. © examsnet.com
CDS-2014-I-GK-068,2014,GK,Ancient History,Ancient Indian History,Ancient History | Indian History | Archaeological Sources,medium,Consider the following statements from Kalhana's Rajatarangini: 1. The common people ate rice and Utpala-saka (a wild vegetable of bitter taste). 2. Harsha introduced into Kashmir a general dress befitting a king which included a long coat. Which of the statements given above is/are correct? [2014 CDS-I],1 only,2 only,Both 1 and 2,Neither 1 nor 2,C,Solution: Both the statements are correct. Rajatarangini points out that the scarcity of rice invariably resulted in disastrous famine. This clearly proves that rice was the principle food of the people. The Rajatarangini mentions a kind of wild-growing herb of bitter taste called utpala-saka generally taken by common people. Harsha was inordinately fond of rich garmentsand ornaments. He introduced for general wear a dress befitting a king which included a long coat. © examsnet.com
CDS-2014-I-GK-069,2014,GK,Polity,Indian Constitution & Governance,Polity | Constitution of India | Governance | Constitutional Bodies,medium,Which of the following statements relating to Comptroller and Auditor General in India is/are correct? . He/She is not an officer of the Parliament but an officer under the President. 2. He/She is an independent constitutional authority not directly answerable to the House. Select the correct answer using the code given below. [2014 CDS-I],1 only,2 only,Both 1 and 2,Neither 1 nor 2,C,"Solution: Comptroller and Auditor General (CAG) in India is not an officer of theParliament but an officer under the President. He/she is an independent constitutional authority not directly answerable to the House. CAG is the principal auditor whose function is to go into the economy, effectiveness and efficiency of the use of resources by the government. © examsnet.com"
CDS-2014-I-GK-070,2014,GK,Polity,Indian Constitution & Governance,Polity | Constitution of India | Governance | Constitutional Bodies,hard,The Departmental Committee of the Parliament of India on the Welfare of the Scheduled Castes (SCs) and the Scheduled Tribes (STs) shall 1. examine whether the Union Government has secured due representation of the SCs and the STs in the services and posts under its control 2. report on the working of the welfare programmes for the SCs and the STs in the Union Territories Select the correct answer using the code given below. [2014 CDS-I],1 only,2 only,Both 1 and 2,Neither 1 nor 2,C,"Solution: The Departmental Committee of the Parliament of India on the Welfare of the Scheduled Castes (SCs) and the Scheduled Tribes (STs) shall examine whether the Union Government has secured due representation of the SCs and the STs in the services and posts under its control and report on the working of the welfare programmes for the SCs and the STs in the Union Territories. Article 16 speaks of “reservation in matters ofappointment and promotion to any class or classes of posts in theservices under the State in favour of SCs/STs, which are not adequately represented in the services under the State”. © examsnet.com"
CDS-2014-I-GK-071,2014,GK,Polity,Indian Constitution & Governance,Polity | Constitution of India | Governance | Constitutional Bodies,medium,Consider the following statements : Statement I : Clay layers are poor aquifers. Statement II : The inter-particle space of clay minerals is the least. Select the correct answer using the code given below. [2014 CDS-I],Both the Statements are individually true and Statement II is the correct explanation of Statement I,Both the Statements are individually true but Statement II is not the correct explanation of Statement I,Statement I is true but Statement II isis false,Statement I is false but Statement II is true,A,"Solution: Both the Statements are individually true and Statement II is the correct explanation of Statement I as Clay soils do not make good aquifers as the particles are too small for the rapid movement of water. Individual clay particles are always smaller than 0.004 mm, being much smaller,pack tightly together, leaving little space for air. © examsnet.com"
CDS-2014-I-GK-072,2014,GK,Geography,Physical and Indian Geography,Geography | Physical Geography | Indian Geography | Geomorphology,hard,Match List-I with List-II and select the correct answer using the code given below the Lists : List-I (Irrigation/ Power project) List-II (River) A. Bhakra Nangal 1. Bhagirathi B. Dul Hasti 2. Mahanadi C. Hirakud 3. Chandra D. Tehri 4. Sutlej A B C D (1) 4 2 3 1 (2) 4 3 2 1 (3) 1 3 2 4 (4) 1 2 3 4 [2014 CDS-I],(1),(2),(3),(4),B,"Solution: Bhakra Nangal dam is a concrete gravity dam on the Sutlej river in Himachal Pradesh. The dam forms the Gobind Sagar reservoir. Dul Hasti is a 390 MW hydroelectric power plant in Kishtwar district of Jammu and Kashmir, built by NHPC. The power plant is a run-ofthe-river type on Chandra river, a tributary of Chenab River. Hirakud dam is built across the Mahanadi River in the state of Odisha. And Tehri Dam is the highest dam in India and one of the highest in the world. It is a multi-purpose rock and earth-fill embankment dam on the Bhagirathi River near Tehri inUttarakhand. So, option (b) provides the correct code for the answer. © examsnet.com"
CDS-2014-I-GK-073,2014,GK,Science & Tech,General Science & Emerging Technologies,Science & Tech | General Science | Applied Science | Physics | Chemistry | Biology,hard,Which of the following statements is/are correct regarding fats? 1. Fats are needed for the formation of cell membrane. 2. Fats help the body to absorb calcium from food. 3. Fats are required to repair damaged tissue. 4. Body cannot release energy in fats as quickly as the energy in carbohydrates. Select the correct answer using the code given below. [2014 CDS-I],1 and 4,1 only,2 and 4,3 and 4,A,"Solution: Fats are needed for the formation of cell membrane. Body cannot release energy in fats as quickly as the energy in carbohydrates. In order to make ATP for energy, the body breaks down mostly carbohydrates, somefats and very small amounts of protein. © examsnet.com"
CDS-2014-I-GK-074,2014,GK,Modern History,Indian National Movement,Modern History | Freedom Struggle | British Colonial Rule,easy,Addition of ethylene dibromide to petrol [2014 CDS-I],increases the octane number of fuel,helps elimination of lead oxide,removes the sulphur compound in petrol,serves as a substitute of tetra-­ethyl lead,B,"Solution: Addition of ethylene di-bromide to petrol helps elimination of lead oxide. Ethylene bromide has anti knocking properties and hence is added to leaded petrol for better anti knocking engine performance. Lead oxide deposit is harmful to engine life. Thus, a small amount of ethylene di-bromide is added to petrol for simultaneously removal of lead oxide. © examsnet.com"
CDS-2014-I-GK-075,2014,GK,Modern History,Indian National Movement,Modern History | Freedom Struggle | British Colonial Rule,easy,Which of the following statements regarding the duration of day and night is correct? [2014 CDS-I],Difference is least near the Equator and progressively increases away from it,Difference is maximum at the Equator and progressively decreases away from it,Difference is least at the Tropics and progressively increases towards the Equator and Poles,Difference is maximum at the Tropics and progressively decreases towards the Equator and Poles,A,"Solution: Difference of duration of day and night is least near the Equator and progressively increases away from it. Lengths of days and nights in the poles vary so greatly that they have a 6-month day (during summers) and a 6-month night (during winters). On the other hand, the equator has a fixed 12-hour day and night, and their lengths are not influenced by seasons. This is due to the fact that the Earth's axis is tilted. © examsnet.com"
CDS-2014-I-GK-076,2014,GK,Science & Tech,General Science & Emerging Technologies,Science & Tech | General Science | Applied Science | Physics | Chemistry | Biology,easy,"The position, relative size and nature of the image formed by a concave lens for an object placed at infinity are respectively [2014 CDS-I]","at focus, diminished and virtual","at focus, diminished and real","between focus and optical centre, diminished and virtual","between focus and optical centre, magnified and real",A,"Solution: The position, relative size and nature of the image formed by a concave lens for an object placed at infinity are at focus, diminished and virtual respectively. When an object is placed at infinity, the two rays AO and BD running parallel to the principal axis get refracted at point O and D respectively and get diverged along the directions OX and DY respectively. These diverged rays i.e. OX and DY appears to intersect each other at the principal focus of the concave lens after extending back by dotted lines. Therefore, in case of concave lens when the object is placed at infinity the image is formed at the principal focus, highly diminished (point sized), virtual and erect © examsnet.com"
CDS-2014-I-GK-077,2014,GK,General Knowledge,General Knowledge,General Knowledge | UPSC CDS | Prelims,easy,People suffering from 'anorexia nervosa’ [2014 CDS-I],develop paralysis,show poor reflex,cannot speak properly,eat very little and fear gaining weight,D,"Solution: People suffering from 'anorexia nervosa' eat very little and feargaining weight. People with anorexia have a real fear of weight gain and a distorted view of their body size and shape. As a result, they eat very little and can become dangerously underweight. Many teens with anorexia restrict their food intake by dieting, fasting, or excessive exercise. © examsnet.com"
CDS-2014-I-GK-078,2014,GK,General Knowledge,General Knowledge,General Knowledge | UPSC CDS | Prelims,medium,Match List-I with List-II and select the correct answer using the code given below the Lists : List-I (Hydroelectric power station) List-II (Location in the map) A. Srisailam B. Sabarigiri C. Hirakud D. Sileru A B C D (1) 3 1 4 2 (2) 3 4 1 2 (3) 2 4 1 3 (4) 2 1 4 3 [2014 CDS-I],(1),(2),(3),(4),B,"Solution: Srisailam is in Andhra Pradesh and has been marked as 3 in thegiven map of India. Sabrigiri is in Kerala and has been marked as 4in the given map of India. Hirakund is in Odisha and has been markedas 1 in the given map. Sileru is also in Andhra Pradesh and has beenmarked as 2 in the map. So, option (b) provides the correct code for theanswer. © examsnet.com"
CDS-2014-I-GK-079,2014,GK,Current Affairs,Current Events of National & International Importance,Current Affairs | International Relations | Government Schemes | Awards,easy,Date of manufacture of food items fried in oil should be checked before buying because oils become rancid due to [2014 CDS-I],oxidation,reduction,hydrogenation,decrease in viscosity,A,"Solution: Date of manufacture of food items fried in oil should be checked before buying because oils become rancid due to oxidation. Oil oxidation is an undesirable series of chemical reactions involving oxygen that degrades the quality of oil. Oxidation eventually produces rancidity in oil, with accompanying off flavours and smells. © examsnet.com"
CDS-2014-I-GK-080,2014,GK,General Knowledge,General Knowledge,General Knowledge | UPSC CDS | Prelims,easy,"No matter how far you stand from a mirror, your image appears erect. The mirror is likely to be [2014 CDS-I]",either plane or convex,plane only,concave,convex only,A,"Solution: No matter how far you stand from a mirror, your image appears erect. The mirror is likely to be either plane or convex. Only a concave mirror can produce a real inverted image whose size depends on screen placement. © examsnet.com"
CDS-2014-I-GK-081,2014,GK,Geography,Physical and Indian Geography,Geography | Physical Geography | Indian Geography | Geomorphology,easy,Veliconda group of low hills is a structural part of [2014 CDS-I],Nilgiri Hills,Western Ghats,Eastern Ghats,Cardamom Hills,C,"Solution: Veliconda group of low hills is a structural part of Eastern Ghats. The central region of the Eastern Ghats comprise of two parallel ranges, namely the lower Veliconda Range in the east, and the higher Palikonda-Lankamalla-Nallamalla Ranges in the west. The Veliconda Range is located in the southeastern part of Andhra Pradesh state. © examsnet.com"
CDS-2014-I-GK-082,2014,GK,Modern History,Indian National Movement,Modern History | Freedom Struggle | British Colonial Rule,easy,"Rachel Carson’s famous book, Silent Spring refers to [2014 CDS-I]",geology of terrain where river originates,ecology and degradation of a hot spring due to excessive tourism,biodiversity of an unknown terrain rich in flora and fauna,the death of songbirds due to eating insects poisoned with pesticides,D,"Solution: Rachel Carson's famous book, Silent Spring was published on 27thSeptember 1962 and it documented the adverse effects of the indiscriminate use of pesticides on the environment. The book refers to the death of songbirds due to eating insects poisoned with pesticides © examsnet.com"
CDS-2014-I-GK-083,2014,GK,Defence & Security,"Defence, Military & Internal Security",Defence | Military Exercises | Armed Forces | Security Architecture,hard,What would be the influence on the weather conditions when in mid-winter a feeble high pressure develops over the north-western part of India? 1. High and dry winds would blow outward from this high pressure area. 2. The northern plain would become cold. 3. Scorching winds {locally called loo) would blow during the day-­time. 4. There would be torrential rains brought by thunderstorms. Select the correct answer using the code given below. [2014 CDS-I],1 and 2 only,2 and 3 only,3 and 4 only,"1, 2, 3 and 4",A,Solution: Loo blows during summer so option three is wrong. The inflow of the cyclonic disturbances (not torrential rain) from the west and the northwest is a characteristic feature of the cold weather over the northern plains so option four is also incorrect. Torrential rains brought by thunderstorms are a summer season phenomenon. © examsnet.com
CDS-2014-I-GK-084,2014,GK,Modern History,Indian National Movement,Modern History | Freedom Struggle | British Colonial Rule,easy,When an incandescent electric bulb glows [2014 CDS-I],the electric energy is completely converted into light energy,he electric energy is partly converted into light energy and partly into heat energy,the light energy is converted into electric energy,the electric energy is converted into magnetic energy,B,"Solution: When an incandescent electric bulb glows, the electric energy is partly converted into light energy and partly into heat energy. The incandescent light bulb turns electricity into light by sending the electric current through a thin wire called a filament. Filaments are made up mostly of tungsten, ametal. The resistance of the filament heats the bulb up. Eventually the filament gets so hot that it glows, producing light. © examsnet.com"
CDS-2014-I-GK-085,2014,GK,Modern History,Indian National Movement,Modern History | Freedom Struggle | British Colonial Rule,easy,Which method of water purification does not kill microorganism? [2014 CDS-I],Boiling,Filtration,Chlorination,UV-irradiation,B,"Solution: Filtration method of water purification does not kill microorganism. Filtration is one of the effective ways of purifying water and when using the right multimedia filters it’s effective in ridding water of the compounds. Filtration eliminates both large compounds and small, dangerous  contaminants that cause diseases with a simple and quick filtration process © examsnet.com"
CDS-2014-I-GK-086,2014,GK,General Knowledge,General Knowledge,General Knowledge | UPSC CDS | Prelims,easy,Which one of the following is a land­locked harbour? [2014 CDS-I],Vishakhapatnam,Ennore,Mumbai,Haldia,A,"Solution: Vishakhapatnam is a landlocked harbour. Vishakhapatnam is the deepest land locked port built at the coast of Andhra Pradesh. When a harbor is located on a river which has a narrow opening to the ocean they are termed as landlocked harbours. Ennore port is known for being privately developed, located on the east coast of the Indian peninsulaknown as the Coromandel Coast in the Bay of Bengal. Mumbai port isone of the busiest on West coast.Haldia is a riverine port. © examsnet.com"
CDS-2014-I-GK-087,2014,GK,Defence & Security,"Defence, Military & Internal Security",Defence | Military Exercises | Armed Forces | Security Architecture,medium,"Which of the following statements is/are correct? 1. Amnion contains fluid. 2, Ultrasound scan can detect the sex of an embryo. Select the correct answer using the code given below. [2014 CDS-I]",1 only,2 only,Both 1 and 2,Neither 1 nor 2,C,Solution: Both the statements that Amnion contains fluid and Ultrasound scan can detect the sex of an embryo are correct. The amnion is a membrane that closely covers the embryo when first formed. It fills with the amnioticfluid which causes the amnion to expand and become the amniotic sac which serves to provide a protective environment for the developing embryo or foetus. © examsnet.com
CDS-2014-I-GK-088,2014,GK,General Knowledge,General Knowledge,General Knowledge | UPSC CDS | Prelims,easy,Iron sheet kept in moist air gets covered with rust. Rust is [2014 CDS-I],an element,a compound,a mixture of iron and dust,"a mixture of iron, oxygen and water",B,"Solution: Iron sheet kept in moist air gets covered with rust. Rust is a compound. When an iron object is kept exposed to the atmosphere for a long time, it acquires a brownish red cover. This is known as rust. Rust is the hydrated ferric oxide F e 2 O 3 ⋅ x H 2 O Fe_2O_3·xH_2O F e 2 ​ O 3 ​ ⋅ x H 2 ​ O © examsnet.com"
CDS-2014-I-GK-089,2014,GK,Quantitative Aptitude,Basic Numeracy & Quantitative Aptitude,Aptitude | Mathematics | Quantitative Reasoning | Problem Solving,medium,"You are asked to jog in a circular track of radius 35 metres. Right at one complete round on the circular track, your displacement and the distance covered by you are respectively [2014 CDS-I]",zero and 220 metres,220 metres and zero,zero and 110 metres,110 metres and 220 metres,A,"Solution: According to the given inputs in the question, the displacement andthe distance covered by you are zero and 220 metres respectively. Adisplacement is a vector whose length is the shortest distance fromthe initial to the final position. And Distance is equal to circumferenceof the circle i.e. 2*pi* radius = 220 m. © examsnet.com"
CDS-2014-I-GK-090,2014,GK,General Knowledge,General Knowledge,General Knowledge | UPSC CDS | Prelims,medium,Consider the following statements : 1. Weathered rock with change of volume is called saprolite. 2. The process of landscape formation by deep weathering followed by stripping of the saprolite is called etching. Which of the statements given above is/are correct? [2014 CDS-I],1 only,2 only,Both 1 and 2,Neither 1 nor 2,B,Solution: Weathered rock with no volume change is called saprolite. Only statement 2 is correct. Saprolite is a deposit of clay and disintegrating rock that is found in its original place which is mostly soft or friable and commonly retains the structure of the parent rock. Etching is the process of landscape formation by deep weathering followed by stripping of the saprolite. © examsnet.com
CDS-2014-I-GK-091,2014,GK,Environment & Ecology,"Ecology, Biodiversity & Climate Change",Environment & Ecology | Biodiversity | Conservation | Climate Change,easy,"Nitric oxide pollution can lead to all of the following, except [2014 CDS-I]",leaf spotting in plants,bronchitis-related respiratory problems in human,production of corrosive gases through photochemical reaction,silicosis in human,D,"Solution: Nitric oxide pollution can lead to leaf spotting in plants, bronchitisrelated respiratory problems in human, production of corrosive gases through photochemical reaction, but not to silicosis in human. Silicosis or Lung fibrosis is caused by the inhalation of dust containing silica. © examsnet.com"
CDS-2014-I-GK-092,2014,GK,General Knowledge,General Knowledge,General Knowledge | UPSC CDS | Prelims,easy,Arrange the locations of four oil refineries of India from west to east. [2014 CDS-I],Koyali—Kochi —Panipat—Mathura,Kochi—Koyali —Panipat—Mathura,Koyali—Panipat —Kochi—Mathura,Koyali—Panipat —Mathura—Kochi,A,"Solution: West to east: Koyali => kochi =>Panipat=>Mathura. Hence the first option gives the right match.Koyali oil refinery is situated in Gujarat. The Kochi refinery (KR) is a public crude oil refinery in the city of Kochi, Kerala. Panipat Refinery is an oil refinery located in Baholi village, Panipat, Haryana. The Mathura Refinery, owned by Indian Oil Corporation, is located in Mathura, Uttar Pradesh. © examsnet.com"
CDS-2014-I-GK-093,2014,GK,General Knowledge,General Knowledge,General Knowledge | UPSC CDS | Prelims,hard,Match List-I with List-II and select the correct answer using the code given below the Lists : List-I (Author) List-II (Concept/Book) A. Hobbes 1. Natural Law B. Rousseau 2. ‘Might is Right' C. Locke 3. Discourse on Inequality D. Adam Smith 4. The Wealth of Nations A B C D (1) 2 1 3 4 (2) 2 3 1 4 (3) 4 3 1 2 (4) 4 1 3 2 [2014 CDS-I],(1),(2),(3),(4),B,"Solution: Hobbes gave the concept of ""Might is right"", Discourse on the Origin and Basis of Inequality Among Men. Also commonly known as the ""Second Discourse"", is a work by philosopher Jean-Jacques Rousseau. Concept of Natural Law was derived by John Locke. The book ""wealth of Nation"" was written by Adam Smith. So, option (b) provides the correct code for the answer © examsnet.com"
CDS-2014-I-GK-094,2014,GK,Geography,Physical and Indian Geography,Geography | Physical Geography | Indian Geography | Geomorphology,medium,Which of the following statements relating to earthquakes is/are correct? 1. The point of origin of an earthquake is called the epicenter. 2. The lines joining the places which were affected by earthquake at the same point of time are called homoseismal lines. Select the correct answer using the code given below. [2014 CDS-I],1 only,2 only,Both 1 and 2,Neither 1 nor 2,B,"Solution: Option (b) is correct. The point of origin of an earthquake is called the focus (not epicentre) hence, statement 1 is false. The lines joining the regions of same seismic intensity are called as Isoseismic Lines. The lines joining the places which experience the earthquake tremors at the same time are called Homo-seismic Lines. © examsnet.com"
CDS-2014-I-GK-095,2014,GK,General Knowledge,General Knowledge,General Knowledge | UPSC CDS | Prelims,easy,Which one of the following elements is present in green pigment of leaf? [2014 CDS-I],Magnesium,Phosphorus,Iron,Calcium,A,Solution: Magnesium (Mg) is present in green pigment of leaf. In plants green material pigment is chlorophyll; it contains Mg for food preparation utilizing sunlight. A molecular formula of chlorophyll is C55H72O5N4Mg. Chlorophyll is a green substance usually found in the leaves of plants and it also traps the energy from the sun. © examsnet.com
CDS-2014-I-GK-096,2014,GK,Polity,Indian Constitution & Governance,Polity | Constitution of India | Governance | Constitutional Bodies,hard,Match List-I with List-II and select the correct answer using the code given below the Lists : List-I (Gland) List-II (Hormone) A. Pancreas 1. Cortisol B. Pituitary 2. Vitamin D C. Adrenals 3. Thyroid stimu­lating hormone D. Kidneys 4. Glucagon A B C D (1) 4 3 1 2 (2) 4 1 3 2 (3) 2 1 3 4 (4) 2 3 1 4 [2014 CDS-I],(1),(2),(3),(4),A,"Solution: Both Insulin and Glucagon are secreted from the Pancreas, and thus are referred to as pancreatic endocrine hormones. Thyroid stimulating hormone is produced by the Pituitary gland. Cortisol is  produced by Adrenal gland. The kidneys remove waste products and excess water from the body and so help to regulate blood pressure. They activate Vitamin D, which helps to maintain strong bones, and produce Erythropoietin, a hormone that is vital for the production of red blood cells. So, the option (a) provides the correct code for the answer. © examsnet.com"
CDS-2014-I-GK-097,2014,GK,Geography,Physical and Indian Geography,Geography | Physical Geography | Indian Geography | Geomorphology,medium,"The vegetation type characterized by (i) a large expanse of grassland with scattered trees and shrubs, (ii) lying between tropical rain forest and tropical steppes and deserts and iii) flat-topped trees, is called [2014 CDS-I]",mid-latitude broad-leaf mixed forest,temperate rain forest,tropical savanna,mid-latitude grassland,C,"Solution: The vegetation type characterised by (i) a large expanse of grassland with scattered trees and shrubs, (ii) lying between tropical rain forest and tropical steppes and deserts and (iii) flattopped trees, is called Tropical Savanna. A savanna is a rolling grassland scattered with shrubs and isolated trees, which can be found between a tropical rainforest and desert biome. © examsnet.com"
CDS-2014-I-GK-098,2014,GK,General Knowledge,General Knowledge,General Knowledge | UPSC CDS | Prelims,easy,Which one of the following gases is supporter of combustion? [2014 CDS-I],Hydrogen,Nitrogen,Carbon dioxide,Oxygen,D,Solution: Oxygen is a supporter of combustion. The main benefit of oxygen is that it’s the most commonly available oxidizer. The main component of air thatsupports combustion is oxygen. © examsnet.com
CDS-2014-I-GK-099,2014,GK,Geography,Physical and Indian Geography,Geography | Physical Geography | Indian Geography | Geomorphology,hard,Which of the following is/are west-­flowing river(s) of India? 1. Mahanadi 2. Krishna 3. Narmada 4. Cauvery Select the correct answer using the code given below. [2014 CDS-I],1; 2 and 4,2 and 3,3 only,1 and 3,C,"Solution: Only Narmada is west flowing river amongst the give options. Most of the major rivers of the Peninsula such as the Mahanadi, the Godavari, the Krishna and the Kaveri flow eastwards and drain into the Bay of Bengal. Some of the west flowing peninsular rivers are Narmada, Tapi, Sabarmati, Mahi. These rivers drain into Arabian sea. © examsnet.com"
CDS-2014-I-GK-100,2014,GK,General Knowledge,General Knowledge,General Knowledge | UPSC CDS | Prelims,easy,A typical black hole is always specified by [2014 CDS-I],a (curvature) singularity,a horizon,either a (curvature) singularity or a horizon,a charge,B,"Solution: A typical black hole is always specified by horizon. Event horizon is the Boundary marking the limits of a black hole. Nothing that enters a black hole can get out or can be observed from outside the event horizon. Likewise, any radiation generated inside the horizon can never escape beyond it. © examsnet.com"
CDS-2014-I-GK-101,2014,GK,Quantitative Aptitude,Basic Numeracy & Quantitative Aptitude,Aptitude | Mathematics | Quantitative Reasoning | Problem Solving,easy,Which of the following structures of a plant is responsible for transpiration? [2014 CDS-I],Xylem,Root,Stomata,Bark,C,"Solution: Stomata in plants is responsible for transpiration. Transpiration isthe process of taking gases into and out to. Stomata are pores inthe leaf that allow gaseous exchange where water vapour leaves the plant and carbon dioxide enters. When stomata are open, transpiration rates increase; when they are closed, transpiration rates decrease. © examsnet.com"
CDS-2014-I-GK-102,2014,GK,Geography,Physical and Indian Geography,Geography | Physical Geography | Indian Geography | Geomorphology,hard,"Which of the following methods is/are suitable for soil conservation in hilly region? 1. Terracing and contour bunding 2. Shifting cultivation 3. Contour ploughing Select the correct answer using the code given below, [2014 CDS-I]",1 and 3 only,2 only,3 only,"1, 2 and 3",A,"Solution: Terracing and contour bunding and Contour ploughing are suitablefor soil conservation in hilly region. Shifting cultivation (jhum) is not asoil conservation method hence, second method is incorrect. Tilling the field at right angles to the slop is called counter ploughing. In terracing, a number of terraces are cut along the hill slope. These are made on the steep slopes so that flat surfaces are available to grow crops. They can reduce surface runoff and soil erosion. Contour bunding involves the construction of banks along the contours. Terracing and contour bundingdivide the hill slope into numerous small slopes, check the flow of water, promote absorption of water by soil and save soil from erosion. © examsnet.com"
CDS-2014-I-GK-103,2014,GK,General Knowledge,General Knowledge,General Knowledge | UPSC CDS | Prelims,easy,A mobile phone charger is [2014 CDS-I],an inverter,a UPS,a step-down transformer,a step-up transformer,C,"Solution: A mobile phone charger is a step-down transformer. A step down transformer decreases voltage. As we are converting 220V AC into a 5V DC, first we need a step-down transformer to reduce such high voltage. © examsnet.com"
CDS-2014-I-GK-104,2014,GK,General Knowledge,General Knowledge,General Knowledge | UPSC CDS | Prelims,easy,Which one of the following is depositional landform? [2014 CDS-I],Stalagmite,Lapis,Sinkhole,Cave,A,Solution: Stalagmite is a depositional landform of ground water. Stalagmites are formed when the calcium carbonates dissolved in groundwater get deposited once the water evaporates. These structures are commonly found in limestone caves. Stalactites are calcium carbonate depositshanging as icicles while Stalagmites are calcium carbonate deposits which rise up from the floor. © examsnet.com
CDS-2014-I-GK-105,2014,GK,Science & Tech,General Science & Emerging Technologies,Science & Tech | General Science | Applied Science | Physics | Chemistry | Biology,hard,Which of the following solutions will not change the colour of blue litmus paper to red? 1. Acid solution 2. Base solution 3. Common salt solution Select the correct answer using the code given below. [2014 CDS-I],1 and 3,2 and 3,1 only,2 only,B,"Solution: Base solution and Common salt solution will not change the colour of blue litmus paper to red. Acid turns blue litmus red. Bases turn red litmus blue. Therefore, anything that is not `Acid’, will not change colour of litmus from blue to red. © examsnet.com"
CDS-2014-I-GK-106,2014,GK,Environment & Ecology,"Ecology, Biodiversity & Climate Change",Environment & Ecology | Biodiversity | Conservation | Climate Change,easy,Biodiversity is richer in [2014 CDS-I],tropical regions,polar regions,temperate regions,oceans,A,"Solution: Tropical region has richer biodiversity in comparison to others because warm temperature and high humidity of tropical region is favourable for most of the species on earth and tropical areas have more stable climate than temperate regions. In tropical areas, there is greater pressure from pests, parasites and disease. This does not allow a single species topredominate. Species diversity decreases as we move away fromthe equator towards the poles.Tropics harbour more species than temperate or polar areas. © examsnet.com"
CDS-2014-I-GK-107,2014,GK,General Knowledge,General Knowledge,General Knowledge | UPSC CDS | Prelims,easy,Which of the following does not possess a specialized conducting tissue for transport of water and other substances in plants? [2014 CDS-I],Marchantia,Marsilea,Cycas,Fern,A,"Solution: Marchantia does not possess a specialized conducting tissue for transport of water and other substances in plants. The liverworts grow usually in moist, shady habitats such as banks of streams, marshy ground, damp soil, the bark of trees and deep in the woods. The plant body of a liverwort is thalloid, e.g., Marchantia. © examsnet.com"
CDS-2014-I-GK-108,2014,GK,General Knowledge,General Knowledge,General Knowledge | UPSC CDS | Prelims,easy,Which one of the following is the example of subsistence farming? [2014 CDS-I],Shifting cultivation,Commercial farming,Extensive and intensive farming,Organic farming,A,"Solution: Shifting cultivation is the example of subsistence farming. Subsistence agriculture is a self-sufficiency farming system in which the farmers focus on growing enough food to feed themselves and their entire families.Intensive farming is an agricultural intensification and mechanization system that aims to maximize yields from available land through variousmeans, such as heavy use of pesticides and chemical fertilizers. As Commercial farming and Organic farming are subset in intensive farming so, option (b), (c) and (d) are not correct in the given context as they do not fulfil the demands of the question. © examsnet.com"
CDS-2014-I-GK-109,2014,GK,General Knowledge,General Knowledge,General Knowledge | UPSC CDS | Prelims,hard,Deficiency of which of the following elements is responsible for weakening of bones? 1. Calcium 2. Phosphorus 3. Nitrogen 4. Carbon Select the correct answer using the code given below. [2014 CDS-I],1 and 2 only,1 only,"1, 2 and 3",4 only,A,"Solution: Deficiency of Calcium and Phosphorus is responsible for weakening of bones. The outstanding disease caused due to deficiency of Calcium andPhosphorus is rickets. Rickets results in weak bones, causing curving and bending of the bones. © examsnet.com"
CDS-2014-I-GK-110,2014,GK,Modern History,Indian National Movement,Modern History | Freedom Struggle | British Colonial Rule,easy,Two layers of a cloth of equal thickness provide warmer covering than a single layer of cloth with double the thickness. Why? [2014 CDS-I],Because of the air encapsulated between two layers,Since effective thickness of two layers is more,Fabric of the cloth plays the role,Weaving of the cloth plays the role,A,"Solution: Two layers of a cloth of equal thickness provide warmer covering than a single layer of cloth with double the thickness because of the air encapsulated between two layers. A layer of air in between the blankets prevents the flow of heat from our body to the cold surroundings. So, we feel warm. © examsnet.com"
CDS-2014-I-GK-111,2014,GK,General Knowledge,General Knowledge,General Knowledge | UPSC CDS | Prelims,hard,"Which of the following is/are the stage(s) of demographic transition? 1. High death rate and birthrate, low growth rate 2. Rapid decline in death rate, continued low birthrate, very low growth rate 3. Rapid decline in birthrate, continued decline in death rate 4. Low death rate and birthrate, low growth rate Select the correct answer using the code given below. [2014 CDS-I]",1 only,"1, 2 and 3",3 and 4,1 and 4,D,"Solution: Statements (1) and (4) are the stage of demographic transition. Statement (2) is false as in the Second Stage there is very rapid increase in population (population explosion) and high growth rate. The third stage of the demographic transition is the industrial stage, which is characterised by an increasing population with declining birth rates and low death rates so, statement (3) is also incorrect. © examsnet.com"
CDS-2014-I-GK-112,2014,GK,General Knowledge,General Knowledge,General Knowledge | UPSC CDS | Prelims,hard,"In a forest, animals like voles and wood lice feed on plant roots and barks respectively. Among the other carnivores, foxes, shrews and owls are present in that forest. Following predictions are made by a group of observers who have visited the forest : 1. If the roots of the tree develop a disease, then voles and foxes will starve and not the owls. 2. Population of voles is dependent on wood lice population through food web. 3. If owl population declines, it will indirectly affect wood lice population. 4. If barks of tree are affected due to a disease, then reduction of wood lice will affect the shrew population forcing owls to eat more voles. Which of the above predictions is/are correct? [2014 CDS-I]","1, 2 and 4",2 only,1 and 2 only,3 only,A,"Solution: vole (one type ofrodent) eats plant roots wood lice eats bark foxes, shrews, owls eat meat Carnivore what does it eat? Owl vole, lice, shrew Foxes shrew, voles. Shrew Lice and insects. Now let’s check the statements 1. If the roots of the tree develop a disease, then voles and foxes will starve and not the owls. It is wrong because roots develop disease then tree will die then,lice will also die, Owl will suffer. Hence, statement (1) is wrong. So, (1) and (3) are eliminated. 2. Population of voles is dependent on wood lice population through food web. It’s not the case (as made clearthrough above table) so, second statement is incorrect. So, (2) is eliminated. Thus, we are automatically left with the statement (4) i.e. only 3 is correct © examsnet.com"
CDS-2014-I-GK-113,2014,GK,Geography,Physical and Indian Geography,Geography | Physical Geography | Indian Geography | Geomorphology,hard,Which of the following is/are direct source(s) of information about the interior of the earth? 1. Earthquake wave 2. Volcano 3. Gravitational force 4. Earth magnetism Select the correct answer using the code given below. [2014 CDS-I],1 and 2 only,2 only,3 and 4 only,"1, 2, 3 and 4",B,"Solution: Volcano is the direct source of information about the interior of the Earth. There are direct and indirect source of information about the interior of the Earth. Some direct sources are rocks, volcanic eruption. Indirect sources are meteors, gravitation, magnetic field, and seismic activity. © examsnet.com"
CDS-2014-I-GK-114,2014,GK,Modern History,Indian National Movement,Modern History | Freedom Struggle | British Colonial Rule,easy,"What causes dough (a mixture of flour, water, etc.) to rise when yeast is added to it? [2014 CDS-I]",An increase in the temperature,An increase in the amount of the substance,An increase in the number of yeast cells,Release of carbon dioxide gas,D,"Solution: Release of carbon dioxide gas causes dough (a mixture of flour,water, etc.) to rise when yeast is added to it. Leavening agent causeexpansion of dough by the release of gases within such mixtures, thus,producing baked products with porous structure. Yeast, bakingpowder, and baking soda are examples of leavening agents. © examsnet.com"
CDS-2014-I-GK-115,2014,GK,General Knowledge,General Knowledge,General Knowledge | UPSC CDS | Prelims,easy,Which of the following are the two main constituents of granite? [2014 CDS-I],Iron and silica,Iron and silver,Silica and aluminium,Iron oxide and potassium,C,"Solution: Silica and Aluminium are the two main constituents of granite. Granite is typically 70-77% silica, 11-13% alumina, 3-5% potassium oxide, 3-5% soda, 1% lime, 2-3% total iron. © examsnet.com"
CDS-2014-I-GK-116,2014,GK,General Knowledge,General Knowledge,General Knowledge | UPSC CDS | Prelims,medium,"In cricket match, while catching a fast-moving ball, a fielder in the ground gradually pulls his hands backwards with the moving ball to reduce the velocity to zero. The act represents [2014 CDS-I]",Newton’s first law of motion,Newton’s second law of motion,Newton’s third law of motion,law of conservation of energy,B,"Solution: In cricket match, while catching a fast-moving ball, a fielder in theground gradually pulls his hands backwards with the moving ball toreduce the velocity to zero. The act represents Newton's second law ofmotion. Newton's second law of motion states that the rate of change of momentum of an object is proportional to the applied unbalanced force in the direction of the force. i.e., F = ma. Where F is the force applied, m is the mass of the body, and a, the acceleration produced. © examsnet.com"
CDS-2014-I-GK-117,2014,GK,Science & Tech,General Science & Emerging Technologies,Science & Tech | General Science | Applied Science | Physics | Chemistry | Biology,easy,Two strands of DNA - are held together by [2014 CDS-I],hydrogen bonds,covalent bonds,electrostatic force,van der Waals’ forces,A,Solution: Two strands of DNA are held together by hydrogen bonds. A DNAmolecule consists of two strands of nucleotides twisted together toform a double helix. The sugarphosphate backbone is found on the outside of this helix and the bases are found branching towards the middle. Hydrogen bonds join the nitrogenous bases and hold the two strands together. © examsnet.com
CDS-2014-I-GK-118,2014,GK,Geography,Physical and Indian Geography,Geography | Physical Geography | Indian Geography | Geomorphology,easy,Which one of the following dams is constructed across Krishna River? [2014 CDS-I],Ukai Dam,Krishnaraja Sagar Dam,Srisailam Dam,Mettur Dam,C,Solution: The Srisailam Dam is constructed across Krishna River and is located in Andhra Pradesh. The Ukai Dam is constructed across the Tapti River and is located in Gujarat. The Krishnaraja Sagara Dam is built across river Kaveri and is located in Karnatka. Mettur dam is built across the River Cauvery and is located in Tamil Nadu © examsnet.com
CDS-2014-I-GK-119,2014,GK,Science & Tech,General Science & Emerging Technologies,Science & Tech | General Science | Applied Science | Physics | Chemistry | Biology,easy,A metal screw-top on a glass bottle which appears to be stuck could be opened by using the fact that [2014 CDS-I],the metal expands more than the glass when both are heated,The metal and glass expand identically when heated,the metal shrinks when heated,both metal and glass shrink when cooled,A,Solution: A metal screw-top on a glass bottle which appears to be stuck could be opened by using the fact that the metal expands more than the glass when both are heated because the thermal expansion coefficient of the metal is greater than that of the glass. © examsnet.com
CDS-2014-I-GK-120,2014,GK,General Knowledge,General Knowledge,General Knowledge | UPSC CDS | Prelims,easy,"Among the following animals, choose the one having three pairs of legs. [2014 CDS-I]",Spider,Scorpion,Bug,Mite,C,Solution: A bug has three pairs of legs. Insects are distinguished from other arthropods by their body which usually has three pairs of legs. © examsnet.com
