Id,Year,Paper,Subject,Topics,Tags,Difficulty,Question,Option_A,Option_B,Option_C,Option_D,Correct_Answer,Explanation
CDS-2021-II-GK-001,2021,GK,Modern History,Indian National Movement,Modern History | Freedom Struggle | British Colonial Rule,easy,Where should an object be placed in front of a convex lens to get a real and enlarged image of the object ?,At twice the focal length,At infinity,Between the principal focus and twice the focal length,Beyond twice the focal length,C,"Solution: Concept: A convex lens forms a real, inverted, and enlarged image when the object is placed between its focus and twice the focal length. Explanation: For a convex lens, the image characteristics depend on the object position. When the object is between the principal focus ( F F F ) and twice the focal length ( 2 F 2F 2 F ), the image forms beyond 2 F 2F 2 F on the opposite side. The image formed is real (can be projected on a screen), inverted, and larger than the object (enlarged). This corresponds to option C: ""Between the principal focus and twice the focal length"". Other positions give different results: • At 2 F 2F 2 F : image is same size, real and inverted. • At infinity: image is a point at focus – extremely small. • Beyond 2 F 2F 2 F : image is real, inverted, but diminished (smaller). Answer: Option C: Between the principal focus and twice the focal length. © examsnet.com"
CDS-2021-II-GK-002,2021,GK,General Knowledge,General Knowledge,General Knowledge | UPSC CDS | Prelims,easy,The magnetic field lines inside a current carrying long solenoid are in the form of,ellipse,parabola,hyperbola,parallel straight lines,D,"Solution: Concept: Inside a long, current-carrying solenoid, the magnetic field is uniform and the field lines are straight and parallel to the axis. Explanation: A solenoid is a cylindrical coil made of many closely spaced turns of insulated copper wire. When an electric current passes through it, a magnetic field is generated that closely resembles the field of a bar magnet. One end of the solenoid behaves as the north pole and the other as the south pole. For a solenoid that is very long compared to its diameter, the magnetic field inside is nearly uniform. The field lines inside are straight lines parallel to the axis of the solenoid. This implies that the magnetic field strength is the same at every point inside the solenoid. Outside the solenoid, the field lines curve and spread out, similar to a bar magnet. The field pattern inside can be understood by considering the superposition of the fields from each turn. For an ideal infinite solenoid, the field inside is perfectly uniform and parallel. Therefore, among the given options, the field lines are in the form of parallel straight lines. Answer: Parallel straight lines. © examsnet.com"
CDS-2021-II-GK-003,2021,GK,General Knowledge,General Knowledge,General Knowledge | UPSC CDS | Prelims,easy,A-ray of light travelling from a rarer medium to a denser medium,"slows down and bends away from the normal,",slows down and bends towards the normal.,speeds up and bends away from the normal.,speeds up and bends towards the normal.,B,"Solution: Concept: Refraction of light depends on the speed change when moving between media. Explanation: When light travels from a rarer medium (like air) to a denser medium (like glass), its speed decreases. The denser medium has a higher refractive index ( μ \mu μ ), which slows down light. As the ray enters the denser medium, it bends towards the normal line at the boundary. This bending happens because the wavefronts compress in the slower medium, changing the direction. The ray always bends towards the normal when going from optically rarer to optically denser. Conversely, when moving from denser to rarer, the ray speeds up and bends away from the normal. So, for the given case: speed decreases and direction bends towards the normal. Answer: Option B: slows down and bends towards the normal. © examsnet.com"
CDS-2021-II-GK-004,2021,GK,Science & Tech,General Science & Emerging Technologies,Science & Tech | General Science | Applied Science | Physics | Chemistry | Biology,easy,"An electric circuit is consisting of a cell, an ammeter and a nichrome wire of length l. If the length of the wire is reduced to half (l/2), then the ammeter reading",decreases to one-half,gets doubled,decreases to one-third,remains unchanged,B,"Solution: Concept: Resistance of a wire is directly proportional to its length, so halving the length halves the resistance, which doubles the current at constant voltage. Explanation: The resistance R R R of a wire is given by R = ρ L A R = \rho \frac{L}{A} R = ρ A L ​ , where ρ \rho ρ is resistivity, L L L is length, and A A A is cross-sectional area. When the length is reduced to l / 2 l/2 l /2 , the new resistance becomes R ′ = ρ l / 2 A = R 2 R' = \rho \frac{l/2}{A} = \frac{R}{2} R ′ = ρ A l /2 ​ = 2 R ​ (half the original). The cell provides a constant voltage V V V . According to Ohm's law, I = V / R I = V/R I = V / R . Initially, current I = V / R I = V/R I = V / R . After halving the length, current I ′ = V / ( R / 2 ) = 2 V / R = 2 I I' = V/(R/2) = 2V/R = 2I I ′ = V / ( R /2 ) = 2 V / R = 2 I . The ammeter measures the current in the circuit, so its reading increases from I I I to 2 I 2I 2 I , i.e., it gets doubled. Answer: The ammeter reading gets doubled. (Option B) © examsnet.com"
CDS-2021-II-GK-005,2021,GK,General Knowledge,General Knowledge,General Knowledge | UPSC CDS | Prelims,easy,What is the effect of pressure of a human body on sand ?,Larger while standing than while lying,Smaller while standing than while lying,Same while standing or lying,Larger while standing during the daytime and smaller during the night time while lying,A,"Solution: Concept: Pressure is force per unit area. Explanation: Pressure is defined as P = F A P = \frac{F}{A} P = A F ​ , where F F F is force and A A A is area. For a human body, the force (weight) is constant. Pressure is inversely proportional to the area of contact. When standing, only the feet are in contact with sand, giving a small area. When lying, the entire body contacts the sand, providing a larger area. Therefore, pressure is larger when standing than when lying. This explains why feet sink more into sand while standing. Answer: Larger while standing than while lying. © examsnet.com"
CDS-2021-II-GK-006,2021,GK,General Knowledge,General Knowledge,General Knowledge | UPSC CDS | Prelims,easy,"An athlete completes one round of a circular track of diameter 100 m in 20 s. What will be the displacements after 1 minute and 10 s, respectively ?","0 m, 50 m","300 m, 100 m","300 m, 50 m","0 m, 100 m",D,"Solution: Concept: Displacement is the shortest distance between initial and final positions. It is zero after complete rounds. After a half-round, it equals the diameter. Explanation: Diameter D = 100 D = 100 D = 100 m. One round time t = 20 t = 20 t = 20 s. After 1 minute ( 60 60 60 s): number of rounds = 60 20 = 3 = \frac{60}{20} = 3 = 20 60 ​ = 3 (complete rounds). Displacement after 3 3 3 full rounds = 0 = 0 = 0 m (returns to start). After 10 10 10 seconds: number of rounds = 10 20 = 0.5 = \frac{10}{20} = 0.5 = 20 10 ​ = 0.5 (half round). Half round means the athlete reaches the opposite point on the circle. Displacement after half round = = = diameter = 100 = 100 = 100 m. Answer: Displacement after 1 minute is 0 0 0 m; after 10 seconds is 100 100 100 m. Option D: 0 0 0 m, 100 100 100 m. © examsnet.com"
CDS-2021-II-GK-007,2021,GK,Science & Tech,General Science & Emerging Technologies,Science & Tech | General Science | Applied Science | Physics | Chemistry | Biology,hard,Which of the following statements about universal indicator is/are true ? 1. It is a mixture of several indicators. 2. It shows different colours at different concentrations of hydrogen ions in solution. 3. It helps to determine the strength of given acid and base in titration. Select the correct answer using the code given below :,1 only,1 and 2 only,2 and 3 only,"1, 2 and 3",D,"Solution: Concept: Universal indicator is a mixture of several pH indicators that changes color over a wide pH range. Explanation: Statement 1 is true: It is a blend of indicators such as thymol blue, methyl red, bromothymol blue, and phenolphthalein. Statement 2 is true: It shows different colours at different concentrations of H + \mathrm{H}^+ H + ions (i.e., different pH values). Statement 3 is true: By observing the colour change during titration, universal indicator helps to estimate the pH and thus determine the strength (concentration) of an acid or base. Hence, all three statements are correct. Answer: D. 1, 2 and 3 © examsnet.com"
CDS-2021-II-GK-008,2021,GK,General Knowledge,General Knowledge,General Knowledge | UPSC CDS | Prelims,hard,Which of the following carbon allotropes is/are good conductor(s) of electricity ? 1. Diamond 2. Graphite 3. Fullerene Select the correct answer using the code given below :,1 only,1 and 2 only,2 only,1 and 3 only,C,"Solution: Concept: The electrical conductivity of carbon allotropes depends on the arrangement of carbon atoms and the availability of free (delocalized) electrons. Explanation: Diamond has a rigid tetrahedral structure where each carbon atom forms four strong covalent bonds. All valence electrons are used in bonding, leaving no free electrons to conduct electricity. Hence, diamond is a poor conductor of electricity. Graphite has a layered structure where each carbon atom is bonded to three others, forming hexagonal sheets. The fourth valence electron is delocalised and can move freely between the layers. This free electron cloud makes graphite a good conductor of electricity. Fullerenes (e.g., buckyballs, nanotubes) are cage‑like molecules with carbon atoms arranged in pentagons and hexagons. Although some fullerenes like carbon nanotubes can exhibit conductive properties, pure fullerenes are generally semiconductors or insulators at room temperature. They are not considered good conductors in the same category as graphite. Therefore, only graphite is a good conductor of electricity among the three allotropes listed. Answer: 2 only (Graphite) © examsnet.com"
CDS-2021-II-GK-009,2021,GK,Quantitative Aptitude,Basic Numeracy & Quantitative Aptitude,Aptitude | Mathematics | Quantitative Reasoning | Problem Solving,easy,What is the approximate percentage of carbon in the Earth’s crust ?,0.045%,0.025%,0.015%,0.005%,B,"Solution: Concept: The weight percentage of carbon in the Earth’s crust is a fixed geochemical abundance value. Explanation: Carbon is a nonmetallic element belonging to Group 14 of the periodic table. Although carbon is widely distributed in nature, it is not particularly plentiful in the crust. It makes up only about 0.025 % 0.025\% 0.025% of the Earth’s crust by weight. This places carbon 19th in order of elemental abundance in the crust. Despite its low crustal abundance, carbon forms more compounds than all other elements combined, a property known as catenation. The given options are 0.045 % 0.045\% 0.045% , 0.025 % 0.025\% 0.025% , 0.015 % 0.015\% 0.015% , and 0.005 % 0.005\% 0.005% . Based on standard geochemical data, the correct approximate percentage is 0.025 % 0.025\% 0.025% . The other options are either too high or too low compared to the established value. Answer: 0.025 % 0.025\% 0.025% (Option B). © examsnet.com"
CDS-2021-II-GK-010,2021,GK,General Knowledge,General Knowledge,General Knowledge | UPSC CDS | Prelims,easy,"When copper reacts with moist carbon dioxide ( C O 2 \mathrm{CO}_2 CO 2 ​ ) in air, it forms a green coating of which one of the following compounds?",Cupric carbonate,Cuprous oxide,Cupric oxide,Copper sulphate,A,"Solution: Concept: Green coating on copper is basic copper carbonate, formed by reaction with moist air containing carbon dioxide. Explanation: Copper reacts with moisture, oxygen, and carbon dioxide in the air. The reaction produces a mixture of copper(II) carbonate and copper(II) hydroxide. This mixture appears as a green layer on the metal surface. The balanced chemical equation is: 2 C u + C O 2 + H 2 O + O 2 → C u ( O H ) 2 + C u C O 3 2\mathrm{Cu} + \mathrm{CO}_2 + \mathrm{H}_2\mathrm{O} + \mathrm{O}_2 \rightarrow \mathrm{Cu}(\mathrm{OH})_2 + \mathrm{CuCO}_3 2 Cu + CO 2 ​ + H 2 ​ O + O 2 ​ → Cu ( OH ) 2 ​ + CuCO 3 ​ C u C O 3 \mathrm{CuCO}_3 CuCO 3 ​ is cupric carbonate (copper(II) carbonate). The green coating is often referred to as cupric carbonate or basic copper carbonate. Hence, among the given options, the compound formed is cupric carbonate. Answer: Option A (Cupric carbonate) © examsnet.com"
CDS-2021-II-GK-011,2021,GK,Modern History,Indian National Movement,Modern History | Freedom Struggle | British Colonial Rule,easy,What is the name of the process that converts sulphide ores into oxides by heating strongly in the presence of excess air ?,Calcination,Roasting,Smelting,Incineration,B,"Solution: Concept: Roasting is a metallurgical process in which sulphide ores are heated strongly in the presence of excess air to convert them into metal oxides. Explanation: In metal extraction, oxides are easier to reduce than sulphides. Therefore, sulphide ores are first converted to oxides by roasting. The ore is heated in a furnace with a free supply of air, often below its melting point. During roasting, the sulphide reacts with oxygen: 2 M S + 3 O 2 → 2 M O + 2 S O 2 2\mathrm{MS} + 3\mathrm{O}_2 \rightarrow 2\mathrm{MO} + 2\mathrm{SO}_2 2 MS + 3 O 2 ​ → 2 MO + 2 SO 2 ​ (M = metal). Volatile impurities like arsenic and sulfur are also removed as gases. Roasting differs from calcination, which heats ores in limited or no air and is used for carbonates and hydroxides. Smelting involves melting the ore with a reducing agent to obtain the metal. Incineration is waste disposal by burning and is not used for ore conversion. Answer: The correct answer is Roasting (Option B). © examsnet.com"
CDS-2021-II-GK-012,2021,GK,General Knowledge,General Knowledge,General Knowledge | UPSC CDS | Prelims,easy,What are the constituents of alloy solder ?,Pb and Zn,Pb and Sn,Pb and Si,Pb and Co,B,"Solution: Concept: Solder is an alloy primarily composed of lead and tin, used for joining electrical components due to its low melting point. Explanation: Solder is a fusible metal alloy that typically contains 60 % 60\% 60% tin and 40 % 40\% 40% lead. It has a low melting point (around 60 0 ∘ F 600^\circ\mathrm{F} 60 0 ∘ F ) and good electrical conductivity. These properties make it ideal for welding electrical wires and connecting components on circuit boards. Among the given options, only P b \mathrm{Pb} Pb (lead) and S n \mathrm{Sn} Sn (tin) form solder. Other pairs like P b \mathrm{Pb} Pb and Z n \mathrm{Zn} Zn (zinc), P b \mathrm{Pb} Pb and S i \mathrm{Si} Si (silicon), or P b \mathrm{Pb} Pb and C o \mathrm{Co} Co (cobalt) are not standard solder alloys. Answer: Option B: P b \mathrm{Pb} Pb and S n \mathrm{Sn} Sn . © examsnet.com"
CDS-2021-II-GK-013,2021,GK,General Knowledge,General Knowledge,General Knowledge | UPSC CDS | Prelims,easy,Which of the following limits the number of trophic levels in a food chain ?,Deficient food supply,Polluted air,Decrease in the available energy at higher trophic levels,Parasitic organisms,C,"Solution: Concept: Energy transfer efficiency limits food chain length. Explanation: In an ecosystem, energy flows from producers to consumers along food chains. Only about 10 % 10\% 10% of the energy at one trophic level is passed to the next (Lindeman's 10 % 10\% 10% law). The rest is lost as heat during respiration and metabolic processes. Thus, at each successive trophic level, available energy decreases sharply. After a few levels, the energy becomes too low to support another viable trophic level. This energy limitation restricts the number of trophic levels possible in a food chain. Factors like deficient food supply or pollution do not directly cause this limitation. The primary reason is the progressive loss of usable energy. Answer: Decrease in the available energy at higher trophic levels. © examsnet.com"
CDS-2021-II-GK-014,2021,GK,Quantitative Aptitude,Basic Numeracy & Quantitative Aptitude,Aptitude | Mathematics | Quantitative Reasoning | Problem Solving,easy,"In pea, a pure tall plant (TT) is crossed with a short plant (tt). What will be the ratio of pure tall plants to short plants in the F 2 F_2 F 2 ​ generation ?",1 : 1,1 : 3,3 : 1,2 : 1,A,"Solution: Concept: The ratio of pure tall plants (TT) to short plants (tt) in the F₂ generation is determined by the genotypic ratio from a monohybrid cross. Explanation: Cross a pure tall plant (TT) with a pure short plant (tt). All F₁ offspring are heterozygous tall (Tt). Self‑pollinate the F₁ generation: Tt × Tt. The gametes from each parent are T and t. A Punnett square gives the F₂ genotypes: TT, Tt, Tt, tt. The genotypic ratio is 1 TT : 2 Tt : 1 tt. Pure tall plants are TT, and short plants are tt. Therefore, the ratio of pure tall to short is 1 TT : 1 tt, which simplifies to 1 : 1 1:1 1 : 1 . Note that the phenotypic ratio (tall vs short) is 3 : 1 3:1 3 : 1 , but the question specifically asks for pure tall (TT) vs short (tt). Answer: The ratio is 1 : 1 1:1 1 : 1 , which corresponds to Option A. © examsnet.com"
CDS-2021-II-GK-015,2021,GK,Polity,Indian Constitution & Governance,Polity | Constitution of India | Governance | Constitutional Bodies,easy,Which one of the following statements about variations is not true ?,Variation is minimum in asexual reproduction.,All variations in a species have equal chances of survival.,Changes in genetic constitution result in variation.,Variants can be selected by environmental factors.,B,"Solution: Concept: Variations are differences among individuals of a species, but not all variations help survival. Explanation: Variations arise from changes in genetic constitution, such as mutations or recombination during sexual reproduction. In asexual reproduction, only mutations cause variation, so variation is minimal there. Environmental factors select variants that give an advantage, leading to evolution. However, all variations do not have equal chances of survival. Some variations are harmful or neutral, and natural selection favors only those that improve survival or reproduction. Thus, the false statement is that all variations have equal chances of survival. Answer: Option B: ""All variations in a species have equal chances of survival"" is not true. © examsnet.com"
CDS-2021-II-GK-016,2021,GK,General Knowledge,General Knowledge,General Knowledge | UPSC CDS | Prelims,easy,"While studying vegetation of an area, terms like ‘population’ and ‘community’ are often used. Which one of the following statements best describes a population ?","A group of organisms of one species, living in the same area at the same time.",A group of organisms of one species living in different areas during different seasons.,A unit consisting of biotic and abiotic components.,"A group of organisms of more than one species, living in the same area at the same time.",A,"Solution: Concept: In ecology, a population is a group of individuals of the same species living in a common area at a given time. Explanation: A population is a basic ecological unit that includes only one species. All members share the same habitat and can interbreed. For example, all mango trees in a forest form one population. Option B is wrong because it refers to different areas and seasons. Option C describes an ecosystem, which combines biotic (living) and abiotic (non‑living) factors. Option D describes a community, which consists of multiple species. Thus, only option A correctly defines a population. Answer: Option A: A group of organisms of one species, living in the same area at the same time. © examsnet.com"
CDS-2021-II-GK-017,2021,GK,General Knowledge,General Knowledge,General Knowledge | UPSC CDS | Prelims,easy,"In the human body, blood flows through a process of double circulation. Which one of the following statements is true in this regard ?",Oxygenated blood reaches the left side of the heart from the lungs.,Blood in the left side of the heart is poor in oxygen and is brought to the right side of the heart.,Deoxygenated blood from the left side of the heart is brought to the lungs for oxygenation.,Oxygenated blood from the right side of the heart is sent around the body.,A,"Solution: Concept: Double circulation is the blood flow pathway in humans with two separate circuits: pulmonary and systemic. Explanation: In double circulation, the right side of the heart pumps deoxygenated blood to the lungs via the pulmonary circuit. The lungs oxygenate the blood and remove carbon dioxide. Oxygenated blood then returns from the lungs to the left side of the heart. The left side of the heart pumps this oxygen-rich blood to the rest of the body via the systemic circuit. Therefore, the statement that oxygenated blood reaches the left side of the heart from the lungs is true. Option B is false because blood on the left side is oxygen-rich, not poor in oxygen. Option C is false because deoxygenated blood from the right side (not left) goes to the lungs. Option D is false because oxygenated blood from the left side (not right) is sent around the body. Thus, only option A correctly describes double circulation. Answer: Option A: Oxygenated blood reaches the left side of the heart from the lungs. © examsnet.com"
CDS-2021-II-GK-018,2021,GK,General Knowledge,General Knowledge,General Knowledge | UPSC CDS | Prelims,easy,"In which of the following groups of organisms, is food material broken down outside the body and absorbed ?","Yeast, mushroom, bread mould","Mushroom, Amoeba, green plants","Caserta, tapeworm, lice","Paramecium, Amoeba, Caserta",A,"Solution: Concept: Saprotrophic nutrition involves external digestion. Explanation: Organisms with saprotrophic nutrition secrete digestive enzymes outside their bodies. These enzymes break down complex organic matter into simpler molecules. The simpler nutrients are then absorbed into the organism. Yeast, mushroom, and bread mould are classic examples of saprotrophs. In contrast, green plants are autotrophs (make their own food). Amoeba and Paramecium have holozoic nutrition (ingest whole food). Cuscuta, tapeworm, and lice are parasites (obtain nutrients from a host). Answer: Option A: Yeast, mushroom, bread mould. © examsnet.com"
CDS-2021-II-GK-019,2021,GK,Science & Tech,General Science & Emerging Technologies,Science & Tech | General Science | Applied Science | Physics | Chemistry | Biology,easy,A sound wave has a frequency of 4 kHz and wavelength 30 cm. How long will it take to travel 2.4 km ?,2.0 s,0.6 s,1.0 s,8.0 s,A,"Solution: Concept: The speed of a sound wave is the product of its frequency and wavelength: v = f λ v = f \lambda v = f λ . Explanation: Given: Frequency f = 4 kHz = 4 × 1 0 3 Hz f = 4 \text{ kHz} = 4 \times 10^3 \text{ Hz} f = 4 kHz = 4 × 1 0 3 Hz . Wavelength λ = 30 cm = 0.3 m \lambda = 30 \text{ cm} = 0.3 \text{ m} λ = 30 cm = 0.3 m . Distance d = 2.4 km = 2.4 × 1 0 3 m d = 2.4 \text{ km} = 2.4 \times 10^3 \text{ m} d = 2.4 km = 2.4 × 1 0 3 m . First, calculate wave speed: v = f × λ = ( 4 × 1 0 3 ) × 0.3 = 1.2 × 1 0 3 m/s v = f \times \lambda = (4 \times 10^3) \times 0.3 = 1.2 \times 10^3 \text{ m/s} v = f × λ = ( 4 × 1 0 3 ) × 0.3 = 1.2 × 1 0 3 m/s . Then, time taken: t = d v = 2.4 × 1 0 3 1.2 × 1 0 3 = 2 seconds t = \frac{d}{v} = \frac{2.4 \times 10^3}{1.2 \times 10^3} = 2 \text{ seconds} t = v d ​ = 1.2 × 1 0 3 2.4 × 1 0 3 ​ = 2 seconds . Answer: 2.0 s (Option A). © examsnet.com"
CDS-2021-II-GK-020,2021,GK,General Knowledge,General Knowledge,General Knowledge | UPSC CDS | Prelims,easy,An electric bulb is connected to a 110 V generator. The current is 0.2 A. What is the power of the bulb ?,0.22 W,2.2 W,22 W,220 W,C,"Solution: Concept: Power in an electrical circuit is the rate at which electrical energy is consumed. It is given by the product of voltage and current. Explanation: The formula for power is P = V ⋅ I P = V \cdot I P = V ⋅ I , where V V V is the voltage across the device and I I I is the current flowing through it. Given: V = 110 V V = 110\ \mathrm{V} V = 110 V and I = 0.2 A I = 0.2\ \mathrm{A} I = 0.2 A . Substitute these values into the formula: P = 110 × 0.2 = 22 W P = 110 \times 0.2 = 22\ \mathrm{W} P = 110 × 0.2 = 22 W . Thus, the power consumed by the bulb is 22 W 22\ \mathrm{W} 22 W . This matches option C in the list. Answer: Option C: 22 W 22\ \mathrm{W} 22 W © examsnet.com"
CDS-2021-II-GK-021,2021,GK,Science & Tech,General Science & Emerging Technologies,Science & Tech | General Science | Applied Science | Physics | Chemistry | Biology,easy,"Refraction of light, as it enters from one transparent medium to another, is due to",change in temperature of the media,change in the amplitude of light,change in speed of light,internal property of light,C,"Solution: Concept: Refraction of light is caused by the change in speed of light as it enters from one transparent medium into another. Explanation: When light travels from one medium to another, its speed changes because each medium has a different optical density (refractive index). This change in speed causes the light ray to bend at the boundary between the two media. For instance, light slows down when moving from air into water, resulting in the ray bending towards the normal. Snell’s law mathematically expresses refraction: sin ⁡ i sin ⁡ r = n 2 n 1 \frac{\sin i}{\sin r} = \frac{n_2}{n_1} s i n r s i n i ​ = n 1 ​ n 2 ​ ​ , where i i i is the angle of incidence, r r r is the angle of refraction, and n 1 n_1 n 1 ​ , n 2 n_2 n 2 ​ are the refractive indices of the two media. The bending is solely due to the speed variation, not due to a change in temperature, amplitude of light, or any internal property of light. Answer: Option C: change in speed of light. © examsnet.com"
CDS-2021-II-GK-022,2021,GK,Defence & Security,"Defence, Military & Internal Security",Defence | Military Exercises | Armed Forces | Security Architecture,easy,A bus starting from a bus-stand and moving with uniform acceleration attains a speed of 20 km/h in 10 minutes. What is its acceleration ?,200 k m / h 2 200 km/h^{2} 200 km / h 2,120 km/h2,100 km/h2,240 km/h2,B,"Solution: Concept: Uniform acceleration and the first equation of motion v = u + a t v = u + at v = u + a t relate initial velocity, final velocity, acceleration, and time. Explanation: The bus starts from rest, so initial velocity u = 0 u = 0 u = 0 km/h. Final velocity v = 20 v = 20 v = 20 km/h. Time t = 10 t = 10 t = 10 minutes = 10 60 = 1 6 \frac{10}{60} = \frac{1}{6} 60 10 ​ = 6 1 ​ hour. Using v = u + a t v = u + at v = u + a t : 20 = 0 + a × 1 6 20 = 0 + a \times \frac{1}{6} 20 = 0 + a × 6 1 ​ . Solving for acceleration a a a : a = 20 × 6 = 120 a = 20 \times 6 = 120 a = 20 × 6 = 120 km/h 2 ^2 2 . Answer: 120 120 120 km/h 2 ^2 2 (Option B). © examsnet.com"
CDS-2021-II-GK-023,2021,GK,Science & Tech,General Science & Emerging Technologies,Science & Tech | General Science | Applied Science | Physics | Chemistry | Biology,easy,Which one of the following is the correct reactivity order of metals reacting with dilute HCl?,M g > A l > Z n > F e \mathrm{Mg} > \mathrm{Al} > \mathrm{Zn} > \mathrm{Fe} Mg > Al > Zn > Fe,M g < A l < Z n < F e \mathrm{Mg} < \mathrm{Al} < \mathrm{Zn} < \mathrm{Fe} Mg < Al < Zn < Fe,M g > Z n > F e > A l \mathrm{Mg} > \mathrm{Zn} > \mathrm{Fe} > \mathrm{Al} Mg > Zn > Fe > Al,F e > M g > A l > Z n \mathrm{Fe} > \mathrm{Mg} > \mathrm{Al} > \mathrm{Zn} Fe > Mg > Al > Zn,A,"Solution: Concept: The reactivity order of metals with dilute H C l \mathrm{HCl} HCl follows the metal activity series, where metals above hydrogen react to liberate H 2 \mathrm{H}_2 H 2 ​ gas, and higher reactivity means a faster reaction. Explanation: The metal activity series lists metals in decreasing order of their reducing ability. More reactive metals oxidise easily and displace hydrogen from acids like dilute H C l \mathrm{HCl} HCl . Magnesium ( M g \mathrm{Mg} Mg ) is very reactive and reacts vigorously with dilute H C l \mathrm{HCl} HCl to produce H 2 \mathrm{H}_2 H 2 ​ gas. Aluminium ( A l \mathrm{Al} Al ) is less reactive than M g \mathrm{Mg} Mg ; it has a protective oxide layer but still reacts readily with the acid. Zinc ( Z n \mathrm{Zn} Zn ) reacts moderately with dilute H C l \mathrm{HCl} HCl , evolving hydrogen at a slower rate than A l \mathrm{Al} Al . Iron ( F e \mathrm{Fe} Fe ) is the least reactive among the given metals and reacts slowly with dilute H C l \mathrm{HCl} HCl . Therefore, the correct descending order of reactivity is: M g > A l > Z n > F e \mathrm{Mg} > \mathrm{Al} > \mathrm{Zn} > \mathrm{Fe} Mg > Al > Zn > Fe . This matches option A. Answer: Option A: M g > A l > Z n > F e \mathrm{Mg} > \mathrm{Al} > \mathrm{Zn} > \mathrm{Fe} Mg > Al > Zn > Fe © examsnet.com"
CDS-2021-II-GK-024,2021,GK,Science & Tech,General Science & Emerging Technologies,Science & Tech | General Science | Applied Science | Physics | Chemistry | Biology,easy,Which one of the following acids is secreted by leaves of Nettle that causes painful stings ?,Methanoic acid,Citric acid,Tartaric acid,Acetic acid,A,"Solution: Concept: The painful sting from nettle leaves is caused by the secretion of methanoic acid ( H C O O H \mathrm{HCOOH} HCOOH ). Explanation: Nettle leaves are covered with tiny stinging hairs. When touched, these hairs inject a chemical that causes a sharp, stinging pain. The acid responsible for this reaction is methanoic acid (also called formic acid). Methanoic acid is the simplest carboxylic acid. Among the given options, only methanoic acid is associated with nettle stings. The other acids come from different natural sources: • Citric acid is found in citrus fruits like lemons and oranges. • Tartaric acid is present in tamarind and grapes. • Acetic acid is the main component of vinegar. Therefore, the correct answer is methanoic acid (option A). Answer: A. Methanoic acid © examsnet.com"
CDS-2021-II-GK-025,2021,GK,Science & Tech,General Science & Emerging Technologies,Science & Tech | General Science | Applied Science | Physics | Chemistry | Biology,hard,"Which of the following statements is/are correct? 1. All the bases are alkali. 2. All alkalis dissolve in water. 3. Alkalis are soapy to touch, bitter in taste and corrosive in nature. Select the correct answer using the code given below :",1 only,1 and 3 only,2 and 3 only,3 only,C,"Solution: Concept: All alkalis are bases, but not all bases are alkalis because solubility in water is required for an alkali. Explanation: Bases are substances that are bitter, turn red litmus blue, and give O H − \mathrm{OH}^- OH − ions in water. Not all bases dissolve in water; e.g., C u O \mathrm{CuO} CuO is a base but insoluble. An alkali is a base that dissolves completely in water. Therefore, statement 1 (""All bases are alkali"") is false because insoluble bases are not alkalis. Statement 2 (""All alkalis dissolve in water"") is correct by definition. Statement 3 (""Alkalis are soapy to touch, bitter in taste and corrosive in nature"") is correct – these are typical properties of alkalis. Answer: C. 2 and 3 only © examsnet.com"
CDS-2021-II-GK-026,2021,GK,Quantitative Aptitude,Basic Numeracy & Quantitative Aptitude,Aptitude | Mathematics | Quantitative Reasoning | Problem Solving,easy,Which one of the following materials is present in a guard tube (drying tube) that is used for preparation of HCl gas ?,Calcium chloride,Calcium bromide,Calcium iodide,Calcium fluoride,A,"Solution: Concept: During the laboratory preparation of H C l \mathrm{HCl} HCl gas, a guard tube (drying tube) filled with a drying agent is used to remove moisture from the gas. Explanation: The guard tube contains a solid desiccant that absorbs water vapour without reacting with H C l \mathrm{HCl} HCl . Anhydrous calcium chloride ( C a C l 2 \mathrm{CaCl_2} CaC l 2 ​ ) is a highly effective drying agent and does not react with hydrogen chloride gas. Other calcium halides like bromide, iodide, or fluoride are either less effective or unsuitable for this purpose. Therefore, anhydrous calcium chloride is the material used in the guard tube during H C l \mathrm{HCl} HCl preparation. Answer: A. Calcium chloride © examsnet.com"
CDS-2021-II-GK-027,2021,GK,General Knowledge,General Knowledge,General Knowledge | UPSC CDS | Prelims,medium,"Fertilizers are used to obtain higher yields of crops. However, all nutrients are usually not available in fertilizers. Which one of the following nutrients is usually not available in fertilizers ?",Iron,Potassium,Nitrogen,Phosphorus,A,"Solution: Concept: Fertilizers commonly provide primary macronutrients, not micronutrients like iron. Explanation: Standard fertilizers are formulated to supply the three major nutrients: nitrogen ( N \mathrm{N} N ), phosphorus ( P \mathrm{P} P ), and potassium ( K \mathrm{K} K ). These nutrients are essential for plant growth and are often deficient in soil. Micronutrients such as iron ( F e \mathrm{Fe} Fe ), zinc, and manganese are required in very small amounts. They are not usually included in regular fertilizers unless specifically added as micronutrient supplements. Thus, among the given options, iron is the nutrient that is generally not available in typical fertilizers. Answer: Iron (option A). © examsnet.com"
CDS-2021-II-GK-028,2021,GK,General Knowledge,General Knowledge,General Knowledge | UPSC CDS | Prelims,medium,Rupa and Sachin observed an animal in their school garden. Rupa called it an insect while Sachin identified it as an earthworm. Which one of the following characteristics confirms that it is an insect ?,The animal had jointed legs.,Body of the animal had very little segmentation.,Body of the animal was cylindrical.,Body of the animal was bilaterally symmetrical.,A,"Solution: Concept: Insects belong to the phylum Arthropoda and have jointed legs, while earthworms belong to the phylum Annelida and lack jointed legs. Explanation: The presence of jointed legs is a definitive feature of insects. Earthworms have a segmented, cylindrical, bilaterally symmetrical body but do not have jointed legs. Option A (jointed legs) is therefore the correct distinguishing characteristic. Other options are incorrect because both insects and earthworms can have little segmentation (B), a cylindrical body (C), and bilateral symmetry (D). Answer: Option A – The animal had jointed legs. © examsnet.com"
CDS-2021-II-GK-029,2021,GK,General Knowledge,General Knowledge,General Knowledge | UPSC CDS | Prelims,easy,"Animals which are marine, bilaterally symmetrical, have a coelom and a notochord, but never form a vertebral column are placed under which one of the following groups ?",Chordata,Protochordata,Vertebrata,Mammalia,B,"Solution: Concept: Chordates without a vertebral column are called Protochordates. Explanation: All chordates have a notochord, dorsal hollow nerve cord, and pharyngeal slits. Protochordates (Urochordata and Cephalochordata) are marine, bilaterally symmetrical, and coelomate. They possess a notochord that persists or is present in larvae, but it never develops into a vertebral column. Vertebrates replace the notochord with a vertebral column in adults. Therefore, animals with all given features but no vertebral column belong to Protochordata. Answer: Protochordata © examsnet.com"
CDS-2021-II-GK-030,2021,GK,Science & Tech,General Science & Emerging Technologies,Science & Tech | General Science | Applied Science | Physics | Chemistry | Biology,easy,What is the location of intercalary meristem in plants ?,Base of the leaves or internodes,Stems or roots,Tips of stems and leaves,Base of flower pedicel,A,"Solution: Concept: Intercalary meristem is a type of meristematic tissue found in plants that allows rapid elongation of stems and leaves, especially in monocots. Explanation: Intercalary meristems are located at the base of leaves or internodes. They are remnants of apical meristems that get separated by regions of mature tissue. These meristems help in longitudinal growth of stems and leaves, particularly in grasses and other monocots. For example, in grasses, intercalary meristem at the base of leaf primordia allows leaves to grow even after the tip is damaged. It also enables petioles of aquatic plants to elongate and raise leaves above water. Thus, the correct location is the base of leaves or internodes. Answer: Option A: Base of the leaves or internodes. © examsnet.com"
CDS-2021-II-GK-031,2021,GK,Quantitative Aptitude,Basic Numeracy & Quantitative Aptitude,Aptitude | Mathematics | Quantitative Reasoning | Problem Solving,easy,"The federation of which one of the following States has been described as ""An indestructible union of indestructible states""?",India,U.S.A.,Canada,Australia,B,"Solution: Concept: The phrase “An indestructible union of indestructible states” refers to a federal system where neither the central government can abolish the states nor can states secede from the union. Explanation: This description is associated with the United States of America. It originates from the U.S. Supreme Court case Texas v. White (1869), which declared that the U.S. Constitution creates “an indestructible Union, composed of indestructible States.” In the U.S. model, the federal government cannot unilaterally dissolve or alter the boundaries of any state without its consent. Similarly, no state can legally leave the Union. In contrast, India is described as “an indestructible union of destructible states” because the Indian Parliament can reorganize or change the boundaries of states by a simple majority under Article 3 of the Constitution. Therefore, the correct match for the given phrase is the U.S.A. Answer: B. U.S.A. © examsnet.com"
CDS-2021-II-GK-032,2021,GK,Modern History,Indian National Movement,Modern History | Freedom Struggle | British Colonial Rule,easy,"Who among the following is the author of the famous essay, ‘The End of History and the Last Man’?",Francis Fukuyama,Daniel Bell,Abraham Lincoln,Anthony Giddens,A,"Solution: Concept: The essay ‘The End of History and the Last Man’ was written by the American political theorist Francis Fukuyama. Explanation: Francis Fukuyama first introduced his thesis in a 1989 magazine article during the collapse of communism in Eastern Europe. He argued that Western liberal democracy represents the final ideological stage of human history, especially after the Cold War. His expanded book, also titled The End of History and the Last Man (1992), earned international acclaim. Fukuyama’s work became a cornerstone of political theory, widely read by both scholars and the general public. The other options are incorrect: Daniel Bell wrote The End of Ideology , not the mentioned essay. Abraham Lincoln served as the 16th President of the USA. Anthony Giddens is known for structuration theory, not this essay. The following table summarizes the relevant associations: Daniel Bell The End of Ideology Abraham Lincoln 16th president of USA Anthony Giddens Theory of structuration Answer: Option A: Francis Fukuyama © examsnet.com"
CDS-2021-II-GK-033,2021,GK,Polity,Indian Constitution & Governance,Polity | Constitution of India | Governance | Constitutional Bodies,easy,Which one of the following statements is not correct ?,Allahabad High Court has a Bench at Lucknow.,Madhya Pradesh High Court has a Bench at Gwalior.,Rajasthan High Court is located at Jodhpur.,Guwahati High Court has no Bench.,D,"Solution: Concept: Indian High Courts and their benches: Some High Courts have permanent benches in other cities within the state. Explanation: • Allahabad High Court has a permanent circuit bench at Lucknow. This is correct. • Madhya Pradesh High Court has benches at Indore and Gwalior. This is correct. • Rajasthan High Court’s principal seat is at Jodhpur, with a bench at Jaipur. This is correct. • Guwahati High Court (often called Gauhati High Court) has several benches: at Kohima (Nagaland), Aizawl (Mizoram), and Itanagar (Arunachal Pradesh). It also formerly had benches at Imphal, Agartala, and Shillong, which later became separate High Courts. Therefore, the statement “Guwahati High Court has no Bench” is false. Answer: D. Guwahati High Court has no Bench © examsnet.com"
CDS-2021-II-GK-034,2021,GK,Polity,Indian Constitution & Governance,Polity | Constitution of India | Governance | Constitutional Bodies,easy,Which among the following is not a condition for the disqualification of a Member of Parliament ?,Voluntary acquisition of citizenship of a foreign country,Holding the office of the Chairperson of the National Commission for Women,The Member abstains from voting in the House without prior permission,The Member holds the office of the Chairman of the Board of Directors of the National Coal Development of the National Coal Development Corporation Ltd.,B,"Solution: Concept: The Indian Constitution and related laws specify certain grounds for disqualifying a Member of Parliament (MP), but some official positions are exempted. Explanation: Under Article 102 of the Constitution, an MP is disqualified for holding an office of profit under the Union or state government, unless exempted by Parliament. The Parliament (Prevention of Disqualification) Act, 1959 lists several offices that are NOT considered disqualifying. The Chairperson of the National Commission for Women is specifically exempted under this Act. In contrast, voluntary acquisition of foreign citizenship is a clear ground for disqualification under Article 102. Abstaining from voting in the House without prior permission can lead to disqualification under the anti-defection law (Tenth Schedule), if done contrary to party direction. Holding the office of Chairman of the Board of Directors of a government-owned corporation (like National Coal Development Corporation Ltd.) is an office of profit that is not exempted and hence is a disqualifying condition. Therefore, only holding the office of Chairperson of the National Commission for Women does NOT disqualify an MP. Answer: Option B – Holding the office of the Chairperson of the National Commission for Women. © examsnet.com"
CDS-2021-II-GK-035,2021,GK,Modern History,Indian National Movement,Modern History | Freedom Struggle | British Colonial Rule,easy,Who among the following considered the Directive Principles of State Policy as aiming at ‘furthering the goals of social exclusion’ ?,B.N. Rau,Granville Austin,K.C. Wheare,Rajni Kothari,B,"Solution: Concept: Directive Principles of State Policy (DPSP) are non‑justiciable guidelines in Part IV of the Indian Constitution, viewed differently by scholars. Explanation: Among the scholars mentioned, Granville Austin specifically described DPSP as aiming to “further the goals of social exclusion and revolution.” Other scholars held contrasting views: B.N. Rau called them “moral precepts”, K.C. Wheare termed them a “manifesto of aims”, and Rajni Kothari did not associate DPSP with social exclusion. Thus, the person who linked DPSP to social exclusion is Granville Austin. Answer: Granville Austin (Option B) © examsnet.com"
CDS-2021-II-GK-036,2021,GK,Geography,Physical and Indian Geography,Geography | Physical Geography | Indian Geography | Geomorphology,easy,D performs her train journey by the shortest route from Bengaluru to New Delhi. Which one of the following rivers will she not cross while performing the journey ?,Narmada,Yamuna,Godavari,Krishna,B,"Solution: Concept: The shortest train route from Bengaluru to New Delhi does not cross the Yamuna River, as the route bypasses it. Explanation: The shortest train route covers about 2276 km via Dharmavaram, Kurnool, Kacheguda, Balharshah, Nagpur, Bhopal, and Jhansi. This route crosses the Krishna River near Kurnool, the Godavari River near Balharshah, and the Narmada River near Hoshangabad (between Nagpur and Bhopal). The Yamuna River flows along the east side of Delhi, but the train enters Delhi from the south (via Hazrat Nizamuddin or New Delhi station) without crossing it. Thus, the river not crossed is the Yamuna. Answer: Yamuna © examsnet.com"
CDS-2021-II-GK-037,2021,GK,Geography,Physical and Indian Geography,Geography | Physical Geography | Indian Geography | Geomorphology,hard,Identify the State on the basis of the following characteristics : 1. Tropic of Cancer passes through the State. 2. The State has more north-south extension. 3. The State has international border with Bangladesh and Myanmar. Select the correct answer using the code given below :,Tripura,Mizoram,Nagaland,Manipur,B,"Solution: Concept: Identify the Indian state that lies on the Tropic of Cancer, has a north‑south elongated shape, and shares borders with both Bangladesh and Myanmar. Explanation: The Tropic of Cancer ( 23. 5 ∘ 23.5^{\circ} 23. 5 ∘ N) passes through only a few northeastern states, including Tripura and Mizoram. Among the given options, both Tripura and Mizoram are on the Tropic. Tripura has a wider east‑west span, not a longer north‑south extension. Mizoram is a narrow strip running north‑south, giving it a pronounced north‑south elongation. Tripura shares an international border only with Bangladesh—it does not touch Myanmar. Nagaland and Manipur border Myanmar but not Bangladesh, and the Tropic of Cancer does not cross them. Only Mizoram meets all three conditions: it lies on the Tropic of Cancer, has a longer north‑south extent, and borders both Bangladesh and Myanmar. Answer: Mizoram (Option B). © examsnet.com"
CDS-2021-II-GK-038,2021,GK,General Knowledge,General Knowledge,General Knowledge | UPSC CDS | Prelims,easy,"M wants to visit a place in a Union Territory, which is located at 34° N and 77° E. Which one of the following Union Territories must he have planned to visit ?",Andaman and Nicobar Islands,Lakshadweep,Puducherry,Ladakh,D,"Solution: Concept: Coordinates 3 4 ∘ N , 7 7 ∘ E 34^\circ\text{ N}, 77^\circ\text{ E} 3 4 ∘ N , 7 7 ∘ E fall in the northern part of India, which corresponds to the Union Territory of Ladakh. Explanation: The given latitude and longitude point to a region in the high Himalayas. Ladakh is located between 3 2 ∘ 32^\circ 3 2 ∘ to 3 6 ∘ N 36^\circ\text{ N} 3 6 ∘ N and 7 5 ∘ 75^\circ 7 5 ∘ to 8 0 ∘ E 80^\circ\text{ E} 8 0 ∘ E . Among the options, only Ladakh lies near 3 4 ∘ N , 7 7 ∘ E 34^\circ\text{ N}, 77^\circ\text{ E} 3 4 ∘ N , 7 7 ∘ E . Andaman and Nicobar Islands are in the Bay of Bengal ( 1 0 ∘ N , 9 2 ∘ E 10^\circ\text{ N}, 92^\circ\text{ E} 1 0 ∘ N , 9 2 ∘ E ). Lakshadweep is in the Arabian Sea ( 1 0 ∘ N , 7 3 ∘ E 10^\circ\text{ N}, 73^\circ\text{ E} 1 0 ∘ N , 7 3 ∘ E ). Puducherry is on the south-eastern coast ( 1 2 ∘ N , 8 0 ∘ E 12^\circ\text{ N}, 80^\circ\text{ E} 1 2 ∘ N , 8 0 ∘ E ). Thus, the correct Union Territory is Ladakh. Answer: Ladakh © examsnet.com"
CDS-2021-II-GK-039,2021,GK,General Knowledge,General Knowledge,General Knowledge | UPSC CDS | Prelims,hard,"Consider the following statements with respect to the adolescent population (age group of 10 to 19 years) of India, according to the 2011 Census : 1. Adolescent population comprises half the population of the country. 2. The group is regarded as youthful population with high potential. 3. In this group there are greater number of females than males. Which of the statements given above is/are correct?",1 only,2 only,1 and 2 only,2 and 3 only,B,"Solution: Concept: Adolescents (age 10–19) form a distinct demographic group in India, assessed using Census 2011 data. Explanation: Statement 1: Adolescent population comprises half the country’s population – this is incorrect. Adolescents (10–19) account for about 20 % 20\% 20% of the total population, not half. (The Census 2011 shows roughly 41 % 41\% 41% of Indians are below age 20, which includes children under 10.) Statement 2: The group is regarded as youthful with high potential – this is correct. Adolescents are part of the “demographic dividend” – a large, young workforce that can boost economic growth. Statement 3: In this group there are greater number of females than males – this is incorrect. The adolescent sex ratio (females per 1000 males) in 2011 was 898, lower than the overall sex ratio of 943. Thus, there are fewer females than males in the 10–19 age group. Answer: Only statement 2 is correct. Hence, option B (2 only) is the correct answer. © examsnet.com"
CDS-2021-II-GK-040,2021,GK,General Knowledge,General Knowledge,General Knowledge | UPSC CDS | Prelims,medium,"In a discussion, M from Arunachal Pradesh, J from Assam, N from Meghalaya and S from Nagaland are claiming that as per Census 2011, their State has the maximum density of population. Identify the person making the correct claim.",M,J,N,S,B,"Solution: Concept: Population density is the number of persons living per square kilometer. Explanation: According to Census 2011, the population densities of the given states are: Arunachal Pradesh: 17 17 17 persons per sq km. Assam: 398 398 398 persons per sq km. Meghalaya: 132 132 132 persons per sq km. Nagaland: 119 119 119 persons per sq km. Among these four, Assam has the highest density. So, J from Assam is the person making the correct claim. Answer: Option B (J). © examsnet.com"
CDS-2021-II-GK-041,2021,GK,Ancient History,Ancient Indian History,Ancient History | Indian History | Archaeological Sources,easy,Who among the following ancient Indian kings was praised in glowing terms in the Prayaga Prashasti ?,Ashoka,Harshavardhana,Samudragupta,Bindusara,C,"Solution: Concept: The Prayaga Prashasti (Allahabad Pillar Inscription) praises Samudragupta, composed by his court poet Harishena. Explanation: The Prayaga Prashasti is an inscription on the Allahabad pillar. It was issued by Samudragupta (ruled 335 335 335 – 380 380 380 A.D.). The court poet Harishena composed it in Sanskrit. In this prashasti, Samudragupta is described in glowing terms as a great warrior and conqueror. It mentions his victories in battles and his Ashvamedha sacrifice. He is also called the “Napoleon of India” by historian V.A. Smith due to his military successes. Other kings mentioned in the options are not associated with this prashasti: Ashoka had his own edicts, Harshavardhana was praised by Bana in Harshacharita, and Bindusara is not linked to the Prayaga Prashasti. Thus, the correct king is Samudragupta. Answer: Samudragupta (Option C). © examsnet.com"
CDS-2021-II-GK-042,2021,GK,General Knowledge,General Knowledge,General Knowledge | UPSC CDS | Prelims,easy,The Self-Respect Movement was initiated by,B.R. Ambedkar,Jyotiba Phule,E.V. Ramaswamy Naicker,Jawaharlal Nehru,C,"Solution: Concept: The Self-Respect Movement was a social reform movement in South India that aimed to abolish caste hierarchy and promote rationalism, led by E.V. Ramaswamy Naicker (Periyar). Explanation: The movement began in 1925 under the leadership of E.V. Ramaswamy Naicker, also known as Periyar. It challenged Brahminical dominance and sought equal rights for backward castes and women. The movement also emphasized the revival of Dravidian languages like Tamil, Telugu, Kannada, and Malayalam. It rejected religious superstitions and the caste system, advocating for a society based on reason and equality. This movement laid the foundation for later Dravidian political parties such as DMK and AIADMK. Among the given options, only E.V. Ramaswamy Naicker started this movement; B.R. Ambedkar focused on Dalit rights, Jyotiba Phule worked on social reform in Maharashtra, and Jawaharlal Nehru was a national freedom fighter. Answer: The correct answer is option C: E.V. Ramaswamy Naicker. © examsnet.com"
CDS-2021-II-GK-043,2021,GK,General Knowledge,General Knowledge,General Knowledge | UPSC CDS | Prelims,easy,"The location of the ancient city of Taxila (Takshshila), mentioned in ancient Indian texts, was identified by",Alexander Cunnigham,R.D. Banerji,John Marshall,Daya Ram Sahni,A,"Solution: Concept: Sir Alexander Cunningham, the first Director-General of the Archaeological Survey of India, identified Taxila’s ruins in the mid‑19th century. Explanation: The location of ancient Taxila (Takshashila) was unknown from literary sources alone. Using descriptions from ancient Indian texts and the accounts of the Chinese pilgrim Xuanzang, Cunningham matched the site of Sarai Kala (in present‑day Pakistan) with Taxila. His field surveys and cross‑checking of geographical clues confirmed the identification. Later archaeologists like John Marshall excavated the site, but the original discovery is credited to Cunningham. Therefore, the location of the ancient city of Taxila was identified by Alexander Cunningham. Answer: Alexander Cunningham © examsnet.com"
CDS-2021-II-GK-044,2021,GK,General Knowledge,General Knowledge,General Knowledge | UPSC CDS | Prelims,easy,Who among the following was not a Jain Acharya?,Bhadrabahu,Khema,Haribhadra,Siddhasena Divakara,B,"Solution: Concept: Identify the person who is not a Jain Acharya among the given options. Explanation: Bhadrabahu is considered the last Shruta Kevalin in Jainism and was the spiritual teacher of Chandragupta Maurya. Haribhadra was a Svetambara Jain mendicant, philosopher, and author who lived around 459–529 AD. Siddhasena Divakara was a fifth-century Jain monk known for his works on Jain philosophy and epistemology. Khema, however, was not a Jain Acharya; she was a Buddhist nun (a Theri) and a chief female disciple of Gautama Buddha. She was born into a princely family at Sagala, married King Bimbisara of Magadha, and later became a follower of Buddha. Since she belongs to the Buddhist tradition, she is not associated with Jainism as an Acharya. Answer: Khema © examsnet.com"
CDS-2021-II-GK-045,2021,GK,Modern History,Indian National Movement,Modern History | Freedom Struggle | British Colonial Rule,easy,"In India, the first major public appearance of Mahatma Gandhi was in",Champaran (1917),Kheda (1918),Inauguration of Banaras Hindu University (1916),Rowlatt Satyagraha (1919),C,"Solution: Concept: Mahatma Gandhi's first major public appearance in India after returning from South Africa took place at the inauguration of Banaras Hindu University in 1916. Explanation: On 4 February 1916, Gandhi addressed a gathering at the newly founded Banaras Hindu University (BHU). This event is widely recognized as his first major public speech in India. The audience included prominent princes, students, and the Maharaja of Darbhanga, who presided over the session. BHU was established by Pandit Madan Mohan Malaviya under the BHU Act of 1915. Other early movements led by Gandhi occurred later: Champaran Satyagraha (1917) involved indigo farmers in Bihar. The Kheda Satyagraha (1918) was part of the Ahmedabad mill strike, where Gandhi used a hunger strike. The Rowlatt Satyagraha (1919) was a nationwide protest against the repressive Rowlatt Act. Thus, the correct chronological order places the BHU inauguration as the first major public appearance. Answer: Inauguration of Banaras Hindu University (1916) – Option C. © examsnet.com"
CDS-2021-II-GK-046,2021,GK,Modern History,Indian National Movement,Modern History | Freedom Struggle | British Colonial Rule,medium,Consider the following statements about Patanjali’s Mahabhashya : 1. It makes a mention of Kautilya. 2. It is a book on grammar and refers to historical personalities only incidentally. Which of the statements given above is/are correct?,1 only,2 only,Both 1 and 2,Neither 1 nor 2,B,"Solution: Concept: Patanjali's Mahabhashya is a grammatical commentary on Panini's Ashtadhyayi and does not mention Kautilya. Explanation: The Mahabhashya is a classical Sanskrit grammar text, based on Panini's Ashtadhyayi. It is primarily a book on grammar and linguistics. Historical personalities are referred to only incidentally. Thus, statement 2 is correct. The Mahabhashya never mentions Kautilya (Chanakya) or any reference to him. Therefore, statement 1 is incorrect. Answer: Option B: 2 only © examsnet.com"
CDS-2021-II-GK-047,2021,GK,Modern History,Indian National Movement,Modern History | Freedom Struggle | British Colonial Rule,easy,Which one of the following may lead to a movement along the demand curve of a commodity?,Change in its price,Change in price of the other commodities,Change in income of the consumer,Change in tastes and preferences of consumers,A,"Solution: Concept: Movement along the demand curve occurs only due to a change in the price of the commodity itself. Explanation: The demand curve shows the relationship between the price of a commodity and the quantity demanded. When the price of the commodity changes, the point of demand moves along the same curve — this is called a movement. A change in price of other commodities, change in income of the consumer, or change in tastes and preferences shifts the entire demand curve to the left or right. Such shifts are called changes in demand, not movement along the curve. Movement along the demand curve is always caused solely by a change in the commodity’s own price. All other factors (income, prices of related goods, tastes, population, expectations) lead to a shift of the demand curve. Answer: A. Change in its price © examsnet.com"
CDS-2021-II-GK-048,2021,GK,Modern History,Indian National Movement,Modern History | Freedom Struggle | British Colonial Rule,easy,Which one of the following is the opportunity cost of a chosen activity?,Out of pocket cost,Out of pocket cost plus cost incurred by the Government,Value of all opportunities forgone,Value of next best alternative that is given up,D,"Solution: Concept: Opportunity cost is the value of the best alternative that is given up when a choice is made. Explanation: Resources are limited but wants are unlimited, so every choice involves a sacrifice. The opportunity cost of an activity is not simply the out-of-pocket expense. It is the value of the next-best alternative that you forgo to pursue the chosen activity. For example, spending time and money on a movie means you cannot read a book or use that money elsewhere. Out-of-pocket cost (option A) and government cost (option B) are not opportunity costs. Option C (value of all opportunities forgone) is too broad; only the single best alternative matters. Therefore, the correct definition is the value of the next best alternative that is given up. Answer: Option D: Value of next best alternative that is given up. © examsnet.com"
CDS-2021-II-GK-049,2021,GK,Economy,Indian Economy & Financial System,Economy | Macroeconomics | Banking & Finance | Public Finance,easy,Which one of the following statements in the context of social sector spending in India during 2014 - 19 (both States and the Union Government together) is true ?,Expenditure on education was 5% of GDP.,Expenditure on health was 4% of the social services expenditure.,There was a stagnation in the spending on education as a percent of GDP.,Health sector spending amounted to 10% of the total expenditure.,C,"Solution: Concept: The question tests knowledge of India's social sector spending trends during 2014–2019, particularly on education and health as a share of GDP and total expenditure. Explanation: Education expenditure as a percentage of GDP remained nearly stagnant, hovering around 2.7 % 2.7\% 2.7% to 3 % 3\% 3% during the period. Option A claims it was 5 % 5\% 5% of GDP, which is incorrect; the actual figure is lower and did not reach that level. Option B states health expenditure was 4 % 4\% 4% of social services expenditure, but data from the Economic Survey shows health spending was about 20 % 20\% 20% of social services outlay (e.g., ₹3.12 lakh crore out of ₹15.31 lakh crore in 2019–20). Option D says health sector spending was 10 % 10\% 10% of total expenditure; however, public health expenditure remained only 1.2 % 1.2\% 1.2% to 1.6 % 1.6\% 1.6% of GDP, far below 10 % 10\% 10% of total spending. Only Option C correctly reflects the observed trend of stagnation in education spending as a percent of GDP. Answer: Option C: There was a stagnation in the spending on education as a percent of GDP. © examsnet.com"
CDS-2021-II-GK-050,2021,GK,Current Affairs,Current Events of National & International Importance,Current Affairs | International Relations | Government Schemes | Awards,hard,"According to UNDP’s Human Development Report - 2020, in which of the HDI components has India improved in recent years ? 1. Life expectancy at birth 2. Expected years of schooling 3. GNI per capita 4. Mean years of schooling Select the correct answer using the code given below :",1 and 2 only,2 and 3 only,1 and 3 only,"1, 2, 3 and 4",C,"Solution: Concept: According to the UNDP Human Development Report 2020, among the four HDI components, India’s recent improvement was seen only in life expectancy and GNI per capita. Explanation: The Human Development Index (HDI) has four components: life expectancy at birth, expected years of schooling, mean years of schooling, and GNI per capita. For the year 2019, India’s life expectancy at birth increased to 69.7 69.7 69.7 years, showing a steady rise. India’s GNI per capita also increased to $ 6 , 681 \$6,681 $6 , 681 , reflecting a significant improvement. However, the schooling components—expected years of schooling and mean years of schooling—did not show clear improvement in the recent period covered by the 2020 report. Therefore, India’s HDI improvement in recent years is attributed only to life expectancy and income. Answer: 1 and 3 only © examsnet.com"
CDS-2021-II-GK-051,2021,GK,General Knowledge,General Knowledge,General Knowledge | UPSC CDS | Prelims,easy,Which one of the following is true of a pure voluntary exchange between two parties A and B?,A can exploit B or vice versa,Both gain; it is a win-win situation,"If A makes profit, it must be at the cost of A",Both can lose,B,"Solution: Concept: A pure voluntary exchange occurs when two parties freely trade goods or services, each expecting to benefit. Explanation: In a voluntary exchange, both parties participate only if they believe they will gain something of value. No party is forced or coerced; they trade willingly. As a result, both parties end up better off than before the transaction. This makes it a mutual gain, or a win-win situation. Option B correctly states this outcome. Option A (exploitation) implies one party forces the other to trade at a disadvantage, which contradicts the voluntary nature. Option C suggests profit for one comes at the expense of the other, which is not true in voluntary trade. Option D (both lose) would mean neither party benefits, so they would not agree to trade. Therefore, only option B is consistent with the definition of pure voluntary exchange. Answer: Option B (Both gain; it is a win-win situation). © examsnet.com"
CDS-2021-II-GK-052,2021,GK,Polity,Indian Constitution & Governance,Polity | Constitution of India | Governance | Constitutional Bodies,medium,"The provision, ‘the State shall take steps to separate the Judiciary from the Executive in the public services of the State’ is incorporated in which part of the Constitution of India ?",Part-IV,Part-V,Part-VI,Part-VII,A,"Solution: Concept: The provision to separate the judiciary from the executive is a Directive Principle of State Policy (DPSP) found in Part IV of the Indian Constitution. Explanation: The given statement is Article 50 of the Constitution. Article 50 states: ""The State shall take steps to separate the judiciary from the executive in the public services of the State."" All Directive Principles of State Policy are contained in Part IV (Articles 36 to 51). Therefore, Article 50 falls under Part IV. Now, let us check why the other options are not correct: • Part V (Articles 52 to 151) deals with the Union Executive and Parliament. • Part VI (Articles 152 to 237) deals with the State Executive and Legislature. • Part VII (originally for Part B states) was repealed by the 7th Amendment in 1956. None of these parts contain the directive about separation of judiciary and executive. Thus, the correct location is Part IV of the Constitution. Answer: Part-IV © examsnet.com"
CDS-2021-II-GK-053,2021,GK,Polity,Indian Constitution & Governance,Polity | Constitution of India | Governance | Constitutional Bodies,hard,"Which of the following statements are correct ? 1. Speaker may permit any Member to address the House in his/her mother tongue, if he/she cannot adequately express in either Hindi or English. 2. Business of the Parliamentary Committees is transacted either in Hindi or in English. 3. The minutes of the Parliamentary Committees are prepared invariably in Hindi and English. Select the correct answer using the code given below :","1, 2 and 3",1 and 2 only,2 and 3 only,1 and 3 only,A,"Solution: Concept: These statements are based on constitutional provisions and parliamentary rules regarding the language of proceedings and records in Parliament. Explanation: Statement 1 is correct because Article 120 of the Constitution allows the Speaker or Chairman to permit a member who cannot adequately express in Hindi or English to address the House in his/her mother tongue. Statement 2 is correct because the Rules of Procedure require that business in Parliament—including committees—be transacted in Hindi or English. Statement 3 is correct because minutes and reports of Parliamentary Committees are invariably prepared and presented in both Hindi and English. Answer: A. 1, 2 and 3 © examsnet.com"
CDS-2021-II-GK-054,2021,GK,Polity,Indian Constitution & Governance,Polity | Constitution of India | Governance | Constitutional Bodies,easy,"Which one of the following is the correct meaning of the term ‘State’, as defined in Article 12 of the Constitution of India ?",It refers only to the Government of India.,It refers only to the Government of India and the Parliament of India.,"It refers only to the Government of India, Parliament of India, and Governments and Legislatures of each State.","It refers to the Government of India, Parliament of India, Governments and or other authorities within the territory of India.",D,"Solution: Concept: Article 12 of the Constitution defines the term “State” broadly to include all levels of government and authorities, not just the central government. Explanation: Article 12 says that “the State” includes the Government and Parliament of India, the Government and Legislature of each State, and all local or other authorities within the territory of India or under the control of the Government of India. This wide definition ensures that fundamental rights can be enforced against all such bodies. Option D correctly captures this by mentioning the Government of India, Parliament of India, Governments, and other authorities within the territory. Option A is too narrow because it omits Parliament and state governments. Option B is incomplete as it leaves out state governments and local/other authorities. Option C wrongly restricts to only governments and legislatures of states, ignoring local and other authorities. Thus, only option D matches the exact wording and scope of Article 12. Answer: Option D – It refers to the Government of India, Parliament of India, Governments and or other authorities within the territory of India. © examsnet.com"
CDS-2021-II-GK-055,2021,GK,Science & Tech,General Science & Emerging Technologies,Science & Tech | General Science | Applied Science | Physics | Chemistry | Biology,easy,Which one among the following is the largest State in terms of seats in the Rajya Sabha ?,Andhra Pradesh,Bihar,Rajasthan,Karnataka,B,"Solution: Concept: The Rajya Sabha seat allocation to states is based on population, and each state has a fixed number of seats as per the Fourth Schedule. Explanation: The maximum strength of Rajya Sabha is 250 250 250 , with 238 238 238 elected representatives of states and union territories and 12 12 12 nominated by the President. The current strength is 245 245 245 , of which 233 233 233 are elected. Among the given options, the number of Rajya Sabha seats for each state is: • Andhra Pradesh: 11 11 11 • Bihar: 16 16 16 • Rajasthan: 10 10 10 • Karnataka: 12 12 12 Bihar has the highest number of seats ( 16 16 16 ) among these four states. Therefore, Bihar is the largest state in terms of Rajya Sabha representation. Answer: Bihar © examsnet.com"
CDS-2021-II-GK-056,2021,GK,Polity,Indian Constitution & Governance,Polity | Constitution of India | Governance | Constitutional Bodies,easy,Under which Article of the Constitution of India has provision been made for reservation of seats for women in Panchayats ?,Article 243 B,Article 243 C,Article 243 D,Article 243 E,C,"Solution: Concept: The Indian Constitution provides for reservation of seats for women in Panchayati Raj Institutions under Article 243 D. Explanation: Part IX of the Constitution (Articles 243 to 243O) deals with Panchayats. Article 243 D specifically mandates reservation of seats for Scheduled Castes, Scheduled Tribes, and women. As per Article 243 D, at least one-third of the total number of seats (and offices of Chairpersons) in all Panchayats are reserved for women. This provision ensures adequate representation of women at the grassroots level of local governance. Other options: Article 243 B relates to constitution of Panchayats, Article 243 C to composition, and Article 243 E to duration of Panchayats. Thus, the correct constitutional provision for women’s reservation in Panchayats is Article 243 D. Answer: Article 243 D. © examsnet.com"
CDS-2021-II-GK-057,2021,GK,Ancient History,Ancient Indian History,Ancient History | Indian History | Archaeological Sources,easy,The painted illustration of the moving of the Ashoka Pillar at Topra is found in,Tarikh-i-Firuz Shahi,Tarikh-i-Shahi,Sirat-i-Firuz Shahi,Akbar Nama,C,"Solution: Concept: The painted illustration of moving the Ashoka Pillar at Topra is a historical record from the reign of Firuz Shah Tughlaq. Explanation: The pillar was originally located in Topra (Haryana) and was transported to Delhi in 1356 CE by Firuz Shah Tughlaq. A contemporary manuscript, the Sirat-i-Firuz Shahi, contains a painting depicting this transportation. Therefore, the correct source of the illustration is the Sirat-i-Firuz Shahi. Answer: C. Sirat-i-Firuz Shahi © examsnet.com"
CDS-2021-II-GK-058,2021,GK,Medieval History,Medieval Indian History,Medieval History | Delhi Sultanate | Mughal Empire | Administration,easy,Which one among the following is a temple of the Vaishnavite tradition ?,Srirangam,Chidambaram,Gangaikonda Cholapuram,Thanjavur,A,"Solution: Concept: The Srirangam temple is a major Vaishnavite shrine dedicated to Lord Vishnu, making it the correct answer among the options. Explanation: The Srirangam temple is one of the eight self-manifested shrines of Lord Vishnu, known as Swayam Vyakta Kshetras. It is considered the foremost among the 108 principal Vishnu temples (Divyadesams). The other options are Shaivite temples: Chidambaram (Lord Nataraja, a form of Shiva), Gangaikonda Cholapuram (Shiva), and Thanjavur (Brihadeeswarar Temple, also Shiva). Thus, only Srirangam belongs to the Vaishnavite tradition. Answer: Srirangam © examsnet.com"
CDS-2021-II-GK-059,2021,GK,General Knowledge,General Knowledge,General Knowledge | UPSC CDS | Prelims,easy,"The biography of Shaikh Muinuddin Chishti, authored by Jahanara, is known as",Munis al Arwah,Fawaid ul Fuwad,Sirat ul Auliya,Muragqa-e Dehli,A,"Solution: Concept: Jahanara Begum, daughter of Shah Jahan, authored a biography of the Sufi saint Shaikh Muinuddin Chishti. Explanation: Jahanara Begum was a devout follower of the Qadiriyya Sufi order. She wrote a biography titled “Mu’nis al-Arwāḥ” (Munis al Arwah) about Moinuddin Chishti, the founder of the Chishtiyah order. This work is highly valued for its literary quality and spiritual insight. Other options are incorrect: Fawaid ul Fuwad was written by Nizamuddin Auliya’s disciple, not by Jahanara. Sirat ul Auliya (likely Siyar-ul-Auliya) is by Syed Mohammad Mubarak Alvi. Muragqa-e Dehli is by Durga Quli Khan. Thus, the correct answer is Munis al Arwah (option A). Answer: A. Munis al Arwah © examsnet.com"
CDS-2021-II-GK-060,2021,GK,Polity,Indian Constitution & Governance,Polity | Constitution of India | Governance | Constitutional Bodies,easy,Which one of the following is not a political method of the moderates in the National Movement ?,Overthrow of alien rule,Constitutional agitation,"Slow, orderly political progress",Mobilisation of public opinion,A,"Solution: Concept: The moderates in the Indian National Movement believed in gradual, constitutional methods and did not advocate the overthrow of British rule. Explanation: The moderate phase lasted from 1885 to 1905. Leaders like Dadabhai Naoroji, Pherozshah Mehta, and W.C. Bonnerjea followed a policy of liberalism and constitutional agitation within the law. Their political methods included: • Constitutional agitation and the use of ""prayer and petition"". • Slow, orderly political progress rather than a sudden revolution. • Mobilisation of public opinion to create national consciousness and educate the people. They believed that the British were unaware of Indian conditions but could be persuaded through petitions and dialogue. The moderates did not seek to overthrow the alien rule; that was the method of the extremist leaders. Thus, ""Overthrow of alien rule"" is not a political method of the moderates. Answer: Option A: Overthrow of alien rule. © examsnet.com"
CDS-2021-II-GK-061,2021,GK,Medieval History,Medieval Indian History,Medieval History | Delhi Sultanate | Mughal Empire | Administration,easy,Swami Dayanand Saraswati took inspiration from,Puranas,Vedas,Medieval saints,Sufism,B,"Solution: Concept: Swami Dayanand Saraswati’s core inspiration came from the Vedas, which he considered infallible and the foundation of true Hinduism. Explanation: Swami Dayanand Saraswati (1824–1883) was a key reformer who gave the call for Swarajya in 1876. He regarded the Vedas as the supreme and only reliable source of religious truth. He rejected all later religious ideas, including Puranas, rituals, and idolatry, wherever they conflicted with the Vedas. His slogan “Back to the Vedas” urged a revival of Vedic learning and purity, not a return to ancient times. Thus, his inspiration came solely from the Vedas, not from Puranas, medieval saints, or Sufism. Answer: B. Vedas © examsnet.com"
CDS-2021-II-GK-062,2021,GK,Modern History,Indian National Movement,Modern History | Freedom Struggle | British Colonial Rule,easy,The call for ‘renunciation of (all) voluntary associations with the (British) Government’ was given during,Non-Cooperation Movement,Civil Disobedience Movement,Quit India Movement,Protest against partition of Bengal,A,"Solution: Concept: The phrase ‘renunciation of (all) voluntary associations with the (British) Government’ was the central appeal of the Non‑Cooperation Movement. Explanation: Mahatma Gandhi formally launched the Non‑Cooperation Movement on 1 August 1920. Indians were asked to withdraw all voluntary cooperation with the British administration. This meant boycotting schools, colleges, law courts, and government jobs, and refusing to pay taxes. The goal was to achieve Swaraj through non‑violent, non‑cooperation methods. The Civil Disobedience Movement (1930) focused on breaking specific laws, not general renunciation. The Quit India Movement (1942) demanded an immediate end to British rule. The protest against the partition of Bengal (1905) was a Swadeshi and boycott movement, but not the same call. Thus, the exact phrase belongs to the Non‑Cooperation Movement. Answer: Option A: Non‑Cooperation Movement. © examsnet.com"
CDS-2021-II-GK-063,2021,GK,General Knowledge,General Knowledge,General Knowledge | UPSC CDS | Prelims,hard,Which of the following statements is/are correct with respect to Time Zone in India ? 1. There is one standard time for the whole country. 2. Andaman and Nicobar Islands and Lakshadweep Islands have different Time Zones. 3. Indian Standard Time (IST) is five and half hours behind GMT. Select the correct answer using the code given below :,1 only,2 only,1 and 2 only,1 and 3 only,A,"Solution: Concept: India has a single standard time zone (IST) for the entire country, including all islands. Explanation: Statement 1 is correct. India uses only one time zone – Indian Standard Time (IST), calculated from the 82. 5 ∘ 82.5^{\circ} 82. 5 ∘ E longitude passing through Mirzapur, Uttar Pradesh. Statement 2 is incorrect. Both Andaman and Nicobar Islands and Lakshadweep Islands follow the same IST as the rest of India. They do not have separate time zones. Statement 3 is incorrect. IST is 5 5 5 hours 30 30 30 minutes ahead of Greenwich Mean Time (GMT), not behind it. That is, IST = GMT + 5 : 30 5:30 5 : 30 . Therefore, only statement 1 is true. Answer: A. 1 only © examsnet.com"
CDS-2021-II-GK-064,2021,GK,General Knowledge,General Knowledge,General Knowledge | UPSC CDS | Prelims,easy,"D had recently visited Khardung La, Nubra Valley and several Buddhist monasteries. Which one of the following States / UT had she visited ?",Himachal Pradesh,Uttarakhand,Sikkim,Ladakh,D,"Solution: Concept: Khardung La, Nubra Valley, and several Buddhist monasteries are all located in the union territory of Ladakh. Explanation: Khardung La is a high mountain pass situated in the Ladakh region. It lies to the north of Leh and serves as the gateway to the Shyok and Nubra valleys. Nubra Valley is also in Ladakh and is the entry point to the Siachen Glacier and the Karakoram Pass. The Nubra River, which flows through this valley, originates from the Siachen Glacier and joins the Shyok River. Ladakh has numerous Buddhist monasteries (gompa), such as Thiksey, Hemis, and Alchi, that attract many visitors. Therefore, the person visited Ladakh, not Himachal Pradesh, Uttarakhand, or Sikkim. Answer: D. Ladakh © examsnet.com"
CDS-2021-II-GK-065,2021,GK,Geography,Physical and Indian Geography,Geography | Physical Geography | Indian Geography | Geomorphology,easy,Which one of the following States receives rainfall from both the Arabian Sea branch and the Bay of Bengal branch of Monsoon ?,Punjab,Maharashtra,Meghalaya,Tamil Nadu,A,"Solution: Concept: The monsoon winds in India consist of two branches: the Arabian Sea branch and the Bay of Bengal branch. Some states receive rainfall from only one branch, while a few receive rainfall from both branches due to their geographical position. Explanation: The Arabian Sea branch first strikes the Western Ghats and brings rain to west coast states like Kerala, Maharashtra. The Bay of Bengal branch moves northeastward, bringing rain to eastern and northeastern states like Meghalaya. Tamil Nadu lies in the rain shadow of the Western Ghats during the southwest monsoon and receives rainfall mainly from the retreating northeast monsoon. Punjab and Haryana plains are located roughly equidistant from both the Arabian Sea and the Bay of Bengal. The orientation of both monsoon branches directs them toward the Punjab‑Haryana region. Therefore, Punjab receives rainfall from both the Arabian Sea branch and the Bay of Bengal branch. Answer: Punjab © examsnet.com"
CDS-2021-II-GK-066,2021,GK,Modern History,Indian National Movement,Modern History | Freedom Struggle | British Colonial Rule,easy,"Inceptisols, Entisols, Vertisols and Mollisols are orders of which one of the following ?",Sugarcane,Soil,Coal,Copper,B,"Solution: Concept: Inceptisols, Entisols, Vertisols, and Mollisols are categories (orders) within the USDA Soil Taxonomy system. Explanation: The United States Department of Agriculture (USDA) classifies soils into 12 major orders at the highest level. These orders are defined by dominant characteristics such as climate, vegetation, parent material, or degree of weathering. Inceptisols are young soils with weak horizon development. Entisols have little to no horizon development. Vertisols are clay-rich soils that shrink and swell. Mollisols are soft, dark, grassland soils. All four belong exclusively to the category of soil, not to sugarcane, coal, or copper. Answer: Option B: Soil © examsnet.com"
CDS-2021-II-GK-067,2021,GK,General Knowledge,General Knowledge,General Knowledge | UPSC CDS | Prelims,easy,S had witnessed contour bunding and contour ploughing while visiting one of the States in India. Identify the State from the options given below.,Punjab,Haryana,Himachal Pradesh,Rajasthan,C,"Solution: Concept: Contour bunding and contour ploughing are soil conservation techniques primarily used in hilly or sloped terrain. Explanation: Contour ploughing involves tilling along the contour lines of a slope, creating rows that act as barriers to slow water runoff and prevent erosion. Contour bunding is the construction of earth banks along contours to trap rainwater and reduce soil loss. Both methods are most effective and commonly practiced in regions with significant elevation and slopes. Among the given states, Himachal Pradesh has a predominantly mountainous and hilly landscape. Punjab and Haryana are largely flat plains, while Rajasthan is mostly desert or semi-desert. Therefore, S would most likely observe these practices in Himachal Pradesh. Answer: Himachal Pradesh © examsnet.com"
CDS-2021-II-GK-068,2021,GK,Current Affairs,Current Events of National & International Importance,Current Affairs | International Relations | Government Schemes | Awards,easy,Which one of the following target groups is the beneficiary of ‘Garib Kalyan Rojgar Abhiyan’ scheme ?,All rural women,All returning migrants,All below poverty line households,All new migrants to town,B,"Solution: Concept: The Garib Kalyan Rojgar Abhiyan is a rural public works scheme specifically designed to provide employment to migrant workers who returned to their villages during the COVID-19 lockdown. Explanation: The scheme was launched on 20 June 2020, targeting returnee migrant workers and rural citizens who came back to their home states due to the lockdown. It operates in mission mode for 125 days with a budget of Rs. 50,000 crore. The scheme covers 116 districts across six states: Bihar, Uttar Pradesh, Madhya Pradesh, Rajasthan, Jharkhand, and Odisha — where the maximum number of migrant workers returned. These districts include 27 Aspirational Districts identified by NITI Aayog as socio-economically backward. The primary beneficiaries are all returning migrants, not all rural women, all BPL households, or new migrants to town. Answer: Option B: All returning migrants. © examsnet.com"
CDS-2021-II-GK-069,2021,GK,Modern History,Indian National Movement,Modern History | Freedom Struggle | British Colonial Rule,hard,Match List I with List II and select the correct answer using the code given below the lists : List I (Curve) List II (Indication) A. Lorenz curve 1. Inflation and employment B. Phillips curve 2. Tax rates and tax revenue C. Engel curve 3. Inequality in the distribution of income or wealth D. Laffer curve 4. Income and proportion of expenditure on food,"A - 3, B - 4, C - 1, D - 2","A - 2, B - 1, C - 4, D - 3","A - 3, B - 1, C - 4, D - 2","A - 2, B - 4, C - 1, D - 3",C,"Solution: Concept: Each curve in List I is an economic graph that represents a specific relationship or distribution. Explanation: The Lorenz curve shows the cumulative share of income or wealth against the population. It is used to measure inequality in the distribution of income or wealth. Thus, A matches with 3. The Phillips curve depicts the inverse relationship between inflation and unemployment. It indicates trade‑off between inflation and employment. Thus, B matches with 1. The Engel curve shows how household expenditure on a good (often food) changes with income. It relates income and the proportion of expenditure on food. Thus, C matches with 4. The Laffer curve illustrates the relationship between tax rates and total tax revenue. It suggests an optimal tax rate that maximises revenue. Thus, D matches with 2. Answer: The correct pairing is A‑3, B‑1, C‑4, D‑2, which corresponds to option C. © examsnet.com"
CDS-2021-II-GK-070,2021,GK,General Knowledge,General Knowledge,General Knowledge | UPSC CDS | Prelims,easy,Which one of the following is a typical example of monopolistic competition?,Retail vegetable markets,Market for soaps,Indian Railways,Labour market for software engineers,B,"Solution: Concept: Monopolistic competition is a market structure with many sellers offering differentiated products. Explanation: In monopolistic competition, firms have some control over price due to product differentiation. They use advertising and branding to distinguish their products. The market for soaps in India has many brands like Lifebuoy, Lux, and Dove, each slightly different in smell, packaging, and marketing. This is a classic example of monopolistic competition. Retail vegetable markets are closer to perfect competition because vegetables are homogeneous. Indian Railways is a monopoly because it is the sole provider of rail services. The labour market for software engineers is a factor market, not a product market, and is closer to perfect competition with many buyers and sellers. Therefore, among the given options, only the market for soaps exhibits monopolistic competition. Answer: The correct answer is B: Market for soaps. © examsnet.com"
CDS-2021-II-GK-071,2021,GK,Polity,Indian Constitution & Governance,Polity | Constitution of India | Governance | Constitutional Bodies,medium,"Following the Constitution (One Hundred and First Amendment) Act, 2016, the Parliament of India enacted quite a few GST Acts in the year 2017. Which one of the following does not fall in this category ?",The Central Goods and Services Tax Act,The Integrated Goods and Services Tax Act,The Goods and Services Tax (Compensation to States) Acts,The State Goods and Services Tax Act,D,"Solution: Concept: The question asks which Act was not enacted by the Parliament of India under the GST framework following the 101st Amendment. Explanation: The Constitution (One Hundred and First Amendment) Act, 2016 enabled the Goods and Services Tax. In 2017, the Parliament enacted several GST Acts: • The Central Goods and Services Tax Act (CGST) – levied by the Centre. • The Integrated Goods and Services Tax Act (IGST) – for inter-state supplies. • The Goods and Services Tax (Compensation to States) Act – to compensate states for revenue loss. The State Goods and Services Tax Act (SGST) is enacted by each state legislature, not by Parliament. Therefore, the State GST Act does not fall under the category of Acts enacted by the Parliament. Answer: D. The State Goods and Services Tax Act © examsnet.com"
CDS-2021-II-GK-072,2021,GK,Modern History,Indian National Movement,Modern History | Freedom Struggle | British Colonial Rule,easy,Which one of the following is not correct in respect of Directorate of Enforcement ?,"It is a specialized financial investigation agency under the Department of Revenue, Ministry of Finance.","It enforces the Foreign Exchange Management Act, 1999.","It enforces the Prevention of Money Laundering Act, 2002.","It enforces the Prohibition of Benami Property Transaction Act, 1988.",D,"Solution: Concept: The Directorate of Enforcement is a financial investigation agency under the Ministry of Finance, but it does not enforce every financial law. Explanation: Step 1: Check each statement about the Directorate of Enforcement. Step 2: Option A is correct – it is a specialized financial investigation agency under the Department of Revenue, Ministry of Finance. Step 3: Option B is correct – it enforces the Foreign Exchange Management Act (FEMA), 1999. Step 4: Option C is correct – it enforces the Prevention of Money Laundering Act (PMLA), 2002. Step 5: Option D is not correct – the Prohibition of Benami Property Transaction Act, 1988 is enforced by the Income Tax Department, not by the Directorate of Enforcement. Answer: Option D © examsnet.com"
CDS-2021-II-GK-073,2021,GK,Modern History,Indian National Movement,Modern History | Freedom Struggle | British Colonial Rule,easy,Which one of the following is not correct ?,Taxes on agricultural income is a subject under the State List,Price control is a subject under the Concurrent List.,Insurance does not come under the Union List.,‘Forests’ is a subject under the Concurrent List.,C,"Solution: Concept: The Seventh Schedule of the Indian Constitution divides legislative subjects into three lists: Union, State, and Concurrent. Explanation: Statement A: Taxes on agricultural income fall under Entry 46 of the State List. So it is correct. Statement B: Price control is listed under Entry 34 of the Concurrent List. So it is correct. Statement C: Insurance is mentioned under Entries 43 and 47 of the Union List. Therefore, the claim that ""Insurance does not come under the Union List"" is false. This makes statement C incorrect. Statement D: ""Forests"" is included in Entry 17A of the Concurrent List. So it is correct. Answer: Option C is not correct. © examsnet.com"
CDS-2021-II-GK-074,2021,GK,Polity,Indian Constitution & Governance,Polity | Constitution of India | Governance | Constitutional Bodies,easy,Which one of the following statements is not correct about the nature of India’s federal system ?,There is no equality of representation of States in the Council of States.,Sikkim was not initially included in the Union as a full-fledged State.,Special provisions have been laid down in the Constitution of India for only Andhra Pradesh under Article 371 D.,The Constitution of India enables the federal government to acquire the strength of a unitary system during emergencies.,C,"Solution: Concept: The incorrect statement is about Article 371-D, which was originally for Andhra Pradesh but now applies to both Andhra Pradesh and Telangana. Explanation: • Option A is correct because the Rajya Sabha (Council of States) does not give equal representation to all states – seats are allocated based on population and other criteria under Article 80 and the Fourth Schedule. • Option B is correct: Sikkim became a full state of the Indian Union only through the 36th Amendment Act, 1975. Initially, it was not included as a full-fledged state. • Option C is not correct. Article 371-D, originally added by the 32nd Amendment Act, 1973, was meant for Andhra Pradesh. However, after the Andhra Pradesh Reorganisation Act, 2014, the provisions now cover both Andhra Pradesh and Telangana. Therefore, the statement that it is ""only for Andhra Pradesh"" is false. • Option D is correct: During emergencies (Article 352, 356, 360), the Indian Constitution allows the federal government to assume unitary powers, over-riding the normal federal balance. Answer: The statement that is not correct is Option C. © examsnet.com"
CDS-2021-II-GK-075,2021,GK,Modern History,Indian National Movement,Modern History | Freedom Struggle | British Colonial Rule,hard,The Constitution of India guarantees freedom of speech and expression. But the freedom is subject to certain reasonable restrictions imposed by the State. These restrictions may relate to which of the following ? 1. Defamation 2. Decency or morality 3. Incitement to an offence Select the correct answer using the code given below :,1 only,2 and 3 only,1 and 3 only,"1, 2 and 3",D,"Solution: Concept: Article 19(1)(a) guarantees freedom of speech, but Article 19(2) allows the State to impose reasonable restrictions on specific grounds. Explanation: The grounds listed under Article 19(2) include: • Security of the State • Friendly relations with foreign states • Public order • Decency or morality • Contempt of court • Defamation • Incitement to an offence • Sovereignty and integrity of India All three items given in the question — defamation, decency or morality, and incitement to an offence — are explicitly mentioned in Article 19(2). Therefore, the restrictions can apply to all three. Answer: D. 1, 2 and 3 © examsnet.com"
CDS-2021-II-GK-076,2021,GK,Polity,Indian Constitution & Governance,Polity | Constitution of India | Governance | Constitutional Bodies,easy,Which one of the following amendments in the Constitution of India made a Proclamation of Emergency immune from judicial review ?,3 8 t h A m e n d m e n t 38^{th} Amendment 3 8 t h A m e n d m e n t,4 0 t h A m e n d m e n t 40^{th} Amendment 4 0 t h A m e n d m e n t,4 2 n d A m e n d m e n t 42^{nd} Amendment 4 2 n d A m e n d m e n t,4 4 t h A m e n d m e n t 44^{th} Amendment 4 4 t h A m e n d m e n t,A,"Solution: Concept: The 3 8 t h 38^{th} 3 8 t h Amendment Act of 1975 made the Proclamation of Emergency immune from judicial review by inserting a clause that barred courts from questioning its validity. Explanation: The 3 8 t h 38^{th} 3 8 t h Amendment added a provision to Article 352 of the Constitution, declaring the President's satisfaction regarding an emergency as final and conclusive. This effectively removed any scope for judicial review of such a proclamation. The amendment also made ordinances issued by the President, Governors, and Union Territory administrators non-justiciable. However, the 4 4 t h 44^{th} 4 4 t h Amendment Act of 1978 repealed this immunity, restoring the power of the judiciary to review emergency declarations. Answer: The 3 8 t h 38^{th} 3 8 t h Amendment. © examsnet.com"
CDS-2021-II-GK-077,2021,GK,Modern History,Indian National Movement,Modern History | Freedom Struggle | British Colonial Rule,easy,Which one of the following British officials was elevated to the position of Governor General after the Regulating Act of 1773 ?,Warren Hastings,Lord North,Mountstuart Elphinstone,Philip Francis,A,"Solution: Concept: The Regulating Act of 1773 created the post of Governor‑General of Bengal, and the first to hold this office was Warren Hastings. Explanation: The Regulating Act of 1773 was passed by the British Parliament to bring the East India Company’s affairs under government control. It transformed the position of Governor of Bengal into the “Governor‑General of Bengal”. Warren Hastings, who was already the Governor of Bengal, became the first Governor‑General under this Act. The Act also provided for a four‑member council to assist the Governor‑General. The Governors of Bombay and Madras were made subordinate to the Governor‑General of Bengal. A Supreme Court was established in Calcutta (now Kolkata) with a Chief Justice and three judges. This Act marked a significant step in centralising British administration in India. The other options—Lord North, Mountstuart Elphinstone, and Philip Francis—were not elevated to the Governor‑General post by the 1773 Act. Answer: Warren Hastings © examsnet.com"
CDS-2021-II-GK-078,2021,GK,Science & Tech,General Science & Emerging Technologies,Science & Tech | General Science | Applied Science | Physics | Chemistry | Biology,easy,Which of the following ideas was preached by the Kherwar or Sapha Har movement of the 1870s ?,Acceptance of the Hindu pantheonic order,Monotheism and internal social reform,Philosophy of Yoga and Mimansa,Polytheism,B,"Solution: Concept: The Kherwar or Sapha Har movement was a Santhal tribal reform movement that preached monotheism and internal social reform. Explanation: This movement began in 1868 among the Santhal community. It was initiated by Bhagrit Manjhi. The movement popularised the concept of a single God (monotheism). It also aimed at bringing social reforms within the community. Hence, the ideas preached were monotheism and internal social reform. Answer: Option B: Monotheism and internal social reform. © examsnet.com"
CDS-2021-II-GK-079,2021,GK,General Knowledge,General Knowledge,General Knowledge | UPSC CDS | Prelims,easy,In which one of the following years was the Poona Sarvajanik Sabha established ?,1884,1876,1869,1870,D,"Solution: Concept: The Poona Sarvajanik Sabha was a socio-political organization formed to mediate between the British government and the people of India. Explanation: The organization was established on April 2, 1870 1870 1870 . It was founded by Mahadev Govind Ranade to represent the people's aspirations. Ganesh Vasudeo Joshi was a prominent leader of the Sabha. It began as an elected body of 95 95 95 members chosen by 6000 6000 6000 persons. The first President was Shrimant Shrinivasrao Pant Pratinidhi. Many eminent leaders, such as Bal Gangadhar Tilak and Gopal Hari Deshmukh, later served as Presidents. The Sabha served as a precursor to the Indian National Congress. Thus, the correct year of establishment is 1870 1870 1870 . Answer: 1870 1870 1870 (Option D) © examsnet.com"
CDS-2021-II-GK-080,2021,GK,Ancient History,Ancient Indian History,Ancient History | Indian History | Archaeological Sources,easy,"Which one of the following was an important Pandya port, celebrated for its pearls in Sangam poems and Greek accounts ?",Muchiri,Korkai,Puhar,Arikamedu,B,"Solution: Concept: The Pandya kingdom had a famous port known for pearl trade, mentioned in Sangam literature and Greek writings. Explanation: The Pandyas ruled from Madurai and their main port was Korkai. Korkai is located near the confluence of the Thamiraparani River with the Bay of Bengal. It was celebrated for pearl fishery and chank diving, making it a major centre of pearl trade. Sangam poems and Greek accounts (like those from the Periplus of the Erythraean Sea) mention Korkai’s pearls. Among the options, Muchiri (Muziris) was a Chera port, Puhar was a Chola port, and Arikamedu was a Roman trade settlement near Pondicherry, not a Pandya port. Therefore, only Korkai is the correct Pandya port associated with pearls. Answer: B. Korkai © examsnet.com"
CDS-2021-II-GK-081,2021,GK,Medieval History,Medieval Indian History,Medieval History | Delhi Sultanate | Mughal Empire | Administration,easy,"The town of Chisht, from which the Sufi Chishti Silsila derives its name, is located in",Western Turkey,Central Afghanistan,Eastern Iran,Eastern Iraq,B,"Solution: Concept: The Chishti order of Sufism is named after the town of Chisht, which is located in present-day Afghanistan. Explanation: The Chishti order was founded by Khwaja Abu Ishaq Shami Chishti. The name ""Chishti"" comes from the town of Chisht in Afghanistan. Chisht is situated about 30 miles from the city of Herat. Thus, the town is in Central Afghanistan, not in Turkey, Iran, or Iraq. Answer: Central Afghanistan © examsnet.com"
CDS-2021-II-GK-082,2021,GK,General Knowledge,General Knowledge,General Knowledge | UPSC CDS | Prelims,easy,The rules for congregational worship (Sangat) involving collective recitation were organized by,Guru Nanak,Guru Angad,Guru Arjan,Guru Govind Singh,A,"Solution: Concept: The institution of Sangat (congregational worship) with collective recitation of hymns was established by the first Sikh Guru. Explanation: Guru Nanak Dev (1469–1539), the founder of Sikhism, emphasized devotion to the Almighty through singing of shabads (hymns) in various ragas, accompanied by Mardana on the rabab . He formalized the practice of Sangat , where followers gathered for collective recitation of verses, thus organizing rules for congregational worship. His successor, Guru Angad, continued this tradition but did not originate it. Later, Guru Arjan compiled the hymns of Guru Nanak and other saints in the Adi Granth, and Guru Gobind Singh finalized the Guru Granth Sahib. Therefore, the credit for organizing the rules of Sangat goes to Guru Nanak. Answer: Guru Nanak © examsnet.com"
CDS-2021-II-GK-083,2021,GK,Geography,Physical and Indian Geography,Geography | Physical Geography | Indian Geography | Geomorphology,easy,Who amongst the following will be at more risk with respect to the earthquake hazard zone specified by the Geological Survey of India ?,Shahji at Secunderabad,Ranbir at Indore,Malti at Pithoragarh,Maitri at Bhubaneswar,C,"Solution: Concept: The Geological Survey of India maps earthquake hazard zones, with Zone V being the most severe and Zone II the least. Explanation: Among the given places, Pithoragarh (Uttarakhand) lies in seismic Zone V — the highest risk zone. Secunderabad is in Zone II (low intensity). Indore is in Zone III (moderate). Bhubaneswar is in Zone III (moderate). Therefore, Malti at Pithoragarh faces the greatest earthquake hazard. Answer: Malti at Pithoragarh (Option C) is at more risk. © examsnet.com"
CDS-2021-II-GK-084,2021,GK,Modern History,Indian National Movement,Modern History | Freedom Struggle | British Colonial Rule,easy,The Government wants to prepare a plan for drought prone areas of the country. Which one of the following regions will be predominantly focused ?,Coastal Andhra Pradesh,Ganga plains,North-eastern region,Kutch region,D,"Solution: Concept: Drought-prone areas are regions with low and highly erratic rainfall (usually below 60 60 60 cm annually) and a high probability of drought events. Explanation: The Indian government identifies drought-prone zones based on rainfall and drought probability. Areas with annual rainfall up to 60 60 60 cm and a drought probability greater than 20 % 20\% 20% are considered drought-prone. Chronic drought-prone areas have a probability greater than 40 % 40\% 40% . Most drought-prone regions lie in the arid and semi-arid tracts of India. One such extreme drought zone is the Kutch region in Gujarat, which receives very low rainfall (often below 400 400 400 mm) and falls under the most vulnerable category. In contrast, Coastal Andhra Pradesh, the Ganga plains, and the North-eastern region receive higher or more dependable rainfall and are not predominantly drought-prone. Therefore, if the government prepares a plan for drought-prone areas, the Kutch region will be the primary focus. Answer: Kutch region (Option D). © examsnet.com"
CDS-2021-II-GK-085,2021,GK,General Knowledge,General Knowledge,General Knowledge | UPSC CDS | Prelims,easy,Four persons are travelling to different States of India. To whom will you advise to protect oneself from blizzards ?,The person travelling to Arunachal Pradesh,The person travelling to Assam,The person travelling to Tripura,The person travelling to Odisha,A,"Solution: Concept: A blizzard is a severe snowstorm with strong winds and low visibility, commonly occurring in high-altitude cold regions. Explanation: Blizzards require heavy snowfall and freezing temperatures. Among the given states, only Arunachal Pradesh has high-altitude mountainous terrain, with its highest peak at 7060 7060 7060 metres. Such high altitude makes it prone to heavy snowfall and blizzard conditions. Assam, Tripura, and Odisha are largely low-lying, with tropical or subtropical climates. Their highest points are only 1960 1960 1960 m, 930 930 930 m, and 1672 1672 1672 m respectively. These elevations are not sufficient to sustain the extreme cold and snowfall needed for blizzards. Therefore, a person travelling to Arunachal Pradesh should take precautions against blizzards. Answer: The person travelling to Arunachal Pradesh. © examsnet.com"
CDS-2021-II-GK-086,2021,GK,General Knowledge,General Knowledge,General Knowledge | UPSC CDS | Prelims,easy,Which one of the following States is not prominent for plantation agriculture ?,Rajasthan,Assam,Nagaland,Kerala,A,"Solution: Concept: Plantation agriculture is large-scale commercial farming focusing on a single crop like tea, coffee, or rubber, requiring tropical climate and capital-intensive inputs. Explanation: Assam, Nagaland, and Kerala have suitable tropical conditions and are known for plantation crops such as tea, coffee, and rubber. Rajasthan has an arid to semi-arid climate unsuitable for plantation agriculture. Therefore, Rajasthan is not prominent for plantation agriculture. Answer: Rajasthan (Option A) © examsnet.com"
CDS-2021-II-GK-087,2021,GK,Modern History,Indian National Movement,Modern History | Freedom Struggle | British Colonial Rule,easy,The distance between which two cities has been reduced by the Atal Tunnel ?,Bagdogra to Gangtok,Jammu to Srinagar,Manali to Leh,Itanagar to Tawang,C,"Solution: Concept: The Atal Tunnel is a strategic all-weather road tunnel in the Himalayas that shortens the travel distance and time between two major towns in Himachal Pradesh and Ladakh. Explanation: This 9.02 km long tunnel is built in the Pir Panjal Range at an altitude of about 3,000 metres above mean sea level. It connects the town of Manali to the Lahaul-Spiti valley, which was earlier cut off for six months every year due to heavy snowfall on the Rohtang Pass. The all-weather tunnel reduces the road distance between Manali and Leh by 46 km. It also cuts travel time by four to five hours, providing a year-round route to the Leh region. Thus, the two cities whose distance is reduced are Manali and Leh. Answer: Manali to Leh. © examsnet.com"
CDS-2021-II-GK-088,2021,GK,Environment & Ecology,"Ecology, Biodiversity & Climate Change",Environment & Ecology | Biodiversity | Conservation | Climate Change,easy,"Which one of the following biosphere reserves comprises islands with estuaries, beaches, coral reefs, salt marshes and mangroves ?",Sunderban biosphere reserve,Gulf of Mannar biosphere reserve,Nilgiri biosphere reserve,Nandadevi biosphere reserve,B,"Solution: Concept: The Gulf of Mannar Biosphere Reserve is a coastal and marine ecosystem that includes numerous islands with diverse habitats like estuaries, beaches, coral reefs, salt marshes, and mangroves. Explanation: The Gulf of Mannar Biosphere Reserve lies on the southeast coast of India, opposite Sri Lanka. It covers an area of 1,050,000 hectares. This reserve comprises 21 islands along with estuaries, beaches, nearshore forests, algal communities, seagrasses, coral reefs, salt marshes, and mangroves. Other reserves listed—Sunderban, Nilgiri, and Nandadevi—do not include all these features, especially coral reefs and islands with beaches. Hence, the Gulf of Mannar is the correct option. Answer: The correct answer is the Gulf of Mannar biosphere reserve (Option B). © examsnet.com"
CDS-2021-II-GK-089,2021,GK,Polity,Indian Constitution & Governance,Polity | Constitution of India | Governance | Constitutional Bodies,easy,Which one of the following is not a correct statement with reference to the Constitution of India ?,The Constitution (Eighty-Fifth) Amendment Act has inserted the ‘Right to Education’ under Article 21A.,Article 22 talks about preventive detention.,Right to Constitutional Remedies is in Part-III of the Constitution.,Writ jurisdiction of High Courts is wider than the Supreme Court of India.,A,"Solution: Concept: The question asks which statement about the Indian Constitution is false; the error lies in the amendment number for the Right to Education. Explanation: • Option A: The Constitution (Eighty-Fifth) Amendment Act did not insert the Right to Education under Article 21A. Actually, the Eighty-Sixth Amendment Act of 2002 made elementary education a fundamental right under Article 21A. The Eighty-Fifth Amendment (2001) deals with consequential seniority for SC/ST promotions. • Option B: Article 22 of the Constitution provides safeguards against preventive detention. This is correct. • Option C: Right to Constitutional Remedies is enshrined in Article 32, which is part of Part-III (Fundamental Rights). This is correct. • Option D: High Courts under Article 226 can issue writs for enforcement of fundamental rights as well as for any other purpose (ordinary legal right). The Supreme Court under Article 32 can issue writs only for fundamental rights. Hence the writ jurisdiction of High Courts is wider. This is correct. Thus, only statement A is incorrect. Answer: Option A is the incorrect statement. © examsnet.com"
CDS-2021-II-GK-090,2021,GK,Modern History,Indian National Movement,Modern History | Freedom Struggle | British Colonial Rule,easy,Which one of the following statements about the Cripps Mission is not correct?,It was sent to India by the British Government in March 1942,It proposed ‘that the Constitution of India was to be framed by an elected Constituent Assembly of the Indian people.,Any province which was not prepared to accept the Constitution would be free to retain its constitutional provisions existing at that time.,The British Government could enter into a separate constitutional arrangement with any of the acceding provinces.,D,"Solution: Concept: The Cripps Mission (1942) offered Indian dominion status and a post-war constituent assembly, but with controversial provisions allowing provinces to opt out. Explanation: Option A is correct: The Cripps Mission arrived in March 1942 to seek Indian support for World War II. Option B is correct: It proposed an elected Constituent Assembly (partly elected by provincial assemblies, partly nominated by princes). Option C is correct: Any province unwilling to accept the new Constitution could form a separate Union or retain its existing constitutional provisions. Option D is incorrect: The British government did not propose to enter into separate constitutional arrangements with provinces that acceded to the Union. Instead, a treaty was to be negotiated between the new constitution-making body and the British government to transfer power and protect minorities. Thus, the false statement is the one suggesting the British could make separate deals with acceding provinces. Answer: Option D is not correct. © examsnet.com"
CDS-2021-II-GK-091,2021,GK,Polity,Indian Constitution & Governance,Polity | Constitution of India | Governance | Constitutional Bodies,hard,Which of the following statements regarding constitutional amendment is/are correct ? 1. The procedure for amendment to the Constitution is provided in Article 368. 2. A Bill to amend the Constitution can be introduced in either House of the Parliament. 3. The special procedure in Article 368 vests constituent powers upon the ordinary legislation. Select the correct answer using the code given below :,1 only,"1, 2 and 3",2 and 3 only,1 and 2 only,B,"Solution: Concept: Article 368 of the Constitution of India lays down the procedure for amending the Constitution. Explanation: Statement 1 is correct because the procedure for constitutional amendment is indeed provided in Article 368 of Part XX of the Constitution. Statement 2 is correct because a bill to amend the Constitution can be introduced in either House of Parliament, and it does not require the President’s prior permission. It can be introduced by a minister or a private member. Statement 3 is correct because Article 368 grants constituent power to the Parliament, which is different from ordinary legislative power. This special procedure allows Parliament to add, vary, or repeal any provision of the Constitution, but it is not the same as ordinary legislation. Since all three statements are accurate, the correct answer is the option that includes all three. Answer: B. 1, 2 and 3 © examsnet.com"
CDS-2021-II-GK-092,2021,GK,Polity,Indian Constitution & Governance,Polity | Constitution of India | Governance | Constitutional Bodies,easy,Which one of the following is not a circumstance for proclamation of Emergency by the President of India under Article 352 of the Constitution of India ?,War,External aggression,Internal disturbance,Armed rebellion,C,"Solution: Concept: The President can declare a National Emergency under Article 352 only on grounds of war, external aggression, or armed rebellion. Explanation: The security of India or any part of it must be threatened by one of the three allowed grounds. These grounds are war, external aggression, and armed rebellion. Before the 44th Amendment Act in 1978, the ground was ""internal disturbance"". The 44th Amendment replaced ""internal disturbance"" with ""armed rebellion"". Therefore, ""internal disturbance"" is no longer a valid circumstance for an Emergency proclamation. Among the options, only ""internal disturbance"" is not a listed ground under Article 352. Answer: Internal disturbance © examsnet.com"
CDS-2021-II-GK-093,2021,GK,Medieval History,Medieval Indian History,Medieval History | Delhi Sultanate | Mughal Empire | Administration,easy,"Akbar issued a Farman in 1598 permitting in the city of Cambay (Khambat), Gujarat, the construction of a",Temple,Church,Synagogue,Jain Upashraya,B,"Solution: Concept: Akbar's policy of religious tolerance allowed Christian missionaries to build a church in Cambay (Khambat), Gujarat, in 1598. Explanation: The Jesuits (Padris) of the Holy Society of Jesus requested permission to build a house of prayer (church) in Kambayat (Khambat). Akbar issued a Farman (imperial mandate) to his officials, ordering them not to obstruct the Jesuits. He directed that the city dignitaries allow them to construct a church for their worship. This reflects Akbar's broad-minded approach, extending protection (zimmi status) to non-Muslim communities, including Christians. Thus, the Farman specifically permitted the construction of a church, not a temple, synagogue, or Jain shrine. Answer: Church © examsnet.com"
CDS-2021-II-GK-094,2021,GK,Medieval History,Medieval Indian History,Medieval History | Delhi Sultanate | Mughal Empire | Administration,easy,"Domingo Paes, the medieval traveller, has described the city of",Madurai,Vijayanagara,Arikamedu,Gingee,B,"Solution: Concept: Domingo Paes was a Portuguese traveller who visited and recorded his detailed observations of the Vijayanagara Empire. Explanation: Domingo Paes arrived at the Vijayanagara Empire around 1520 CE, during the reign of King Krishna Deva Raya. He wrote an account titled “Chronicle of the Vijayanagar kings” (Chronica dos Reis de Bisnaga). He was highly impressed by the city's advanced irrigation systems, which enabled abundant crop production at low prices. He noted that markets were filled with precious stones and the city flourished with aqueducts and artificial lakes. Because of its prosperity, grand scale, and infrastructure, he compared medieval Vijayanagara to the city of Rome. Answer: B. Vijayanagara © examsnet.com"
CDS-2021-II-GK-095,2021,GK,Geography,Physical and Indian Geography,Geography | Physical Geography | Indian Geography | Geomorphology,easy,The extent of damage caused by earthquake is not influenced by which one of the following ?,Strength of earthquake,Population density,Type of building,Climate of the area,D,"Solution: Concept: The extent of earthquake damage depends on factors that affect the ground shaking and human vulnerability, but not on climatic conditions. Explanation: The strength (magnitude) of an earthquake directly determines the energy released and shaking intensity. Population density influences the number of people and structures exposed to shaking, thus affecting casualties and damage. The type of building (design, materials, construction quality) determines its ability to withstand seismic forces without collapse. The climate of the area (temperature, rainfall, humidity) does not alter the physical shaking or structural response to an earthquake. Thus, climate is irrelevant to the immediate damage caused by seismic waves. Answer: Option D: Climate of the area. © examsnet.com"
CDS-2021-II-GK-096,2021,GK,General Knowledge,General Knowledge,General Knowledge | UPSC CDS | Prelims,easy,An avalanche is a type of which one of the following disasters ?,Atmospheric,Terrestrial,Aquatic,Biological,B,"Solution: Concept: Avalanches are rapid downslope movements of snow, ice, and debris on land. Explanation: Natural disasters are broadly categorized into four types. Terrestrial disasters include events occurring on land, such as earthquakes, volcanic eruptions, landslides, and avalanches. Biological disasters involve fungal, bacterial, or viral diseases like bird flu and dengue. Aquatic disasters include floods, tidal waves, storm surges, and tsunamis. Atmospheric disasters include blizzards, thunderstorms, lightning, tropical cyclones, tornadoes, droughts, hailstorms, frost, heatwaves, and cold waves. An avalanche involves a large mass of snow, ice, and associated debris (rocks, vegetation) sliding rapidly down a slope. Small avalanches (sluffs) occur frequently, while large avalanches, though rare, cause significant damage. Thus, an avalanche is a land-based mass movement event, placing it under terrestrial disasters. Answer: Terrestrial © examsnet.com"
CDS-2021-II-GK-097,2021,GK,Science & Tech,General Science & Emerging Technologies,Science & Tech | General Science | Applied Science | Physics | Chemistry | Biology,easy,An infection constantly maintained at a baseline level in a geographic area without external input is known as,Endemic,Pandemic,Epidemic,Outbreak,A,"Solution: Concept: An infection that is constantly present at a stable, baseline level in a specific geographic area without needing external reintroduction is called endemic. Explanation: In epidemiology, the term ""endemic"" refers to the constant presence of a disease or infection within a given population or geographic area. The key feature is that the infection maintains a steady, predictable baseline level without requiring new cases to be imported from outside. Other terms describe different patterns: Pandemic refers to an epidemic that has spread over multiple continents or worldwide. Epidemic describes a sudden increase in the number of cases of a disease above what is normally expected in that area. Outbreak is similar to an epidemic but is usually used for a more limited geographic area. Therefore, the description matches only the term ""endemic"". Answer: A. Endemic © examsnet.com"
CDS-2021-II-GK-098,2021,GK,Geography,Physical and Indian Geography,Geography | Physical Geography | Indian Geography | Geomorphology,easy,Streams and rivers coming from the mountains deposit heavy materials of rocks and boulders in,Khadar,Bhangar,Bhabar,Terai,C,"Solution: Concept: Bhabar is a narrow belt along the Shiwalik foothills where rivers deposit heavy boulders and rocks due to a sudden drop in slope. Explanation: The northern plains are divided into four alluvial zones: Bhabar, Terai, Bhangar, and Khadar. Bhabar is a belt about 8–10 km wide, running parallel to the Shiwalik foothills. When streams and rivers leave the mountains, the slope breaks abruptly. This causes them to deposit heavy materials like rocks and boulders in the Bhabar zone. At times, rivers even disappear here, only to re‑emerge further south in the Terai region. Bhabar is not suitable for agriculture; only large trees with deep roots can survive. The heavy boulders found here are valuable as construction materials. Bhangar and Khadar are the older and newer alluvial deposits found further south, mainly used for fertile farming. Thus, the zone where heavy rock and boulder deposition occurs is Bhabar. Answer: Bhabar (Option C). © examsnet.com"
CDS-2021-II-GK-099,2021,GK,Modern History,Indian National Movement,Modern History | Freedom Struggle | British Colonial Rule,hard,"Which of the following statements regarding the electoral rolls is/are correct ? 1. There is one general electoral roll for every territorial constituency. 2. No person is ineligible for inclusion in the electoral roll on grounds of religion, race, caste, sex, or any of them. 3. A citizen of India, not less than 18 years of age, can cast his/her vote unless disqualified under a law of an appropriate legislature. Select the correct answer using the code given below :",1 only,"1, 2and 3",2 and 3 only,1 and 2 only,B,"Solution: Concept: The electoral roll rules are based on Article 325 325 325 of the Constitution and the Representation of the People Act. Explanation: Statement 1 1 1 : Article 325 325 325 mandates one general electoral roll for every territorial constituency for elections to Parliament or State Legislatures. Statement 2 2 2 : No person can be excluded from the electoral roll solely on grounds of religion, race, caste, sex, or any of them. Statement 3 3 3 : Every citizen of India who is 18 18 18 years of age or older on the qualifying date is eligible to vote, unless disqualified by a competent law. All three statements are correct as per constitutional provisions and election laws. Answer: Option B: 1 1 1 , 2 2 2 and 3 3 3 © examsnet.com"
CDS-2021-II-GK-100,2021,GK,General Knowledge,General Knowledge,General Knowledge | UPSC CDS | Prelims,easy,Which one of the following statements is not correct about ‘Totalitarianism’ ?,It is not akin to autocracy and authoritarianism.,"It usurps political freedom of the individuals, but it doesn’t usurp personal freedoms.",It implies abolition of civil society,It is usually identified with a one-party state.,B,"Solution: Concept: Totalitarianism is an extreme form of autocracy where the state holds absolute power over nearly every aspect of public and private life. Explanation: Totalitarianism is closely linked to autocracy and authoritarianism, not separate from them. So statement A is incorrect. Totalitarianism does not only take away political freedom; it also suppresses personal freedoms, including thought, speech, and privacy. Thus statement B is false. Totalitarianism dissolves all independent civil society organizations, making statement C correct. Totalitarian systems are typically run by a single ruling party with no legal opposition, so statement D is correct. Therefore, the statement that is NOT correct is the one claiming totalitarianism spares personal freedoms. Answer: It usurps political freedom of the individuals, but it doesn’t usurp personal freedoms. © examsnet.com"
CDS-2021-II-GK-101,2021,GK,General Knowledge,General Knowledge,General Knowledge | UPSC CDS | Prelims,easy,Who among the following was chosen for the Kuvempu Award 2020 ?,Dr. Rajendra Kishore Panda,Amitav Ghosh,Vikram Seth,Chetan Bhagat,A,"Solution: Concept: The Kuvempu Award is a national honour named after the Kannada poet Kuvempu, given annually to writers of any Indian language recognised by the Constitution. Explanation: The Kuvempu Rashtriya Puraskar (Kuvempu Award) for 2020 was awarded to Dr. Rajendra Kishore Panda. He is an Odia poet and novelist, born in 1944. Dr. Panda has published 16 poetry collections and one novel. He earlier received the Sahitya Akademi Award in 1985 and the Gangadhar National Award in 2010. The award includes a cash prize of ₹5 lakh, a silver medal, and a citation. Kuvempu (original name Kuppali Venkatappa Puttappa) was a legendary Kannada poet and the first Kannada writer to win the Jnanpith Award for his epic ""Sri Ramayana Darshanam"". Answer: Dr. Rajendra Kishore Panda (Option A) © examsnet.com"
CDS-2021-II-GK-102,2021,GK,General Knowledge,General Knowledge,General Knowledge | UPSC CDS | Prelims,medium,Avani Lekhara became the first Indian woman to win two Paralympics medals at the Tokyo Paralympics 2020. Which one of the following was her discipline ?,Badminton,Shooting,Table Tennis,Archery,B,Solution: Concept: Avani Lekhara is an Indian para-shooter who won two medals in shooting events at the Tokyo Paralympics 2020. Explanation: Avani Lekhara won a gold medal in the women's 10 10 10 m air rifle standing SH1 event. She also won a bronze medal in the women's 50 50 50 m rifle 3 3 3 positions SH1 event. Both events are under the discipline of shooting. She became the first Indian woman to win two medals at a single Paralympics. Answer: Shooting (Option B). © examsnet.com
CDS-2021-II-GK-103,2021,GK,Science & Tech,General Science & Emerging Technologies,Science & Tech | General Science | Applied Science | Physics | Chemistry | Biology,easy,Bagram Air Base is located in,Turkey,Pakistan,Afghanistan,Israel,C,"Solution: Concept: Bagram Air Base is a major military airfield located in Afghanistan. Explanation: This airbase is situated next to the ancient city of Bagram in Parwan Province. It lies about 11 km southeast of Charikar and roughly 60 km north of Kabul. Originally built by the Soviets in the 1950s, it became the largest US military base in Afghanistan after 2001. The base played a central role in the US-led war on terror following the 9/11 attacks. Its strategic location at the junction of the Ghorband and Panjshir valleys made it vital for military operations. Bagram Air Base was a hub for coalition forces for nearly two decades before the US withdrawal in 2021. Answer: Afghanistan. © examsnet.com"
CDS-2021-II-GK-104,2021,GK,Ancient History,Ancient Indian History,Ancient History | Indian History | Archaeological Sources,easy,The Panchmuli Lake is situated near,Statue of Equality,Thiruvalluvar Statue,Dhyan Buddha Statue,Statue of Unity,D,"Solution: Concept: Panchmuli Lake is a tourist attraction developed near the Statue of Unity in Gujarat. Explanation: The lake, also called Dyke-3 of the Sardar Sarovar Dam, is located in Kevadia, Narmada district. It was created to offer eco-tourism activities like boat rides. The area is rich in flora and fauna and surrounded by lush forests. In 2019, the Gujarat State Forest Development Corporation started boat rides here. Previously, rescued crocodiles from the Sardar Sarovar reservoir were released into this lake. The 182 182 182 -metre tall Statue of Unity of Sardar Vallabhbhai Patel stands nearby. Thus, Panchmuli Lake is situated near the Statue of Unity, not the other statues listed. Answer: D. Statue of Unity © examsnet.com"
CDS-2021-II-GK-105,2021,GK,Modern History,Indian National Movement,Modern History | Freedom Struggle | British Colonial Rule,easy,"Pinaka, developed in India, is a",battle tank,multi-barrel rocket launcher,anti-tank guided missile,armoured utility vehicle,B,"Solution: Concept: Pinaka is a multi-barrel rocket launcher system developed by DRDO for the Indian Army. Explanation: The Pinaka system is a multiple rocket launcher designed to fire a salvo of rockets rapidly. It was used successfully during the Kargil War and has a range of up to 40 40 40 km (Mark-I) or 60 60 60 km (Mark-I enhanced). The system can launch 12 12 12 high-explosive rockets in 44 44 44 seconds and is mounted on a Tatra truck. It is not a tank, missile, or utility vehicle—it is specifically a multi-barrel rocket launcher. Answer: Multi-barrel rocket launcher (Option B). © examsnet.com"
CDS-2021-II-GK-106,2021,GK,Modern History,Indian National Movement,Modern History | Freedom Struggle | British Colonial Rule,easy,What is itat e-dwar ?,An Urdu magazine published from Lucknow,An e-filing portal of Income Tax Appellate Tribunal,A religious monument,Name of a UNESCO world heritage site,B,"Solution: Concept: ITAT e-Dwar is an online portal for electronic filing related to the Income Tax Appellate Tribunal. Explanation: ITAT e-Dwar is an e-filing portal of the Income Tax Appellate Tribunal. It allows parties to file appeals, applications, and documents online. This system reduces paper use, saves costs, and helps in faster case disposal. It aims to bridge the digital divide and promote digital inclusion. Answer: The correct answer is: An e-filing portal of Income Tax Appellate Tribunal (Option B). © examsnet.com"
CDS-2021-II-GK-107,2021,GK,Science & Tech,General Science & Emerging Technologies,Science & Tech | General Science | Applied Science | Physics | Chemistry | Biology,easy,What is the range capability of Agni-P Ballistic Missile ?,"1 , 000 − 2 , 000 k m 1,000 - 2,000 km 1 , 000 − 2 , 000 km","2 , 000 − 3 , 000 k m 2,000 - 3,000 km 2 , 000 − 3 , 000 km","3 , 000 − 4 , 000 k m 3,000 - 4,000 km 3 , 000 − 4 , 000 km","4 , 000 − 5 , 000 k m 4,000 - 5,000 km 4 , 000 − 5 , 000 km",A,"Solution: Concept: Agni-P (Prime) is a new generation canisterised ballistic missile developed by DRDO. Explanation: Agni-P stands for Agni Prime and is part of the Agni class of missiles under the IGMDP. Its key feature is canisterisation, which improves storage, mobility, and reduces launch time. The specific range capability of the Agni-P ballistic missile is between 1 , 000 1,000 1 , 000 km and 2 , 000 2,000 2 , 000 km. This directly corresponds to Option A in the given choices. It incorporates advanced technologies like composite materials, modern propulsion, and innovative guidance systems. These upgrades give it better manoeuvring and accuracy compared to older Agni variants. For context, Agni-I has a range of 700 − 800 700-800 700 − 800 km, while Agni-V is an ICBM with a range over 5 , 000 5,000 5 , 000 km. Thus, the Agni-P fills a critical short-to-medium range niche in India's credible deterrence strategy. Answer: 1 , 000 − 2 , 000 1,000 - 2,000 1 , 000 − 2 , 000 km (Option A). © examsnet.com"
CDS-2021-II-GK-108,2021,GK,General Knowledge,General Knowledge,General Knowledge | UPSC CDS | Prelims,easy,Which one of the following Indian States has recently declared itself as the first rabies-free State ?,Punjab,Himachal Pradesh,Tamil Nadu,Goa,D,"Solution: Concept: Goa has become the first rabies-free state in India. Explanation: The state of Goa achieved this status by reporting no rabies cases in the last three years. It conducted over 5.4 lakh dog vaccinations against rabies. The state educated nearly one lakh people on dog bite prevention. A 24-hour rabies surveillance system was set up, including an emergency hotline and rapid response teams. These efforts were supported by the Mission Rabies project, a charity funded by central government grants. Mission Rabies is a UK-based charity that follows the 'One Health approach' to eliminate rabies transmitted by dog bites. It has vaccinated over 9.68 lakh dogs across multiple states since 2013. Goa's comprehensive program made it the first Indian state to be declared rabies-free. Answer: Goa. © examsnet.com"
CDS-2021-II-GK-109,2021,GK,Modern History,Indian National Movement,Modern History | Freedom Struggle | British Colonial Rule,easy,Department of Public Enterprises is a part of,Ministry of Finance,Ministry of Heavy Industries,PMO,Ministry of Commerce and Industry,A,"Solution: Concept: The Department of Public Enterprises (DPE) is the nodal department for Central Public Sector Enterprises (CPSEs) and is currently under which ministry. Explanation: Originally, the Bureau of Public Enterprises (BPE) was set up in 1965 under the Ministry of Finance. In September 1985, BPE was moved to the Ministry of Industry during a reorganization. In May 1990, BPE was upgraded to a full-fledged department, renamed the Department of Public Enterprises (DPE). Later, DPE was brought back under the Ministry of Finance, where it functions today. DPE formulates policy guidelines on performance, autonomy, financial delegation, and personnel management for CPSEs. It also collects and maintains the Public Enterprises Survey and coordinates with other ministries and organizations. Answer: Ministry of Finance (Option A). © examsnet.com"
CDS-2021-II-GK-110,2021,GK,General Knowledge,General Knowledge,General Knowledge | UPSC CDS | Prelims,hard,Chronologically arrange the following Indian-origin astronauts on the basis of their flying into space starting with the first : 1. Sunita Williams 2. Rakesh Sharma 3. Sirisha Bandla 4. Kalpana Chawla Select the correct answer using the code given below :,4 − 3 − 2 − 1 4 - 3 - 2 - 1 4 − 3 − 2 − 1,2 − 4 − 1 − 3 2 - 4 - 1 - 3 2 − 4 − 1 − 3,2 − 1 − 4 − 3 2 - 1 - 4 - 3 2 − 1 − 4 − 3,1 − 4 − 3 − 2 1 - 4 - 3 - 2 1 − 4 − 3 − 2,B,"Solution: Concept: The chronological order is based on the year each Indian-origin astronaut first flew into space. Explanation: Rakesh Sharma was the first Indian to go to space in 1984 1984 1984 on the Soyuz T-11 mission. Kalpana Chawla was the first Indian-origin woman in space, flying on STS-87 in 1997 1997 1997 . Sunita Williams first flew to space in 2007 2007 2007 (STS-116/Expedition 14/15). Sirisha Bandla flew to space on Virgin Galactic's Unity 22 in 2021 2021 2021 . Thus, the correct sequence is: Rakesh Sharma ( 2 2 2 ), Kalpana Chawla ( 4 4 4 ), Sunita Williams ( 1 1 1 ), Sirisha Bandla ( 3 3 3 ). Answer: 2 − 4 − 1 − 3 2 - 4 - 1 - 3 2 − 4 − 1 − 3 (Option B) © examsnet.com"
CDS-2021-II-GK-111,2021,GK,Modern History,Indian National Movement,Modern History | Freedom Struggle | British Colonial Rule,easy,"President Jovenel Moise, who was assassinated recently, was the President of which one of the following countries ?",Dominican Republic,Haiti,Guatemala,Cuba,B,"Solution: Concept: President Jovenel Moise was the President of Haiti. Explanation: The assassination took place at his private residence in Port-au-Prince, Haiti. Haiti is a Caribbean nation that includes the western third of the island of Hispaniola. It became the first independent Black-led republic after winning independence from France in 1804. Answer: Haiti. © examsnet.com"
CDS-2021-II-GK-112,2021,GK,Environment & Ecology,"Ecology, Biodiversity & Climate Change",Environment & Ecology | Biodiversity | Conservation | Climate Change,easy,"Recently, which one among the following Ministries was formed under the Government of India ?",Ministry of New and Renewable Energy,Ministry of Development of North-Eastern Region,Ministry of Cooperation,Ministry of Jal Shakti,C,"Solution: Concept: A newly created ministry under the Government of India is the Ministry of Cooperation, formed in 2021. Explanation: The Ministry of Cooperation was established by the Central Government in 2021. Its vision is ‘Sahkar se Samriddhi’ (Prosperity through Cooperation). This fulfills a budget announcement made by the Finance Minister in 2021. The ministry provides a separate administrative, legal, and policy framework for cooperatives. It aims to deepen the cooperative movement as a people-based movement. It also streamlines processes for 'Ease of doing business' for cooperatives. The other options are older ministries formed earlier. Ministry of New and Renewable Energy was created in 1992. Ministry of Development of North-Eastern Region was formed in 2001. Ministry of Jal Shakti was formed in 2019 by merging two ministries. Therefore, the recently formed ministry is the Ministry of Cooperation. Answer: C. Ministry of Cooperation © examsnet.com"
CDS-2021-II-GK-113,2021,GK,Defence & Security,"Defence, Military & Internal Security",Defence | Military Exercises | Armed Forces | Security Architecture,easy,Indian Naval Ship INS Tabar had recently participated in a two-day naval exercise with the Italian Navy. The exercise was conducted in,Ionian Sea,Adriatic Sea,Tyrrhenian Sea,Mediterranean Sea,C,"Solution: Concept: The naval exercise between INS Tabar and the Italian Navy took place in the Tyrrhenian Sea, a part of the Mediterranean Sea. Explanation: INS Tabar was on deployment in the Mediterranean Sea. It entered the Port of Naples, Italy on 3 July 2021. On 4 and 5 July 2021, it conducted a Maritime Partnership Exercise with the Italian frigate ITS Antonio Marceglia (F 597). This exercise was held in the Tyrrhenian Sea, which lies west of Italy and is specifically named in the report. The options given are specific seas within the Mediterranean; the Tyrrhenian Sea is the precise location. Therefore, the exercise was conducted in the Tyrrhenian Sea. Answer: C. Tyrrhenian Sea © examsnet.com"
CDS-2021-II-GK-114,2021,GK,Modern History,Indian National Movement,Modern History | Freedom Struggle | British Colonial Rule,easy,Which one of the following countries has recently been awarded a malaria-free certification by the WHO ?,Pakistan,Bhutan,China,Nepal,C,"Solution: Concept: Malaria-free certification is a status given by the WHO to a country that has proven no indigenous malaria transmission for at least three consecutive years. Explanation: China received the malaria-free certification from the WHO in June 2021 after a 70‑year campaign. In the 1940s, China reported 30 million malaria cases annually. Through sustained efforts, free public health services, and multi‑sector collaboration, China eliminated indigenous transmission. China is the first country in the WHO Western Pacific Region to achieve this status in over 30 years. Other countries in the region certified earlier include Australia (1981), Singapore (1982), and Brunei Darussalam (1987). Globally, 40 countries and territories have been certified, such as El Salvador (2021), Algeria (2019), and Argentina (2019). Among the given options, only China has recently received this certification. Answer: China © examsnet.com"
CDS-2021-II-GK-115,2021,GK,Modern History,Indian National Movement,Modern History | Freedom Struggle | British Colonial Rule,easy,Who amongst the following was honoured with Gandhi Peace Prize for the year 2020 ?,Qaboos bin Said Al Said,Sheikh Mujibur Rahman,Ekal Abhiyan Trust,Sulabh International,B,"Solution: Concept: The Gandhi Peace Prize is an annual award by the Government of India for contributions to social, economic, and political transformation through non-violence. For 2020, it was awarded to Sheikh Mujibur Rahman. Explanation: The Gandhi Peace Prize for the year 2020 was awarded to Sheikh Mujibur Rahman, the founding father of Bangladesh. The prize for 2019 was awarded to Qaboos bin Said Al Said, the late Sultan of Oman. The award was instituted in 1995 on the 125th birth anniversary of Mahatma Gandhi. It carries Rs. 1 crore, a citation, a plaque, and a traditional handicraft item. The jury is chaired by the Prime Minister, and includes the Chief Justice of India, the Lok Sabha Speaker, the leader of the largest Opposition party, and the founder of Sulabh International. Answer: Sheikh Mujibur Rahman (Option B) © examsnet.com"
CDS-2021-II-GK-116,2021,GK,General Knowledge,General Knowledge,General Knowledge | UPSC CDS | Prelims,easy,Why was Dholavira in the news recently ?,Skeletons discovered at this site,For its conservation effects,For the discovery of gold and precious stones at this site,It received the UNESCO World Heritage Tag,D,"Solution: Concept: Dholavira made news because it was officially declared a UNESCO World Heritage Site. Explanation: UNESCO inscribed the Harappan city of Dholavira in Gujarat as India’s 40th World Heritage Site. This is the first site of the Indus Valley Civilisation (IVC) in India to receive this honour. The site was discovered in 1968 by archaeologist Jagat Pati Joshi. It is one of the best‑preserved urban settlements of the IVC, featuring a walled city, reservoirs, and a cemetery. Therefore, the recent news was about the UNESCO tag, not about skeletons, conservation, or precious stones. Answer: D. It received the UNESCO World Heritage Tag © examsnet.com"
CDS-2021-II-GK-117,2021,GK,Science & Tech,General Science & Emerging Technologies,Science & Tech | General Science | Applied Science | Physics | Chemistry | Biology,easy,Which one of the following is the oldest football tournament of Asia ?,Federation Cup,Santosh Trophy,Durand Cup,Rovers Cup,C,"Solution: Concept: The Durand Cup is the oldest football tournament in Asia, first held in 1888. Explanation: Among the given options, the Durand Cup started in 1888 in Annadale, Shimla. This makes it older than the Santosh Trophy (1941), Federation Cup (1977), and Rovers Cup (1891). The tournament was named after Sir Mortimer Durand, a British foreign secretary. It was originally a military competition open to the British and Indian armies. The Durand Cup is still organized today by the Durand Football Tournament Society. Thus, it holds the record as the oldest existing football competition in Asia. Answer: The correct option is C. Durand Cup. © examsnet.com"
CDS-2021-II-GK-118,2021,GK,Science & Tech,General Science & Emerging Technologies,Science & Tech | General Science | Applied Science | Physics | Chemistry | Biology,easy,Who among the following is the first Indian woman to win a medal in the Olympics ?,Karnam Malleswari,Mirabai Chanu,P.T. Usha,P.V. Sindhu,A,"Solution: Concept: First Indian woman Olympic medalist. Explanation: Karnam Malleswari won a bronze medal in weightlifting at the 2000 Sydney Olympics. She competed in the 69 kg category. This made her the first Indian woman to win an Olympic medal. Mirabai Chanu won silver in 2021, P.T. Usha never won an Olympic medal, and P.V. Sindhu won silver and bronze later. Answer: Karnam Malleswari. © examsnet.com"
CDS-2021-II-GK-119,2021,GK,Quantitative Aptitude,Basic Numeracy & Quantitative Aptitude,Aptitude | Mathematics | Quantitative Reasoning | Problem Solving,easy,"The Russian Federation participated in the Tokyo Olympics, 2020 under which of the following names ?",Russian Olympic Committee,Russian Federal Committee,Russian Sports Committee,Russian Republican Committee,A,"Solution: Concept: The Russian team competed under a neutral name due to a ban from the World Anti-Doping Agency (WADA). Explanation: At the Tokyo 2020 Olympics, Russia was banned from using its name, flag, and anthem because of a state-sponsored doping programme. The ban was imposed by WADA in December 2019 for four years, covering the Tokyo Olympics and the 2022 FIFA World Cup. Instead, Russian athletes competed under the name ""Russian Olympic Committee"" (ROC). Their medals were listed under the ROC acronym, and they used a neutral flag (the flag of the Russian Olympic Committee) instead of the national flag. Thus, the official name under which the Russian Federation participated was the Russian Olympic Committee. This matches option A. Answer: A. Russian Olympic Committee © examsnet.com"
CDS-2021-II-GK-120,2021,GK,General Knowledge,General Knowledge,General Knowledge | UPSC CDS | Prelims,easy,Which of the following States/Union Territory/Region are in special focus in the National Mission on Edible Oils - Oil Palm ?,Himachal Pradesh and Andaman and Nicobar Islands,North-East Region and Andaman and Nicobar Islands,North-East Region and Gujarat,Uttar Pradesh and Gujarat,B,Solution: Concept: The National Mission on Edible Oils – Oil Palm (NMEO-OP) aims to boost domestic palm oil production. Explanation: The scheme particularly focuses on two regions because of their favourable weather and soil conditions. These are the North-East Region of India and the Andaman and Nicobar Islands. The mission provides financial incentives and viability price support to attract farmers. It targets expanding oil palm cultivation to 10 lakh hectares by 2025-26. Special assistance is given for replanting old gardens and setting up processing units. The North-East and Andaman regions receive higher subsidy rates to encourage industry participation. The eventual goal is to reduce India’s dependence on costly palm oil imports. No other region listed in the options receives this special emphasis under NMEO-OP. Answer: North-East Region and Andaman and Nicobar Islands (Option B). © examsnet.com
