Id,Year,Paper,Subject,Topics,Tags,Difficulty,Question,Option_A,Option_B,Option_C,Option_D,Correct_Answer,Explanation
CDS-2020-II-GK-001,2020,GK,Economy,Indian Economy & Financial System,Economy | Macroeconomics | Banking & Finance | Public Finance,hard,"As per the Budget Estimates of 2019-20, the following are some of the important sources of tax receipts for the Union Government: 1. Corporation Tax 2. Taxes on Income other than Corporation Tax 3. Goods and Services Tax 4. Union Excise Duties Which one of the following is the correct descending order of the aforesaid tax receipts as a· percentage of GDP?","I, 2, 3, 4","1, 3, 2, 4","3, 2, 1, 4","2, 4, 3, 1",B,"Solution: Concept: The descending order of tax receipts as a percentage of GDP is based on the 2019-20 Budget Estimates, where Corporation Tax contributes the most, followed by GST, then Income Tax, and finally Union Excise Duties. Explanation: According to the Union Budget 2019-20, the share of each tax receipt in every rupee earned is as follows: Corporation Tax contributes 21 21 21 paise, which is the highest. Goods and Services Tax (GST) contributes 19 19 19 paise. Taxes on Income (other than Corporation Tax) contribute 16 16 16 paise. Union Excise Duties contribute 8 8 8 paise. Thus, the descending order of these tax receipts as a percentage of GDP is: Corporation Tax, GST, Income Tax, and Union Excise Duties. This corresponds to option B: 1 , 3 , 2 , 4 1, 3, 2, 4 1 , 3 , 2 , 4 . Answer: The correct descending order is 1 , 3 , 2 , 4 1, 3, 2, 4 1 , 3 , 2 , 4 , which matches option B. © examsnet.com"
CDS-2020-II-GK-002,2020,GK,Current Affairs,Current Events of National & International Importance,Current Affairs | International Relations | Government Schemes | Awards,medium,"As per the World Bank's Ease of Doing Business Ranking, India's rank has improved from 142 in 2014 to 63 in 2019. During· this period, in which of the following parameters has India's rank deteriorated?",Ease of starting a business,Getting electricity,Registering property,Paying taxes,C,"Solution: Concept: The World Bank's Ease of Doing Business Ranking reflects the regulatory environment for local firms. India's overall rank improved from 142 142 142 in 2014 2014 2014 to 63 63 63 in 2019 2019 2019 , but rank on registering property worsened. Explanation: The report measures performance across 10 10 10 dimensions, including registering property. India improved in starting a business, getting electricity, paying taxes, and other areas due to reforms like single-window clearances and electronic platforms. However, the time ( 58 58 58 days) and cost ( 7.8 % 7.8\% 7.8% of property value) to register a property remained high compared to OECD high-income economies. This led to a deterioration in India's rank on the registering property indicator during 2014 2014 2014 – 2019 2019 2019 , while other parameters saw improvements. Answer: Registering property (Option C). © examsnet.com"
CDS-2020-II-GK-003,2020,GK,Defence & Security,"Defence, Military & Internal Security",Defence | Military Exercises | Armed Forces | Security Architecture,easy,Which one of the following statements with regard to the National Food Security Act is not correct?,The Act was enacted in the year 2013.,The Act was rolled out in the year 2014.,The Act legally entitles 67 percent of the population to receive highly subsidised food grains,The Act is not being implemented in all the States/Union Territories.,D,"Solution: Concept: The National Food Security Act (NFSA) is a rights‑based law that provides subsidised food grains to a large portion of the population. Explanation: The NFSA was enacted on July 5, 2013, and rolled out in 2014. It legally entitles about 67 % 67\% 67% of the population – specifically up to 75 % 75\% 75% of the rural and 50 % 50\% 50% of the urban population – to receive highly subsidised food grains. The Act is being implemented in all States and Union Territories across India. Therefore, the statement claiming that the Act is “not being implemented in all the States/Union Territories” is incorrect. Answer: The incorrect statement is: “The Act is not being implemented in all the States/Union Territories.” (Option D) © examsnet.com"
CDS-2020-II-GK-004,2020,GK,Economy,Indian Economy & Financial System,Economy | Macroeconomics | Banking & Finance | Public Finance,easy,Which one of the following statements about Indian economy during 2019-20 is not correct?,There has been deceleration in growth rate.,There has been sluggish growth in tax revenue relative to the Budget Estimates.,Fiscal deficit as percentage of GDP has been as per the Budget Estimates.,The non-tax revenue registered a considerably higher growth.,C,"Solution: Concept: The fiscal deficit for 2019‑20 was higher than the Budget Estimates, making option C the incorrect statement. Explanation: The Fiscal Deficit for 2019‑20 (Provisional Actuals) stood at 4.6 % 4.6\% 4.6% of GDP. This was 0.8 0.8 0.8 percentage points higher than the Budget Estimate of 3.8 % 3.8\% 3.8% of GDP. Hence, fiscal deficit did not match the Budget Estimates; it was significantly higher. The other statements are correct: • There was a deceleration in growth rate (option A). • Tax revenue growth was sluggish relative to Budget Estimates (option B). • Non‑tax revenue registered considerably higher growth (option D). Answer: Option C is not correct. © examsnet.com"
CDS-2020-II-GK-005,2020,GK,Economy,Indian Economy & Financial System,Economy | Macroeconomics | Banking & Finance | Public Finance,easy,"As per the Budget Estimates of expenditure on major subsidies during 2019-20, the maximum expenditure was likely to be on",urea subsidy,petroleum subsidy,food subsidy,fertilizer subsidy,C,"Solution: Concept: The question asks which major subsidy had the highest budgeted expenditure in India for the financial year 2019‑20. Explanation: In the Union Budget 2019‑20, the government allocated funds for three main subsidies: food, fertilizer, and petroleum. The maximum allocation went to food subsidy, estimated at Rs 1,84,220 crore. In comparison, fertilizer subsidy was allocated Rs 79,996 crore, and petroleum subsidy (covering LPG and kerosene) was around Rs 37,478 crore. Thus, food subsidy received the largest share of the total subsidy budget. Answer: Food subsidy. © examsnet.com"
CDS-2020-II-GK-006,2020,GK,Geography,Physical and Indian Geography,Geography | Physical Geography | Indian Geography | Geomorphology,easy,Which one of the following Indian places receives minimum rainfall in a year?,Jodhpur,Leh,New Delhi,Bengaluru,B,"Solution: Concept: Leh, located in the rain shadow region of the Himalayas, receives the lowest average annual rainfall among the given places due to the lack of monsoon influence. Explanation: The southwest monsoon, which brings most of India's rainfall, does not reach Leh effectively. Leh lies in the Trans‑Himalayan zone where the annual precipitation is often less than 50 50 50 cm. Among the options, Leh receives the scantiest rainfall — around 10 10 10 – 20 20 20 cm per year. Jodhpur receives about 30 30 30 – 40 40 40 cm, New Delhi about 80 80 80 cm, and Bengaluru about 90 90 90 cm. Thus, Leh is the driest of the four places. Answer: Leh © examsnet.com"
CDS-2020-II-GK-007,2020,GK,General Knowledge,General Knowledge,General Knowledge | UPSC CDS | Prelims,easy,Timber vegetation is generally not found in which of the following regions?,Subtropical region,Temperate region,Alpine region,Tundra region,D,"Solution: Concept: Timber vegetation requires specific climatic conditions for tree growth and is absent in treeless, extremely cold biomes. Explanation: Timber refers to wood processed for construction, obtained from trees growing in regions with sufficient warmth and precipitation. Subtropical, temperate, and alpine regions typically support tree growth and thus contain timber vegetation. The tundra region, however, is characterized by permafrost, very low temperatures, and a short growing season, making it a treeless biome. Hence, timber vegetation is generally absent in the tundra region. Answer: D. Tundra region © examsnet.com"
CDS-2020-II-GK-008,2020,GK,Quantitative Aptitude,Basic Numeracy & Quantitative Aptitude,Aptitude | Mathematics | Quantitative Reasoning | Problem Solving,easy,Decadal growth rate of population in percentage was highest in India in the year,1991,1981,1971,1961,C,"Solution: Concept: The decadal growth rate of India's population peaked in the 1971 census, which recorded the highest percentage increase over the preceding decade (1961–71). Explanation: The decadal growth rate is the percentage change in population over a ten-year period. For the census year 1971 1971 1971 , the growth rate was about 24.8 % 24.8\% 24.8% – the highest ever recorded. For comparison: 1961 1961 1961 census (decade 1951 1951 1951 – 61 61 61 ) had 21.6 % 21.6\% 21.6% ; 1981 1981 1981 census had 24.7 % 24.7\% 24.7% ; 1991 1991 1991 census had 23.9 % 23.9\% 23.9% . Thus, the peak occurred in the census year 1971 1971 1971 , corresponding to the decade 1961 1961 1961 – 1971 1971 1971 . Answer: 1971 (option C). © examsnet.com"
CDS-2020-II-GK-009,2020,GK,General Knowledge,General Knowledge,General Knowledge | UPSC CDS | Prelims,easy,"The Isotherm Line, which divides India North-South in almost two equal parts in the month of January, is",10 ºC,25 ºC,15 ºC,20 ºC,D,"Solution: Concept: Isotherms are lines connecting points of equal temperature on a map. Explanation: In January, the 20 ∘ C 20\,{}^{\circ}\mathrm{C} 20 ∘ C isotherm runs roughly parallel to the Tropic of Cancer. This line divides India into almost equal northern and southern halves. Temperatures in north India are lower (often below 20 ∘ C 20\,{}^{\circ}\mathrm{C} 20 ∘ C ), while south India remains warmer (above 20 ∘ C 20\,{}^{\circ}\mathrm{C} 20 ∘ C ). Hence, the 20 ∘ C 20\,{}^{\circ}\mathrm{C} 20 ∘ C isotherm is the one that splits India nearly equally during January. Answer: 20 ∘ C 20\,{}^{\circ}\mathrm{C} 20 ∘ C (Option D). © examsnet.com"
CDS-2020-II-GK-010,2020,GK,Geography,Physical and Indian Geography,Geography | Physical Geography | Indian Geography | Geomorphology,easy,Which one of the following indicates the Tropical Savannah climate?,AW,Dfc,Cwg,Am,A,"Solution: Concept: Tropical Savannah climate is represented by the code “ Aw \text{Aw} Aw ” in Köppen’s climate classification. Explanation: In Köppen’s classification, “ A \text{A} A ” denotes tropical climates. The lowercase “ w \text{w} w ” indicates a dry winter season. Thus, “ Aw \text{Aw} Aw ” specifically describes a tropical climate with a distinct dry season in winter — the Savannah climate. Option A is correct: AW \text{AW} AW . Option B ( Dfc \text{Dfc} Dfc ) is a cold continental climate. Option C ( Cwg \text{Cwg} Cwg ) is a humid subtropical climate with dry winter, found in parts of India. Option D ( Am \text{Am} Am ) is a tropical monsoon climate, not Savannah. Type of Climate Description Areas Amw \text{Amw} Amw Monsoon with a short dry season West coast of India south of Goa As \text{As} As Monsoon with dry summer Coromandel coast of Tamil Nadu Aw \text{Aw} Aw Tropical savannah Most of the Peninsular plateaus, south of the Tropic of Cancer BSh \text{BSh} BSh Semi-arid steppe climate North-western Gujarat, some parts of western Rajasthan and Punjab Bwhw \text{Bwhw} Bwhw Hot desert Extreme western Rajasthan Cwg \text{Cwg} Cwg Monsoon with dry winter Ganga plain, eastern Rajasthan, northern Madhya Pradesh Dfc \text{Dfc} Dfc Cold humid winter with short summer most of North-east India, Arunachal Pradesh E \text{E} E Polar type Jammu and Kashmir, Himachal Pradesh and Uttarakhand The diagram below shows the area wise distribution of different Koppen climatic region in India. Answer: A. AW \text{AW} AW © examsnet.com"
CDS-2020-II-GK-011,2020,GK,Modern History,Indian National Movement,Modern History | Freedom Struggle | British Colonial Rule,easy,The largest geographical area of India is covered by which one of the following types of soils?,Inceptisols,Entisols,Alfisols,Vertisols,A,"Solution: Concept: The soil type that covers the largest area in India is Inceptisols, based on the percentage distribution of major soil orders. Explanation: Inceptisols are young, weakly developed soils that cover the maximum area in India. Their area is about 130 , 372.9 130,372.9 130 , 372.9 thousand hectares, which is 39.74 % 39.74\% 39.74% of India's total land area. Entisols cover 28.08 % 28.08\% 28.08% , Alfisols cover 13.55 % 13.55\% 13.55% , and Vertisols cover only 8.52 % 8.52\% 8.52% . Thus, Inceptisols have the highest areal extent among all soil types. Answer: Inceptisols © examsnet.com"
CDS-2020-II-GK-012,2020,GK,Geography,Physical and Indian Geography,Geography | Physical Geography | Indian Geography | Geomorphology,easy,Which one of the following cities is the closest to Equator ?,Mogadishu,Singapore,Colombo,Manila,B,"Solution: Concept: Singapore is the city located closest to the Earth's Equator among the four options. Explanation: The Equator is at 0 ∘ 0^{\circ} 0 ∘ latitude. Singapore lies at approximately 1. 3 ∘ 1.3^{\circ} 1. 3 ∘ North latitude, about 200 200 200 km north of the Equator. Mogadishu is at about 2 ∘ 2^{\circ} 2 ∘ N, Colombo at 7 ∘ 7^{\circ} 7 ∘ N, and Manila at 1 4 ∘ 14^{\circ} 1 4 ∘ N. Therefore, Singapore is the closest to the Equator. Answer: Singapore © examsnet.com"
CDS-2020-II-GK-013,2020,GK,General Knowledge,General Knowledge,General Knowledge | UPSC CDS | Prelims,hard,"Who among the following gave evidence before the Joint Select Committee on the Government of India Bill,1919 in favour of female franchise? 1. Mrs. Annie Basant 2. Mrs Sarojini Naidu 3. Mrs Hira bai Tata Select the correct answer using the code given below.",1 only,1 and 2 only,2 and 3 only,"1, 2 and 3",D,"Solution: Concept: Three prominent Indian women leaders gave evidence before the Joint Select Committee on the Government of India Bill, 1919, advocating for female franchise. Explanation: In 1919, a delegation of Indian women went to London to appear before the Joint Parliamentary Committee on the Government of India Bill. They argued in favour of extending voting rights to women in India. The leaders included Mrs. Annie Besant, Mrs. Sarojini Naidu, and Mrs. Hirabai Tata (also known as Hira bai Tata). They received strong support from British women's organisations such as the Women's Freedom League and the Women's International League. All three are historically recorded as having testified before the committee. Answer: 1, 2 and 3 (Option D) © examsnet.com"
CDS-2020-II-GK-014,2020,GK,General Knowledge,General Knowledge,General Knowledge | UPSC CDS | Prelims,easy,In which one of the following places was the Ahmadiyya Movement started by Mirza Ghulam 'Ahmad?,Patna,Aligarh,Bhopal,Gurdaspur,D,"Solution: Concept: The Ahmadiyya Movement was founded in the town of Qadian, which is located in the Gurdaspur district of Punjab. Explanation: Mirza Ghulam Ahmad (1835–1908) started the Ahmadiyya Movement in 1889. The movement was founded in Qadian, a small town in the Gurdaspur district of Punjab (now in India). He claimed to be a prophet, revivalist, and the awaited messiah. The movement emphasized the peaceful revival of Islam and its universal principles. It also encouraged acceptance of modern technology and remained strictly apolitical. Later, after his death, the movement split into two branches: the Qadiani group and the Lahore group. Thus, the correct location is Gurdaspur (specifically the town of Qadian within that district). Answer: D. Gurdaspur © examsnet.com"
CDS-2020-II-GK-015,2020,GK,Modern History,Indian National Movement,Modern History | Freedom Struggle | British Colonial Rule,easy,With whom did Subhas Chandra Bose form an alliance to destroy the Holwell Monument in Calcutta during 1939-40?,The Communist Party of India,The Muslim League,The Hindu Mahasabha,The Unionist Party,B,"Solution: Concept: Subhas Chandra Bose needed political support in Bengal to remove a colonial monument, so he allied with a major regional party. Explanation: The Holwell Monument in Calcutta was a British structure that commemorated the Black Hole of Calcutta incident, which Indians considered an insult. Bose wanted to destroy it as a symbol of British oppression. He first attempted an alliance with the Hindu Mahasabha, but that failed. Then, during 1939–40, he formed an alliance with the Muslim League to achieve this goal. The Muslim League, under the leadership of Bengal’s premier, supported the destruction as a political move against both the British and the Congress. On 30 July 1940, a large crowd led by Bose and Muslim League members demolished the monument. This alliance was strategic: Bose gained a powerful local partner, while the Muslim League used Bose to weaken Congress influence in Bengal. Answer: The Muslim League. (Option B) © examsnet.com"
CDS-2020-II-GK-016,2020,GK,Modern History,Indian National Movement,Modern History | Freedom Struggle | British Colonial Rule,easy,Who among the following created the first All India Trade Union Congress in 1920?,B. P. Wadia,S. A. Dange,N. M. Joshi,B. T. Ranadive,C,"Solution: Concept: The All India Trade Union Congress (AITUC) was founded in 1920 by N. M. Joshi along with Lala Lajpat Rai. Explanation: Narayan Malhar Joshi, a trade union leader and follower of Gopal Krishna Gokhale, initiated the AITUC in 1920. He served as its general secretary from 1925‑1929 and again from 1940‑1948. In 1931, he left AITUC to form the All India Trade Union Federation. Other options: B. P. Wadia founded the Madras Labour Union in 1918, not AITUC. S. A. Dange was a founding member of the Communist Party of India and a trade unionist but did not create AITUC in 1920. B. T. Ranadive was a communist politician and trade union leader, but not the founder of AITUC. Answer: C. N. M. Joshi © examsnet.com"
CDS-2020-II-GK-017,2020,GK,General Knowledge,General Knowledge,General Knowledge | UPSC CDS | Prelims,easy,Which one among the following was India's first trade union in the proper sense of the term?,Bombay Labour Union,Ahmedabad Labour Union,Madras Labour Union,Allahabad Labour Union,C,"Solution: Concept: The first trade union in the modern sense in India was the Madras Labour Union. Explanation: The Madras Labour Union was formed in April 1918 by workers of the Buckingham and Carnatic Mills in Madras. It was led by B. P. Wadia and V. Kalyanasundaram Mudaliar. This union is considered the first organised trade union in India because it had a proper structure, collective bargaining goals, and sustained worker participation. The workers went on strike against the managing company Binny & Co., which marked a key event in Indian labour history. Unlike earlier worker associations, the Madras Labour Union operated with clear trade union objectives and mass support. Its formation paved the way for later national labour federations like the AITUC in 1920. Answer: Madras Labour Union. © examsnet.com"
CDS-2020-II-GK-018,2020,GK,General Knowledge,General Knowledge,General Knowledge | UPSC CDS | Prelims,easy,Who among the following formed the Seva Samiti Boy Scouts Association in 1914?,Hriday Nath Kunzru,S. G. Vaze,Annie Besant,Shri Ram Bajpai,D,"Solution: Concept: The Seva Samiti Boy Scouts Association was an Indian scouting body formed as an alternative to the British-led Baden-Powell organisation, which initially barred Indians from joining. Explanation: Shri Ram Bajpai founded the Seva Samiti Boy Scouts Association in the year 1914 in Bombay (now Mumbai). This was in response to the worldwide Baden-Powell Scouts organisation, which at that time did not allow Indians to become members. Although Baden-Powell later removed the colour bar after a private visit to India, Bajpai's organisation continued to function independently. Its aim was to bring about the complete Indianisation of the Boy Scout movement in India. Note that another organisation called ""Seva Samiti"" (without ""Boy Scouts"") was founded in 1914 at Allahabad by Hridayanath Kunzru of the Servants of India Society, but that was a social service body, not a scouting association. Hence, the correct founder of the Seva Samiti Boy Scouts Association is Shri Ram Bajpai. Answer: Shri Ram Bajpai (Option D). © examsnet.com"
CDS-2020-II-GK-019,2020,GK,General Knowledge,General Knowledge,General Knowledge | UPSC CDS | Prelims,easy,Which one among the following is not correct about the Secretary-General of the Lok Sabha?,The Secretary-General advisor to the Speaker.,The Secretary-General acts under the authority in the name of the Speaker.,The Secretary-General works under the Speaker with delegated authority.,The Secretary-General passes orders in the name of the Speaker.,C,"Solution: Concept: The Secretary-General of Lok Sabha is the administrative head who assists the Speaker directly, but does not function under delegated authority. Explanation: The Secretary-General is appointed by the Speaker and assists in constitutional and statutory duties. He or she acts under the authority and in the name of the Speaker, not under any delegated power. The Secretary-General passes orders in the name of the Speaker and is answerable only to the Speaker. Statement C says the Secretary-General works under the Speaker with delegated authority. This is incorrect because the role is directly under the Speaker's own authority, not delegated. The Speaker retains full control and the Secretary-General acts as the Speaker's agent, not with delegated powers. The other statements — advisor to Speaker, acting under Speaker's authority, and passing orders in Speaker's name — are all correct. Answer: Option C: ""The Secretary-General works under the Speaker with delegated authority"" is not correct. © examsnet.com"
CDS-2020-II-GK-020,2020,GK,General Knowledge,General Knowledge,General Knowledge | UPSC CDS | Prelims,easy,Who among the following moved the motion of Secret Sitting Session of the Assembly ( 1942)?,M. S. Aney,G. V. Mavalankar,C. M. Stephen,A. Ayyangar,A,"Solution: Concept: The motion for a secret sitting session of the Central Legislative Assembly in 1942 was moved by M. S. Aney. Explanation: Step 1: In 1942, during the Quit India Movement, the Congress sought to discuss sensitive matters related to the national struggle. Step 2: A motion was tabled to hold a secret session of the Assembly so that discussions could be held without public oversight. Step 3: This motion was moved by Dr. Madhav Shrihari Aney (M. S. Aney), a prominent freedom fighter, educationist, and politician. Step 4: He was known as Loknayak Bapuji Aney and co-founded the Congress Nationalist Party with Madan Mohan Malaviya in 1934. Answer: M. S. Aney © examsnet.com"
CDS-2020-II-GK-021,2020,GK,Polity,Indian Constitution & Governance,Polity | Constitution of India | Governance | Constitutional Bodies,easy,Which one among the following statements pertaining to the President's term of office is not correct?,The President holds office for a term of 5 years.,The President may be removed from the office by way of impeachment.,The President may resign before the expiration of his/her term by writing to the Speaker of the Lok Sabha.,"The President shall, notwithstanding the expiration of his/her term, continue to hold· office until his/her successor enters upon his/her office.",C,"Solution: Concept: Identify the incorrect statement about the President's term of office under the Indian Constitution. Explanation: The President holds office for a term of 5 years from the date of entering office (Option A is correct). The President can be removed through impeachment for violation of the Constitution (Option B is correct). The President may resign before the term ends by writing to the Vice‑President, not the Speaker of the Lok Sabha (Option C is therefore incorrect). Even after the term expires, the President continues in office until a successor enters (Option D is correct). Thus, the false statement is the one about resigning to the Speaker of the Lok Sabha. Answer: C. The President may resign before the expiration of his/her term by writing to the Speaker of the Lok Sabha. © examsnet.com"
CDS-2020-II-GK-022,2020,GK,Polity,Indian Constitution & Governance,Polity | Constitution of India | Governance | Constitutional Bodies,easy,Which of the following Articles in the Constitution of India are exceptions to the Fundamental Rights enumerated in Article 14 and Article 19?,Article 31A and Article 31C,Article 31B and Article 31D,Article 12 and Article 13,Article 16 and Article 17,A,"Solution: Concept: Specific articles in Part III of the Constitution shield certain laws from being challenged under the right to equality (Article 14) and the right to freedom (Article 19). Explanation: The correct pair of articles that are exceptions to Article 14 and Article 19 is Article 31A and Article 31C. Article 31A protects laws relating to the acquisition of estates and similar reforms from being invalidated on the grounds of violating Article 14 or Article 19. Article 31C, inserted by the 25th Amendment (1971), gives effect to Directive Principles under Articles 39(b) and 39(c) and also is immune from challenge under Article 14 and Article 19. Therefore, any law falling under these two articles cannot be struck down by a court for contravening the fundamental rights of equality and freedom. Option A is correct because only Article 31A and Article 31C specifically provide this immunity together. Option B (Article 31B and Article 31D) is incorrect: Article 31B protects laws in the Ninth Schedule but not expressly against Article 14 and 19 only, and Article 31D does not exist as a specific exception. Option C (Article 12 and Article 13) provides definitions and the doctrine of judicial review, not exceptions. Option D (Article 16 and Article 17) are substantive fundamental rights themselves, not exceptions. Answer: Option A: Article 31A and Article 31C © examsnet.com"
CDS-2020-II-GK-023,2020,GK,Polity,Indian Constitution & Governance,Polity | Constitution of India | Governance | Constitutional Bodies,easy,Which one of the following is not the necessary condition for the issue of a writ of Quo Warranto?,The office must be a public office.,The office must be created by the Statute or by the Constitution itself.,The office must not be a substantive one.,There has been a contravention of the Constitution or a Statute in appropriating such person to that office.,C,"Solution: Concept: The writ of Quo Warranto challenges the legal authority of a person holding a public office. Explanation: A writ of Quo Warranto can be issued only if the office is a substantive public office of a permanent character. It must be created by a statute or the Constitution. The office must be public, not private or ministerial. There must be a contravention of the Constitution or a statute in the appointment. The condition ""The office must not be a substantive one"" is false. In fact, the office must be substantive – it cannot be merely a temporary or ministerial role. Therefore, this option is not a necessary condition for the writ. Answer: Option C: The office must not be a substantive one. © examsnet.com"
CDS-2020-II-GK-024,2020,GK,Polity,Indian Constitution & Governance,Polity | Constitution of India | Governance | Constitutional Bodies,easy,Which one of the following Commissions is related to Article 338A?,The National Commission for Scheduled Castes,The National Commission Scheduled Tribes,The National Commission Backward Classes,The National Commission for women,B,"Solution: Concept: Article 338A of the Indian Constitution specifically establishes the National Commission for Scheduled Tribes (NCST) as a constitutional body. Explanation: The 89th Amendment Act, 2004 inserted Article 338A into the Constitution. This created a dedicated National Commission for Scheduled Tribes, separate from the earlier joint commission for SCs and STs. The NCST oversees the implementation of constitutional and legal safeguards for Scheduled Tribes. It investigates complaints, evaluates welfare measures, and advises on socio-economic development. In contrast, Article 338 deals with the National Commission for Scheduled Castes. The National Commission for Backward Classes was given constitutional status by the 102nd Amendment Act, 2018, not by Article 338A. The National Commission for Women is a statutory body created under the National Commission for Women Act, 1990. Answer: The National Commission for Scheduled Tribes © examsnet.com"
CDS-2020-II-GK-025,2020,GK,Science & Tech,General Science & Emerging Technologies,Science & Tech | General Science | Applied Science | Physics | Chemistry | Biology,easy,August 12 is celebrated as,the World Environment Day,the World No-Tobacco Day,the International Day against Drug Abuse and Illicit Trafficking,the International Youth Day,D,"Solution: Concept: August 12 is globally observed as International Youth Day, as declared by the United Nations. Explanation: The UN General Assembly endorsed the recommendation in 1999 and officially designated August 12 as International Youth Day. The day was first celebrated on August 12, 2000. It aims to recognize youth contributions and encourage their active participation in society. Other important days mentioned in the options have different dates: World Environment Day is June 5. World No-Tobacco Day is May 31. International Day against Drug Abuse and Illicit Trafficking is June 26. Hence, only the date August 12 corresponds to International Youth Day. Answer: D. International Youth Day © examsnet.com"
CDS-2020-II-GK-026,2020,GK,Geography,Physical and Indian Geography,Geography | Physical Geography | Indian Geography | Geomorphology,easy,Which one of the following countries had chosen the name 'Nisarga' for the cyclone which devastated the coastline of Maharashtra and Gujarat in June 2020?,Maldives,Bangladesh,Thailand,Japan,B,"Solution: Concept: Bangladesh suggested the name ‘Nisarga’ for the cyclone that hit Maharashtra and Gujarat in June 2020. Explanation: The name ‘Nisarga’ means nature in Sanskrit and was proposed by Bangladesh. The World Meteorological Organization (WMO) and the Economic and Social Commission for Asia and the Pacific (ESCAP) panel on tropical cyclones maintains a list of names. This list includes contributions from eight member countries, including Bangladesh, India, Maldives, Myanmar, Oman, Pakistan, Sri Lanka, and Thailand. Bangladesh had earlier also suggested the name ‘Fani’ for another cyclone that hit Odisha in 2019. Cyclone Nisarga formed over the Arabian Sea due to warm ocean temperatures and caused severe damage along the coast of Maharashtra and Gujarat in June 2020. The naming procedure for cyclones in the North Indian Ocean began in September 2004. Answer: Bangladesh © examsnet.com"
CDS-2020-II-GK-027,2020,GK,Science & Tech,General Science & Emerging Technologies,Science & Tech | General Science | Applied Science | Physics | Chemistry | Biology,easy,Who among the following played the role of Shakuntala Devi in the biopic movie based on the life of the famous mathematician?,Madhuri Dixit,Rani Mukherjee,Tabu,Vidya Balan,D,"Solution: Concept: The biopic movie on the life of mathematician Shakuntala Devi was released in 2020, and the lead role was played by a popular Indian actress. Explanation: Vidya Balan portrayed the role of Shakuntala Devi in the biographical film. Shakuntala Devi (1929–2013) was known as 'the Human Computer' for her extraordinary mental calculation abilities. In 1980, at Imperial College London, she multiplied two randomly chosen 13-digit numbers in just 28 seconds. The numbers were 7 , 686 , 369 , 774 , 870 7,686,369,774,870 7 , 686 , 369 , 774 , 870 and 2 , 465 , 099 , 745 , 779 2,465,099,745,779 2 , 465 , 099 , 745 , 779 , and her answer was 8 , 947 , 668 , 177 , 995 , 426 , 462 , 773 , 730 8,947,668,177,995,426,462,773,730 8 , 947 , 668 , 177 , 995 , 426 , 462 , 773 , 730 . She earned a place in the 1982 Guinness Book of World Records for this feat. Apart from mathematics, Shakuntala Devi also wrote books on astrology, homosexuality, and math education. The film highlights her life, achievements, and struggles, with Vidya Balan delivering a critically praised performance. Other actresses like Madhuri Dixit, Rani Mukherjee, and Tabu were not cast in this role. Answer: Vidya Balan © examsnet.com"
CDS-2020-II-GK-028,2020,GK,Polity,Indian Constitution & Governance,Polity | Constitution of India | Governance | Constitutional Bodies,medium,"G.C. Murmu, who was appointed as the Comptroller and Auditor General of India in August 2020, was the Lieutenant Governor/Administrator of which one of the following Union Territories prior to this appointment?",Ladakh,Jammu and Kashmir,Chandigarh,Puducherry,B,"Solution: Concept: Girish Chandra Murmu was the Lieutenant Governor of Jammu and Kashmir before being appointed as the Comptroller and Auditor General of India. Explanation: G.C. Murmu, a 1985 batch IAS officer of the Gujarat cadre, served as the first Lieutenant Governor of the Union Territory of Jammu and Kashmir after its reorganisation in 2019. He resigned from this post on 5 August 2020 and was appointed as the 14th Comptroller and Auditor General of India, succeeding Rajiv Mehrishi. The CAG’s appointment is governed by Article 148 of the Constitution, and he holds office for six years or until the age of 65 years, whichever is earlier. Answer: Jammu and Kashmir © examsnet.com"
CDS-2020-II-GK-029,2020,GK,General Knowledge,General Knowledge,General Knowledge | UPSC CDS | Prelims,easy,Which one of the following States has planned to host the Khelo India Youth Games (4th Edition)?,Kerala,Haryana,Gujarat,Manipur,B,"Solution: Concept: The Khelo India Youth Games (KIYG) are national-level grassroots sports events in India. The host state for the 4th edition was officially announced in 2020. Explanation: On July 25, 2020, Union Minister Kiren Rijiju announced that Haryana will host the 4th edition of the Khelo India Youth Games. The event was scheduled to take place after the Tokyo Olympics. The Khelo India scheme was launched by the Ministry of Youth Affairs and Sports to foster a strong sports culture and nurture young talent across the country. For this edition, four indigenous games – Gatka, Kalaripayattu, Thang-Ta, and Mallakhamba – were also included. The KIYG are held annually, featuring two categories: under-21 college students and under-17 school students. Selected athletes receive a scholarship of ₹5,00,000 per year for eight years to prepare for international events. Previous hosts were Delhi (2018), Pune (2019), and Guwahati (2020). Therefore, Haryana is the correct choice. Answer: Haryana (Option B). © examsnet.com"
CDS-2020-II-GK-030,2020,GK,Environment & Ecology,"Ecology, Biodiversity & Climate Change",Environment & Ecology | Biodiversity | Conservation | Climate Change,easy,Which one among the following is not a coral reef island?,"Great Barrier Reef, Australia","Rainbow Reef, Fiji","Swaraj Island, India","Kyushu Island, Japan",D,"Solution: Concept: Coral reef islands are formed from coral detritus and organic material; some islands are volcanic or continental, not coral-based. Explanation: The Great Barrier Reef off Australia is a massive coral system with many coral islands. Rainbow Reef lies between Fiji islands and is a famous coral reef dive site. Swaraj Island, part of the Andaman group in India, is known for its coral reefs and beaches. Kyushu Island in Japan is a volcanic island formed by tectonic activity, not from coral growth. Coral reefs typically occur in tropical and subtropical shallow waters; Kyushu's geology and climate do not support coral reef island formation. Thus, among the options, Kyushu Island is the only one that is not a coral reef island. Answer: D. Kyushu Island, Japan © examsnet.com"
CDS-2020-II-GK-031,2020,GK,Modern History,Indian National Movement,Modern History | Freedom Struggle | British Colonial Rule,easy,"Since 2014-15, India has consistently run trade surplus with which one among the following countries?",China,Saudi Arabia,USA,Germany,C,"Solution: Concept: Trade surplus means the value of exports is greater than the value of imports. Since 2014-15, India has consistently maintained a trade surplus with the United States. Explanation: India's overall trade deficit has widened over recent years. However, with the USA, India's exports have exceeded imports continuously since 2014-15. This makes the USA the only country among the given options with which India has a trade surplus. In contrast, India has run a trade deficit with China, Saudi Arabia, and Germany throughout the same period. For instance, China is a major source of imports, leading to a large deficit. Similarly, oil imports from Saudi Arabia create a deficit. Germany also contributes to India's trade deficit due to machinery imports. The consistent surplus with the USA is driven by strong exports in services like IT and pharmaceuticals, as well as goods such as gems and jewellery. Therefore, based on official trade data, the correct answer is the USA. Answer: The correct answer is USA. © examsnet.com"
CDS-2020-II-GK-032,2020,GK,Current Affairs,Current Events of National & International Importance,Current Affairs | International Relations | Government Schemes | Awards,hard,"Arrange the following countries in descending order as per the Global Human Development Index, 2019 : 1. Germany 2. the USA 3. South Africa 4.India Select the correct answer using the code given below.","1, 2, 3, .4","1, 3, 2, 4","3, 2, 1, 4","4, 3, 2, 1",A,"Solution: Concept: The Human Development Index (HDI) ranks countries based on health, education, and standard of living. Higher HDI means a higher rank (lower number). Explanation: In the Global HDI 2019, Germany was among the top 5 (rank very high). The USA was ranked 16th, South Africa 113th, and India 129th. Descending order means from the highest rank (smallest number) to the lowest rank (largest number). Thus the correct order is: Germany (1), USA (2), South Africa (3), India (4). Answer: Option A: 1 , 2 , 3 , 4 1, 2, 3, 4 1 , 2 , 3 , 4 (Germany, USA, South Africa, India). © examsnet.com"
CDS-2020-II-GK-033,2020,GK,Geography,Physical and Indian Geography,Geography | Physical Geography | Indian Geography | Geomorphology,hard,"As per the use- based classification of the Index of Industrial Production (IIP), the maximum weight has been assigned to __________. \text{As per the use- based classification of the Index of Industrial Production (IIP), the maximum weight has been assigned to \_\_\_\_\_\_\_\_\_\_.} As per the use- based classification of the Index of Industrial Production (IIP), the maximum weight has been assigned to __________.",primary goods,intermediate goods,consumer durables,consumer non-durables,A,"Solution: Concept: The Index of Industrial Production (IIP) is a key measure of industrial output in India, and its use-based classification assigns weights to different categories of goods. Explanation: The use-based classification of IIP includes categories such as primary goods, intermediate goods, capital goods, consumer durables, and consumer non-durables. In the latest IIP series (with 809 809 809 items in manufacturing), primary goods have the highest weight of approximately 34 % 34\% 34% . Capital goods have the lowest weight (about 8.22 % 8.22\% 8.22% ). Intermediate goods, consumer durables, and consumer non-durables have lower weights than primary goods. Therefore, among the given options, primary goods carry the maximum weight in the IIP use-based classification. Answer: A. primary goods © examsnet.com"
CDS-2020-II-GK-034,2020,GK,Modern History,Indian National Movement,Modern History | Freedom Struggle | British Colonial Rule,easy,"Normally, the shift in demand curve will not occur when",price of a commodity falls,consumers want to buy more at any given prize,average income rises,population grows,A,"Solution: Concept: A shift in the demand curve occurs only when a non-price determinant of demand changes. Explanation: A change in the price of the commodity itself causes a movement along the same demand curve. It does not shift the curve to a new position. In contrast, factors like income, population, tastes, or prices of related goods cause the entire demand curve to shift left or right. Therefore, when the price of a commodity falls, there is normally no shift in the demand curve. Answer: Option A – price of a commodity falls. © examsnet.com"
CDS-2020-II-GK-035,2020,GK,General Knowledge,General Knowledge,General Knowledge | UPSC CDS | Prelims,hard,"A market, in which there are a large number of firms, homogeneous product, infinite elasticity of demand for an individual firm and no control over price by firms, is termed as________. \text{A market, in which there are a large number of firms, homogeneous product, infinite elasticity of demand for an individual firm and no control over price by firms, is termed as\_\_\_\_\_\_\_\_.} A market, in which there are a large number of firms, homogeneous product, infinite elasticity of demand for an individual firm and no control over price by firms, is termed as________.",Oligopoly,Imperfect competition,Monopolistic competition,Perfect competition,D,"Solution: Concept: This market structure is defined by many firms, identical products, and firms being price takers with perfectly elastic demand. Explanation: In perfect competition, there are a large number of small firms. All firms sell a homogeneous (identical) product. The demand curve facing an individual firm is perfectly elastic (horizontal). This means the firm can sell any quantity at the prevailing market price. The firm has no control over price; it must accept the market-determined price. Thus, the firm is a price taker, not a price maker. Other characteristics include free entry and exit, perfect knowledge, and no selling costs. These features match the description given in the question exactly. Answer: Perfect competition (Option D). © examsnet.com"
CDS-2020-II-GK-036,2020,GK,Geography,Physical and Indian Geography,Geography | Physical Geography | Indian Geography | Geomorphology,easy,Which one of the following statements with regard to ozone is NOT correct?,Ozone is found mostly at 15-55 km in the atmosphere.,Ozone is produced by gaseous chemical reactions.,16th November is celebrated as the International Day for the Preservation of the Ozone Layer.,Ozone is a form of oxygen in which three oxygen atoms are bounded together.,C,"Solution: Concept: Ozone layer and related international awareness day. Explanation: Option A is correct: ozone is mostly found in the stratosphere between 15 and 55 km altitude. Option B is correct: ozone is produced by photochemical reactions involving oxygen and UV radiation. Option D is correct: ozone ( O 3 \mathrm{O}_3 O 3 ​ ) is a triatomic molecule of oxygen. Option C is incorrect: the International Day for the Preservation of the Ozone Layer is celebrated on 16th September, not 16th November. Answer: Option C. © examsnet.com"
CDS-2020-II-GK-037,2020,GK,General Knowledge,General Knowledge,General Knowledge | UPSC CDS | Prelims,easy,S e a o f A z o v i s c o n n e c t e d t o _ _ _ _ _ _ _ . Sea of Azov is connected to \_\_\_\_\_\_\_. S e a o f A zo v i sco nn ec t e d t o _______.,Black Sea,Baltic Sea,Mediterranean Sea,North Sea,A,"Solution: Concept: The Sea of Azov is an inland sea linked to the Black Sea through the Strait of Kerch. Explanation: The Sea of Azov is located between Russia and Ukraine. It connects to the Black Sea via the narrow Strait of Kerch. This strait is about 4 km wide and up to 15 m deep at its narrowest point. Through this connection, the Sea of Azov has access to the Atlantic Ocean via the Black Sea, Marmara Sea, Aegean Sea, and Mediterranean Sea. The other options—Baltic Sea, Mediterranean Sea (directly), and North Sea—are not directly connected to the Sea of Azov. Answer: Black Sea © examsnet.com"
CDS-2020-II-GK-038,2020,GK,General Knowledge,General Knowledge,General Knowledge | UPSC CDS | Prelims,medium,"Climax mine, the largest producer of molybdenum, is located in _________ \text{Climax mine, the largest producer of molybdenum, is located in \_\_\_\_\_\_\_\_\_} Climax mine, the largest producer of molybdenum, is located in _________",Canada,USA,Australia,South Africa,B,"Solution: Concept: The Climax mine is a major source of molybdenum, a metal used in steel alloys. Explanation: The Climax mine is located near Leadville, Colorado, in the United States. It began production in 1915 and was the world's largest molybdenum producer until its closure in 1995. Thus, the mine is situated in the USA. Answer: USA (Option B) © examsnet.com"
CDS-2020-II-GK-039,2020,GK,General Knowledge,General Knowledge,General Knowledge | UPSC CDS | Prelims,easy,Which one among the following Union Territories of India is the smallest in geographical area?,Chandigarh,Puducherry,Dadra and Nagar Haveli and Daman and Diu,Lakshadweep,D,"Solution: Concept: The geographical area of Union Territories in India is compared to identify the smallest one. Explanation: Lakshadweep has an area of only 36 km 2 36\text{ km}^2 36 km 2 , making it the smallest Union Territory of India. It is an archipelago of 36 36 36 islands with a population of about 65 , 000 65{,}000 65 , 000 . Chandigarh covers 114 km 2 114\text{ km}^2 114 km 2 , Puducherry covers 483 km 2 483\text{ km}^2 483 km 2 , and Dadra and Nagar Haveli and Daman and Diu covers 491 km 2 491\text{ km}^2 491 km 2 — all larger than Lakshadweep. Thus, among the given options, Lakshadweep is the smallest in geographical area. Answer: Lakshadweep © examsnet.com"
CDS-2020-II-GK-040,2020,GK,Geography,Physical and Indian Geography,Geography | Physical Geography | Indian Geography | Geomorphology,medium,Buenos Aires and Montevideo are situated across the banks of _________. \text{Buenos Aires and Montevideo are situated across the banks of \_\_\_\_\_\_\_\_\_.} Buenos Aires and Montevideo are situated across the banks of _________.,River Plate,Orinoco River,Purus River,Madeira River,A,"Solution: Concept: The Rio de la Plata (River Plate) forms the border between Argentina and Uruguay, with the capitals Buenos Aires and Montevideo on opposite banks. Explanation: The River Plate is located on the east coast of South America, separating Argentina and Uruguay. Buenos Aires, the capital of Argentina, lies on its western shore. Montevideo, the capital of Uruguay, lies on its northern shore. Hence, both cities are situated across the banks of the River Plate. Answer: River Plate © examsnet.com"
CDS-2020-II-GK-041,2020,GK,General Knowledge,General Knowledge,General Knowledge | UPSC CDS | Prelims,medium,T h e l a r g e s t b a r r i e r r e e f s y s t e m i n t h e w o r l d i s f o u n d a t _ _ _ _ _ _ _ . The largest barrier reef system in the world is found at \_\_\_\_\_\_\_. T h e l a r g es t ba rr i erree f sys t e min t h e w or l d i s f o u n d a t _______.,North East Australian Coast,West Australian Coast,North Australian Coast,South Australian Coast,A,"Solution: Concept: The largest barrier reef system in the world is the Great Barrier Reef, located off the northeast coast of Australia. Explanation: The Great Barrier Reef is the world’s largest coral reef system. It consists of over 2,900 individual reefs and 900 islands. It stretches over 2,300 kilometres in the Coral Sea. The reef lies off the coast of Queensland, Australia. This location corresponds to the north‑east Australian coast. Therefore, the correct option is the north‑east Australian coast. Answer: Option A: North East Australian Coast © examsnet.com"
CDS-2020-II-GK-042,2020,GK,General Mental Ability,Logical & Analytical Reasoning,Mental Ability | Logical Reasoning | Analytical Ability,easy,"During the 19th century, who among the following wrote Satapatra Series?",M. G. Ranade,B. G. Tilak,Bankim Chandra Chatterjee,G. H. Deshmukh,D,"Solution: Concept: The Satapatra Series (Shatapatre) was a collection of articles on social reform written in the 19th century. Explanation: The Satapatra Series was penned by Gopal Hari Deshmukh, a prominent social reformer from Maharashtra. He wrote these articles under the pen name Lokhitawadi in the weekly newspaper Prabhakar. The series consisted of 108 articles that criticized social evils like child marriage, the dowry system, the caste system, and religious orthodoxy. Deshmukh also advocated for women's education and emancipation. His writings played a key role in the social reform movement in Maharashtra during the 19th century. The other options—M. G. Ranade, B. G. Tilak, and Bankim Chandra Chatterjee—were notable figures, but they did not write the Satapatra Series. Answer: G. H. Deshmukh © examsnet.com"
CDS-2020-II-GK-043,2020,GK,Modern History,Indian National Movement,Modern History | Freedom Struggle | British Colonial Rule,easy,Which one of the following was not a demand made by the Congress moderates?,Universal adult franchise,Repeal of the Arms Act,Extension of Permanent Settlement,Higher jobs for Indians in the army,C,"Solution: Concept: The Congress moderates made several constitutional, administrative, and economic demands, but extension of Permanent Settlement was not among them. Explanation: The moderates demanded expansion of legislative councils at central and provincial levels. They wanted elected Indian members in these councils and control over the public purse. They demanded self-rule within the British Empire, like the self-governing colonies of Australia and Canada. They asked for Indian representation in the Viceroy's Executive Council and the Governors' councils. They demanded universal adult franchise with direct election of legislative council members. In the administrative sphere, they demanded simultaneous Indian Civil Service exams in England and India. They demanded complete separation of the executive and the judiciary. They asked for repeal of the Arms Act and the License Act. They demanded more comprehensive employment of Indians in higher administrative services and higher jobs for Indians in the army. They demanded spread of primary education and improvement of the police system. However, extension of Permanent Settlement — a land revenue system introduced by Lord Cornwallis in 1793 in Bengal, Bihar, and Odisha — was never a demand of the Congress moderates. Answer: The correct answer is Extension of Permanent Settlement. © examsnet.com"
CDS-2020-II-GK-044,2020,GK,General Knowledge,General Knowledge,General Knowledge | UPSC CDS | Prelims,easy,Who among the following founded the Mohammedan Anglo-Oriental Defence Association (1893)?,Auckland Colvin,Badruddin Tyabji,Theodore Beck,Sir Syed Ahmad Khan,D,"Solution: Concept: The Mohammedan Anglo-Oriental Defence Association was founded by Sir Syed Ahmad Khan in 1893 to protect Muslim political interests. Explanation: The association aimed to unite Muslims and counter the growing influence of the Indian National Congress. Sir Syed Ahmad Khan established it with the help of Theodore Beck, the principal of the Muhammadan Anglo-Oriental College. The British encouraged this move to reduce Congress’s appeal among Muslims. The association promoted English education and Western sciences to maintain Muslim political relevance in northern India. Other individuals listed in the options—Auckland Colvin (colonial administrator), Badruddin Tyabji (first Muslim president of INC), and Theodore Beck (educationalist)—were not the founder. Answer: Sir Syed Ahmad Khan © examsnet.com"
CDS-2020-II-GK-045,2020,GK,General Knowledge,General Knowledge,General Knowledge | UPSC CDS | Prelims,easy,"After the First World War, the Triveni Sangh was formed by",the Jats and Gujjars,the Rajputs and Yadavs,the Jats and Yadavs,the Ahirs and Kurmis,D,"Solution: Concept: The Triveni Sangh was a political coalition formed by backward castes in Bihar after the First World War. Explanation: The Triveni Sangh was founded around 1933–1934 in the Shahabad district of Bihar. It primarily represented the interests of middle peasant castes. The main communities involved were the Yadavs (also called Ahirs), the Koeris, and the Kurmis. The name ""Triveni"" symbolises the confluence of three rivers, reflecting the unity of these three castes. Among the given options, the correct pair that matches the founders is the Ahirs (a synonym for Yadavs) and the Kurmis. Answer: Option D: the Ahirs and Kurmis © examsnet.com"
CDS-2020-II-GK-046,2020,GK,Modern History,Indian National Movement,Modern History | Freedom Struggle | British Colonial Rule,easy,Who among the following was the first to accept a ministerial position in the Central Provinces in October 1925?,B. S. Moonje,M. R. Jayakar,S. B. Tambe,B. N. Sasmal,C,"Solution: Concept: The question checks knowledge of Indian political history, specifically the first Indian to accept a ministerial post under the dyarchy system in the Central Provinces. Explanation: • In October 1925, the Central Provinces (present-day Madhya Pradesh and parts of Maharashtra) witnessed the appointment of the first Indian minister under the Government of India Act 1919. • Shripad Balwant Tambe, a member of the Swaraj Party, accepted this position, becoming the first Indian to hold a ministerial office in the Central Provinces. • He took over after the tenure of Moropant Vishvanath Joshi ended in 1925. • Tambe was also the President of the Central Provinces Legislative Council and later attended the Second Round Table Conference in 1931. • His decision to accept the ministry sparked debate within the Swaraj Party, with Motilal Nehru opposing it, while M. R. Jayakar supported the move, comparing it to V. J. Patel's acceptance of a similar post. • Other options: B. S. Moonje was a Hindu Mahasabha leader; M. R. Jayakar was a lawyer and first Vice-Chancellor of Pune University; B. N. Sasmal was a lawyer known as Deshpran for his Swadeshi movement work. Answer: S. B. Tambe (option C). © examsnet.com"
CDS-2020-II-GK-047,2020,GK,Quantitative Aptitude,Basic Numeracy & Quantitative Aptitude,Aptitude | Mathematics | Quantitative Reasoning | Problem Solving,easy,Who among the following formed the National Liberation Federation (Liberal Party)?,Motilal Nehru and C. R. Das,Muhammad Ali and C. R. Das,T. B. Sapru and M. R. Jayakar,M. R. Jayakar and C. R. Das,C,"Solution: Concept: The National Liberal Federation (Liberal Party) was formed by moderate leaders who broke away from the Indian National Congress in 1919. Explanation: The party was founded by Surendra Nath Banerjee after a split in the Congress over the Montagu report of 1918. Moderates supported the report while extremists opposed it, leading to a schism. Prominent leaders of this new Liberal Federation included Tej Bahadur Sapru and M. R. Jayakar. Among the given options, both T. B. Sapru and M. R. Jayakar were key figures in the formation and leadership of this party. Other options list leaders associated with different parties, such as the Swaraj Party (Motilal Nehru and C. R. Das) or the Muslim League (Muhammad Ali), who were not founders of the Liberal Federation. Answer: C. T. B. Sapru and M. R. Jayakar © examsnet.com"
CDS-2020-II-GK-048,2020,GK,Geography,Physical and Indian Geography,Geography | Physical Geography | Indian Geography | Geomorphology,easy,The National Disaster Management Authority functions under the Ministry of____________.,"Environment, Forest and Climate Change",Home Affairs,Commerce and Industry,Finance,B,"Solution: Concept: The National Disaster Management Authority (NDMA) is the apex body for disaster management in India and operates under the Ministry of Home Affairs. Explanation: The NDMA was constituted on 27 September 2006 under the Disaster Management Act, 2005. The Prime Minister is the Chairperson of NDMA, along with a Vice-Chairperson and nine members. The Ministry of Home Affairs (MHA) serves as the nodal ministry for natural disaster management in India. NDMA coordinates responses to both natural and man-made disasters and lays down policies, plans, and guidelines for disaster management. It also works with State Disaster Management Authorities (SDMAs) and deploys the National Disaster Response Force (NDRF) when needed. Thus, NDMA functions under the Ministry of Home Affairs. Answer: The National Disaster Management Authority functions under the Ministry of Home Affairs (Option B). © examsnet.com"
CDS-2020-II-GK-049,2020,GK,General Knowledge,General Knowledge,General Knowledge | UPSC CDS | Prelims,easy,The socialist idea of Sapta Kranti (Seven Revolutions) was proposed by,Ram Manohar Lohia,Jawaharlal Nehru,M. G. Ranade,Jayaprakash Narayan,A,"Solution: Concept: The socialist idea of Sapta Kranti (Seven Revolutions) was proposed by Indian socialist leader Ram Manohar Lohia. Explanation: Ram Manohar Lohia was a prominent freedom fighter and socialist thinker. He advocated for seven revolutions to address social, economic, and political inequalities. These included equality between men and women, abolition of caste, economic equality, ending foreign domination, and promoting Satyagraha over arms. Lohia’s ideas significantly influenced the movement for OBC empowerment and egalitarian society in India. Answer: Ram Manohar Lohia © examsnet.com"
CDS-2020-II-GK-050,2020,GK,General Knowledge,General Knowledge,General Knowledge | UPSC CDS | Prelims,easy,Which one among the following is NOT a character of a secular State?,It refuses theocracy.,It separates religion from the State.,A State in order to be secular must be democratic.,It must prevent religious conflict and promote religious harmony,C,"Solution: Concept: A secular state is defined by the separation of religion from state affairs, not by the presence of democracy. Explanation: The key characteristics of a secular state include refusing theocracy, separating religion from the state, and preventing religious conflict while promoting harmony. Democracy is not a necessary condition for secularism; a secular state can exist under non-democratic systems as well. Therefore, the statement that a state must be democratic to be secular is not a valid character of a secular state. Answer: Option C. © examsnet.com"
CDS-2020-II-GK-051,2020,GK,Polity,Indian Constitution & Governance,Polity | Constitution of India | Governance | Constitutional Bodies,easy,A special address by the Governor refers to the address delivered by the Governor,when President's Rule is called for,when a national emergency necessitates dissolution of Legislative Assembly,at the commencement of the first session after general election and at the first session of each year,whenever he/ she has concluded that such is necessary,C,"Solution: Concept: Article 176 of the Indian Constitution mandates the Governor to deliver a special address on two specific occasions. Explanation: The Governor must address the Legislative Assembly (or both Houses if a Legislative Council exists) at the commencement of the first session after a general election and at the commencement of the first session of each year. This address informs the legislature of the reasons for its summons and sets out the government's policy agenda. It is a constitutional requirement, and no session can begin without fulfilling it. Therefore, option C is correct. Answer: C. at the commencement of the first session after general election and at the first session of each year. © examsnet.com"
CDS-2020-II-GK-052,2020,GK,Modern History,Indian National Movement,Modern History | Freedom Struggle | British Colonial Rule,easy,Which one of the following statements in relation to Panchayats is NOT correct?,"Legislature of a State may, by law, make provisions with respect to the composition of Panchayats.",Panchayat area means the territorial area of a Panchayat.,Gram Sabha includes all adult persons in the electoral rolls of village within a Panchayat,Reservation of seats for SCs and STs has nothing to do with proportion of their population.,D,"Solution: Concept: The question identifies the incorrect statement concerning Panchayats under the Constitution. Explanation: Option 1 is correct: Article 243C allows the State Legislature to make laws on the composition of Panchayats. Option 2 is correct: “Panchayat area” is defined as the territorial area of a Panchayat under Article 243. Option 3 is correct: Gram Sabha consists of all persons registered in the electoral rolls of a village within a Panchayat area (Article 243 definition). Option 4 is NOT correct: Article 243D mandates that reservations for Scheduled Castes and Scheduled Tribes shall be in proportion to their population in the Panchayat area. Thus, the statement that reservation ""has nothing to do with proportion of their population"" is false. Answer: Option D (Reservation of seats for SCs and STs has nothing to do with proportion of their population) is the incorrect statement. © examsnet.com"
CDS-2020-II-GK-053,2020,GK,General Knowledge,General Knowledge,General Knowledge | UPSC CDS | Prelims,easy,Which one of the following statements with regard to 'protective democracy' is NOT correct?,It Propounds that citizen participation is essential in democracies,Citizens must be able to protect themselves from governmental encroachments,It is compatible with laissez-faire capitalism.,Political equality is understood in formal terms as equal voting rights .,C,"Solution: Concept: Protective democracy focuses on protecting individual rights and liberty, not on maximizing citizen participation. Explanation: Protective democracy is based on classical liberalism. It sees citizen participation mainly as a tool to elect representatives who will safeguard rights. Participation is not considered essential; the main goal is protection from state encroachment. Statement A (""citizen participation is essential"") is therefore incorrect for protective democracy. Statements B, C, and D are all correct features. B: Citizens must be able to check government power. C: It is compatible with laissez-faire capitalism, which limits state intervention. D: Political equality is formal, like equal voting rights. Thus, the statement that is NOT correct is option A. Answer: Option A is NOT correct. © examsnet.com"
CDS-2020-II-GK-054,2020,GK,General Knowledge,General Knowledge,General Knowledge | UPSC CDS | Prelims,easy,"In August 2020, a blast has taken place at Beirut killing about one hundred people and thousand wounded.The blast was caused by?",Dynamite,Ammonium Nitrate,RDX,Mercury Nitride,B,"Solution: Concept: The Beirut blast in August 2020 was caused by the detonation of a large stockpile of ammonium nitrate stored unsafely in a warehouse. Explanation: Over 2,700 tons of ammonium nitrate ( N H 4 N O 3 \mathrm{NH}_4\mathrm{NO}_3 NH 4 ​ NO 3 ​ ) had been confiscated from a cargo ship in 2014 and stored at the port of Beirut. Ammonium nitrate is a white crystalline solid, highly soluble in water, and commonly used as a high-nitrogen fertilizer. It is also a strong oxidizer and can explode when subjected to intense heat, shock, or contamination. On August 4, 2020, a fire in the warehouse initiated the detonation, causing a massive explosion that killed over 100 people and wounded thousands. Other options are not correct for this specific event: • Dynamite is a mixture of nitroglycerin and stabilizers, used mainly in mining. • RDX ( C 3 H 6 N 6 O 6 \mathrm{C}_3\mathrm{H}_6\mathrm{N}_6\mathrm{O}_6 C 3 ​ H 6 ​ N 6 ​ O 6 ​ ) is a powerful military explosive. • Mercury nitride ( H g 3 N 2 \mathrm{Hg}_3\mathrm{N}_2 Hg 3 ​ N 2 ​ or [ H g 2 N ] ( N O 3 ) \mathrm{[Hg_2N](NO_3)} [ H g 2 ​ N ] ( N O 3 ​ ) ) is unstable and not commonly encountered. Thus, the blast was caused by ammonium nitrate. Answer: Ammonium Nitrate © examsnet.com"
CDS-2020-II-GK-055,2020,GK,General Knowledge,General Knowledge,General Knowledge | UPSC CDS | Prelims,easy,What is 'Little Boy'?,The fission bomb dropped at Hiroshima,The fusion bomb dropped at Nagasaki,The first nuclear bomb tested by America,The first nuclear bomb tested by North Korea,A,"Solution: Concept: Little Boy was the codename for the first atomic bomb used in warfare, a fission bomb. Explanation: It was dropped on Hiroshima, Japan, on 6 August 1945 by the US B-29 bomber Enola Gay. It released approximately 15 kilotons of TNT energy, causing massive destruction. The bomb used uranium-235 in a gun-type fission design. It was the second man-made nuclear explosion (after the Trinity test) but the first used in combat. This distinguishes it from the plutonium-implosion bomb ""Fat Man"" dropped on Nagasaki. Answer: Option A: The fission bomb dropped at Hiroshima © examsnet.com"
CDS-2020-II-GK-056,2020,GK,Science & Tech,General Science & Emerging Technologies,Science & Tech | General Science | Applied Science | Physics | Chemistry | Biology,easy,Which one of the following Indian institutes was approved by the Drugs Controller General of India for conducting human trials of the Oxford-AstraZeneca Covid-19 vaccine candidate?,Bharat Biotech,AIIMS,Serum Institute of India,National Institute of Epidemiology,C,"Solution: Concept: The Drugs Controller General of India (DCGI) approved the Serum Institute of India to conduct human trials of the Oxford-AstraZeneca COVID-19 vaccine candidate in India. Explanation: The question asks which Indian institute received DCGI approval for human trials of the Oxford-AstraZeneca vaccine. The Serum Institute of India (SII) was the licensed manufacturer and trial partner for this vaccine in India. SII had paused the trial earlier due to safety concerns, and DCGI later allowed it to resume with extra monitoring. Other options: Bharat Biotech developed its own vaccine Covaxin; AIIMS is a medical research hospital; National Institute of Epidemiology is a research organization. None of these were approved for the Oxford-AstraZeneca trials. Answer: Serum Institute of India (Option C). © examsnet.com"
CDS-2020-II-GK-057,2020,GK,Quantitative Aptitude,Basic Numeracy & Quantitative Aptitude,Aptitude | Mathematics | Quantitative Reasoning | Problem Solving,medium,The recent explosion near OIL well in Baghjan is due to __________ \text{The recent explosion near OIL well in Baghjan is due to \_\_\_\_\_\_\_\_\_\_} The recent explosion near OIL well in Baghjan is due to __________,Removing the spool during the blowout control operations,Transfer of oil from its depot to pipeline,The leakage of methyl isocyanide,The leakage of radiations from radioactive substance,A,"Solution: Concept: A blowout is an uncontrolled release of oil or gas due to equipment failure. Explanation: The explosion near the Oil India Limited (OIL) well in Baghjan, Assam, occurred on June 9, 2020. It followed a blowout that had started on May 27, 2020. The blowout happened because a spool was removed during the blowout control operations. Removing the spool allowed high-pressure gas to escape uncontrollably, leading to a massive fire and explosion. This event was not caused by a transfer of oil, leakage of methyl isocyanide, or radiation leakage. Answer: Option A: Removing the spool during the blowout control operations. © examsnet.com"
CDS-2020-II-GK-058,2020,GK,General Knowledge,General Knowledge,General Knowledge | UPSC CDS | Prelims,easy,Who among the following is the architect of the Ram Temple being constructed at Ayodhya?,P. O. Sompura,Chandrakant Sompura,Brinda Somaya,B. V. Doshi,B,"Solution: Concept: The Ram Temple at Ayodhya is designed by the Sompura family of temple architects. Explanation: The chief architect of the temple is Chandrakant Sompura . He also designed the Akshardham temple in Gujarat. His grandfather, Prabhakarji Sompura, had designed the Somnath temple. He is assisted by his two sons, Nikhil and Ashish Sompura, who are also architects. The temple follows the Nagara style of architecture. It will be 161 feet high with three stories and five domes. The structure incorporates Vastushastra and Shilpishastra principles. There will be 360 pillars and five mandapas between the garbhagriha and entrance. Thus, among the given options, Chandrakant Sompura is the architect. Answer: B. Chandrakant Sompura © examsnet.com"
CDS-2020-II-GK-059,2020,GK,General Knowledge,General Knowledge,General Knowledge | UPSC CDS | Prelims,easy,Which one of the following countries is NOT located on the Tropic of Capricorn?,Chile,Brazil,Paraguay,Uruguay,D,"Solution: Concept: The Tropic of Capricorn is a line of latitude at approximately 23. 5 ∘ 23.5^{\circ} 23. 5 ∘ south, passing through only a few countries in South America, Africa, and Australia. Explanation: The Tropic of Capricorn passes through four South American countries: Chile, Argentina, Paraguay, and Brazil. It also passes through five African countries: Namibia, Botswana, South Africa, Mozambique, and Madagascar. Additionally, it goes through Australia and French Polynesia (Oceania). Uruguay is located south of the Tropic of Capricorn, at about 3 0 ∘ 30^{\circ} 3 0 ∘ to 3 5 ∘ 35^{\circ} 3 5 ∘ south latitude, so it does not lie on the Tropic of Capricorn. Among the given options, Chile, Brazil, and Paraguay all lie on the Tropic, but Uruguay does not. Answer: Uruguay (Option D) © examsnet.com"
CDS-2020-II-GK-060,2020,GK,Geography,Physical and Indian Geography,Geography | Physical Geography | Indian Geography | Geomorphology,hard,Match List-I with List-II and select the correct answer using the code given below the Lists : List-I List-II (Active Volcano) (Location) A. Mount Merapi 1. Hawaii B. Sakurajima 2. Italy C. Mount Vesuvius 3. Japan D. Mauna Loa 4. Indonesia,"A - 1, B - 2, C - 3, D - 4","A - 1, B - 3, C - 2, D - 4","A - 4, B - 2, C - 1, D - 3","A - 4, B - 3, C - 2, D - 1",D,"Solution: Concept: This question tests your knowledge of the locations of famous active volcanoes around the world. Explanation: Mount Merapi is a highly active stratovolcano in Indonesia, located on Java island. Sakurajima is an active volcano in Japan, on the island of Kyushu. Mount Vesuvius is famous for destroying Pompeii and is located in Italy, near Naples. Mauna Loa is a massive shield volcano on the Big Island of Hawaii, USA. Thus, the correct matching is: A (Mount Merapi) with 4 (Indonesia), B (Sakurajima) with 3 (Japan), C (Mount Vesuvius) with 2 (Italy), D (Mauna Loa) with 1 (Hawaii). Answer: Option D: A - 4, B - 3, C - 2, D - 1. © examsnet.com"
CDS-2020-II-GK-061,2020,GK,General Knowledge,General Knowledge,General Knowledge | UPSC CDS | Prelims,easy,Which one of the following is not a major tectonic plate?,Saudi Arabian plate,Antarctica and the surrounding oceanic plate,India-Australia-New Zealand plate,Pacific plate,A,"Solution: Concept: The Earth's lithosphere is divided into seven major tectonic plates and several minor plates. Explanation: Major plates cover areas larger than 20 20 20 million square kilometers. They include the Antarctica and surrounding oceanic plate, the India-Australia-New Zealand plate, and the Pacific plate. The Saudi Arabian plate is a minor plate, covering an area less than 20 20 20 million square kilometers. Therefore, the Saudi Arabian plate is not a major tectonic plate. Answer: A. Saudi Arabian plate © examsnet.com"
CDS-2020-II-GK-062,2020,GK,General Knowledge,General Knowledge,General Knowledge | UPSC CDS | Prelims,easy,Which one among the following is considered the deepest point of the oceans?,Tonga Trench,Mariana Trench,Philippine Trench,Kermadec Trench,B,"Solution: Concept: The deepest part of the world's oceans is located in a subduction-related deep-sea trench. Explanation: The Mariana Trench, east of the Mariana Islands in the western North Pacific, is the deepest oceanic trench on Earth. Its deepest point, the Challenger Deep, reaches approximately 11034 11034 11034 meters ( 36200 36200 36200 feet). This makes it the lowest point on the Earth's crust below sea level. The Tonga Trench is the second deepest (about 10882 10882 10882 m), but it is still shallower than the Mariana. The Philippine Trench and Kermadec Trench have depths around 10000 10000 10000 meters, but not surpassing the Mariana. Therefore, the Mariana Trench is considered the deepest point of the oceans. Answer: Mariana Trench © examsnet.com"
CDS-2020-II-GK-063,2020,GK,General Knowledge,General Knowledge,General Knowledge | UPSC CDS | Prelims,easy,The four planets closest to the Sun are called,Terrestrial planets,Giant planets,Dwarf planets,Gas planets,A,"Solution: Concept: Planets are classified based on composition and location; the four innermost planets are rocky and solid. Explanation: The four planets closest to the Sun are Mercury, Venus, Earth, and Mars. These planets have solid, rocky surfaces, similar to Earth's structure. They are known as terrestrial planets, meaning ""Earth-like"". In contrast, the outer planets like Jupiter, Saturn, Uranus, and Neptune are gas giants or Jovian planets, much larger and composed mainly of hydrogen and helium. Terrestrial planets are smaller, denser, and have fewer moons. Therefore, the correct classification for the innermost four planets is terrestrial planets. Answer: A. Terrestrial planets © examsnet.com"
CDS-2020-II-GK-064,2020,GK,General Knowledge,General Knowledge,General Knowledge | UPSC CDS | Prelims,easy,Which one of the following countries does not have Tundra vegetation?,Belarus,USA,Russia,Canada,A,"Solution: Concept: Tundra vegetation is found only in high-latitude polar regions with extremely cold climates and permafrost. Explanation: The tundra biome is treeless and occurs in Arctic and subarctic areas. These regions include Alaska (USA), northern Canada, and northern Russia. Belarus is a landlocked country in Eastern Europe, far from the Arctic Circle. Its climate is temperate continental, not polar. Therefore, Belarus does not have tundra vegetation. The USA, Russia, and Canada all have Arctic territories that support tundra. Answer: Belarus © examsnet.com"
CDS-2020-II-GK-065,2020,GK,General Knowledge,General Knowledge,General Knowledge | UPSC CDS | Prelims,easy,Which one of the following is not a fluvial landform?,Cirque,Gorge,Braids,Canyon,A,"Solution: Concept: Fluvial landforms are created by the erosional and depositional action of running water (rivers). Explanation: Cirque is a glacial erosional landform, not a fluvial one. A cirque is a deep, bowl‑shaped basin with steep concave walls formed by glacial erosion. It is also known as a corrie. Gorge is a deep, narrow valley with very steep sides, formed by river erosion. Braided channels occur when a river deposits sediment and splits into multiple interwoven channels due to high sediment load. Canyon is a deep, narrow valley with steep, step‑like sides, formed by river erosion in horizontally bedded sedimentary rocks. The Grand Canyon is a famous example of a canyon. Since gorge, braids, and canyon are all products of river action, they are fluvial landforms. Only cirque is formed by glacial action, making it the non‑fluvial landform. Answer: Cirque (Option A) © examsnet.com"
CDS-2020-II-GK-066,2020,GK,General Knowledge,General Knowledge,General Knowledge | UPSC CDS | Prelims,medium,"At the Gandhar School of Art, initially, blueshists and green fightlights were used. When did plaster completely replace stone as the main material used by the sculptors of the Gandhara school?",First century BC,Second century BC,3rd century BC,5th century BC,C,"Solution: Concept: Gandhara art initially used stone (blue schist and green phyllite), and later plaster became the main material. Explanation: The Gandhara School of Art flourished from around the 1st century BC to the 4th century CE. In the beginning, sculptors used blue schist and green phyllite stone. Over time, plaster (stucco) completely replaced stone as the primary sculpting material. This transition occurred by the 3rd century BC. Plaster allowed for more detailed and free-standing structures like chaityas, viharas, and stupas. The statues were often painted and gilded, showing Greco-Roman influences such as youthful Apollo-like faces and Roman attire. Answer: C. 3rd century BC © examsnet.com"
CDS-2020-II-GK-067,2020,GK,Ancient History,Ancient Indian History,Ancient History | Indian History | Archaeological Sources,easy,Which one of the following statements about Gupta coins is not correct?,Gupta kings issued large number of gold coins known as Dinar.,"Chandragupta II, Kumaragupta I, Skandagupta and Budhagupta issued silver coins.",The obverses of coins are carved with the images of the kings and on the reverse are carved deities.,The largest number of coins issued by the Guptas were of copper.,D,"Solution: Concept: Gupta coinage was predominantly gold, with silver and very few copper coins. Explanation: The Guptas issued a large number of gold coins called Dinars. Chandragupta II, Kumaragupta I, Skandagupta, and Budhagupta issued silver coins. The obverse of coins typically showed the king's image, and the reverse showed deities. Copper coins were very scarce during the Gupta period. Therefore, the statement that ""the largest number of coins issued by the Guptas were of copper"" is incorrect. Answer: Option D is the incorrect statement. © examsnet.com"
CDS-2020-II-GK-068,2020,GK,Modern History,Indian National Movement,Modern History | Freedom Struggle | British Colonial Rule,easy,"Who among the following wrote ""The Philosophy of the Bomb""?",Sukhdev,Chandrashekhar Azad,Bhagwati Charan Vohra,Bhagat Singh,C,"Solution: Concept: The article ""The Philosophy of the Bomb"" was authored by Bhagwati Charan Vohra, a revolutionary freedom fighter. Explanation: Bhagwati Charan Vohra was a key member of the Hindustan Socialist Republican Association (HSRA). He co-authored this article with Chandrashekhar Azad to explain the ideological justification for using violence against British rule. The article was written in response to the failed assassination attempt on Viceroy Lord Irwin in December 1929. Vohra was also known for writing the HSRA manifesto and being an articulate propagandist. He died in 1930 while testing a bomb to rescue Bhagat Singh from jail. Answer: Bhagwati Charan Vohra © examsnet.com"
CDS-2020-II-GK-069,2020,GK,Modern History,Indian National Movement,Modern History | Freedom Struggle | British Colonial Rule,easy,At which one of the following Sessions of the Indian National Congress was the resolution on Fundamental Rights and Economic Policy passed?,Tripuri Session,Lahore Session,Lucknow Session,Karachi Session,D,Solution: Concept: The Indian National Congress session at Karachi in 1931 is famous for passing a resolution that outlined fundamental rights and a national economic programme. Explanation: The correct session is the Karachi Session held in 1931. It was presided over by Sardar Vallabhbhai Patel. This session formally adopted a resolution on Fundamental Rights and a National Economic Policy. These rights later influenced the Preamble and Directive Principles of the Indian Constitution. Other important sessions include: • Lucknow (1916) – reunification of Moderates and Extremists; Lucknow Pact. • Lahore (1929) – resolution for Poorna Swaraj (complete independence). • Tripuri (1939) – president Rajendra Prasad; Subhas Chandra Bose resigned. Answer: D. Karachi Session © examsnet.com
CDS-2020-II-GK-070,2020,GK,General Knowledge,General Knowledge,General Knowledge | UPSC CDS | Prelims,easy,Which one of the following towns was NOT a centre of the Revolt of 1857?,Ayodhya,Agra,Delhi,Kanpur,A,"Solution: Concept: The Revolt of 1857 had several prominent centres where major uprisings occurred. Explanation: Delhi was a major centre where the rebels proclaimed Bahadur Shah Zafar as the leader. Kanpur was another key centre led by Nana Saheb and Tantia Tope. Agra saw a mutiny by the 3rd Bengal Irregular Cavalry and the British fortified the Agra Fort. Ayodhya, though in the Awadh region, did not emerge as a distinct centre of the revolt. The main centres were Delhi, Kanpur, Lucknow, Jhansi, Bareilly, and Gwalior. Ayodhya is not recorded as a significant location where organised rebel activity took place. Therefore, Ayodhya is the town that was NOT a centre of the Revolt of 1857. Answer: Ayodhya © examsnet.com"
CDS-2020-II-GK-071,2020,GK,Quantitative Aptitude,Basic Numeracy & Quantitative Aptitude,Aptitude | Mathematics | Quantitative Reasoning | Problem Solving,medium,Consider the following statements : The Azamgarh Proclamation refers to 1. the declaration by the rebels of 1857 2. the statement by the leader of the underground movement in the Revolt of 1942 Which of the statements given above is/are not correct?,1 only,2 only,Both 1 and 2,Neither 1 nor 2,B,"Solution: Concept: The Azamgarh Proclamation is a historical document from the 1857 rebellion, not related to the 1942 Quit India Movement. Explanation: Statement 1 is correct. The Azamgarh Proclamation was issued during the Revolt of 1857. It was published on 25 August 1857 by Firoz Shah, grandson of Mughal emperor Bahadur Shah Zafar. The proclamation called for Hindu-Muslim unity and urged people of all castes to stay together. It aimed to rally support for the rebels and restore full power to the Mughal king. Thus, it was clearly a declaration by the 1857 rebels. Statement 2 is incorrect. The Azamgarh Proclamation has no connection to the underground movement of the 1942 Revolt. The 1942 underground movement was led by figures like Jayaprakash Narayan and Aruna Asaf Ali during the Quit India Movement. Therefore, only statement 2 is not correct. Answer: Option B: 2 only © examsnet.com"
CDS-2020-II-GK-072,2020,GK,Medieval History,Medieval Indian History,Medieval History | Delhi Sultanate | Mughal Empire | Administration,easy,Ibn Batuta went to China as the envoy of which one of the following Delhi Sultans?,Alauddin Khilji,Muhammad bin Tughluq,Iltutmish,Firoz Shah Tughluq,B,"Solution: Concept: Ibn Battuta was sent as an envoy to China by the Delhi Sultan Muhammad bin Tughluq. Explanation: Ibn Battuta, the famous Moroccan traveller, visited India during the reign of Muhammad bin Tughluq. The Sultan was impressed by his learning and appointed him as a Qazi (judge). Later, Muhammad bin Tughluq sent Ibn Battuta as his ambassador to the Mongol emperor of China. This diplomatic mission is recorded in Ibn Battuta's travelogue, the Rihla. None of the other rulers—Alauddin Khilji, Iltutmish, or Firoz Shah Tughluq—sent Ibn Battuta to China. Answer: Muhammad bin Tughluq © examsnet.com"
CDS-2020-II-GK-073,2020,GK,General Knowledge,General Knowledge,General Knowledge | UPSC CDS | Prelims,easy,Al-Birunì's Kitab-ul-Hind was written in which language?,Arabic,Persian,Urdu,Turkish,A,"Solution: Concept: Al-Biruni’s *Kitab-ul-Hind* is a detailed study of Indian culture, religion, science, and society, written in Arabic. Explanation: Al-Biruni, a Persian scholar who lived during the Islamic Golden Age, wrote *Kitab-ul-Hind* around 1030 CE. He accompanied Mahmud of Ghazni on his Indian expeditions and gathered extensive knowledge about India. The work is a comprehensive treatise with 80 chapters covering topics like religion, philosophy, astronomy, alchemy, customs, and sciences. Al-Biruni chose Arabic as the language for this book because Arabic was the scholarly and administrative language of the Islamic world at that time. Despite being Persian himself, he wrote most of his 146 books in Arabic, including this one. Persian was his native tongue but was not used for *Kitab-ul-Hind*. Urdu and Turkish were not established literary languages in that region during the 11th century. Thus, the correct language of *Kitab-ul-Hind* is Arabic. Answer: Arabic © examsnet.com"
CDS-2020-II-GK-074,2020,GK,Polity,Indian Constitution & Governance,Polity | Constitution of India | Governance | Constitutional Bodies,hard,Which of the following statements with regard to the privileges of the Members of the Parliament are correct? 1. Privileges would not be fettered by the Article 19(1)(a) of the Constitution of India. 2. Privileges must be read subject to the Articles 20-22 and Article 32 of the Constitution of India. 3. Immunity is available in relation to both civil and criminal prosecution. 4. Immunity is available in relation to freedom of speech even in his /her private or personal capacity. Select the correct answer using the code given below.,"1, 2 and 4",1 and 2 only,2 and 3,1 and 4 only,B,"Solution: Concept: Parliamentary privileges are special rights and immunities enjoyed by MPs collectively and individually, distinct from ordinary citizens' rights under Article 19(1)(a). Explanation: Parliamentary privileges are not restricted by Article 19(1)(a) because they derive from Article 105, not from the fundamental right to freedom of speech. So statement 1 is correct. Privileges must be read subject to Articles 20–22 (protection in criminal matters) and Article 32 (right to constitutional remedies), because these fundamental rights prevail over privileges. Thus statement 2 is correct. Immunity from arrest for MPs is only available in civil cases, not in criminal prosecutions. Therefore statement 3 is incorrect. The immunity under Article 105(2) applies only to speech in Parliament or its committees, not to speech in a private or personal capacity. Hence statement 4 is incorrect. Answer: 1 and 2 only © examsnet.com"
CDS-2020-II-GK-075,2020,GK,Modern History,Indian National Movement,Modern History | Freedom Struggle | British Colonial Rule,easy,Which one of the following statements with regard to·the appointment of the Members of the Parliamentary Committees is correct?,The Members are only appointed,The Members are only elected.,The Members are only nominated.,The Members are appointed or elected on·a motion made and adopted or nominated by the Speaker of the Lok Sabha or the Chairman of the Rajya Sabha,D,"Solution: Concept: Parliamentary committees are formed by appointing or electing members through a motion, or by nomination by the presiding officers of the Houses. Explanation: The correct statement is that members are appointed or elected on a motion made and adopted, or nominated by the Speaker of Lok Sabha or the Chairman of Rajya Sabha. This covers both the processes used for different types of committees. Standing committees and ad hoc committees are both constituted this way. For example, department-related standing committees have members chosen by such a motion or nomination, usually for a term of one year. Other committees like the Committee on Ethics are also formed by similar procedure. Thus, option D is correct because it fully describes the method of selection. Options A, B, and C are incorrect because they claim only one method applies, which is not true. The Parliament uses a combination of election, appointment, and nomination depending on the committee. Answer: The members are appointed or elected on a motion made and adopted or nominated by the Speaker of the Lok Sabha or the Chairman of the Rajya Sabha. © examsnet.com"
CDS-2020-II-GK-076,2020,GK,Polity,Indian Constitution & Governance,Polity | Constitution of India | Governance | Constitutional Bodies,easy,Which one of the following is NOT a classified category of political parties as outlined by the Election Commission of India?,National Parties,State Recognised Parties,Regional Parties,Registered Unrecognised Parties,C,"Solution: Concept: The Election Commission of India officially recognises only three categories of political parties: National Parties, State Parties, and Registered Unrecognised Parties. ""Regional Parties"" is not an official classification. Explanation: According to the Election Commission, political parties are listed as ""national party"", ""state party"", or ""registered (unrecognised) party"" under the Election Symbols (Reservation and Allotment) Order, 1968. Option A – National Parties: These are parties that fulfill conditions such as winning 2 % 2\% 2% of Lok Sabha seats from at least three states or being recognised in four states. Option B – State Recognised Parties: These are state-level parties that secure 6 % 6\% 6% of valid votes and at least one Lok Sabha or two assembly seats in a state. Option D – Registered Unrecognised Parties: These are newly registered parties or those that have not yet met the recognition criteria. Option C – Regional Parties: This term is commonly used in media but is not an official category defined by the Election Commission. Hence, ""Regional Parties"" is the one that is NOT a classified category. Answer: Option C – Regional Parties. © examsnet.com"
CDS-2020-II-GK-077,2020,GK,Polity,Indian Constitution & Governance,Polity | Constitution of India | Governance | Constitutional Bodies,hard,"Which of the following were added to the Preamble of the Constitution of India by the Constitutional Amendment, 1976? 1. Socialist 2. Secular 3. Integrity 4. Fraternity Select the correct answer using the code given below.",1 and 2 only,"1, 2 and 3",2 and 4,"1, 3 and 4",B,"Solution: Concept: The 42nd Constitutional Amendment Act of 1976 added three key words to the Preamble of the Indian Constitution. Explanation: The 42nd Amendment inserted the words ""Socialist"", ""Secular"", and ""Integrity"" into the Preamble. Before the amendment, the Preamble described India as a ""Sovereign Democratic Republic"". After the amendment, it became ""Sovereign Socialist Secular Democratic Republic"". Also, the phrase ""unity of the Nation"" was changed to ""unity and integrity of the nation"". The word ""Fraternity"" was already present in the original Preamble adopted on 26th November 1949. Therefore, only items 1 (Socialist), 2 (Secular), and 3 (Integrity) were added by the 1976 amendment. Answer: Option B: 1, 2 and 3 © examsnet.com"
CDS-2020-II-GK-078,2020,GK,Geography,Physical and Indian Geography,Geography | Physical Geography | Indian Geography | Geomorphology,easy,Who among the following was the advisor to the Constituent Assembly?,B. N. Rau,B. R. Ambedkar,Pattabhi Sitaramayya,Alladi Krishnaswamy,A,"Solution: Concept: The Constituent Assembly had a Constitutional Advisor to help draft the Constitution. Explanation: Sir B. N. Rau (Benegal Narsimha Rau) served as the Constitutional Advisor to the Constituent Assembly. He prepared the initial draft of the Constitution, which was later reviewed by the Drafting Committee. Other key members had different roles: Dr. B. R. Ambedkar chaired the Drafting Committee, not the advisor. Pattabhi Sitaramayya and Alladi Krishnaswamy were members of the Assembly, not the advisor. Thus, the correct person is B. N. Rau. Answer: A. B. N. Rau © examsnet.com"
CDS-2020-II-GK-079,2020,GK,Polity,Indian Constitution & Governance,Polity | Constitution of India | Governance | Constitutional Bodies,easy,"In the Indian judicial system, writs are issued by",the Supreme Court only,the High Courts only,the Supreme Court and High Courts only,"the Supreme Court, High Courts and Lower Courts",C,"Solution: Concept: Writs are legal orders issued by superior courts to enforce fundamental rights or other legal rights. Explanation: Under Article 32 32 32 of the Indian Constitution, the Supreme Court has the power to issue writs for the enforcement of fundamental rights. Under Article 226 226 226 , High Courts can issue writs for the enforcement of fundamental rights and also for any other legal purpose. Lower courts (subordinate courts) do not have the power to issue writs. Only the Supreme Court and High Courts are constitutionally empowered to issue writs such as habeas corpus, mandamus, prohibition, certiorari, and quo warranto. Therefore, the correct statement is that writs are issued by the Supreme Court and High Courts only. Answer: Option C: the Supreme Court and High Courts only. © examsnet.com"
CDS-2020-II-GK-080,2020,GK,Polity,Indian Constitution & Governance,Polity | Constitution of India | Governance | Constitutional Bodies,easy,The Citizenship (Amendment) Act falls under which one of the following Parts of the Constitution of India?,Part I,Part II,Part IV,Part VI,B,"Solution: Concept: The Part of the Constitution that deals with citizenship is Part II. Explanation: The Constitution of India is divided into several Parts. Part II (Articles 5 to 11) specifically lays down the provisions for citizenship at the commencement of the Constitution. The Citizenship Act, 1955 and its amendments (including the Citizenship (Amendment) Act) are laws enacted under the authority of Part II. Article 11 empowers Parliament to regulate the right of citizenship by law. Hence, any citizenship-related amendment, such as the Citizenship (Amendment) Act, falls under the scope of Part II of the Constitution. Answer: Part II (Option B). © examsnet.com"
CDS-2020-II-GK-081,2020,GK,General Knowledge,General Knowledge,General Knowledge | UPSC CDS | Prelims,easy,Recently a rare kind of yellow turtle was discovered in India. The State in which it was seen is,Uttarakhand,Odisha,Tamil Nadu,Arunachal Pradesh,B,"Solution: Concept: A rare yellow-colored turtle was recently discovered in India. Explanation: The turtle was rescued in Sujanpur village, Baleshwar district, Odisha. Locals handed it over to forest officials. This is an Indian flap shell turtle. Its yellow color is due to albinism or a congenital disorder. The turtle was an adult, about 1.5 to 2 years old. It is omnivorous, eating snails, frogs, and aquatic vegetation. This species is also found in Sri Lanka, Pakistan, Nepal, Bangladesh, and Myanmar. Answer: Odisha. © examsnet.com"
CDS-2020-II-GK-082,2020,GK,General Knowledge,General Knowledge,General Knowledge | UPSC CDS | Prelims,easy,ASEEM is ________ \text{ASEEM is \_\_\_\_\_\_\_\_} ASEEM is ________,Aatmanirbhar Skilled Employee Employer Measurement,Aatmanirbhar Skilled Employee Employer Mapping,Aatmanirbhar Skilled Employee Enterprises Medium,Automatic Skilled Employee Employer Mission,B,"Solution: Concept: ASEEM is an acronym for a government portal that connects skilled workers with employers. Explanation: The full form of ASEEM is ""Aatmanirbhar Skilled Employee Employer Mapping"". It was launched by the Ministry of Skill Development and Entrepreneurship. The portal links the database of migrant labourers who returned under the Vande Bharat mission and have SWADES skill cards. It is developed by the National Skill Development Corporation (NSDC) in collaboration with the company ‘Betterplace’. Through this digital platform, migrant workers can find jobs matching their skills. It provides real-time analytics on demand-supply patterns, skill gaps, and migration trends. The aim is to bridge the gap between skilled and unskilled workers and employers. Answer: The correct answer is option B: Aatmanirbhar Skilled Employee Employer Mapping. © examsnet.com"
CDS-2020-II-GK-083,2020,GK,Current Affairs,Current Events of National & International Importance,Current Affairs | International Relations | Government Schemes | Awards,easy,The Government of India started a new initiative 'Stay in India and Study in India'. It is initiated by,the Ministry of Youth Affairs and Sports,the Ministry of Culture,the Ministry of Education,the Ministry of Tourism,C,"Solution: Concept: The initiative 'Stay in India and Study in India' is a government program to promote higher education within the country. Explanation: This scheme was launched by the Ministry of Education (formerly the Ministry of Human Resource Development). Its main goal is to encourage Indian students to pursue higher education in India instead of going abroad. The program provides guidance and support to students whose foreign study plans were disrupted, especially during the pandemic. It aims to boost India's soft power and attract more international students, particularly from neighbouring countries. Key objectives include doubling India's share of global education exports and reducing brain drain. Committees involving IITs, NITs, IIITs, and central universities are formed to increase foreign student intake. Answer: The Ministry of Education. © examsnet.com"
CDS-2020-II-GK-084,2020,GK,General Knowledge,General Knowledge,General Knowledge | UPSC CDS | Prelims,easy,Which one of the following lakes in India has a large quantity of a substance found in the Moon?,"Lonar Lake, Maharashtra","Pangong Lake, Ladakh","Chilika Lake, Odisha","Loktak Lake, Manipur",A,"Solution: Concept: Lonar Lake in Maharashtra is a meteorite impact crater. Its soil contains minerals that are chemically similar to lunar rocks. Explanation: The lake was formed by a meteorite strike thousands of years ago. Scientists from IIT Bombay compared soil from the lake with Moon rocks brought by Apollo missions. They found a high degree of similarity in mineral composition. This makes Lonar Lake one of very few places on Earth that holds material related to the Moon. In contrast, Pangong Lake is known for colour changes, Chilika is a coastal lagoon, and Loktak is a freshwater lake. None of these have been linked to lunar substances. Answer: A. Lonar Lake, Maharashtra © examsnet.com"
CDS-2020-II-GK-085,2020,GK,General Knowledge,General Knowledge,General Knowledge | UPSC CDS | Prelims,easy,The Pragyan rover installed in Chandrayaan-2 mission had how many wheels?,2,3,4,6,D,"Solution: Concept: The Pragyan rover is a six-wheeled robotic vehicle designed for lunar surface exploration. Explanation: Chandrayaan-2, India's second lunar mission, consists of the Pragyan rover, Vikram lander, and an orbiter. Pragyan rover is a mobile robotic vehicle with 6 6 6 wheels. It is designed to move on the Moon's surface at a speed of 1 1 1 cm per second. The rover uses solar energy and weighs 27 27 27 kg. Answer: 6 6 6 © examsnet.com"
CDS-2020-II-GK-086,2020,GK,Modern History,Indian National Movement,Modern History | Freedom Struggle | British Colonial Rule,easy,"If the linear momentum of a moving object gets doubled due to application of a force, then its kinetic energy will",remain same,to increase by four times,to increase by two times,to increase by eight times,B,"Solution: Concept: Kinetic energy ( K E KE K E ) is related to linear momentum ( p p p ) by the formula K E = p 2 2 m KE = \frac{p^2}{2m} K E = 2 m p 2 ​ , where m m m is the mass of the object. Explanation: The linear momentum of an object is p = m v p = mv p = m v , where m m m is mass and v v v is velocity. If the momentum is doubled, the new momentum becomes 2 p 2p 2 p . Assuming the mass remains constant, the velocity must also double to 2 v 2v 2 v . Using the relation K E = p 2 2 m KE = \frac{p^2}{2m} K E = 2 m p 2 ​ , we substitute 2 p 2p 2 p for p p p : K E new = ( 2 p ) 2 2 m = 4 p 2 2 m KE_{\text{new}} = \frac{(2p)^2}{2m} = \frac{4p^2}{2m} K E new ​ = 2 m ( 2 p ) 2 ​ = 2 m 4 p 2 ​ . The original kinetic energy is K E original = p 2 2 m KE_{\text{original}} = \frac{p^2}{2m} K E original ​ = 2 m p 2 ​ . Therefore, K E new = 4 × K E original KE_{\text{new}} = 4 \times KE_{\text{original}} K E new ​ = 4 × K E original ​ , which means the kinetic energy increases by a factor of 4. Answer: Kinetic energy will increase by four times. © examsnet.com"
CDS-2020-II-GK-087,2020,GK,Modern History,Indian National Movement,Modern History | Freedom Struggle | British Colonial Rule,easy,"If the distance between two objects is increased by two times, the gravitational force between them will",remain same,increase by two times,decrease by two times,decrease by four times,D,"Solution: Concept: Newton’s law of gravitation: force is inversely proportional to the square of the distance between two objects. Explanation: Gravitational force F F F between two masses m 1 m_1 m 1 ​ and m 2 m_2 m 2 ​ separated by distance d d d is given by: F = G m 1 m 2 d 2 F = G \frac{m_1 m_2}{d^2} F = G d 2 m 1 ​ m 2 ​ ​ , where G G G is the gravitational constant. If the distance is increased by two times, the new distance becomes 2 d 2d 2 d . The new force F ′ = G m 1 m 2 ( 2 d ) 2 = G m 1 m 2 4 d 2 = 1 4 F F' = G \frac{m_1 m_2}{(2d)^2} = G \frac{m_1 m_2}{4d^2} = \frac{1}{4} F F ′ = G ( 2 d ) 2 m 1 ​ m 2 ​ ​ = G 4 d 2 m 1 ​ m 2 ​ ​ = 4 1 ​ F . So the gravitational force becomes one-fourth of the original, i.e., it decreases by four times. Answer: D. decrease by four times © examsnet.com"
CDS-2020-II-GK-088,2020,GK,General Knowledge,General Knowledge,General Knowledge | UPSC CDS | Prelims,easy,Which one of the following statements about the properties of neutrons is NOT correct?,Neutron mass is almost equal to proton mass.,Neutrons possess zero charge.,Neutrons are located inside the atomic nuclei.,Neutrons revolve around the atomic nuclei,D,"Solution: Concept: Neutrons are subatomic particles found in the nucleus of an atom, not in orbits around it. Explanation: Neutrons, along with protons, are located inside the atomic nucleus. Electrons revolve around the nucleus in orbits. Neutrons have a mass of about 1.008665 u 1.008665 \mathrm{u} 1.008665 u , which is slightly greater than the proton mass of 1.007276 u 1.007276 \mathrm{u} 1.007276 u — they are almost equal. Neutrons carry zero electric charge, making them neutral. Thus, the statement ""Neutrons revolve around the atomic nuclei"" is false because neutrons are confined to the nucleus, not orbiting it. Answer: Option D: Neutrons revolve around the atomic nuclei. © examsnet.com"
CDS-2020-II-GK-089,2020,GK,Modern History,Indian National Movement,Modern History | Freedom Struggle | British Colonial Rule,easy,Which one of the following statements with regard to ultra violet light is NOT correct?,It is an electromagnetic wave.,It can travel through vacuum.,It is a longitudinal wave.,Its wavelength is shorter/ smaller than that of visible light.,C,"Solution: Concept: Ultraviolet (UV) light is a type of electromagnetic radiation with properties distinct from longitudinal waves. Explanation: UV light is an electromagnetic wave, so it is transverse, not longitudinal. In transverse waves, particle oscillations are perpendicular to the direction of wave travel. EM waves, including UV light, can travel through a vacuum (no medium required). The wavelength of UV light ranges from about 10 10 10 nm to 400 400 400 nm, which is shorter than visible light ( 400 − 700 400-700 400 − 700 nm). Therefore, the statements ""It is an electromagnetic wave"", ""It can travel through vacuum"", and ""Its wavelength is shorter than that of visible light"" are all correct. The incorrect statement is ""It is a longitudinal wave"" because UV light is a transverse wave. Longitudinal waves (e.g., sound) have particle vibrations parallel to wave propagation. Answer: The statement that is NOT correct is: ""It is a longitudinal wave."" © examsnet.com"
CDS-2020-II-GK-090,2020,GK,Current Affairs,Current Events of National & International Importance,Current Affairs | International Relations | Government Schemes | Awards,easy,"If the speed of light in air is represented by e e e and the speed in a medium is u u u , then the refractive index of the medium can be calculated using the formula_______.",u/e,e/u,e/(2.u),(e-u)/e,B,"Solution: Concept: The refractive index of a medium is the ratio of the speed of light in vacuum (or air) to the speed of light in that medium. Explanation: When light passes from one medium to another, its speed changes. The refractive index n n n quantifies how much the light bends. It is defined as n = speed of light in vacuum speed of light in the medium n = \frac{\text{speed of light in vacuum}}{\text{speed of light in the medium}} n = speed of light in the medium speed of light in vacuum ​ . In this question, the speed of light in air is given as e e e , which is nearly equal to the speed in vacuum. The speed in the medium is given as u u u . Therefore, the refractive index n = e u n = \frac{e}{u} n = u e ​ . Hence, the correct formula is e e e divided by u u u . This matches option B. Answer: Option B: e u \frac{e}{u} u e ​ © examsnet.com"
CDS-2020-II-GK-091,2020,GK,Modern History,Indian National Movement,Modern History | Freedom Struggle | British Colonial Rule,easy,"Under the Kingdom Plantae, which of the following individuals are predominantly aquatic?",Bryophytes,Algae,Pteridophyta,Gymnosperms,B,"Solution: Concept: Algae are the predominantly aquatic members of Kingdom Plantae, belonging to the subgroup Thallophyta. Explanation: Kingdom Plantae is divided into five subgroups: Thallophyta, Bryophyta, Pteridophyta, Gymnosperms, and Angiosperms. Algae belong to Thallophyta and are mostly aquatic, living in freshwater or marine environments. They contain chlorophyll and perform photosynthesis. Examples include S p i r o g y r a Spirogyra Sp i ro g yr a , U l o t h r i x Ulothrix U l o t h r i x , C l a d o p h o r a Cladophora Cl a d o p h or a , and C h a r a Chara C ha r a . Bryophytes (mosses, liverworts) are terrestrial but grow in moist habitats. Pteridophytes (ferns, horsetails) are also terrestrial and prefer shady, damp places. Gymnosperms are seed-producing plants that are fully terrestrial. Thus, among the given options, only algae are predominantly aquatic. Answer: B. Algae © examsnet.com"
CDS-2020-II-GK-092,2020,GK,General Knowledge,General Knowledge,General Knowledge | UPSC CDS | Prelims,medium,"All the individuals of a particular organism, such as rose plants, belong to a taxonomic category called __________ \text{All the individuals of a particular organism, such as rose plants, belong to a taxonomic category called \_\_\_\_\_\_\_\_\_\_} All the individuals of a particular organism, such as rose plants, belong to a taxonomic category called __________",species,genus,family,order,B,"Solution: Concept: All individuals of a single kind of organism belong to the species, the most basic taxonomic unit. Explanation: Taxonomic categories range from broad (kingdom) to specific (species). A species includes all individuals that can interbreed and produce fertile offspring. For example, all humans belong to the species Homo sapiens . Similarly, all rose plants of the same kind (e.g., Rosa indica ) are grouped into one species. The genus Rosa contains many different rose species, not just a single organism type. Therefore, the category for ""all the individuals of a particular organism"" is species. Answer: Species. © examsnet.com"
CDS-2020-II-GK-093,2020,GK,General Knowledge,General Knowledge,General Knowledge | UPSC CDS | Prelims,easy,Pearls are harvested from __________ \text{Pearls are harvested from \_\_\_\_\_\_\_\_\_\_} Pearls are harvested from __________,Prawn,Pila,Tuna,Oyster,D,"Solution: Concept: Pearls are formed inside the shell of certain mollusks, primarily oysters, as a natural defense against irritants. Explanation: Pearls are harvested from oysters, specifically marine oysters and freshwater mussels. When an irritant like a grain of sand or parasite enters the oyster's shell, the oyster secretes layers of nacre (mother-of-pearl) around it. This process forms a natural pearl. Cultured pearls are produced similarly by farmers intentionally inserting an irritant into the mollusk. Pearls are composed of aragonite and conchiolin in thin layers. The quality depends on the thickness and number of layers, affecting refraction, reflection, and diffraction of light. Oysters are the primary source of harvested pearls. Answer: Oyster. © examsnet.com"
CDS-2020-II-GK-094,2020,GK,General Knowledge,General Knowledge,General Knowledge | UPSC CDS | Prelims,medium,Wings of birds and bats are considered analogous structures because they have ________. \text{Wings of birds and bats are considered analogous structures because they have \_\_\_\_\_\_\_\_.} Wings of birds and bats are considered analogous structures because they have ________.,common origin and common function,different origin and common function,common origin and different function,different origin and different function,B,"Solution: Concept: Analogous structures have different evolutionary origins but perform similar functions. Explanation: The wings of birds and bats are analogous organs. This means they evolved separately but serve the same purpose—flight. Bird wings have feathers along the arm, while bat wings are skin flaps stretched between bones. Their structural dissimilarity shows they are not inherited from a common winged ancestor. Natural selection led to convergent evolution, producing similar functions despite different origins. Answer: different origin and common function © examsnet.com"
CDS-2020-II-GK-095,2020,GK,Science & Tech,General Science & Emerging Technologies,Science & Tech | General Science | Applied Science | Physics | Chemistry | Biology,easy,"Apart from hyper acid secretion, peptic ulcers are also developed due to bacterial infection. The causative agent is __________.",Helicobacter pylori,E. coli,Streptococcus pneumoniae,Salmonella typhimurium,A,"Solution: Concept: Peptic ulcers can be caused by bacterial infection, most commonly by Helicobacter pylori . Explanation: Peptic ulcers are sores in the stomach lining, esophagus, or small intestine. They are often due to stomach acid damage, but bacterial infection is another major cause. Helicobacter pylori is a spiral-shaped bacterium that can penetrate the stomach's protective mucus layer. It survives in the acidic environment and causes chronic inflammation, leading to ulcers. Other bacteria like E. coli , Streptococcus pneumoniae , and Salmonella typhimurium cause different diseases (food poisoning, pneumonia, typhoid). They are not associated with peptic ulcers. Answer: A. Helicobacter pylori © examsnet.com"
CDS-2020-II-GK-096,2020,GK,Quantitative Aptitude,Basic Numeracy & Quantitative Aptitude,Aptitude | Mathematics | Quantitative Reasoning | Problem Solving,medium,A m i x t u r e o f s o d i u m c h l o r i d e ( s a l t ) a n d a m m o n i u m c h l o r i d e c a n b e s e p a r a t e d b y _ _ _ _ _ _ _ _ _ . A mixture of sodium chloride (salt) and ammonium chloride can be separated by \_\_\_\_\_\_\_\_\_. A mi x t u reo f so d i u m c h l or i d e ( s a lt ) an d amm o ni u m c h l or i d ec anb ese p a r a t e d b y _________.,sublimation,filtration,chromatography,distillation,A,"Solution: Concept: Sublimation is the process where a solid changes directly into gas without passing through the liquid phase. Explanation: Ammonium chloride ( N H 4 C l \mathrm{NH}_4\mathrm{Cl} NH 4 ​ Cl ) sublimes when heated, converting into ammonia and hydrogen chloride gases. Sodium chloride ( N a C l \mathrm{NaCl} NaCl ) does not sublime; it remains as a solid at the same temperature. On heating the mixture, ammonium chloride turns into vapour and leaves sodium chloride behind. The vapours can be collected and cooled to get back solid ammonium chloride. Thus, the two solids are separated easily by this method. Filtration works for solids in liquids, not for two solids. Chromatography separates dissolved components based on affinity, not suitable here. Distillation separates liquids with different boiling points, not solids. Answer: sublimation © examsnet.com"
CDS-2020-II-GK-097,2020,GK,General Knowledge,General Knowledge,General Knowledge | UPSC CDS | Prelims,easy,[object Object] \text{[object Object]} [object Object],John Dalton,Antoine Lavoisier,Jöns Jacob Berzelius,Robert Boyle,C,"Solution: Concept: The modern system of chemical symbols was introduced by Jöns Jacob Berzelius. Explanation: In 1813, Berzelius proposed that each element should be represented by one or two letters derived from its Latin name. For example, the symbol for lead (Pb) comes from the Latin word plumbum . This system was adopted by the mid-19th century and is still used today. Berzelius is also known for his work on atomic weights, which contributed to modern chemistry. John Dalton is known for his atomic theory, Antoine Lavoisier for the role of oxygen in combustion, and Robert Boyle for Boyle's law. None of them introduced the system of element symbols. Answer: C. Jöns Jacob Berzelius © examsnet.com"
CDS-2020-II-GK-098,2020,GK,General Knowledge,General Knowledge,General Knowledge | UPSC CDS | Prelims,easy,Identify the correct pair of elements among the following which are liquid at room temperature and standard pressure.,Bromine and fluorine,Mercury and rubidium,Bromine and thallium,Bromine and mercury,D,"Solution: Concept: Only two elements are liquid at room temperature (around 2 5 ∘ 25^\circ 2 5 ∘ C) and standard pressure: mercury (metal) and bromine (non-metal). Explanation: At room temperature and standard pressure, most elements are solid or gas. Metals like rubidium and thallium melt well above 2 5 ∘ 25^\circ 2 5 ∘ C, so they are solid. Fluorine is a gas at room temperature. Mercury has weak metallic bonding, so it melts at − 38. 8 ∘ -38.8^\circ − 38. 8 ∘ C and remains liquid. Bromine is a halogen with strong enough intermolecular forces to stay liquid at 2 5 ∘ 25^\circ 2 5 ∘ C (melting point − 7. 2 ∘ -7.2^\circ − 7. 2 ∘ C, boiling point 58. 8 ∘ 58.8^\circ 58. 8 ∘ C). Thus, the only pair among the options that are both liquid at these conditions is bromine and mercury. Answer: Option D: Bromine and mercury. © examsnet.com"
CDS-2020-II-GK-099,2020,GK,Modern History,Indian National Movement,Modern History | Freedom Struggle | British Colonial Rule,easy,Which one of the following oxides shows both acidic and basic behaviour?,Zinc oxide,Copper oxide,Magnesium oxide,Calcium oxide,A,Solution: Concept: Amphoteric oxides react with both acids and bases to form salt and water. Explanation: Zinc oxide ( Z n O \mathrm{ZnO} ZnO ) is an amphoteric oxide. It reacts with an acid: Z n O + H 2 S O 4 → Z n S O 4 + H 2 O \mathrm{ZnO} + \mathrm{H_2SO_4} \rightarrow \mathrm{ZnSO_4} + \mathrm{H_2O} ZnO + H 2 ​ S O 4 ​ → ZnS O 4 ​ + H 2 ​ O . It also reacts with a base: Z n O + 2 N a O H + H 2 O → N a 2 [ Z n ( O H ) 4 ] \mathrm{ZnO} + 2\mathrm{NaOH} + \mathrm{H_2O} \rightarrow \mathrm{Na_2[Zn(OH)_4]} ZnO + 2 NaOH + H 2 ​ O → N a 2 ​ [ Zn ( OH ) 4 ​ ] . The other options are not amphoteric. Copper oxide ( C u O \mathrm{CuO} CuO ) and magnesium oxide ( M g O \mathrm{MgO} MgO ) are basic oxides. Calcium oxide ( C a O \mathrm{CaO} CaO ) is also a basic oxide. Only zinc oxide among the given shows both acidic and basic behaviour. Answer: Zinc oxide. © examsnet.com
CDS-2020-II-GK-100,2020,GK,Polity,Indian Constitution & Governance,Polity | Constitution of India | Governance | Constitutional Bodies,hard,S i l v e r a r t i c l e s t u r n b l a c k w h e n k e p t i n t h e o p e n f o r l o n g e r t i m e d u e t o t h e f o r m a t i o n o f _ _ _ _ _ _ _ _ _ . Silver articles turn black when kept in the open for longer time due to the formation of \_\_\_\_\_\_\_\_\_. S i l v er a r t i c l es t u r nb l a c k w h e nk e pt in t h eo p e n f or l o n g er t im e d u e t o t h e f or ma t i o n o f _________.,H 2 S \mathrm{H}_{2}\mathrm{S} H 2 ​ S,AgS,A g S O 4 \mathrm{AgSO}_{4} AgSO 4 ​,A g 2 S \mathrm{Ag}_{2}\mathrm{S} Ag 2 ​ S,D,"Solution: Concept: Silver tarnishes (turns black) due to formation of silver sulfide ( A g 2 S \mathrm{Ag}_2\mathrm{S} Ag 2 ​ S ) on its surface. Explanation: When silver is exposed to air, it reacts with traces of hydrogen sulfide ( H 2 S \mathrm{H}_2\mathrm{S} H 2 ​ S ) present in the atmosphere. This reaction produces a black layer of silver sulfide ( A g 2 S \mathrm{Ag}_2\mathrm{S} Ag 2 ​ S ). The chemical equation is: 4 A g + O 2 + 2 H 2 S → 2 A g 2 S + 2 H 2 O 4\mathrm{Ag} + \mathrm{O}_2 + 2\mathrm{H}_2\mathrm{S} \rightarrow2\mathrm{Ag}_2\mathrm{S} + 2\mathrm{H}_2\mathrm{O} 4 Ag + O 2 ​ + 2 H 2 ​ S → 2 Ag 2 ​ S + 2 H 2 ​ O . The black coating is not silver oxide; it is silver sulfide. This process is called silver tarnishing, a type of corrosion. Answer: A g 2 S \mathrm{Ag}_2\mathrm{S} Ag 2 ​ S (silver sulfide) © examsnet.com"
CDS-2020-II-GK-101,2020,GK,Science & Tech,General Science & Emerging Technologies,Science & Tech | General Science | Applied Science | Physics | Chemistry | Biology,easy,Which of the following lenses will bend the light rays through the largest angle?,Lens with power +2·0 D,Lens with power +2·5 D,Lens with power -1·5 D,Lens with power -2·0 D,B,"Solution: Concept: The bending of light by a lens is quantified by its power. A higher magnitude of power (ignoring sign) causes a larger deviation of light rays. Explanation: The power P P P of a lens is measured in dioptres (D). For a convex lens, power is positive; for a concave lens, power is negative. The magnitude of bending (angle of deviation) is proportional to ∣ P ∣ \left|P\right| ∣ P ∣ . Among the given options: + 2.0 D +2.0\,\text{D} + 2.0 D , + 2.5 D +2.5\,\text{D} + 2.5 D , − 1.5 D -1.5\,\text{D} − 1.5 D , − 2.0 D -2.0\,\text{D} − 2.0 D . The absolute powers are 2.0 2.0 2.0 , 2.5 2.5 2.5 , 1.5 1.5 1.5 , and 2.0 2.0 2.0 dioptres respectively. The largest absolute power is 2.5 D 2.5\,\text{D} 2.5 D , corresponding to a convex lens of power + 2.5 D +2.5\,\text{D} + 2.5 D . Thus, this lens bends the light rays through the largest angle. Answer: Lens with power + 2.5 D +2.5\,\text{D} + 2.5 D . © examsnet.com"
CDS-2020-II-GK-102,2020,GK,Science & Tech,General Science & Emerging Technologies,Science & Tech | General Science | Applied Science | Physics | Chemistry | Biology,easy,A luminous object is placed at a distance of 40 40 40 cm from a converging lens of a focal length of 25 25 25 cm. The image obtained in the screen is ________.,erect and magnified,erect and smaller,inverted and magnified,inverted and smaller,C,"Solution: Concept: A converging lens forms a real, inverted, and magnified image when the object is placed between the focal point ( f f f ) and twice the focal length ( 2 f 2f 2 f ). Explanation: Given focal length f = 25 f = 25 f = 25 cm, so twice the focal length 2 f = 50 2f = 50 2 f = 50 cm. Object distance u = 40 u = 40 u = 40 cm, which lies between f f f ( 25 25 25 cm) and 2 f 2f 2 f ( 50 50 50 cm). For a converging lens, an object in this region produces a real, inverted, and magnified image. The image is real because the rays actually converge, and it is inverted (opposite orientation). Magnification is greater than 1 1 1 (in magnitude), meaning the image is larger than the object. Since the image is obtained on a screen, it confirms it is real. Hence the image is inverted and magnified. Answer: inverted and magnified (Option C). © examsnet.com"
CDS-2020-II-GK-103,2020,GK,Modern History,Indian National Movement,Modern History | Freedom Struggle | British Colonial Rule,easy,"When a light ray enters into glass medium from water at an angle of incidence 0º, what would be the angle of refraction?",9 0 ∘ 90^{\circ} 9 0 ∘,4 5 ∘ 45^{\circ} 4 5 ∘,0 ∘ 0^{\circ} 0 ∘,The ray will not enter at all,C,"Solution: Concept: When light strikes a boundary along the normal (angle of incidence 0 ∘ 0^{\circ} 0 ∘ ), it passes straight without bending, regardless of the refractive index change. Explanation: Snell’s law states: n 1 sin ⁡ θ i = n 2 sin ⁡ θ r n_1 \sin\theta_i = n_2 \sin\theta_r n 1 ​ sin θ i ​ = n 2 ​ sin θ r ​ , where n 1 n_1 n 1 ​ and n 2 n_2 n 2 ​ are refractive indices of water and glass, respectively. Here, the angle of incidence θ i = 0 ∘ \theta_i = 0^{\circ} θ i ​ = 0 ∘ . Then sin ⁡ 0 ∘ = 0 \sin 0^{\circ} = 0 sin 0 ∘ = 0 , so the left side of Snell’s law becomes zero. Thus, n 2 sin ⁡ θ r = 0 n_2 \sin\theta_r = 0 n 2 ​ sin θ r ​ = 0 . Since n 2 n_2 n 2 ​ is not zero, we get sin ⁡ θ r = 0 \sin\theta_r = 0 sin θ r ​ = 0 . The only angle between 0 ∘ 0^{\circ} 0 ∘ and 9 0 ∘ 90^{\circ} 9 0 ∘ with sine zero is θ r = 0 ∘ \theta_r = 0^{\circ} θ r ​ = 0 ∘ . Therefore, the ray continues along the normal, undeviated, and the angle of refraction is 0 ∘ 0^{\circ} 0 ∘ . The speed of light changes when entering glass, but direction remains the same because incidence is normal. Answer: 0 ∘ 0^{\circ} 0 ∘ © examsnet.com"
CDS-2020-II-GK-104,2020,GK,General Knowledge,General Knowledge,General Knowledge | UPSC CDS | Prelims,easy,Which one of the following phenomena verifies the fact that light travels much faster than sound?,Twinkling of stars in night sky,Lighting of a matchstick,Thunderstorm,Mirage,C,"Solution: Concept: Light travels at a much higher speed ( 3 × 1 0 8 3 \times 10^8 3 × 1 0 8 m/s in vacuum) compared to sound ( ≈ 343 \approx 343 ≈ 343 m/s in air). Explanation: In a thunderstorm, the flash of lightning is seen almost instantly. The sound of thunder reaches us later because sound travels much slower than light. This time gap directly demonstrates that light travels faster than sound. Other phenomena like twinkling of stars (due to atmospheric refraction), lighting a matchstick (due to friction heat), and mirage (due to refraction in non-uniform medium) do not compare the speeds of light and sound. Only a thunderstorm provides a simultaneous source of light and sound where the delay clearly shows the speed difference. Answer: Thunderstorm (Option C). © examsnet.com"
CDS-2020-II-GK-105,2020,GK,Modern History,Indian National Movement,Modern History | Freedom Struggle | British Colonial Rule,easy,Which of the following combinations of source and screen would produce the sharpest shadow of an opaque object?,A point source and an opaque screen,An extended source and an opaque screen,A point source and a transparent screen,An extended source and a transparent screen,A,"Solution: Concept: A sharp shadow forms when a point light source and an opaque screen are used, as rays travel in straight lines and do not scatter or pass through the screen. Explanation: A point source emits light in all directions from a single, small point (e.g., a lit candle). Light rays from a point source diverge but remain well-defined. When an opaque object blocks these rays, a distinct region of darkness forms behind it. The opaque screen stops all light, making the shadow clearly visible. An extended source (like a tube light) emits rays from many points, causing fuzzy edges (penumbra). A transparent screen allows light to pass through, preventing a shadow from forming entirely. Therefore, the combination of a point source and an opaque screen produces the crispest shadow. Answer: Option A: A point source and an opaque screen. © examsnet.com"
CDS-2020-II-GK-106,2020,GK,General Knowledge,General Knowledge,General Knowledge | UPSC CDS | Prelims,easy,Which among the following is a non-conventional source of energy?,Petroleum,Coal,Radioactive elements,Solar energy,D,"Solution: Concept: Non-conventional energy sources are renewable and have minimal environmental impact. Explanation: Energy sources are classified as conventional (non-renewable) and non-conventional (renewable). Conventional sources include petroleum, coal, and radioactive elements like uranium. These are finite, cause pollution, and are used in thermal and nuclear power plants. Non-conventional sources include solar, wind, tidal, and geothermal energy. They are abundant, clean, and sustainable. Among the options, petroleum (A), coal (B), and radioactive elements (C) are conventional. Solar energy (D) is generated from sunlight using photovoltaic cells. It is inexhaustible and environmentally friendly. Therefore, solar energy is the non-conventional source of energy. Answer: D. Solar energy © examsnet.com"
CDS-2020-II-GK-107,2020,GK,General Knowledge,General Knowledge,General Knowledge | UPSC CDS | Prelims,easy,Which one of the following statements about phloem is correct?,Phloem transports water and minerals.,Phloem transports photosynthetic products.,Phloem is a simple tissue.,Phloem gives support to the plant.,B,"Solution: Concept: Phloem is a living vascular tissue that transports organic nutrients (photosynthetic products) from leaves to other plant parts. Explanation: Phloem consists of sieve tubes, companion cells, phloem fibres, and phloem parenchyma. Sieve tubes are elongated living cells that carry carbohydrates, mainly sucrose, from leaves to roots and fruits. Companion cells regulate the activity of adjacent sieve elements and help in loading/unloading sugars. Phloem fibres provide commercial utility due to pliability and strength, but the primary function is conduction. Phloem parenchyma (transfer cells) assist in food conveyance near leaf veinlets. Thus, phloem transports organic compounds synthesized during photosynthesis — not water and minerals (xylem’s role). It is a complex tissue (not simple), and its support function is secondary. Hence, the correct statement is that phloem transports photosynthetic products. Answer: B. Phloem transports photosynthetic products. © examsnet.com"
CDS-2020-II-GK-108,2020,GK,Science & Tech,General Science & Emerging Technologies,Science & Tech | General Science | Applied Science | Physics | Chemistry | Biology,easy,M a t u r e s c l e r e n c h y m a c e l l s h a v e _ _ _ _ _ _ _ . Mature sclerenchyma cells have \_\_\_\_\_\_\_. M a t u resc l ere n c h y ma ce ll s ha v e _______.,cellulose wall and are living,lignified wall and is living,suberized wall and are dead,lignified wall and are dead,D,"Solution: Concept: Mature sclerenchyma cells are dead cells with thick, lignified secondary walls that provide mechanical support to plants. Explanation: Sclerenchyma is a plant support tissue composed of hard, woody cells. Mature sclerenchyma cells are typically dead, meaning they lack living protoplasm. Their secondary cell walls are heavily thickened with lignin, a complex polymer that makes them rigid and non‑stretchable. These cells are found in non‑growing regions like bark, mature stems, seed coats, and some fruits (e.g., pear). There are two main types: fibres (long, slender) and sclereids (stone cells). Unlike parenchyma (living thin‑walled) and collenchyma (living with uneven walls), sclerenchyma provides permanent structural support. The key features are lignified walls and dead cells at maturity. Answer: D. lignified wall and are dead © examsnet.com"
CDS-2020-II-GK-109,2020,GK,Science & Tech,General Science & Emerging Technologies,Science & Tech | General Science | Applied Science | Physics | Chemistry | Biology,medium,"In human beings, the chromosomes that determine birth of a normal female child are ________. \text{In human beings, the chromosomes that determine birth of a normal female child are \_\_\_\_\_\_\_\_.} In human beings, the chromosomes that determine birth of a normal female child are ________.",one X chromosome from mother and one X chromosome from father,one X chromosome from mother and one Y chromosome from father,two X chromosomes from mother and one X chromosome from father,one X chromosome and one Y chromosome from father and one X chromosome from mother,A,"Solution: Concept: Human sex is determined by the combination of sex chromosomes ( X \mathrm{X} X and Y \mathrm{Y} Y ) inherited from each parent. Explanation: Human cells normally have 23 pairs of chromosomes, including one pair of sex chromosomes. Females have two X \mathrm{X} X chromosomes ( X X \mathrm{XX} XX ), while males have one X \mathrm{X} X and one Y \mathrm{Y} Y chromosome ( X Y \mathrm{XY} XY ). A mother always contributes an X \mathrm{X} X chromosome to her child. A father contributes either an X \mathrm{X} X or a Y \mathrm{Y} Y chromosome. If the child receives an X \mathrm{X} X from the father, the pair becomes X X \mathrm{XX} XX — resulting in a female. If the child receives a Y \mathrm{Y} Y from the father, the pair becomes X Y \mathrm{XY} XY — resulting in a male. Therefore, for a normal female child, the required chromosomes are one X \mathrm{X} X from the mother and one X \mathrm{X} X from the father. This matches option A. Answer: Option A – one X \mathrm{X} X chromosome from mother and one X \mathrm{X} X chromosome from father. © examsnet.com"
CDS-2020-II-GK-110,2020,GK,Science & Tech,General Science & Emerging Technologies,Science & Tech | General Science | Applied Science | Physics | Chemistry | Biology,easy,Antibiotic such as penicillin blocks _______ \text{Antibiotic such as penicillin blocks \_\_\_\_\_\_\_} Antibiotic such as penicillin blocks _______,cell wall formation in bacteria,RNA synthesis in bacteria,DNA synthesis in bacteria,division in bacteria,A,"Solution: Concept: Penicillin is a beta-lactam antibiotic that inhibits bacterial cell wall synthesis. Explanation: Penicillin blocks the enzyme transpeptidase, which is responsible for cross-linking peptidoglycan chains in the bacterial cell wall. This prevents the formation of a rigid cell wall, causing the bacterium to undergo osmotic lysis and die. Penicillin is bactericidal and is most effective against actively growing Gram-positive bacteria. It does not affect RNA synthesis, DNA synthesis, or cell division directly. Answer: cell wall formation in bacteria © examsnet.com"
CDS-2020-II-GK-111,2020,GK,General Knowledge,General Knowledge,General Knowledge | UPSC CDS | Prelims,easy,The radioactive isotope of hydrogen is ‾ \text{The radioactive isotope of hydrogen is } \underline{\hspace{2cm}} The radioactive isotope of hydrogen is ​,protium,deuterium,tritium,hydronium,C,"Solution: Concept: Isotopes of hydrogen differ in neutron count; only one is radioactive. Explanation: Hydrogen has three isotopes: protium ( 1 1 H {}^1_1\mathrm{H} 1 1 ​ H ), deuterium ( 1 2 H {}^2_1\mathrm{H} 1 2 ​ H ), and tritium ( 1 3 H {}^3_1\mathrm{H} 1 3 ​ H ). Protium has zero neutrons, deuterium has one neutron, and tritium has two neutrons. Only tritium is unstable and undergoes radioactive decay (beta decay) with a half-life of 12.32 12.32 12.32 years. It emits low-energy β − \beta^{-} β − particles and transforms into helium-3 ( 2 3 H e {}^3_2\mathrm{He} 2 3 ​ He ). Protium and deuterium are stable and non-radioactive. Answer: Tritium is the radioactive isotope of hydrogen. © examsnet.com"
CDS-2020-II-GK-112,2020,GK,General Knowledge,General Knowledge,General Knowledge | UPSC CDS | Prelims,easy,Which one of the following is used for storing biological tissues?,Liquid nitrogen,Liquid helium,Liquid argon,Liquid bromine,A,"Solution: Concept: Cryopreservation uses ultra-cold, inert liquids to halt biological activity and preserve tissues without damage. Explanation: Liquid nitrogen ( N 2 \mathrm{N}_2 N 2 ​ ) boils at −196°C, making it ideal for storing biological tissues. It freezes samples instantly, preventing ice crystal formation that would rupture cells. Being chemically inert, it does not react with organic matter and evaporates safely. Liquid nitrogen is widely used in biobanks, fertility clinics, and research labs for preserving sperm, eggs, embryos, and other tissues. Liquid helium ( H e \mathrm{He} He ) is colder (−269°C) but far more expensive and not practical for routine tissue storage. Liquid argon ( A r \mathrm{Ar} Ar ) has a boiling point of −186°C, is inert, but less commonly used for biological preservation. Liquid bromine ( B r 2 \mathrm{Br}_2 Br 2 ​ ) is toxic, corrosive, and reactive at room temperature, making it completely unsuitable for tissue storage. Answer: Option A: Liquid nitrogen. © examsnet.com"
CDS-2020-II-GK-113,2020,GK,General Knowledge,General Knowledge,General Knowledge | UPSC CDS | Prelims,easy,Which one of the following does NOT form oxide on reaction with oxygen?,Magnesium,Lead,Tin,Silver,D,"Solution: Concept: Noble metals do not react with oxygen to form oxides. Explanation: Most metals, like magnesium, lead, and tin, react with oxygen to form their oxides. For example, magnesium forms magnesium oxide ( M g O \mathrm{MgO} MgO ), lead forms lead(II) oxide ( P b O \mathrm{PbO} PbO ), and tin forms tin(IV) oxide ( S n O 2 \mathrm{SnO}_2 SnO 2 ​ ). However, noble metals such as silver ( A g \mathrm{Ag} Ag ), gold ( A u \mathrm{Au} Au ), and platinum ( P t \mathrm{Pt} Pt ) are chemically inert and do not react with oxygen under normal conditions. Thus, among the given options, only silver does not form an oxide upon reaction with oxygen. Answer: D. Silver © examsnet.com"
CDS-2020-II-GK-114,2020,GK,General Knowledge,General Knowledge,General Knowledge | UPSC CDS | Prelims,easy,The valency of phosphorus is ________. \text{The valency of phosphorus is \_\_\_\_\_\_\_\_.} The valency of phosphorus is ________.,"2, 3","3, 4","4, 5","3, 5",D,"Solution: Concept: Valency is the combining capacity of an atom, measured by the number of electrons it gains, loses, or shares to achieve a stable octet. Explanation: The atomic number of phosphorus is 15 15 15 . Its ground‑state electronic configuration is 1 s 2 2 s 2 2 p 6 3 s 2 3 p 3 1s^{2}2s^{2}2p^{6}3s^{2}3p^{3} 1 s 2 2 s 2 2 p 6 3 s 2 3 p 3 , or [ N e ] 3 s 2 3 p 3 [\mathrm{Ne}]3s^{2}3p^{3} [ Ne ] 3 s 2 3 p 3 . This shows five valence electrons in the 3 s 3s 3 s and 3 p 3p 3 p subshells. To reach a stable octet (like argon), phosphorus can gain three electrons, giving a valency of 3 3 3 . Alternatively, it can lose all five valence electrons, showing a valency of 5 5 5 . Phosphorus also has vacant 3 d 3d 3 d orbitals. In an excited state, one electron from 3 s 3s 3 s is promoted to 3 d 3d 3 d , giving 3 s 1 3 p 3 3 d 1 3s^{1}3p^{3}3d^{1} 3 s 1 3 p 3 3 d 1 . Now there are five unpaired electrons, allowing phosphorus to form five bonds (valency 5 5 5 ). Hence, phosphorus shows variable valency: 3 3 3 and 5 5 5 . Answer: Option D ( 3 , 5 3,5 3 , 5 ) © examsnet.com"
CDS-2020-II-GK-115,2020,GK,General Knowledge,General Knowledge,General Knowledge | UPSC CDS | Prelims,easy,Lead nitrate on heating gives,P b O 2 \mathrm{PbO}_2 PbO 2 ​ and N O 2 \mathrm{NO}_2 NO 2 ​,PbO and N O 2 \mathrm{NO}_2 NO 2 ​,PbO and NO,P b 0 2 \mathrm{Pb0}_2 Pb0 2 ​ and N O \mathrm{NO} NO,B,"Solution: Concept: Thermal decomposition of lead nitrate produces lead oxide, nitrogen dioxide, and oxygen. Explanation: When lead nitrate ( P b ( N O 3 ) 2 \mathrm{Pb(NO_3)_2} Pb ( N O 3 ​ ) 2 ​ ) is strongly heated, it decomposes. The balanced chemical equation is: 2 P b ( N O 3 ) 2 → Δ 2 P b O + 4 N O 2 + O 2 2\mathrm{Pb(NO_3)_2} \xrightarrow{\Delta} 2\mathrm{PbO} + 4\mathrm{NO_2} + \mathrm{O_2} 2 Pb ( N O 3 ​ ) 2 ​ Δ ​ 2 PbO + 4 N O 2 ​ + O 2 ​ The products are a yellow residue of lead oxide ( P b O \mathrm{PbO} PbO ), a brown gas of nitrogen dioxide ( N O 2 \mathrm{NO_2} N O 2 ​ ), and oxygen ( O 2 \mathrm{O_2} O 2 ​ ). Among the given options, only option B lists P b O \mathrm{PbO} PbO and N O 2 \mathrm{NO_2} N O 2 ​ , which are the main solid and gas products. Note that oxygen is also formed, but it is not listed in the options. Answer: B. P b O \mathrm{PbO} PbO and N O 2 \mathrm{NO_2} N O 2 ​ (oxygen is also produced). © examsnet.com"
CDS-2020-II-GK-116,2020,GK,Defence & Security,"Defence, Military & Internal Security",Defence | Military Exercises | Armed Forces | Security Architecture,easy,Which one of the following is a decommissioned aircraft carrier?,INS Talwar,INS Chakra,INS Khanderi,INS Viraat,D,"Solution: Concept: A decommissioned aircraft carrier is a warship designed to operate aircraft that has been formally retired from active service. Explanation: The question asks which among the given options is a decommissioned aircraft carrier. INS Viraat was a Centaur-class aircraft carrier originally built as HMS Hermes for the British Navy. It served in the Indian Navy from May 1987 until it was decommissioned in March 2017. INS Viraat holds the Guinness World Record for the longest-serving warship. The other options are not aircraft carriers: INS Talwar is a Talwar-class stealth frigate, INS Chakra is a nuclear-powered Akula-class submarine, and INS Khanderi is a Scorpene-class submarine. Only INS Viraat fits the description of a decommissioned aircraft carrier. Answer: INS Viraat (Option D). © examsnet.com"
CDS-2020-II-GK-117,2020,GK,Modern History,Indian National Movement,Modern History | Freedom Struggle | British Colonial Rule,easy,Who among the following has won the Singles Title in Wimbledon Tennis Championship (Women) in the year 2019?,Karolina Pliskova,Simona Halep,Serena Williams,Naomi Osaka,B,"Solution: Concept: The winner of the Women's Singles title at the 2019 Wimbledon Championships. Explanation: In the 2019 Wimbledon final, Simona Halep of Romania defeated Serena Williams of the USA in straight sets. This victory made Halep the first Romanian woman to win the Wimbledon singles title. The other three Grand Slam tournaments are the Australian Open, French Open, and US Open. Answer: Simona Halep (Option B). © examsnet.com"
CDS-2020-II-GK-118,2020,GK,Defence & Security,"Defence, Military & Internal Security",Defence | Military Exercises | Armed Forces | Security Architecture,easy,Recently islands of Andaman and Nicobar were connected with mainland by Submarine Optical Fibre Cable. Which one of the following islands was NOT connected initially?,Shaheed Island,Swaraj Island,Little Andaman,Port Blair,A,"Solution: Concept: The submarine optical fibre cable project connected Port Blair and several other islands, but initially excluded some islands. Explanation: The submarine cable project was launched to provide digital connectivity to the Andaman and Nicobar Islands. A 2300 km submarine optical fibre cable (OFC) was laid between Chennai and Port Blair. It also connected seven other islands, including Swaraj Deep (formerly Havelock Island) and Long Island. Shaheed Island (formerly Neill Island) was not among the islands initially connected under this project. Swaraj Island (Swaraj Deep) and Little Andaman were also included in the initial connectivity plan. Port Blair, being the capital, was connected as the main hub. Thus, the island that was NOT connected initially was Shaheed Island. Answer: Shaheed Island © examsnet.com"
CDS-2020-II-GK-119,2020,GK,Polity,Indian Constitution & Governance,Polity | Constitution of India | Governance | Constitutional Bodies,easy,"In August 2020, who among the following was administered the oath as the Prime Minister of Sri Lanka for the fourth time?",Gotabaya Rajapaksa,Basil Rajapaksa,Mahinda Rajapaksa,Namal Rajapaksa,C,"Solution: Concept: This question tests knowledge of recent political events in Sri Lanka, specifically the appointment of the Prime Minister after the 2020 parliamentary elections. Explanation: In August 2020, Sri Lanka held parliamentary elections. Mahinda Rajapaksa, leader of the Sri Lanka People’s Party (SLPP), led his party to a landslide victory. He was subsequently sworn in as Prime Minister of Sri Lanka for the fourth time. The oath was administered by his younger brother, President Gotabaya Rajapaksa, at a Buddhist temple in Kelaniya. Mahinda Rajapaksa had previously served as Prime Minister in 2004, and briefly in 2018 and 2019. He was also President from 2005 to 2015. Therefore, the correct person is Mahinda Rajapaksa. Answer: Option C: Mahinda Rajapaksa © examsnet.com"
CDS-2020-II-GK-120,2020,GK,Polity,Indian Constitution & Governance,Polity | Constitution of India | Governance | Constitutional Bodies,easy,Which one of the following Indian Ocean island nations has recently declared a state of environmental emergency due to oil spill from a grounded ship?,Maldives,Mauritius,Madagascar,Sri Lanka,B,"Solution: Concept: Environmental emergency due to an oil spill from a grounded ship in the Indian Ocean. Explanation: A Japanese bulk carrier, MV Wakashio, carrying fuel oil split in two near Blue Bay Marine Park in southeast Mauritius. The ship leaked over 1000 tonnes of oil into the Indian Ocean. The oil spill occurred near Pointe d'Esny, a highly sensitive ecological zone. This threatened coral reefs, seagrasses, mangroves, fish, and other aquatic life along the Mauritian coastline. Mauritius declared a state of environmental emergency in response to the disaster. Answer: Mauritius © examsnet.com"
