ID,Year,Paper,Subject,Topics,Tags,Difficulty,Question,Option_A,Option_B,Option_C,Option_D,Correct_Answer,Explanation
"0e06dc84-a092-4c8a-9d6a-2893bfc41f6e","2023","CSAT","","","","easy","Which one of the following statements best reflects the most logical, rational and crucial message implied by the passage?","An enhanced efficiency of use of nitrogen is imperative for both food production and environment","Production of synthetic nitrogen fertilizers cannot be stopped as it will adversely affect global food security","Alternatives to crops that require excess of nitrogen should be identified and cultivated","Conventional agriculture using synthetic fertilizers should be replaced with agroforestry, agroecosystems and organic farming.","A","Option A is correct: The lines ""Currently, the global average for nitrogen use efficiency is approximately 0.4, meaning 40 per cent of the total nitrogen added to cropland goes into the harvested crop while 60 per cent is lost to the environment, says a study....Plants take the nitrogen they need to grow, and the excess is left in the ground, water and air.” and “This results in significant emissions of nitrous oxide...and other forms of nitrogen pollution, contamination of river water.” highlight the need of nitrogen for plant growth and the result of unused nitrogen on water and air. Thus, improving the nitrogen use efficiency can not only lead to better production but also to reduced pollution. Option B is incorrect: While the passage mentions, “more than half of the world's population is nourished by food grown with fertilizers containing synthetic nitrogen”, it does not state that the production of synthetic nitrogen fertilizers cannot be stopped. Option C is incorrect: The question is asking us to identify the most logical, rational and crucial message implied by the passage, rather than an inference or solution. The passage only talks about nitrogen use efficiency and the impact of excess nitrogen on the environment. It does not go beyond this to suggest that we must identify and cultivate crops that require excess nitrogen. Option D is incorrect: These alternatives may have their merits, but the passage only highlights the environmental consequences of excessive nitrogen use and pollution caused by synthetic nitrogen fertilizers. It does not explicitly advocate replacing conventional agriculture using synthetic fertilizers with specific alternatives such as agroforestry, agroecosystems, and organic farming."
"10ee882a-a8ea-4905-a14c-9c8b35bb65ee","2023","CSAT","","","","easy","Which one of the following statements best reflects the most rational, practical and immediate action required to ensure fair and equitable allocation of water to different stakeholders?","A national, pragmatic, legal and policy framework for water allocation should be made","All river systems of the country should be linked and huge aquifers created","Water channels between regions of water surplus and regions of water deficit should be created","To mitigate water crisis, water demand of sectors such as agriculture and industry should be reduced","A","Option A is correct: This is a plausible solution as it aligns with the mention of the need for balance and objective criteria for water allocation. A comprehensive framework would presumably take these factors into account, and since water regulation for inter-State rivers is a Union matter, it is reasonable to propose a national policy. Option B is incorrect: The passage does not explicitly mention linking all river systems or creating aquifers. While this might be a long-term solution, it doesn't seem to be the necessary immediate and practical action as the passage suggests. Option C is incorrect: Similar to option (B), this is not mentioned in the passage and may not address the complexities involved in the issue, such as the need for a basin-based approach and specific criteria for water allocation. Option D is incorrect: While reducing water demand could potentially alleviate water stress, the passage doesn't suggest this as a solution. Rather, it highlights the need for a balanced approach considering several factors, including existing water use and demand, use efficiency, and projected future use."
"26e8a71f-87c6-4112-ab9e-a79a0b3c30f0","2023","CSAT","","","","easy","Which one of the following statements best reflects the most logical and rational inference that can be drawn from the passage?","The home range of elephants needs to be a vast area of rich biodiversity","Elephants are the keystone species and they benefit the biodiversity","Rich biodiversity cannot be maintained in the forests without the presence of elephants","Elephants are capable of regenerating forests with species as per their requirement.","B","Option A is incorrect: The passage does not mention anything about how large the elephants’ home range must be. It focuses on their ecological role, not the size of their habitat. Option B is correct: The passage repeatedly describes how elephants: - shape the landscape, - help plant regeneration, - disperse seeds, - support insects through dung, - make water accessible to other animals. These are classic traits of a keystone species—a species whose impact on the ecosystem is disproportionately large. Hence, elephants benefit biodiversity, making this the most logical inference. Option C is incorrect: The passage highlights the benefits elephants provide but does not claim biodiversity cannot exist without them. That would be an overstatement. Option D is incorrect: Elephants influence regeneration, but they do not intentionally regenerate forests “as per their requirement.” The passage does not support such purpose-driven behavior."
"34bbac3c-55d2-42b7-abe0-cfe76798e4ed","2023","CSAT","","","","easy","Which one of the following statements best reflects the crux of the passage?","Generation of energy from municipal solid waste is inexpensive","Biomethanation is the most ideal way of generating energy from municipal solid waste","Segregation of municipal solid waste is the first step in ensuring the success of waste-to-energy plants","The biodegradable component of India's municipal solid waste is not adequate to provide energy from waste efficiently/effectively","C","Option A is incorrect: The passage nowhere specifies or even dwells upon the cost of generation of energy from municipal solid waste. Option B is incorrect: The passage does outrightly state that “The biodegradable component of India's municipal solid waste is a little over 50 per cent, and biomethanation offers a major solution for processing this.” However, ‘major solution’ cannot be equated with ‘most ideal way’ in the strict sense. Further, the question is asking us to suggest the crux of the passage. The fact about bio methanation offering a major solution is a solution to the crux of the passage, which is about the issue of the rarity of segregation of municipal waste at source and achieving waste-to-energy amidst such a challenging scenario. Option C is correct: The passage begins with laying the central theme that “In India, the segregation of municipal waste at source is rare.” Further, it goes on to say, “Where does waste-to-energy fit into all this ? Ideally, it fits in the chain after segregation (between wet waste and rest), collection, recycling, and before getting to the landfill.” This line lays the sequential chain of waste processing, which can further be re-aligned to generate energy. Hence from these lines, it is clear that the segregation of municipal solid waste is the first step in ensuring the success of waste-to-energy plants. Option D is incorrect: The passage clearly refutes this by mentioning that “The biodegradable component of India's municipal solid waste is a little over 50 per cent, and biomethanation offers a major solution for processing this.”"
"5521de06-8072-49be-a883-b9e0a141b693","2023","CSAT","","","","easy","Which one of the following statements most likely reflects as to what the author of the passage intends to say?","Enrolment in schools and colleges is high but there is no quality education","Unemployment must be seen as a function of rising education and aspirations of young Indians","There are no labour-intensive industries to accommodate the huge number of unemployed people","The education system should be properly designed so as to enable the educated people to be self-employed.","B","Option A is incorrect: The passage does not discuss the quality of education. Instead, it points out how rising enrollment in schools and colleges might distort the unemployment rate. Thus, this option doesn't reflect the author's intended message. Option B is correct: This Option aligns well with the passage. The author suggests that higher education levels inflate unemployment challenges and that younger, more educated Indians face a higher employment challenge. Therefore, unemployment is indeed tied to the rising education and aspirations of young Indians. Option C is incorrect: The passage doesn't mention anything about the availability or lack thereof of labour-intensive industries. Therefore, this Option doesn't accurately represent the author's intended message. Option D is incorrect: The passage does not discuss the design of the education system or the concept of self-employment. Thus, this option does not reflect the author's intended message."
"59ef5a38-8ea1-4496-bf5f-61bf4aacd44d","2023","CSAT","","","","easy","Which one of the following statements best implies the most rational assumption that can be made from the passage?","We are likely to spend more money on cure than prevention","It is the job of the government to solve our environmental and public health problems","Health can be protected even if environmental problems go on unattended","Loss of traditional lifestyle and the influence of western values led to some unhealthy way of living.","C","Option A is incorrect: The passage does not specifically discuss spending on cure versus prevention. That is a possible consequence but not directly implied. Option B is incorrect: The passage focuses on individual behavior, not on government responsibility. Option C is correct: The passage notes that environmental problems cause health problems, but even when individuals can make life-or-death choices (health), they remain lethargic. This implies the assumption that health outcomes can, in principle, be improved even if environmental issues remain unattended, i.e., individual choices can protect health independently. Option D is incorrect: The passage does not mention traditional lifestyles or Western influence."
"61f7cfdd-595b-4193-85a4-90f07ab5798c","2023","CSAT","","","","easy","Which one of the following statements best reflects the most logical message implied by the above passage?","Modern technology enfeebles societal structure and makes life difficult","Modern life is full of uncertainties and endless difficult choices","We are influenced by the opinion of others and have no courage to follow our own convictions","In our lives, having too few choices may not be a good thing, but having too many can be equally as difficult.","D","Option A is incorrect: While the passage mentions technology and its role in amplifying our number of choices, it does not directly address how it weakens the societal structure. So, this option might not be the most accurate representation of the passage. Option B is incorrect: This Option aligns with the passage's theme, which discusses the paradox of choice and how an abundance of options can cause difficulties in decision-making. However, the passage does not explicitly discuss the uncertainties of modern life. Option C is incorrect: The passage does not discuss the influence of others' opinions on our decision- making or our lack of courage to follow our convictions. Therefore, this option does not reflect the passage's implied message. Option D is correct: This Option captures the essence of the passage well, which focuses on the paradox of choice—how both the lack of choices and an overabundance of them can lead to decision- making difficulties."
"6b6e7311-7977-4815-b963-330a6afd4d20","2023","CSAT","","","","easy","Which one of the following statements best reflects the most logical, rational and practical message conveyed by the author of the passage?","In India, organic farming should not be promoted as a substitute for conventional farming","There are no safe organic alternatives to chemical fertilizers","In India, farmers need to be guided and helped to make their organic farming sustainable","The aim of organic farming should not be to generate huge profits as there is still no global market for its products","C","Option A is incorrect: It is a little extreme in drawing an inference that In India, organic farming should not be promoted as a substitute for conventional farming. The passage is using a cautionary, rather than an exaggerated, tone regarding organic farming. Further, the author is nowhere found comparing or even promoting conventional farming at the cost of organic farming in the passage. Option B is incorrect: This option is extreme. Nowhere has the author indicated that there are no safe organic alternatives to chemical fertilizers. In fact the author of the passage states the contrary that “since organic fertilizers are difficult to obtain on a large scale in India” implying that safe (can assume safe) organic alternatives to chemical fertilizers are present, but not accessible or readily available. Option C is correct: The passage mentions, “The reality is that because the organic farming industry is still young and not well-regulated in India, farmers and consumers, alike, are not only confused about what products are best for them, but sometimes use products in ways that could harm them as well.” The passage in the further lines goes on to explain the same. Therefore, we can correctly infer that In India, farmers need to be guided and helped to make their organic farming sustainable. Option D is incorrect: This option is extreme. The passage does not discuss the profit or market aspect of organic farming at all."
"6f47d956-282d-444c-a55d-ac302d2d762f","2023","CSAT","","","","easy","Based on the above passage, the following assumptions have been made: 1. To implement the Sustainable Development Goals and to achieve zero-hunger goal, monoculture agriculture practices are inevitable even if they do not address malnutrition. 2. Dependence on a few crops has negative consequences for human health and the ecosystem. 3. Government policies regarding food planning need to incorporate nutritional security. 4. For the present monoculture agriculture practices, farmers receive subsidies in various ways and government offers remunerative prices for grains and therefore they do not tend to consider crop diversity. Which of the above assumptions are valid?","1, 2 and 4 only","2 and 3 only","3 and 4 only","1, 2, 3 and 4","B","Statement 1 is incorrect: The passage neither promotes monoculture nor refers to it as inevitable. In fact, it makes a case against it in the line, “Further, intensive, monoculture agriculture practices can perpetuate the food and nutrition security problem"" Statement 2 is correct: The passage makes many indications that dependence on a few crops has negative consequences for human health and the ecosystem. This is evidenced by the lines, “disappearance of many nutritious foods such as millets."" and ""For long, the agriculture sector focused on increasing food production, particularly staples, which led to lower production and consumption of indigenous traditional crops/grains, fruits and other vegetables, impacting food and nutrition security in the process. Further, intensive, monoculture agriculture practices can perpetuate the food and nutrition security problem by degrading the quality of land, water and food derived through them. Statement 3 is correct: The passage mentions, “disappearance of many nutritious foods such as millets"", ""food grain production has increased over five times since independence, it has not sufficiently addressed the issue of malnutrition"", ""For long, the agriculture sector focused on increasing food production particularly staples....impacting food and nutrition security in the process. Further, intensive, monoculture agriculture practices can perpetuate the food and nutrition security problem...”. This makes a strong case for the government to incorporate nutritional security in its policies regarding food planning. Statement 4 is incorrect: While this statement might be true in its own right, the passage does not mention anything about subsidies or any particular reason(s) behind monoculture."
"75d6406b-1e76-457f-8b8c-7a291d60bd8a","2023","CSAT","","","","easy","Regarding the financialization of household savings, which of the following statements best reflect the solutions that are implied by the passage? 1. A flexible environment is needed to develop solutions. 2. Households need customized solutions. 3. Innovations in financial technology are required. Select the correct answer using the code given below:","1 and 2 only","2 and 3 only","1 and 3 only","1, 2 and 3","A","The passage highlights the critical need to encourage the financialization of savings. However, it also opines that people would only jump into financialization after addressing some hurdles. Statement 1 is correct: The line “Hurdles to change include onerous bureaucracy...” implies a rigid and challenging environment creating challenges in the financialization of household savings. Thus, a flexible environment is required to develop solutions to address the challenges related to the financialization of savings. Thus, it is a correct statement. Statement 2 is correct: The line A lack of basic information about which of the myriad services and provers is best for each family. reflects that families do not have information and access to solutions that meet their specific needs. This can be solved by providing customized solutions to each household. Thus, it is a correct statement. Statement 3 is incorrect: The passage focuses more on the scepticism of organized financial institutions and the lack of knowledge among households. While financial technology innovations can be beneficial in improving access to information and services, they are not directly implied as a solution in the passage."
"78d0aa00-d782-48f6-ba96-c462308f4b31","2023","CSAT","","","","easy","Which one of the following statements best reflects the most logical and rational implication conveyed by the passage?","Arbitrary curbs on vehicles to reduce pollution are difficult to implement","Knee-jerk reactions cannot but an evidence-based approach will be more effective","A heavy penalty should be enforced on those driving without periodic pollution tests","In the absence of laws to deal with the problem of pollution, the administration tends to make arbitrary decisions.","B","Option A is incorrect: The passage does not focus on difficulty of implementing curbs. It criticizes their arbitrariness and lack of scientific basis, not implementation challenges. Option B is correct: The author contrasts arbitrary, knee-jerk measures (odd-even rule, banning vehicles, closing schools) with the need for continuous scientific data about pollution sources. Hence, the most logical implication is that evidence-based policy, not knee-jerk reactions, will work better. Option C is incorrect: The passage mentions pollution tests only to argue that vehicles that pass such tests should not be banned arbitrarily. It does not suggest heavy penalties or emphasize enforcement. Option D is incorrect: The passage does not claim that laws are absent. It criticizes arbitrary decisions despite existing fitness and pollution testing rules. Thus, absence of law is not the point."
"7fb31467-e4fc-487d-993a-92f63dd869f0","2023","CSAT","","","","easy","Which one of the following statements best reflects the most logical and rational message conveyed by the author of the passage?","Adaptation to climate change and mitigation response are basically the responsibilities of the government","Climate change causes a change in government policies regarding land use patterns in the country","Risk perceptions of farmers are important for motivating them for taking adaptation decisions","Since mitigation is not possible, governments should come up with policies for quick response to climate change","C","Option A is incorrect: While the passage suggests that government involvement could be beneficial, it does not state outright that these are exclusively the government's responsibilities. The farmers' perception and adaptation practices are also considered important. Option B is incorrect: The passage doesn't provide information regarding climate change causing changes in government policies specifically about land use patterns. The author's focus is on the adaptation to climate change and potential policy intervention to support that adaptation. Option C is correct: This option aligns well with the passage. The author discusses that the farmers' perception of the risks associated with climate change is important for adaptation. However, the author also states that perception alone is not enough for adaptation. However, it's worth noting that the author emphasizes that perception alone is not sufficient for adaptation and suggests that there may be a need for planned or policy-driven adaptation strategies by the government. Option D is incorrect: The passage does not state that mitigation is not possible. It talks about the necessity of adaptation alongside a fast mitigation response. Hence, this Option does not correctly reflect the author's message."
"87530596-b4fc-4dff-90e8-616e3d2e69ef","2023","CSAT","","","","easy","Which one of the following statements best reflects the most logical and rational massage conveyed by the author of the passage?","Food yielding trees should replace other trees in rural and tribal areas and community owned lands.","Food security cannot be ensured in India with the present practice of conventional agriculture.","Wastelands and degraded areas in India should be converted into agroforestry systems to help the poor.","Agroecosystems should be developed in addition to or along with conventional agriculture.","D","Option A is incorrect: The passage talks about the significance of food from non-agricultural lands such as forests, peatlands, etc., in terms of ensuring food security during food shortages and production gaps and complementing the agricultural system. But it does not recommend replacing other trees with food-yielding trees. Option B is incorrect: Although the passage highlights the resilience of forest foods through the lines “Since the productivity of trees is often more resilient to adverse weather conditions.....forest food provides safety net… ”, it does not mention that conventional agriculture on its own can not ensure food safety. Option C is incorrect: The line “It allows rural and tribal communities to sustain themselves for the whole year and steer clear of natural disasters and season-induced shortfalls of agriculture food” indicates the vulnerability of the rural and tribal communities. However, the passage nowhere mentions the conversion of wastelands and degraded areas to develop forests and help the poor. Option D is correct: The tribal and rural communities are vulnerable to food shortages due to crop failures and during seasonal production gaps as seen in the line “..forest food provides a safety net during periods of food shortages caused by crop failures; forest foods also make important contributions during seasonal crop production gaps.” The development of agroecosystems along with conventional agriculture would reduce the vulnerability of these communities and ensure their food security."
"877233a3-e64d-4334-9379-30cae9e5ecc2","2023","CSAT","","","","easy","Which one of the following statements best reflects the most rational, logical and practical message conveyed by the passage?","Modern statesmen need to be well trained in scientific methods and philosophical thinking to enable them to have a better perspective of their roles, responsibilities and goals","It is not desirable to have Governments managed by empirical statesmen unless well mixed with others who are grounded in learning and reflect wisdom","As the statesmen/bureaucrats are the products of a society, it is desirable to have a system of education in a society that focuses on training its citizens in scientific method and philosophical thinking from a very early age","It is desirable that all scientists need to be philosophers as well to make their work goal- oriented and thus purposeful and useful to the society.","B","Option A is incorrect: While the passage draws parallels between science/philosophy and politics/statesmanship, it does not prescribe direct training for every modern statesman in scientific methods and philosophy. That is an extrapolation. Option B is correct: The passage emphasizes that science without philosophy becomes superficial, and politics without statesmanship becomes bedlam. This implies that governments should not be run solely by empirical/purely technical individuals; they must be tempered with learning, wisdom, and philosophical grounding. Thus, B captures the practical message about governance most rationally. Option C is incorrect: The passage does not discuss societal education systems or early-age training explicitly. Option D is incorrect: The passage mentions scientists benefiting from philosophy, but the main focus is on the need for guidance in governance, not prescribing that all scientists must be philosophers."
"8a1b3333-1051-4f7e-abea-fc119d738f1c","2023","CSAT","","","","easy","Which one the following statements best reflects what is implied by the passage?","Education system must be strengthened in rural areas","Large scale and effective implementation of skill development programme is the need of the hour","For economic development, health and nutrition of only skilled workers needs special attention","For rapid economic growth as envisaged by us, attention should be paid to health and nutrition of the people","D","Option A is incorrect: While education might be indirectly related to the issue discussed in the passage, the text does not specifically address or imply anything about education or the rural area. It focuses on health and nutrition issues affecting productivity and cognitive abilities. Option B is incorrect: This option, like (A), does not directly tie into the specific issues addressed in the passage. The primary focus is on health and nutrition problems and their impact on productivity and cognitive abilities, not on skill development. Option C is incorrect: This is partly correct, as the passage implies that the health and nutrition of workers (skilled or otherwise) affect productivity and cognitive abilities, which are crucial for economic development. However, the passage does not suggest that only skilled workers need special attention in this respect. It mentions malnourished children and people of working age in general. Option D is correct: For rapid economic growth as envisaged by us, attention should be paid to the health and nutrition of the people: This Option is most aligned with the passage's implications. The text discusses the impact of health issues like anemia and tuberculosis on productivity, the effect of malnutrition on cognitive abilities in children, and the future needs of an economy increasingly reliant on highly skilled workers. The implication is that addressing health and nutrition issues is crucial for India's economic growth."
"904e51ff-3afb-4111-8ac1-4695ffa47bde","2023","CSAT","","","","easy","Which one of the following statements best reflects the crux of the passage?","To become a global power, India needs to invest in universal quality education","India is unable to become a global power because it is not focusing or promoting knowledge economy","Our education system should focus more on imparting skills during higher education","Parents of many school children are illiterate and are unaware of the benefits of quality education.","A","Option A is correct: The passage highlights the significance of quality education in imparting foundations skills, and its contribution to the knowledge economy through the lines “the advent of the knowledge economy poses new challenges, and one of the severe consequences of having an uneducated workforce will be our inability to keep pace with the global economy”. Thus the statement aligns with the message of the passage on the significance of quality education. Option B is incorrect: This statement is not supported by the passage directly. The passage only talks about the challenges posed by the knowledge economy. It does not explicitly state that India is not focusing on or promoting a knowledge economy. Option C is incorrect: The lines, “Like one learns to walk before running, similarly one picks up advanced skills only after picking the basic foundational skills.” and “Without a strong learning foundation at the primary level, there can be no improvement in higher education or skill development” clearly emphasize the importance of school education rather than the higher education. Option D is incorrect: This statement is beyond the scope of the passage, as the passage does not talk about the literacy and awareness of the parents anywhere."
"92319a5a-0c36-4bb9-aea4-5f0dc3c2f828","2023","CSAT","","","","easy","Raj has ten pairs of red, nine pairs of white and eight pairs of black shoes in a box. If he randomly picks shoes one by one (without replacement) from the box to get a red pair of shoes to wear, what is the maximum number of attempts he has to make?","27","36","44","45","D","Raj has ten pairs of red, nine pairs of white and eight pairs of black shoes in a box. So, he has 20 red shoes, 18 white shoes, and 16 black shoes. To find the maximum number of attempts we need to visualize the worst-case scenario. Let Raj draw all white and black shoes, which amounts to 18 + 16 = 34 shoes. Now, if he picks any two shoes, they are certainly going to be red. However, we also need to ensure that the red shoes picked by him make a pair, i.e. there should be one red shoe for left foot and one red shoe for right foot. For this to happen we need to pick 11 red shoes. So, maximum number of attempts to get a red pair of shoes = 34 + 11 = 45 Hence, option D is correct."
"99177ed3-5d45-4dd6-be58-8132688cf286","2023","CSAT","","","","easy","Based on the above passage, the following assumptions have been made: 1. Collection, processing and segregation of municipal waste should be with government agencies. 2. Resource recovery and recycling require technological inputs that can be best handled by private sector enterprises. Which of the assumptions given above is/are correct?","1 only","2 only","Both 1 and 2","Neither 1 nor 2","D","Statement 1 is incorrect: The passage nowhere makes any assertion indicating that collection, processing and segregation of municipal waste should be with government agencies. In fact, the passage suggests that ""More than three-fourths of the municipal budget goes into collection and transportation, which leaves very little for processing/resource recovery and disposal”, indicating how the municipal system (under the government) is already stressed. Statement 2 is incorrect: The passage nowhere makes any assertion indicating that resource recovery and recycling require technological inputs that can be best handled by private sector enterprises. The passage only limits itself to saying that “which technology is most appropriate in converting waste to energy depends on what is in the waste (that is biodegradable versus non-biodegradable component) and its calorific value."" and further that “The biodegradable component of India's municipal solid waste is a little over 50 per cent, and biomethanation offers a major solution for processing this.” So, the passage makes a case for the mode of resource recovery and recycling, i.e., bio methanation, rather than which sector should perform it."
"9a84b16a-17b4-4a93-aedf-61c16792c585","2023","CSAT","","","","easy","Which one of the following statements best reflects the crux of the passage?","The scheme of Universal Basic Income should be implemented worldwide as a way of poverty alleviation","We must place food-based nutrition at the centre of our policy debate","Nutritional status of food should be improved by creating appropriate genetically modified crops","Using modern food processing technologies, we must fortify food items with required nutrient elements.","B","Option A is incorrect: This option does not reflect the core of the passage. The passage discusses the problems surrounding food choices and accessibility, as well as their impact on health and economic progress. Universal Basic Income as a solution or even as a concept is not mentioned. Option B is correct: This Option appears to be the most accurate reflection of the crux of the passage. The passage discusses issues with food consumption, accessibility, and their effects on health and economic progress. This suggests that placing food-based nutrition at the centre of policy debates could address these interconnected problems. Option C is incorrect: Although this could be one potential solution to the problems outlined in the passage, the passage itself does not discuss genetically modified crops. Thus, this option is not the most accurate reflection of the passage's main point. Option D is incorrect: This option, like (c), presents a potential solution to the issue at hand. However, the passage does not specifically discuss fortifying foods or using modern food processing technologies, making it a less accurate reflection of the passage's main point."
"a91ab058-a4aa-413e-8cd7-086630593e4e","2023","CSAT","","","","easy","With reference to the above passage, the following assumptions have been made: 1. Global warming is causing spring to come early and for longer durations. 2. Early spring and longer period of spring is not good for bird populations. Which of the above assumptions is/are correct?","1 only","2 only","Both 1 and 2","Neither 1 nor 2","A","Assumption 1 is valid: The passage mentions “warmer winters with less snow resulted in a longer lag time between spring events and a more protracted vernal window.” This implies that global warming is causing spring to arrive earlier and last longer. Assumption 2 is invalid: The passage notes that early ice melt causes birds to return later, affecting springtime events. However, it does not state that this is harmful to bird populations; it only mentions a timing mismatch."
"b447a708-a13c-4a9f-8146-c676e8509290","2023","CSAT","","","","easy","Which of the following statements best reflects the logical inference from the passage given above?","It is an important agenda of the countries around the world to ensure access to good external financing","Good corporate governance improves the credibility of the firms","International capital markets ensure that the firms maintain good corporate governance","Good corporate governance paves the way for robust supply chains.","B","Option A is incorrect: The passage says corporate governance has become important because of global capital markets. It does not say that ensuring external financing is an agenda of all countries. Option B is correct: The passage clearly states that good corporate governance provides: - accountability - control - timely & accurate reporting - equal treatment of stakeholders These factors make firms more trustworthy to investors, improving their credibility. This is the strongest and most direct logical inference. Option C is incorrect: The passage says investors prefer firms with good governance. It does not say international capital markets ensure firms maintain it. Option D is incorrect: Nothing in the passage mentions supply chains."
"b46e70df-40dc-406d-8ea3-eb7e07e2ecb1","2023","CSAT","","","","easy","Which one of the following statements best reflects the most logical and practical message conveyed by the passage?","It is necessary to put proper effluent treatment protocols in place","It is necessary to promote environmental awareness among people","Spread of drug-resistant bacteria cannot be done away with, as it is inherent in modern medical care","Pharma-manufacturing companies should be set up in remote rural areas, away from crowded towns and cities.","A","Option A is correct: The passage highlights the environmental impact of antibiotics manufacturing companies not treating their waste through the line - the environmental impact of antibiotics- manufacturing companies not treating their waste has scarcely been discussed at any length or seriousness thus far. Pollution from antibiotics factories is fueling the rise of drug-resistant infections.” Therefore, the passage emphasizes the need for these companies to implement proper effluent treatment protocols to prevent pollution and minimize the spread of drug-resistant bacteria. Option B is incorrect: The passage specifically discusses the environmental impact of antibiotics manufacturing companies not treating their waste and how it contributes to the rise of drug-resistant infections. Therefore, promoting environmental awareness, although a good idea, alone may not directly address the issue at hand. Option C is incorrect: This is a pessimistic and broad statement that does not align with the main theme of the passage. Nowhere the passage mentions or suggests that it is not possible to control the spread of drug-resistant bacteria, although it may be challenging. Option D is incorrect: Although this statement presents a solution, it is not the most practical and logical solution conveyed by the passage. The passage primarily emphasizes the importance of proper waste treatment by antibiotics manufacturing companies to reduce pollution and the spread of drug-resistant bacteria in the line “Pollution from antibiotics factories is fueling the rise of drug-resistant infections."
"b96f6295-9dd2-4eaf-9060-2ef788decc26","2023","CSAT","","","","easy","Which one of the following statements best reflects the crucial message conveyed by the author of the passage?","Businesses that cause emissions may need to close down or pay for pollution in future","The only solution is technological development related to the issues of climate change","Waiting to deal with carbon emissions until technology improves is not a wise strategy","Since future technological change is uncertain, new industries should be based on renewable energy sources.","C","Option A is incorrect: The only part of the passage pertaining to this assertion is the line, “Businesses that do not hedge against the threat of uncertain outcomes fail.” The passage nowhere specifies that businesses would need to close down or pay for pollution in future. Hence, we cannot assume the same, as there is no definite or sufficiently indicative basis for the safe. Option B is incorrect: The passage does not convey any solutions to the issue of climate change. Furhter, the statement is also too extreme (“only solution”) to be true. Option C is correct: The passage mentions, “Technological change, meanwhile, could make a future transition away from fossil fuels cheap or it might not, leaving the world with a terrible choice between sharply reducing emissions at huge cost or suffering through the effects of unabated warming. Businesses that do not hedge against the threat of uncertain outcomes fail. The world cannot afford such recklessness on climate change.” Hence, we can safely conclude that waiting to deal with carbon emissions until technology improves will not be a wise strategy. This is the main message of the author. Option D is incorrect: The passage does not convey any solutions to the issue of climate change. Furhter, the statement is also too specific, whereas the passage does not discuss the same."
"db2e3080-5b48-4baa-92e7-6fd68ec1bbfe","2023","CSAT","","","","easy","Based on the above passage, the following assumptions have been made: 1. Protection of privacy is not just a right, but it has value to the economy. 2. There is a fundamental link between privacy and innovation. Which of the above assumptions is/are valid?","1 only","2 only","Both 1 and 2","Neither 1 nor 2","C","Statement 1 is correct: The lines, “The ultimate control of data must reside with the individuals who generate it; they should be enabled to use, restrict or monetise it as they wish” highlights how privacy is a matter of right. Also, giving control over the monetisation of this data indicates that privacy has an economic value as well. Statement 2 is correct: The line, “No one will innovate in a surveillance-oriented environment or in a place where an individual's personal information is compromised” establishes a direct link between innovation and privacy. Innovation fosters an environment, where privacy is protected."
"dfd36f32-fbe2-4613-9d38-099bca70ca0d","2023","CSAT","","","","easy","Based on the above passage, the following assumptions have been made: 1. Organic farming is inherently unsafe for both farmers and consumers. 2. Farmers and consumers need to be educated about eco-friendly food. Which of the assumptions given above is/are correct?","1 only","2 only","Both 1 and 2","Neither 1 nor 2","B","Statement 1 is incorrect: This statement is incorrect because of the use of the word “inherently"". The passage states that “The reality is that because the organic farming industry is still young and not well-regulated in India, farmers and consumers, alike...in ways that could harm them as well."" Therefore, we must infer that organic farming is not inherently unsafe for both farmers and consumers, but might be unsafe due to factors such as lack of regulation, “organic fertilizers are difficult to obtain on a large scale”, “If, not applied in the right dose” etc. Statement 2 is correct: This assumption closely aligns with the content of the passage. The passage discusses the confusion among farmers and consumers due to the lack of regulation and research in the organic farming industry. This implies that there is a need for more education about what constitutes eco-friendly food and how it should be produced and consumed safely."
"dffa8e00-87cc-48af-825d-aa351c68558d","2023","CSAT","","","","easy","Based on the above passage, which one of the following terms expresses the ultimate goal of the state?","Personal safety","Health of body and mind","Communal harmony","Liberty","D","Option A is incorrect: The passage mentions that the end of the state is to “free each man from fear that he may live and act with full security and without injury to himself or his neighbour,” which does suggest personal safety. However, this might be considered as one aspect rather than the ultimate goal. Option B is incorrect: While the passage does talk about enabling bodies and minds to function safely, it doesn't suggest this as the ultimate goal of the state. Option C is incorrect: The text does imply communal harmony as one of the goals – “that they may not waste their strength in hatred, anger and guile, nor act unfairly toward one another” – but again, this seems more like one of the aspect of the ultimate goal rather than the ultimate goal itself. Option D is correct: The passage strongly emphasises that the end of the state is to lead men to live by, and exercise, a free reason. This suggests liberty as a core goal, encompassing elements of personal safety, the health of body and mind, and communal harmony. Based on the passage, “Liberty” - seems to best express the ultimate goal of the state."
"e6940bfb-25e4-41f3-bd25-8d17c2273ebc","2023","CSAT","","","","easy","Which one of the following statements best reflects the most logical, rational and crucial message conveyed by the passage?","Climate justice should be ingrained in detail in the rules of all the new climate compacts/agreements","Environmental resources are unevenly distributed and exploited across the globe","There is an impending issue of dealing with a huge number of climate change victims/climate refugees","Climate changes in all its connotations is mostly due to developed countries and therefore their share of burden should be more","A","Option A is correct: The line “The crucial question in the next few years will be how resources, technologies, and regulations are used to support the victims of climate change.” highlights the need for climate justice. To achieve it, it is imperative that climate justice is ingrained in detail in the rules of all the new climate compacts/agreements. Hence this option seems to be the logical, rational, and crucial message conveyed by the passage. Option B is incorrect: This statement goes beyond the scope of the passage, which primarily focuses on climate justice rather than the distribution and exploitation of environmental resources. Option C is incorrect: While the passage mentions the crucial question of how resources, technologies, and regulations are used to support the victims of climate change, it does not specifically address the impending issue of dealing with a huge number of climate change victims or climate refugees. Thus, this option is beyond the scope of the passage Option D is incorrect: Although the passage recommends compensation loss and damages, it does not mention that climate change is mostly due to developed countries or that their share of the burden should be more. Thus this option goes beyond the scope of the passage."
"e81cab6b-e263-4071-ba04-d850273c4eac","2023","CSAT","","","","easy","Based on the above passage, the following assumptions have been made: 1. Patent protection given to patentees puts a huge burden on public's purchasing power in accessing patented medicines. 2. Dependence on other countries for pharmaceutical products is a huge burden for developing and poor countries. 3. Providing medicines to the public at affordable prices is a key goal during the public health policy design in many countries. 4. Governments need to find and appropriate balance between the rights of patentees and the requirements of the patients. Which of the above assumptions are valid?","1 and 2","1 and 4","3 and 4","2 and 3","B","Statement 1 is correct: The line, “The patentees enjoy the liberty to determine the prices of medicines, which is time-limited to the period of monopoly, but could be unaffordable to the public assumes that patent protection puts a huge burden on the purchasing power of the public and may even make its access unaffordable. Statement 2 is incorrect: Although this statement is true in general, it is beyond the scope of the passage as it nowhere talks about the burden imposed on developing and poor countries as a whole in accessing pharmaceutical products. Statement 3 is incorrect: This statement is also true in general, however, the passage does not talk about the public health policy design of the countries and its goals. Statement 4 is correct: The line, “Such patent protection offered to the patentees is believed to benefit the public over the long term through innovation and research and development (R&D), although it comes at a cost, in the nature of higher prices for the patented medicines” indicates the desirability of the patent regime and price protection. At the same time, higher medicines prices put a burden on the public. Therefore, governments need to balance short-term needs with long-term goals."
"02863d54-4df5-4c7c-b417-71e41f258e61","2023","CSAT","","","","easy","Consider the sequence ABC_ _ABC_DABBCD_ABCD that follows a certain pattern. Which of the following completes the sequence?","DACB","CDAB","DCCA","DDCA","D","The given sequence: ABC_ _ABC_DABBCD_ABCD We can break this sequence in five sets of 4 elements each. On analysing it in this manner, we can see that the last element moves to the first position in a cyclic manner. The complete sequence is: ABCD DABC CDAB BCDA ABCD Hence, option (D) is correct."
"115b52e9-8f2d-47c8-b704-94ef5434d20e","2023","CSAT","","","","easy","If 'ZERO' is written as 'CHUR', then how is 'PLAYER' written?","SOCACT","SODBGT","SODBHT","SODBHU","D","Here, we are required to decipher or decode the pattern. ZERO is written as CHUR. We can see that the underlying pattern is very simple, as shown below: $Z+3=C$ $E+3=H$ $R+3=U$ $O+3=R$ We will follow a similar pattern to code PLAYER. $P+3=S$ $L+3=O$ $A+3=D$ $Y+3=B$ $E+3=H$ $R+3=U$ So, the required code is SODBHU. Hence, option (D) is correct."
"23291cdb-7eac-4485-b466-50b5e07c2f2c","2023","CSAT","","","","easy","There are 5 members A, B, C, D, E in a family. Question: What is the relation of E to B ? Statement-1: A and B are a married couple. Statement-2: D is the father of C. Statement-3: E is D's son. Statement-4: A and C are sisters. Which one of the following is correct in respect of the above Questions and Statements?","Statement-1, Statement-2 and Statement-3 are sufficient to answer the Question.","Statement-1, Statement-3 and Statement-4 are sufficient to answer the Question.","All four statement together are sufficient to answer the Question.","All four statements are not sufficient to answer the Question.","C","The 5 family members are A, B, C, D, and E. The given statements are: Statement 1: A and B are a married couple. Statement 2: D is the father of C. Statement 3: E is D's son. Statement 4: A and C are sisters. We need to find the relation of E with B. We must use statements 1 and 3, as B and E have not been mentioned in any other statement. Option (A): Statements 1, 2 and 3 alone are not sufficient, as we cannot find a link between B and E in these statements. Option (B): Statements 1, 3 and 4 alone are not sufficient, as we cannot find a link between B and E in these statements. Option (C): Using all the four statements, we get the following family tree: ![Diagram](https://d39jluplm5thpx.cloudfront.net//image_2023_1_2_f522c0c056.png) So, E is the brother-in-law of B. Hence, option (C) is correct."
"2f71f44f-d132-4cb4-a790-7022dbde7581","2023","CSAT","","","","easy","Choose the group which is different from the others:","$17, 37, 47, 97$","$31, 41, 53, 67$","$71, 73, 79, 83$","$83, 89, 91, 97$","D","Prime numbers in 1-100 range are: 2, 3, 5, 7, 11, 13, 17, 19, 23, 29, 31, 37, 41, 43, 47, 53, 59, 61, 67, 71, 73, 79, 83, 89, 97. We can see that all the numbers in options (A), (B), and (C) are prime numbers. However, number 91 in option (D) is not a prime number. As, $91 = 13 \times 7$. So, this group is different from the others. Hence, option (D) is correct."
"4e09883c-1f69-484f-b8e7-12da76dc6c3c","2023","CSAT","","","","easy","Consider the following statements: 1. A is older than B. 2. C and D are of the same age. 3. E is the youngest. 4. F is younger than D. 5. F is older than A. How many statements given above are required to determine the oldest person/persons?","Only two","Only three","Only four","All five","D","The given statements are: 1. A is older than B. 2. C and D are of the same age. 3. E is the youngest. 4. F is younger than D. 5. F is older than A. So, the persons we need to consider are: A, B, C, D, E, and F, i.e. 6 in total. We must use statements 2 and 3, as C has been mentioned only in statement 2, and E has been mentioned only in statement 3. Now, we need to account for A, B, D and F. We can account for A and B using statement 1, and for D and F using statement 4. Using statements 1 and 3, we get: $A > B > E$ Using statements 2 and 4, we get: $C = D > F$ However, we still need statement 5 to find out the relative ages of these two groups. Using statement 5, we get: $C = D > F > A > B > E$ So, C and D are the oldest and to find this out we need to use all the given five statements. Hence, option (D) is correct."
"5d417c53-9f60-4071-a33c-6af8d5fc583b","2023","CSAT","","","","easy","The letters of the word INCOMPREHENSIBILITIES are arranged alphabetically in reverse order. How many positions of the letter/letters will remain unchanged?","None","One","Two","Three","C","The given word is INCOMPREHENSIONSIBILITIES. On arranging its letters alphabetically in reverse order, we will get: TSSRPONNMLIIIIIHEEECB Now, let's compare the two to identify the letters with unchanged positions. We find that only two I's remain in the same position: ![Diagram](https://d39jluplm5thpx.cloudfront.net//CSAT_2023_Row51_558d98fcae.png) Hence, option (C) is correct."
"6314848f-0b7c-4118-acd4-ec91c13f4f28","2023","CSAT","","","","easy","What is the middle terms of the sequence Z, Z, Y, Y, Y, X, X, X, X, W, W, W, W, W,...…………,A?","H","I","J","M","B","The given sequence is: Z, Z, Y, Y, Y, X, X, X, X, W, W, W, W, V W, ......., A So, the number of terms in the given sequence = $2 + 3 + 4 + \dots + 27 = [\frac{27 (27 + 1)}{2}] – 1 = [\frac{27 \times 28}{2}] – 1 = 378 – 1 = 377$ So, the middle term is $378/2$, i.e. 189th Now, $377 – (27 + 26 + 25 + 24 + 23 + 22 + 21 + 20) = 189$ So, the 189th term must be I. Hence, option (B) is correct."
"a3737085-a4bd-4f65-8b29-5d378f59aea5","2023","CSAT","","","","easy","Consider the following statements in respect of five candidates P, Q, R, S, and T. Two statements are true and one statement is false. True Statement: One of P and Q was selected for the job. False Statement: At least one of R and S was selected for the job. True Statement: At most two of R, S and T were selected for the job. Which of the following conclusions can be drawn? 1. At least four were selected for the job. 2. S was selected for the job. Select the correct answer using the code given below:","$1$ only","$2$ only","Both $1$ and $2$","Neither $1$ nor $2$","D","The five candidates are P, Q, R, S, and T. The given statements are: True statement: One of P and Q was selected for the job. So, either P was selected or Q was selected. False statement: At least one of R and S was selected for the job. As this statement is false, we can deduce that neither R nor S was selected for the job. True statement: At most two of R, S and T were selected for the job. But we already know that neither R nor S was selected for the job. So, we are only left with T. It may or may not be selected. The selected candidates maybe: P, PT, Q, QT So, the number of candidates that can be selected is either 1 or 2. So, none of the given conclusions is correct. Hence, option (D) is correct."
"c6b067d4-b2e4-4775-9f10-955da77ec71c","2023","CSAT","","","","easy","I. $A + B$ means A is neither smaller nor equal to B. II. $A – B$ means A is not greater than B. III $A \times B$ means A is not smaller than B. IV. $A \div B$ means A is neither greater nor equal to B. V. $A \pm B$ means A is neither smaller nor greater than B. Statement: $P \times Q$, $P – T$, $T \div R$, $R \pm S$ Conclusion-1: $Q \pm T$ Conclusion-2: $S+Q$ Which one of the following is correct in respect of the above Statement and the Conclusions?","Only Conclusion-1 follows from the Statement.","Only Conclusion-2 follows from the Statement.","Both Conclusion-1 and Conclusion-2 follow from the Statement.","Neither Conclusion-1 nor Conclusion-2 follows from the Statement.","B","According to the question, $A + B$ means $A > B$ $A – B$ means $A \le B$ $A \times B$ means $A \ge B$ $A \div B$ means $A < B$ $A \pm B$ means $A = B$ It’s given that, $P \times Q$, $P – T$, $T \div R$, $R \pm S$ Or $P \ge Q$, $P \le T$, $T < R$, $R = S$ Using this we get: $S = R > T \ge P \ge Q$ Conclusion I: $Q \pm T$ or $Q = T$. This is not necessarily true. Conclusion II: $S + Q$ or $S > Q$. This is true. Hence, option (B) is correct."
"c8ca9ae2-fb19-468e-acf0-422dd44bd5b6","2023","CSAT","","","","easy","For five children with ages $a < b < c < d < e$; any two successive ages differs by 2 years. Question: What is the age of the youngest child? Statement-1: The age of the eldest is 3 times the youngest. Statement-2: The average age of the children is 8 years Which one of the following is correct in respect of the above Question and the Statements?","The Question can be answered by using one of the Statement alone.","The Question can be answered by using either Statement alone.","The Question can be answered by using both the Statement together, but cannot be answered using either Statement alone.","The Question cannot be answered even by using both the Statements together.","B","Given: $a < b < c < d < e$ Since, any two successive ages differ by 2 years, the ages can also be written as: $a$, $a + 2$, $a + 4$, $a + 6$, $a + 8$ Statement 1: The age of the eldest is 3 times the youngest. So, $a + 8 = 3a$ Or $2a = 8$ Or $a = 4$ So, Statement 1 alone is sufficient. Statement 2: The average age of the children is 8 years. $(a + a + 2 + a + 4 + a + 6 + a + 8) / 5 = 8$ Or $(5a + 20) / 5 = 8$ Or $5a + 20 = 40$ Or $5a = 20$ Or $a = 4$ So, Statement 2 alone is sufficient. Hence, option (B) is correct."
"d6f0a69a-e832-40a3-977f-814ff950f824","2023","CSAT","","","","easy","If 7 ⨁ 9 ⨁ 10 = 8, 9 ⨁ 11 ⨁ 30 = 5, 11 ⨁ 17 ⨁ 21 = 13, what is the value of $23 \bigoplus 4 \bigoplus 15$?","$6$","$8$","$13$","$15$","A","Here, we are just adding up the numbers and then summing up the digits of the resultant number. $7 \bigoplus 9 \bigoplus 10 = 7 + 9 + 10 = 26 = 2 + 6 = 8$ $9 \bigoplus 11 \bigoplus 30 = 9 + 11 + 30 = 50 = 5 + 0 = 5$ $11 \bigoplus 17 \bigoplus 21 = 11 + 17 + 21 = 49 = 4 + 9 = 13$ So, $23 \bigoplus 4 \bigoplus 15 = 23 + 4 + 15 = 42 = 4 + 2 = 6$ Hence, option (A) is correct."
"e1e83907-d4f4-4661-aa5c-39b6a6357918","2023","CSAT","","","","easy","A flag has to be designed with 4 horizontal strips using some or all of the colours red, green and yellow. What is the number of different ways in which this can be done so that no two adjacent stripes have the same colour?","$12$","$18$","$24$","$36$","C","Let's consider the possibilities for each stripe: For the first stripe, we have three colour options - (red, green, yellow). For the second stripe, we need to choose a colour different from the first stripe. So, we have two colour options. For the third stripe, we need to choose a colour different from the second stripe. So, we have two colour options. For the fourth stripe, we need to choose a colour different from the third stripe. So, we have two colour options. So, total number of possible ways to design the flag = $3 \times 2 \times 2 \times 2 = 24$ Hence, option (C) is correct."
"f41e55b3-1b06-442a-9dc8-27baa555ef17","2023","CSAT","","","","easy","Let P, Q, R, S and T be five statements such that: I. If P is true, then both Q and S are true. II. If R and S are true, then T is false. Which of the following can be concluded? 1. If T is true, then at least one of P and R must be false. 2. If Q is true, then P is true. Select the correct answer using the code given below:","$1$ Only","$2$ Only","Both $1$ and $2$","Neither $1$ nor $2$","A","I. If P is true, then both Q and S are true. However, if P is false, we cannot say anything about Q and S. II. If R and S are true, then T is false. However, if only one of R and S is true, or both of them are false, then we cannot say anything about T. Now, let's analyze the given conclusions. Conclusion 1: If T is true, then at least one of P and R must be false. If T is true, then it means that at least one of R and S must be false. Now, if S is false then it means that P must also be false. So, Conclusion 1 is correct. Conclusion 2: If Q is true, then P is true. If Q is true, then it doesn't necessarily mean that P must be true. So, Conclusion 2 is not correct. Hence, option (A) is correct."
"0264ecaa-5c36-43a1-8319-69bef5ceeb9e","2023","CSAT","","","","easy","How many distinct 8-digit numbers can be formed by rearranging the digits of the number 11223344 such that odd digits occupy odd positions and even digits occupy even positions?","$12$","$18$","$36$","$72$","C","In an eight-digit number there are 4 odd and 4 even positions. In the number 11223344, there are 4 odd numbers (1, 1, 3, 3) and 4 even numbers (2, 2, 4, 4). Now, the number of ways these 4 odd numbers (1, 1, 3, 3) can be arranged in 4 odd positions = $\frac{4!}{(2 \times 2)} = 6$ Similarly, the number of ways these 4 even numbers (2, 2, 4, 4) can be arranged in 4 even positions = $\frac{4!}{(2 \times 2)} = 6$ So, number of such distinct numbers = $6 \times 6 = 36$ Hence, option C is correct."
"027794b4-0aa8-42eb-9321-909c49ffb99f","2023","CSAT","","","","easy","Questions: Is p greater than q? Statement-1: $p \times q$ is greater than zero. Statement-2: $p^2$ is greater than $q^2$. Which one of the following is correct in respect of the above Question and the Statements?","The Question can be answered by using one of the Statements alone, but cannot be answered using the other Statement alone","The Question can be answered by using either Statement alone","The Question can be answered by using both the Statements together, but cannot be answered using either Statement alone","The Question cannot be answered even by using both the Statements together.","D","Statement 1: $(p \times q) > 0$ It means neither p nor q can be 0, and both of them must be positive, or both negative. Say, $2 \times 3$, or $(-2) \times (-3)$ So, by using statement1 is alone we cannot determine whether $p > q$. So, Statement 1 alone is not sufficient. Statement 2: $p^2 > q^2$ But we do not know whether p and q are positive or negative. Say, $3^2 > 2^2$, or $(-3)^2 > (-2)^2$ So, we cannot determine whether $p > q$. So, Statement 2 alone is not sufficient. Even by using both the statements together, we cannot determine whether $p > q$. Hence, option (D) is correct."
"0b9bbe64-64cb-4e65-a1e5-c8726a7052b4","2023","CSAT","","","","easy","125 identical cubes are arranged in the form of cubical block. How many cubes are surrounded by other cubes from each side?","$27$","$25$","$21$","$18$","A","We have to find the number of internal cubes, i.e. the number of cubes that are not exposed. There are 125 cubes. Now, $5^3 = 125$. So, $n = 5$ Number of internal cubes = $(n - 2)^3 = (5 - 2)^3 = 3^3 = 27$ Hence, option A is correct."
"0d2e34a5-255a-487b-913f-5a3fc70b4a47","2023","CSAT","","","","easy","A, B, C working independently can do a piece of work in 8, 16 and 12 days respectively. A alone works on Monday, B alone works on Tuesday, C alone works on Wednesday; A alone, again works on Thursday and so on. consider the following statements: 1. The work will be finished on Thursday. 2. The work will be finished in 10 days. Which of the above statements is/are correct?","1 Only","2 Only","Both 1 and 2","Neither 1 nor 2","A","A, B, C working independently can do a piece of work in 8, 16 and 12 days respectively. Let the total amount of work be LCM $(8, 16, 12) = 48$ units So, Efficiency of A = $48/8 = 6$ units/day Efficiency of B = $48/16 = 3$ units/day Efficiency of C = $48/12 = 4$ units/day The amount of work done in 3 days (Monday + Tuesday + Wednesday) = $6 + 3 + 4 = 13$ units Thereafter, the amount of work done in subsequent 3 days (Thursday + Friday + Saturday) = $6 + 3 + 4 = 13$ units Thereafter, the amount of work done in subsequent 3 days (Sunday + Monday + Tuesday) = $6 + 3 + 4 = 13$ units Thereafter, the amount of work done in subsequent 2 days (Wednesday + Thursday) = $6 + 3 = 9$ units So, amount of work done in 11 days = $13 + 13 + 13 + 9 = 48$ units So, work will get finished in 11 days on Thursday. It means that Statement 1 is correct, but Statement 2 is incorrect. Hence, option A is correct."
"0d5d636b-d5db-4ddb-b576-9b449e564ebe","2023","CSAT","","","","easy","In how many ways can a batsman score exactly 25 runs by scoring single runs, fours and sixes only, irrespective of the sequence of scoring shots?","$18$","$19$","$20$","$21$","B","Let the singles taken and the fours and the sixes scored by the batsman be x, y and z respectively. So, as per the question: $x + 4y + 6z = 25$, wherein $x, y, z \ge 0$ If no six has been hit, i.e. $z = 0$ $x + 4y = 25$ So, the possible values of (x, y) may be (1, 6), (5, 5), (9, 4), (13, 3), (17, 2), (21, 1), (25, 0), i.e. 7 possible ways. If one six has been hit, i.e. $z = 1$ $x + 4y = 19$ So, the possible values of (x, y) may be (3, 4), (7, 3), (11, 2), (15, 1), (19, 0), i.e. 5 possible ways. If two sixes have been hit, i.e. $z = 2$ $x + 4y = 13$ So, the possible values of (x, y) may be (1, 3), (5, 2), (9, 1), (13, 0), i.e. 4 possible ways. If three sixes have been hit, i.e. $z = 3$ $x + 4y = 7$ So, the possible values of (x, y) may be (3, 1), (7, 0), i.e. 2 possible ways. If four sixes have been hit, i.e. $z = 4$ $x + 4y = 1$ So, the possible values of (x, y) may be (1, 0), i.e. 1 possible way. So, total number of possible ways = $7 + 5 +4 + 2 + 1 = 19$ Hence, option (B) is correct."
"10e67309-079f-46c4-8f78-73cd901e7b9b","2023","CSAT","","","","easy","Questions: Is $(p + q - r)$ greater than $(p - q + r)$, where p, q and r are integers? Statement-1: $(p - q)$ is positive. Statement-2: $(p - r)$ is negative. Which one of the following is correct in respect of the above Question and the Statements?","The Question can be answered by using one of the Statements alone, but cannot be answered using the other Statement alone.","The Question can be answered by using either Statement alone.","The Question can be answered by using both the Statements together, but cannot be answered using either Statement alone.","The Question cannot be answered even by using both the Statements together.","C","Statement 1: $(p - q)$ is positive. This is possible only when $p > q$ Statement 2: $(p - r)$ is negative. This is possible only when $p < r$ Now, $(p + q - r) – (p – q + r) = 2q – 2r$ So, we basically need to find out if $q > r$, or not. For this, we obviously have to use both the given statements. Using both of the statements, we get: $r > p > q$ So, $q < r$ It means that, $(p + q - r) – (p – q + r) = 2q – 2r < 0$ In other words, $(p + q - r)$ is not greater than $(p – q + r)$."
"1711c59b-a9ee-44be-8301-43ed5d4501d8","2023","CSAT","","","","easy","A cuboid of dimensions $7\text{cm} \times 5\text{cm} \times 3\text{cm}$ is painted red, green and blue colour on each pair of opposite faces of dimensions $7\text{cm} \times 5\text{cm}$, $5\text{cm} \times 3\text{cm}$, $7\text{cm} \times 3\text{cm}$ respectively. Then the cuboid is cut and separated into various cubes each of side length $1\text{cm}$. Which of the following statements is/are correct? 1. There are exactly 15 small cubes with no paint on any face. 2. There are exactly 6 small cubes with exactly two faces, one painted with blue and the other with green. Select the correct answer using the code given below:","1 Only","2 Only","Both 1 and 2","Neither 1 nor 2","A","A cuboid of dimensions $7 \text{ cm} \times 5 \text{ cm} \times 3 \text{ cm}$ will have: * Two faces of dimensions $7 \text{ cm} \times 5 \text{ cm}$. These faces are painted red. * Two faces of dimensions $5 \text{ cm} \times 3 \text{ cm}$. These faces are painted green. * Two faces of dimensions $7 \text{ cm} \times 3 \text{ cm}$. These faces are painted blue. Statement 1: Only the internal cubes will have no paint on any face. So, we basically need to find out the number of internal cubes in the cuboid. Number of internal cubes in the cuboid = $(7 - 2) \times (5 - 2) \times (3 - 2) = 5 \times 3 \times 1 = 15$ So, Statement 1 is correct. Statement 2: We need to find the number of cubes having only two painted faces, one with blue and the other with green colour. These cubes can be found in the middle of the four $3 \text{ cm}$ edges. There is only one such cube at the middle of each of these four $3 \text{ cm}$ edges. So, there are only 4 such cubes. So, Statement 2 is incorrect. Hence, option (A) is correct."
"29c79f9e-02ec-476b-8aa7-f07c3111c7dd","2023","CSAT","","","","easy","Consider a 3-digit number. Question: What is the number? Statement-1: The sum of the digits of the number is equal to the product of the digits. Statement-2: The number is divisible by the sum of the digits of the number. Which one of the following is correct in respect of the above Question and the Statements?","The Question can be answered by using one of the Statements alone, but cannot be answered using the other Statement alone.","The Question can be answered by using either Statement alone.","The Question can be answered by using both the Statements together, but cannot be answered using either Statement alone.","The Question cannot be answered even by using both the Statements together.","D","Statement 1: The sum of the digits of the number is equal to the product of the digits. If the 3-digit number is 123, 132, 213, 231, 312, or 321, then the sum of the digits of the number would be equal to the product of the digits. As, $1 + 2 + 3 = 1 \times 2 \times 3$ Or $6 = 6$ So, Statement 1 alone is not sufficient. Statement2: The number is divisible by the sum of the digits of the number. We can see that, $132/6 = 22$, and $312/6 = 52$ So, Statement 2 alone is not sufficient. Even after using both the statements together, we cannot determine a unique 3-digit number. Hence, option (D) is correct."
"29ca1c44-f99a-4c7d-9f61-89f84c0b7d2d","2023","CSAT","","","","easy","There are large number of silver coins weighing $2$gm, $5$gm, $10$gm, $25$gm, $50$gm each. Consider the following statements: 1. To buy $78$ gm of coins one must buy at least $7$ coins. 2. To weigh $78$ gm using these coins one can use less than $7$ coins. Which of the statements given above is/are correct?","$1$ only","$2$ only","Both $1$ and $2$","Neither $1$ nor $2$","C","The weights of the coins are $2 \text{gm}$, $5 \text{gm}$, $10 \text{gm}$, $25 \text{gm}$, and $50 \text{gm}$. Statement 1: Let’s find out the minimum number of coins required to make $78 \text{gm}$. For this we need to maximize the number of heavier coins. So, we will use: 1 coin of $50 \text{gm}$ 2 coins of $10 \text{gm}$ 4 coins of $2 \text{gm}$ So, the minimum number of coins required to buy $78 \text{gm} = 1 + 2 + 4 = 7$ So, Statement 1 is correct. Statement 2: To weigh $78$ grams, we can use $80$ grams on one side and $2$ gram coin on the other side. To make $80$ grams, we need: 1 coin of $50 \text{gm}$ 1 coin of $25 \text{gm}$ 1 coin of $5 \text{gm}$ So, we need 4 coins to weigh $78$ grams – one coin each of $50 \text{gm}$, $25 \text{gm}$, $5 \text{gm}$ and $2 \text{gm}$. So, Statement 2 is correct. Hence, option (C) is correct."
"2e29c99d-0e1b-4564-9676-b3f1cb24c9a0","2023","CSAT","","","","easy","If today is Sunday, then which day is it exactly on $10^{10}$th day?","Wednesday","Thursday","Friday","Saturday","B","$10^{10} = 10000000000$ Number of odd days in $10^{10}$= Remainder $[10000000000/7]=4$ If today is Sunday, then $10^{10}$ th day from now will be 4 days after Sunday, i.e. Thursday. Hence, option (B) is correct."
"33b74898-36ad-4550-856c-d237d18ad8b9","2023","CSAT","","","","easy","If ABC and DEF are both 3-digit numbers such that A, B, C, D, E, and F are distinct non-zero digits such that $ABC + DEF = 1111$, then what is the value of $A + B + C + D + E + F$?","$28$","$29$","$30$","$31$","D","ABC + DEF = 1111, wherein A, B, C, D, E, and F are distinct non-zero digits. We may get a resultant of 1111 if: $C + F = 11$, say $2 + 9 = 11$ $B + E = 10$, say $3 + 7 = 10$ $A + D = 10$, say $4 + 6 = 10$ We can double check this by adding $432 + 679 = 1111$ So, $A + B + C + D + E + F = 4 + 3 + 2 + 6 + 7 + 9 = 31$ Hence, option (D) is correct."
"3e676b67-e2c9-44c8-ad72-47b334f9d44b","2023","CSAT","","","","easy","How many natural numbers are there which given a remainder of 31 when 1186 is divided by these natural numbers?","$5$","$6$","$7$","$9$","D","Divisor = Dividend $\times$ Quotient + Remainder So, $1186$ = Dividend $\times$ Natural number + $31$ Or Dividend $\times$ Natural number = $1186-31=1155$ Hence, the required natural number must be a factor of $1155$. Now, $1155 = 1 \times 3 \times 5 \times 7 \times 11$ When $1186$ is divided by the required natural number, we get $31$ as remainder. Thus, the required natural number must be greater than $31$. Factors of $1155$ which are greater than $31$ are: $33$, $35$, $55$, $77$, $105$, $165$, $231$, $385$, and $1155$. Thus, there are 9 natural numbers which give a remainder of $31$ when $1186$ is divided by them. Hence, option (D) is correct."
"408b645e-5ca0-4e98-a4cb-ec4b3244416a","2023","CSAT","","","","easy","D is a 3-digit number such that the ratio of the number to the sum of its digits is least. What is the difference between the digit at the hundred's place and the digit at the unit's place of D?","$0$","$7$","$8$","$9$","C","Let the three-digit number be XYZ. This number is such that $\frac{100X + 10Y + Z}{X + Y + Z}$ is the least possible. For 100, this ratio is $100/1 = 100$ For 101, this ratio is $101/2 = 50.5$ For 109, this ratio is $109/10 = 10.9$ For 110, this ratio is $110/2 = 55$ For 119, this ratio is $119/11 = 10.81$ For 129, this ratio is $129/12 = 10.75$ So, we can see that in 100-199 range, this ratio will be the least for 199, which is $199/19 = 10.47$ Similarly, in 200-299 range, this ratio will be the least for 299, which is $299/20 = 14.95$ Similarly, in 300-399 range, this ratio will be the least for 399, which is $399/21 = 19$ We can see this ratio is slowly increasing. For 999, it would be $999/27 = 37$ So, this ratio is the least for 199. The difference between the digit at the hundred's place and the digit at the unit's place = $9 – 1 = 8$ Hence, option (C) is correct."
"4ccb5302-9a44-4896-9168-5bc703c863bf","2023","CSAT","","","","easy","What is the number of selections of 10 consecutive things out of 12 things in a circle taken in the clockwise direction?","$3$","$11$","$12$","$66$","C","Let 12 consecutive things in the circle be $x_1, X_2, X_3, \dots X_{12}$. We need to select 10 consecutive things out of these 12 things in the circle taken in the clockwise direction. This selection can be made as follows: $(x_1 \text{ to } x_{10}), (x_2 \text{ to } x_{11}), (x_3 \text{ to } x_{12}), (X_4 \text{ to } x_1), (x_5 \text{ to } x_2), (x_6 \text{ to } x_3), (x_7 \text{ to } x_4), (x_8 \text{ to } x_5), (x_9 \text{ to } x_6), (x_{10} \text{ to } X_7), (X_{11} \text{ to } X_8), (X_{12} \text{ to } X_9)$ So, there are 12 possible ways to do so. Hence, option (C) is correct."
"973416be-1053-4a36-8063-4049b1d78011","2023","CSAT","","","","easy","ABCD is a square. One point on each of AB and CD; and two distinct points on each of BC and DA are chosen. How many distinct triangles can be drawn using any three points as vertices out of these six points?","$16$","$18$","$20$","$24$","C","No three of these points are collinear. So, the number of distinct triangles that we can draw using these six points = $ {6C3} $ = $ \frac{(6 \times 5 \times 4)}{(3 \times 2)} $ = $20$ Hence, option (C) is correct."
"55532d35-aaa5-46fc-a049-fb5668611490","2023","CSAT","","","","easy","For any choices of values of X, Y and Z, the 6 digit number of the form $XYZXYZ$ is divisible by:","7 and 11 only","11 and 13 only","7 and 13 only","7, 11 and 13","D","XYZXYZ = XYZ000 + XYZ = XYZ (1000 + 1) = XYZ × 1001 Now, 1001 = 7 × 11 × 13 So, any number of the form XYZXYZ must be divisible by 7, 11 and 13. Hence, option D is correct."
"577b563a-155b-4068-9384-44b9cbadf6c1","2023","CSAT","","","","easy","Consider the following in respect of prime number p and composite number c. 1. $\frac{(p + c)}{(p - c)}$ can be even. 2. $2p + c$ can be odd. 3. $pc$ can be odd. Which of the statements given above are correct?","1 and 2 only","2 and 3 only","1 and 3 only","1, 2 and 3","D","Let's place some numbers in place of p and c in the given expressions and check them out. Statement 1: $(p + c)/(p - c) = (11 + 9)/(11 - 9) = \frac{20}{2} = 10$ (an even number) So, statement 1 is correct. Statement 2: $2p + c = (2 \times 3) + 9 = 15$ (an odd number) So, statement 2 is correct. Statement 3: $pc = 3 \times 9 = 27$ (an odd number) So, statement 3 is correct. Hence, option D is correct."
"5aad7ec2-644b-45ef-a43b-d86e95d2b490","2023","CSAT","","","","easy","What is the unit digit in the expansion of $57242^{9 \times 7 \times 5 \times 3 \times 1}$?","$2$","$4$","$6$","$8$","A","$57242^{9 \times 7 \times 5 \times 3 \times 1} = (57242)^{945}$ The unit digit of the resultant number only depends on the unit digit of the given number 57242, i.e. 2. Now, we know that: $2^1 = 2$ $2^2 = 4$ $2^3 = 8$ $2^4 = 16$ (unit digit 6) $2^5 = 32$ (unit digit 2) And so on. So, 2 has a cyclicity of 4. Exponent of any number ending in 2 will produce a number that will end in 2, 4, 8, or 6. Now, $945 = 944 + 1$ 944 is divisible by 4. So, the last digit of $(57242)^{945}$ will be the same as that of $(57242)^1$, which is 2. Hence, option (A) is correct."
"5bbb89da-2a40-4393-b874-e569ed5ce2fb","2023","CSAT","","","","easy","A rectangular floor measures 4 m in length and 2.2m in breadth. Tiles of size 140 cm by 60 cm have to be laid such that the tiles do not overlap. A tile can be placed in any orientation so long as its edges are parallel to the edges of the floor. What is the maximum number of tiles that can be accommodated on the floor?","$6$","$7$","$8$","$9$","C","Length of the rectangular floor = $4$ m = $400$ cm Breadth of the floor = $2.2$ m = $220$ cm ![Diagram](https://d39jluplm5thpx.cloudfront.net//CSAT_23_Row58_6ffd594b00.png) No matter how we arrange the given tiles, we cannot arrange more than 8 tiles on the given floor. The two possible arrangements of tiles have been depicted below: ![Diagram](https://d39jluplm5thpx.cloudfront.net//58_Row_CSAT_23_dcfce122b7.png) Hence, option (C) is correct."
"60a8a3c8-87f2-4f97-9f79-ba5544f22972","2023","CSAT","","","","easy","What is the remainder when $85 \times 87 \times 89 \times 91 \times 95 \times 96$ is divided by 100?","$0$","$1$","$2$","$4$","A","In $85 \times 87 \times 89 \times 91 \times 95 \times 96$ there are two 5's (in 85 and 95) and a 4 (in 96). We know that, $5 \times 5 \times 4 = 100$ So, the given expression is completely divisible by 100. So, remainder will be zero. Hence, option (A) is correct."
"69f82fd1-5d63-4695-a3fe-cd0a82dea232","2023","CSAT","","","","easy","There are five persons, P, Q, R, S and T each one of whom has to be assigned one task. Neither P nor Q can be assigned Task-1. Task-2 must be assigned to either R or S. In how many ways can the assignment be done?","$6$","$12$","$18$","$24$","D","There are five tasks that need to be assigned to five persons. Here two cases are possible. Case 1: Task-2 is assigned to R Case 2: Task-2 is assigned to S | Tasks | Case 1 | Case 2 | |-|-|-| |1| S or T. So, $2$ possible ways| R or T. So, $2$ possible ways | |2| R | S | | 3| 3 possible ways | 3 possible ways | | 4 |2 possible ways | 2 possible ways | | 5 |1 possible way | 1 possible way | In Case 1, total number of possible ways = $2 \times 1 \times 3 \times 2 \times 1 = 12$ ways In Case 2, total number of possible ways = $2 \times 1 \times 3 \times 2 \times 1 = 12$ ways So, the assignment can be done in $12 + 12 = 24$ ways. Hence, option (D) is correct."
"6c807753-8503-458a-9a69-c82d2235252d","2023","CSAT","","","","easy","Let $pp$, $qq$ and $rr$ be 2 digit numbers where $p < q < r$. If $pp + qq + rr = tt0$, where $tt0$ is a 3-digit number ending with zero, consider the following statements: 1. The number of possible values of $p$ is 5. 2. The number of possible values of $q$ is 6 Which of the above statements is/are correct?","$1$ only","$2$ only","Both $1$ and $2$","Neither $1$ nor $2$","C","tt0 is a 3-digit number ending with zero, such that $pp + qq + rr = tt0$ As $pp$, $qq$, and $rr$ are 2-digit numbers, the value of $tt0$ can be either $110$ or $220$. If $tt0 = 110$ $pp + qq + rr = 110$ or $(10p + p) + (10q + q) + (10r + r) = 110$ or $11p + 11q + 11r = 110$ or $p+q+r=10$ ....... (1) If $tt0 = 220$ $pp + qq + rr = 220$ or $(10p + p) + (10q + q) + (10r + r) = 220$ or $11p + 11q + 11r = 220$ or $p + q + r = 20$ Statement 1: As $p < q <r$, the possible value of $p$ in equation (1) can be 1 and 2. As $p < q <r$, the possible value of $p$ in equation (2) can be 1, 2, 3, 4 and 5. Hence, the number of possible values of $p$ is 5. Thus, Statement 1 is correct. Statement 2: As $p < q<r$, the possible value of $q$ in equation (1) can be 2, 3 and 4. As $p < q <r$, the possible value of $q$ in equation (2) can be 6, 7 and 8. Hence, the number of possible values of $q$ is 6. Thus, Statement 2 is correct. Hence, option (C) is correct."
"72df06be-93c7-4f20-9e55-2a2a4d36c6b0","2023","CSAT","","","","easy","A 3-digit number ABC, on multiplication with D gives 37DD where A, B, C and D are different non-zero digits. What is the value of $A + B + C$?","$18$","$16$","$15$","Cannot be determined due to insufficient data","A","It's given that, $ABC \times D = 37DD$ Wherein A, B, C and D are different non-zero digits. So, $ABC = \frac{37DD}{D} = \frac{3700 + 10D + D}{D} = \frac{3700}{D} + 11$ The possible values of D, such that ABC is an integer, are 1, 2, 4, and 5. If $D = 1$, $ABC = 3700 + 11 = 3711$. It can be rejected as ABC is a three-digit number. If $D = 2$, $ABC = 1850 + 11 = 1861$. It can be rejected as ABC is a three-digit number. If $D = 5$, $ABC = 740 + 11 = 751$. It can be rejected as here $B = D = 5$. If $D = 4$, $ABC = 925 + 11 = 936$. So, $A + B + C = 9 + 3 + 6 = 18$ Hence, option A is correct."
"7a78b7f1-ecca-4fd5-8174-838daa326adf","2023","CSAT","","","","easy","AB and CD are 2-digit numbers. Multiplying AB with CD results in a 3-digit number DEF. Adding DEF to another 3-digit number GHI results in 975. Further A, B, C, D. E, F, G, H, I are distinct digits. If E = 0, F = 8, then what is A + B + C equal to?","$6$","$7$","$8$","$9$","A","As per the question, $AB \times CD = DEF$ …… (i) And, $DEF + GHI = 975$ …… (ii) $E = 0$, and $F = 8$ So, equation (ii) can also be written as, $D08 + GHI = 975$ Let’s consider the given sum, i.e. $D08 + GHI = 975$ At unit’s place of the resulting sum we have 5. This is possible only if $I = 7$. So, $8 + 7 = 15$. So, we will get a carry of 1. Now, $1 + 0 + H = 7$ Or $H = 6$ Now, $D + G = 9$. This can be obtained in following ways: $9 + 0$, $8 + 1$, $7 + 2$, $6 + 3$, $5 + 4$ Since, value of E is 0, therefore $9 + 0$ can be eliminated. Since value of F is 8, therefore $8 + 1$ can be eliminated. Since value of I is 7, therefore $7 + 2$ can be eliminated. Since value of H is 6, therefore $6 + 3$ can be eliminated. Therefore, the values of D and G must be 4 or 5. Let’s consider the given sum, i.e. $D08 + GHI = 975$, again. If $D = 4$ and $G = 5$, $408 + 567 = 975$ If $D = 5$ and $G = 4$, $508 + 467 = 975$ Now, considering equation (i). If $D = 5$, $AB \times C5 = 508$. This is not possible, as on multiplying any number that has 5 as unit’s digit, with any other number, we get either 0 or 5 as the unit’s digit in the resultant number. If $D = 4$, $AB \times C4 = 408$. This is possible. So, $D = 4$, and $G = 5$. Let’s list down the digits: $A = ?$ $B = ?$ $C = ?$ $D = 4$ $E = 0$ $F = 8$ $G = 5$ $H = 6$ $I = 7$ Now, we are only left with the digits 1, 2, 3, and 9 Analyzing $AB \times C4 = 408$, we can see that $12 \times 34 = 408$ Therefore, $A + B + C = 1 + 2 + 3 = 6$ Hence, option (A) is correct."
"7bbc7092-dfe6-49b1-ba59-65f54e7df943","2023","CSAT","","","","easy","There are three traffic signals. Each signal changes colour from green to red and then from red to green. The first signal takes $25$ seconds, the second signal takes $39$ seconds and the third signal takes $60$ seconds to change the colour from green to red. The durations for green and red colours are same. At 2:00 p.m, they together turn green. At what time will they change to green next, simultaneously?","4:00 p.m.","4:10 p.m.","4:20 p.m.","4:30 p.m.","B","The three traffic signals turn from green to red at an interval of 25 seconds, 39 seconds and 60 seconds. So, the time after which all the three traffic signals will turn red from green together = LCM of 25 seconds, 39 seconds and 60 seconds = 3900 seconds = 65 minutes = 1 hour 5 minutes Now, durations for green and red colours are same. So, the time after which all the three traffic signals will turn green from red together = 1 hour 5 minutes So, the total time taken by all the three traffic signals to turn green together = 1 hour 5 minutes + 1 hour 5 minutes = 2 hours 10 minutes Thus, the time after which all the three traffic signals will simultaneously change to green again = 2:00 p.m. + 2 hours 10 minutes = 4:10 p.m. Hence, option (B) is correct."
"887f2db7-65e1-4856-b26f-d5a611b28777","2023","CSAT","","","","easy","A box contains 14 black balls, 20 blue balls, 26 green balls, 28 yellow balls, 38 red balls and 54 white balls. Consider the following statements: 1. The smallest number n such that any n balls drawn from the box randomly must contain one full group of at least one colour is $175$. 2. The smallest number m such that any m balls drawn from the box randomly must contain at least one ball of each colour is $167$. Which of the above statements is/are correct?","$1$ only","$2$ only","Both $1$ and $2$","Neither $1$ nor $2$","C","The box contains 14 black balls, 20 blue balls, 26 green balls, 28 yellow balls, 38 red balls and 54 white balls. Value of n: We have to find out the minimum possible number of balls that should be drawn from the box such that the balls drawn must contain one full group of at least one colour. Say, it may have all 14 black balls, or all 20 blue balls, etc. Let’s think about the worst-case scenario. What is the maximum number of balls that we can draw without selecting a full group of any colour? Let’s select 13 black balls, 19 blue balls, 25 green balls, 27 yellow balls, 37 red balls and 53 white balls. These are 174 balls in total. Now, if we select even one more ball (of any colour), it’s a certainty that at least one full group of a certain colour will get selected. So, the value of n = $174 + 1 = 175$. So, Statement 1 is correct. Value of m We have to find out the minimum possible number of balls that should be drawn from the box such that the balls drawn must contain at least one ball of each colour. Let’s think about the worst-case scenario. What is the maximum number of balls that we can draw without selecting any ball of a particular colour? As the number of black balls is the least, we can draw the maximum possible number of balls without selecting a black ball. So, let’s select 20 blue balls, 26 green balls, 28 yellow balls, 38 red balls and 54 white balls. These are 166 balls in total. Now, only black balls are left. So, the next ball we choose will certainly be a black ball, and we will end up having at least one ball of each colour. So, the value of m = $166 + 1 = 167$ So, Statement 2 is correct. Hence, option (C) is correct."
"94284e39-b21e-40a3-ab76-27288811a389","2023","CSAT","","","","easy","What is the sum of all digits which appear in all the integers from 10 to 100 ?","$855$","$856$","$910$","$911$","B","We have to find the sum of all the digits of the numbers from 10 to 100. Let's leave aside 100 for now. We are left with 9 sets of 10 numbers each. 10, 11, ..... 19 20, 21, ..... 29 90, 91, ..... 99 Counting Units Digits: Sum of unit digits of each of these 9 sets = $0 +1 +2 + .... + 9 = 9 \times 10 / 2 = 45$ [ Sum of first n natural numbers = $n (n + 1) / 2$ ] So, sum of all the unit digits of the 9 sets = $45 \times 9 = 405$ Counting Tens Digits: Let's count the tens digits of 10, 20, 30 ..., 90, and then 11, 21, 31, ..., 91, and so on. Sum of tens digits of 10, 20, 30 ..., 90 = $1 + 2 + 3 + .... + 9 = 9 \times 10 / 2 = 45$ So, sum of all the tens digits = $45 \times 10 = 450$ So, the sum of all the digits of the numbers from 10 to 100 = $405 + 450 + 1 = 856$ Hence, option (B) is correct."
"9d1d85cb-ed40-4980-8eec-76dbcb98afee","2023","CSAT","","","","easy","If p, q, r and s are distinct single digit positive numbers, then what is the greatest value of $ (p + q) (r + s) $?","$230$","$225$","$224$","$221$","B","Single digit positive numbers are: $1$, $2$, $3$, $4$, $5$, $6$, $7$, $8$, and $9$. To maximize the value of $(p + q) (r + s)$, we need to ensure that we multiply the biggest numbers possible. So, we will only consider the numbers $6$, $7$, $8$, and $9$. Also, we should ensure that the numbers being multiplied are as close in value as possible. So, the required answer = $(6 + 9) (7 + 8) = 15 \times 15 = 225$ Hence, option (B) is correct."
"a761c661-3f56-421c-b1d4-909c3e99f4cf","2023","CSAT","","","","easy","What is the sum of all 4-digit numbers less than 2000 formed by the digits 1, 2, 3 and 4, where none of the digits is repeated?","$7998$","$8028$","$8878$","$9238$","A","4-digit numbers less than 2000 formed by the digits 1, 2, 3 and 4, where none of the digits is repeated are: 1234, 1243, 1324, 1342, 1423, 1432 Required sum = $1234 + 1243 + 1324 + 1342 + 1423 + 1432 = 7998$ Hence, option (A) is correct."
"ade3e877-780f-4c6c-94f1-62109322f1b1","2023","CSAT","","","","easy","There are four letters and four envelopes and exactly one letter is to be put in exactly one envelope with the correct address. If the letters are randomly inserted into the envelopes, then consider the following statements: 1. It is possible that exactly one letter goes into an incorrect envelope. 2. There are only six ways in which only two letters can go into the correct envelopes. Which of the statements given above is/are correct?","1 only","2 only","Both 1 and 2","Neither 1 nor 2","B","Statement 1: If one letter is placed in an incorrect envelop, then the letter that belonged to that envelop must have also been placed in an incorrect envelop. So, it's not possible that only one letter gets placed in an incorrect envelop. Either no letter will get misplaced, or at least two letters will get misplaced. So, Statement 1 is incorrect. Statement 2: We need to place two letters in correct envelops and two in incorrect envelops. We can choose the two letters to be placed in correct envelops in $4C2$ ways, i.e. $6$ ways. The remaining two letters will automatically get chosen to get placed in each other's envelops (i.e. incorrect envelops). So, Statement 2 is correct. Hence, option (B) is correct."
"b6088ede-df05-4d47-b5f0-9b13d7d163d0","2023","CSAT","","","","easy","A principal $P$ is lent in 1 year when compounded half-yearly with $R\%$ annual rate of interest. If the same principal $P$ is lent in 1 year when compounded annually with $S\%$ annual rate of interest, then which one of the following is correct?","$R = S$","$R > S$","$R < S$","$R \le S$","C","Principal P becomes Q in 1 year when compounded half-yearly with R% annual rate of interest. Principal = P, Amount = Q, Rate = R%, Time = 1 year $Q = P [1 + R/(2\times100)]^2$ $Q/P = [1 + R/(2\times100)]^2$ …………. (1) Principal P becomes Q in 1 year when compounded annually with S% annual rate of interest. $Q = P [1 + S/(100)]^1$ $Q/P = [1 + S/(100)]^1$ …………. (2) From equation (1) and equation (2), we get: $[1 + R/(2\times100)]^2 = [1 + S/(100)]^1$ …………. (3) Let R = 20%. Putting the value of R = 20 in equation (3), we get: $[1 + 20/(2\times100)]^2 = [1 + S/(100)]^1$ Or 1.21 = 1 + (S/100) Or S/100 = 1.21 – 1 = 0.21 Or S = 0.21 × 100 = 21% Thus, S > R. Hence, option (C) is correct."
"b89d1740-0850-4734-af13-3cd623b21f5a","2023","CSAT","","","","easy","Each digit of a 9-digit number is 1. It is multiplied by itself. What is the sum of the digits of the resulting number?","$64$","$80$","$81$","$100$","C","Method I: $11 \times 11 = 121$ $111 \times 111 = 12321$ $1111 \times 1111 = 1234321$ Following the same pattern, we get: (1111 ... 9 times) $\times$ (1111 ... 9 times) = 12345678987654321 Sum of the digits of the resulting number = $2 \times (1 + 2 + 3 + .... + 8) + 9 = 2 \times [\frac{8 \times 9}{2}] + 9 = 72 + 9 = 81$ [ Sum of first n natural numbers = $\frac{n (n + 1)}{2}$] Hence, option (C) is correct. Method II: Since each digit of a 9-digit number is 1, so the sum of its digits = 9. So, this number is divisible by 9. Any multiple of such a number will also be divisible by 9. So, the sum of the digits of the resulting number of the multiplication (111111111) $\times$ (111111111) must also be divisible by 9. Therefore, the correct answer will be the option which is a multiple of 9, i.e. 81. Hence, option (C) is correct."
"baa0cc29-87b0-4d9c-9925-cc2eeee6f0f1","2023","CSAT","","","","easy","A number N is formed by writing 9 for 99 times. What is the remainder if N is divided by 13?","$11$","$9$","$7$","$1$","A","Method I: N = $9999 \ldots 99$ times Any digit repeated $(P - 1)$ times is divisible by $P$, where $P$ is a prime number $> 5$. So, $9999 \ldots$repeated $13 - 1 = 12$ times will be divisible by $13$. So, $9999 \ldots$repeated $12 \times 8 = 96$ times will be divisible by $13$. That is, Remainder $[9999 \ldots 96 \text{ times } / 13] = 0$ Or Remainder $[9999 \ldots (96 \text{ times}) 000 / 13] = 0$ So, we just need to find out the remainder when we divide the remaining three digits by $13$. Remainder $[999 / 13] = 11$ Hence, option (a) is correct. Method II: We can analyze the pattern of remainders. Remainder $[9/13] = 9$ Remainder $[99/13] = 8$ Remainder $[999/13] = 11$ Remainder $[9999/13] = 2$ Remainder $[99999/13] = 3$ Remainder $[999999/13] = 0$ This pattern can be seen getting repeated thereafter too. Remainder $[9999999/13] = 9$ Remainder $[99999999/13] = 8$ ...and so forth. So, if total number of 9s is six, twelve, eighteen, ......., ninety, ninety six, etc., the remainder is 0. So, if the number has ninety seven 9s, the remainder is 9. [Following the pattern] So, if the number has ninety eight 9s, the remainder is 8. So, if the number has ninety nine 9s, the remainder is 11. Therefore, the answer is 11. Hence, option (A) is correct."
"cb14c193-4340-4b3b-8d61-8019f83d8555","2023","CSAT","","","","easy","Let x be a positive integer such that $7x + 96$ is divisible by x. How many values of x are possible?","$10$","$11$","$12$","Infinitely many","C","$7x + 96$ is divisible by $x$. It means that $96$ is divisible by $x$, or $x$ is a factor of $96$. $96 = 2^5 \times 3$ So, $x$ can be $1, 3, 2, 4, 8, 16, 32, 6, 12, 24, 48$, and $96$. So, a total of $12$ possible values. Hence, option (C) is correct."
"d6895819-ed4b-4bf3-8502-107f9df82733","2023","CSAT","","","","easy","In an examination, the maximum marks for each of the four papers namely P, Q, R and S are 100. Marks scored by the students are in integers. A student can score 99% in n different ways. What is the value of n? Let $p$, $q$, $r$, and $s$ be the marks scored in papers P, Q, R, and S respectively. Since the maximum marks for each paper is 100, we have $0 \le p, q, r, s \le 100$. The total marks is $p+q+r+s$. The maximum possible total marks is $4 \times 100 = 400$. 99% of the maximum marks is $0.99 \times 400 = 396$. We need to find the number of integer solutions to the equation $p+q+r+s = 396$, subject to the constraint $0 \le p, q, r, s \le 100$. Without the upper bound restriction, the number of non-negative integer solutions is given by $\binom{396+4-1}{4-1} = \binom{399}{3}$. However, we have the constraint $p, q, r, s \le 100$. Let $p' = 100 - p$, $q' = 100 - q$, $r' = 100 - r$, $s' = 100 - s$. Then $0 \le p', q', r', s' \le 100$. $p+q+r+s = 396$ $(100-p')+(100-q')+(100-r')+(100-s') = 396$ $400 - (p'+q'+r'+s') = 396$ $p'+q'+r'+s' = 400-396 = 4$ The number of non-negative integer solutions to $p'+q'+r'+s'=4$ is $\binom{4+4-1}{4-1} = \binom{7}{3} = \frac{7 \times 6 \times 5}{3 \times 2 \times 1} = 35$. Thus, $n = 35$. Final Answer: The final answer is $\boxed{35}$","$16$","$17$","$23$","$35$","D","The maximum marks = $100 + 100 + 100 + 100 = 400$ The marks scored by the student = $99\%$ of $400 = 396$ So, basically he has lost 4 marks in total. He can lose these 4 marks in the following ways: * $(4, 0, 0, 0)$: Scored 100 in three papers, and scored 96 is one paper. This can be done in $4!/3! = 4$ possible ways. * $(3, 1, 0, 0)$: Scored 100 in two papers, 99 in one and 97 in one. This can be done in $4!/2! = 12$ possible ways. * $(2, 1, 1, 0)$: Scored 100 in one paper, 99 in two papers, and 98 in one. This can be done in $4!/2! = 12$ possible ways. * $(2, 2, 0, 0)$: Scored 100 in two papers, and 98 in other two. This can be done in $4!/(2! 2!) = 6$ possible ways. * $(1, 1, 1, 1)$: Scored 99 in all the four papers. This can be done only in 1 possible way. So, $n = 4 + 12 + 12 + 6 + 1 = 35$ Hence, option (D) is correct."
"d9fc31c0-5cc7-4c12-b9c6-9d8171c4a226","2023","CSAT","","","","easy","Three of the five positive integers p, q, r, s, t are even and two of them are odd (not necessarily in order). Consider the following: 1. $p + q + r – s - t$ is definitely even. 2. $2p + q + 2r - 2s + t$ is definitely odd. Which of the above statements is/are correct?","1 Only","2 Only","Both 1 and 2","Neither 1 nor 2","A","Among p. q, r, s, and t, there are three even and two odd numbers. Let the numbers be 2, 3, 4, 5 and 6. Statement 1: $p + q + r – s - t$ No matter how we arrange the numbers, we always end up with an even number. So, statement 1 is correct. Statement 2: $2p + q + 2r – 2s + t$ Let’s put some values in this expression and check. $(2 \times 5) + 6 + (2 \times 3) – (2 \times 2) + 4 = 10 + 6 + 6 – 4 + 4 = 22$ (an even number) So, statement 2 is incorrect. Hence, option A is correct."
"dc6996ff-3ae7-43c1-ad74-2f72d7abf0fd","2023","CSAT","","","","easy","40 children are standing in a circle and one of them (say child-1) has a ring. The ring is passed clockwise. Child-1passes on the child-2, child-2 passes on to child-4, child-4 passes on to child-7 and so on. After how many such changes (including child-1) will the ring be in the hands of child-1 again?","$14$","$15$","$16$","$17$","B","According to the question, the ring is passed clockwise starting from child 1, then child 2, then child 4, then child 7, and so on. Therefore, the series is formed by adding $ +1 $, $ +2 $, $ +3 $, $ +4 $, $ +5 $, $ +6 $, $ +7 $, $ \ldots \ldots \ldots \ldots $and so on. So, the series is: 1 2 4 7 11 16 22 29 37 6 16 27 39 12 26 1 So, after 15 changes the ring will again be in the hands of child 1. Hence, option (B) is correct."
"e29efb9e-d21d-4b05-98a3-b187cf17145b","2023","CSAT","","","","easy","In a party, 75 persons took tea, 60 persons took coffee and 15 persons took both tea and coffee. No one taking milk takes tea. Each person takes at least one drink. Question: how many persons attended the party? Statement-1: 50 persons took milk. Statement-2: Number of persons who attended the party is five times the number of persons who took milk only. Which one of the following is correct in respect of the above Question and the Statements?","The Question can be answered by using one of the Statements alone, but cannot be answered using the other Statement alone.","The Question can be answered by using either Statement alone.","The Question can be answered by using both the Statements together, but cannot be answered using either Statement alone.","The Question cannot be answered even by using both the Statements together.","A","In a party, 75 persons took tea, 60 persons took coffee and 15 persons took both tea and coffee. We can represent this information via a Venn diagram for better visualization. ![Venn Diagram](https://d39jluplm5thpx.cloudfront.net//CSAT_2023_Row68_dcfd3a3977.png) You may notice that the circles representing Tea and Milk are not overlapping. That’s because no one taking milk takes tea. ![Venn Diagram](https://d39jluplm5thpx.cloudfront.net//Row68_CSAT_23_82b602ec22.png) We can further deduce the following information from the Venn diagram given above. So, the total number of persons that attended the party = $75 + 45 + y = 120 + y$ Now, let’s consider the given statements. Statement 1: 50 persons took milk. So, $x + y = 50$. But using this we cannot find out the total number of persons that attended the party, as we cannot find the value of $y$. So, Statement 1 alone is not sufficient. Statement 2: Number of persons who attended the party is five times the number of persons who took milk only. So, $120 + y = 5y$ Or $4y = 120$ Or $y = 30$ So, the total number of persons that attended the party = $120 + y = 120 + 30 = 150$ So, Statement 2 alone is sufficient. Hence, option (A) is correct."
"e4c665e8-bdc7-4026-b358-6c36cc7a8f74","2023","CSAT","","","","easy","What is the remainder if $2^{192}$ is divided by 6?","$0$","$1$","$2$","$4$","D","Method I: $2^{192} / 6 = 2^{191} / 3$ Remainder [$2^{191} / 3$] = $(-1)^{191}$ = -1 = 2 So, Remainder [$2^{192} / 6$] = $2 \times 2$ = 4 Hence, option (D) is correct."