Id,Year,Paper,Subject,Topics,Tags,Difficulty,Question,Option_A,Option_B,Option_C,Option_D,Correct_Answer,Explanation
CDS-2019-II-GK-001,2019,GK,Defence & Security,"Defence, Military & Internal Security",Defence | Military Exercises | Armed Forces | Security Architecture,easy,Which one of the following is the motto of NCC?,Unity and Discipline,Unity and integrity,Unity and Command,Unity and Service,A,"Solution: Concept: The motto of the National Cadet Corps (NCC) is a short phrase that encapsulates its core values and guiding principles. Explanation: The National Cadet Corps (NCC) was established in 1948 under the National Cadet Corps Act. It is the youth wing of the Indian Armed Forces, headquartered in New Delhi. The NCC aims to develop character, discipline, leadership, and a spirit of unity among cadets. Its official motto, approved by the Ministry of Defence, is ""Unity and Discipline"". This motto reflects the two fundamental pillars of the organization: fostering national unity and instilling discipline in the youth. The other options—Unity and integrity, Unity and Command, and Unity and Service—are not the correct motto. Answer: Option A: Unity and Discipline © examsnet.com"
CDS-2019-II-GK-002,2019,GK,General Knowledge,General Knowledge,General Knowledge | UPSC CDS | Prelims,easy,Which one of the following departments is not under the Ministry of Home Affairs?,Department of Official Languages,Department of Border management,Department of Jammu and Kashmir Affairs,Department of Legal Affairs,D,"Solution: Concept: The Ministry of Home Affairs (MHA) handles internal security, border management, and official languages, but legal affairs are under a separate ministry. Explanation: The Ministry of Home Affairs has six departments. These are: Department of Official Languages, Department of Internal Security, Department of Border Management, Department of Home, Department of States, and Department of Jammu, Kashmir and Ladakh Affairs. The Department of Border Management manages land and coastal borders. The Department of Official Languages implements the Official Languages Act, 1963. The Department of Jammu, Kashmir and Ladakh Affairs handles counter-terrorism and administration of those union territories. However, the Department of Legal Affairs is under the Ministry of Law and Justice, not the Ministry of Home Affairs. Answer: Department of Legal Affairs (Option D) © examsnet.com"
CDS-2019-II-GK-003,2019,GK,General Knowledge,General Knowledge,General Knowledge | UPSC CDS | Prelims,medium,Which of the following statements is/are correct? 1. India is a signatory to the United Nations Convention to Combat Desertification (UNCCD). 2. Ministry of Home Affairs is the nodal Ministry in the Government of India for the UNCCD. Select the correct answer using the code given below:,1 only,2 only,Both 1 and 2,Neither 1 nor 2,A,"Solution: Concept: UNCCD membership and nodal ministry for implementation in India. Explanation: India signed the United Nations Convention to Combat Desertification (UNCCD) on 14 October 1994. It later ratified the convention in October 1996. Hence statement 1 is correct. The nodal ministry responsible for UNCCD implementation in India is the Ministry of Environment, Forests, and Climate Change. The Ministry of Home Affairs is not the nodal ministry. Hence statement 2 is incorrect. The UNCCD is one of the three Rio Conventions and is the only legally binding agreement linking sustainable land management to environmental protection. India recently hosted the 14th Conference of Parties of UNCCD in Greater Noida. Only statement 1 is accurate. Answer: Option A (1 only). © examsnet.com"
CDS-2019-II-GK-004,2019,GK,Polity,Indian Constitution & Governance,Polity | Constitution of India | Governance | Constitutional Bodies,medium,"Under which one of the following Articles of the Constitution of India, a statement of estimated receipts and expenditure of the Government of India has to be laid before the Parliament in respect of every financial year?",Article 110,Article 111,Article 112,Article 113,C,"Solution: Concept: The Constitution of India requires the government to present an annual financial statement, known as the Budget, before Parliament. This mandate is given under a specific article. Explanation: Article 112 of the Indian Constitution deals with the ""Annual Financial Statement."" It states that the President shall cause to be laid before both Houses of Parliament a statement of the estimated receipts and expenditure of the Government of India for every financial year. This statement is commonly called the Union Budget. The financial year in India runs from April 1 to March 31. Other relevant articles: Article 110 defines a Money Bill; Article 111 deals with the President's assent to Bills; Article 113 deals with the procedure in Parliament regarding estimates. Therefore, the correct provision for presenting the budget is Article 112. Answer: Option C: Article 112. © examsnet.com"
CDS-2019-II-GK-005,2019,GK,Quantitative Aptitude,Basic Numeracy & Quantitative Aptitude,Aptitude | Mathematics | Quantitative Reasoning | Problem Solving,medium,The South Asian Association for Regional Cooperation was founded in ___________. \text{The South Asian Association for Regional Cooperation was founded in \_\_\_\_\_\_\_\_\_\_\_.} The South Asian Association for Regional Cooperation was founded in ___________.,Colombo,Islamabad,Kathmandu,Dhaka,D,"Solution: Concept: SAARC is a regional intergovernmental organization for South Asian nations. Its founding location is the key fact being tested. Explanation: The South Asian Association for Regional Cooperation (SAARC) was established in 1985 1985 1985 . Its founding summit was held in Dhaka , the capital of Bangladesh. The eight member states are India, Pakistan, Bangladesh, Nepal, Bhutan, Sri Lanka, Maldives, and Afghanistan. The SAARC Secretariat is located in Kathmandu, Nepal. The Secretariat is not the same as the founding location. Therefore, the correct founding city is Dhaka, not Colombo, Islamabad, or Kathmandu. Answer: Dhaka © examsnet.com"
CDS-2019-II-GK-006,2019,GK,General Knowledge,General Knowledge,General Knowledge | UPSC CDS | Prelims,easy,Which one of the following countries is not a founding member of the New Development Bank?,Brazil,Canada,Russia,India,B,"Solution: Concept: The New Development Bank (NDB) is a multilateral development bank established by the BRICS nations — Brazil, Russia, India, China, and South Africa. Explanation: The founding members of the NDB are exactly the five BRICS countries: Brazil, Russia, India, China, and South Africa. Canada is not a member of BRICS and therefore was not among the founding signatories of the NDB agreement. The NDB was created at the 5th BRICS summit in 2013 and is headquartered in Shanghai. Since Canada does not belong to the BRICS group, it is not a founding member of the bank. Answer: Canada (Option B) is not a founding member of the New Development Bank. © examsnet.com"
CDS-2019-II-GK-007,2019,GK,Modern History,Indian National Movement,Modern History | Freedom Struggle | British Colonial Rule,easy,"The Public Financial Management System (PFMS) is a web-based online software application designed, developed, owned and implemented by the __________.",Department of Financial Services,Institute of Government Accounts and Finance,Controller General of Accounts,National Institute of Financial Management,C,"Solution: Concept: The Public Financial Management System (PFMS) is a web-based platform for tracking and monitoring government fund disbursements. Explanation: The system allows for processing, tracking, accounting, and reporting of payments made by government departments. It is administered by the Department of Expenditure under the Ministry of Finance. However, the software itself is designed, developed, owned, and implemented by the Controller General of Accounts (CGA). PFMS ensures transparent fund release and real-time expenditure reporting. It also facilitates Direct Benefit Transfer (DBT) payments, including those under the MGNREGA scheme. Answer: Controller General of Accounts. © examsnet.com"
CDS-2019-II-GK-008,2019,GK,General Knowledge,General Knowledge,General Knowledge | UPSC CDS | Prelims,hard,Match List I with List-II and select the correct answer using the code given below the lists: List – I (Institute) List II (Location) A. National Institute of Ayurveda 1. Chennai B. National Institute of Homoeopathy 2. Bengaluru C. National Institute of Unani Medicine 3. Kolkata D. National Institute of Siddha 4. Jaipur,"A - 1, B - 2, C - 3, D - 4","A - 1, B - 3, C - 2, D - 4","A - 4, B - 3, C - 2, D - 1","A - 4, B - 2, C - 3, D - 1",C,"Solution: Concept: These are four national institutes for Indian systems of medicine, each located in a different major Indian city. Explanation: The National Institute of Ayurveda is located in Jaipur. The National Institute of Homoeopathy is located in Kolkata. The National Institute of Unani Medicine is located in Bengaluru. The National Institute of Siddha is located in Chennai. Thus the correct pairing is: A–4, B–3, C–2, D–1. Answer: Option C ( A − 4 A-4 A − 4 , B − 3 B-3 B − 3 , C − 2 C-2 C − 2 , D − 1 D-1 D − 1 ). © examsnet.com"
CDS-2019-II-GK-009,2019,GK,General Knowledge,General Knowledge,General Knowledge | UPSC CDS | Prelims,medium,Which of the following statements about 'Invest India' is are correct? 1. It is a joint venture (not·for profit) company. 2. It is the National Investment Promotion and Facilitation Agency of India. Select the correct answer using the code given below:,1 only,2 only,Both 1 and 2,Neither 1 nor 2,C,"Solution: Concept: Invest India is a joint venture (not-for-profit) company and the National Investment Promotion and Facilitation Agency of India. Explanation: Statement 1 is correct: Invest India is a joint venture company with a not-for-profit motive. It is a partnership between the Department for Promotion of Industry and Internal Trade (DPIIT), FICCI, and various state governments. Statement 2 is correct: It is designated as the National Investment Promotion and Facilitation Agency of India. It serves as the primary point of contact and reference for investors. Both statements accurately describe Invest India. Answer: C. Both 1 and 2 © examsnet.com"
CDS-2019-II-GK-010,2019,GK,General Knowledge,General Knowledge,General Knowledge | UPSC CDS | Prelims,easy,The National Dope Testing Laboratory functions under ___________.,Ministry of Health and Family Welfare,Ministry of Science and Technology,Ministry of Youth Affairs and Sports,Ministry of Home Affairs,C,"Solution: Concept: The National Dope Testing Laboratory (NDTL) comes under the Ministry of Youth Affairs and Sports. Explanation: NDTL is India's primary dope testing facility. It seeks permanent accreditation from the World Anti-Doping Agency (WADA) and the International Olympic Committee (IOC). India signed the Copenhagen Declaration on Anti-Doping in 2003. Following this, the National Anti-Doping Agency (NADA) was established in December 2004. NDTL operates under the Ministry of Youth Affairs and Sports. The lab is headed by a Chief Executive Officer, who is typically a Sports Secretary. NADA itself is headed by a Director-General. In 2019, NDTL was temporarily banned from conducting doping tests for six months after failing to meet WADA standards. Answer: Ministry of Youth Affairs and Sports © examsnet.com"
CDS-2019-II-GK-011,2019,GK,General Knowledge,General Knowledge,General Knowledge | UPSC CDS | Prelims,easy,In how many phases was the general election 2019 conducted in India?,6 phases,7 phases,8 phases,9 phases,B,"Solution: Concept: The 2019 Indian general election was held over multiple phases to manage logistics and security. Explanation: The Election Commission conducted the 2019 Lok Sabha elections in 7 7 7 phases. The final phase (Phase 7) took place on 19th May 2019. In that phase, 59 59 59 constituencies across 7 7 7 states and union territories voted. A total of 918 918 918 candidates contested, and over 10.1 10.1 10.1 crore voters were eligible. The highest number of constituencies in the final phase was 13 13 13 each in Punjab and Uttar Pradesh. The lowest was 1 1 1 in Chandigarh. By comparison, the 2014 general election had 9 9 9 phases. Answer: 7 phases (Option B). © examsnet.com"
CDS-2019-II-GK-012,2019,GK,Science & Tech,General Science & Emerging Technologies,Science & Tech | General Science | Applied Science | Physics | Chemistry | Biology,easy,Which one of the following statements about the Organization of Islamic Cooperation is not correct?,Its permanent Secretariat is located at Jeddah.,It endeavour's to safeguard and protect interests of the Muslim world in the spirit of promoting international peace and harmony among various people of the world.,It is the largest inter-governmental organization of the world,It has consultative and cooperative relations with the UN.,C,"Solution: Concept: The Organization of Islamic Cooperation (OIC) is the second-largest inter-governmental organization, not the largest in the world. Explanation: The OIC was founded in 1969 and has 57 member states from the Muslim world. Its permanent secretariat is located in Jeddah, Saudi Arabia - this makes statement A correct. It aims to safeguard and protect the interests of the Muslim world while promoting international peace and harmony - this makes statement B correct. It has consultative and cooperative relations with the United Nations - this makes statement D correct. However, the OIC is only the second largest inter-governmental organization; the United Nations is the largest. Therefore, statement C (""It is the largest inter-governmental organization of the world"") is not correct. Answer: Option C is the incorrect statement. © examsnet.com"
CDS-2019-II-GK-013,2019,GK,Modern History,Indian National Movement,Modern History | Freedom Struggle | British Colonial Rule,easy,"Who among the following won the Italian Open Women's Tennis Singles Title, 2019?",Karolina Pliskova,Johanna Konta,Naomi Osaka,Serena Williams,A,Solution: Concept: The question asks about the winner of the Italian Open women's singles title in the year 2019. Explanation: The Italian Open 2019 women's singles champion was Karolina Pliskova. She defeated Johanna Konta in the final match in straight sets. This was Pliskova's second title win of the 2019 season. Her first title that year came at the Brisbane International in January 2019. Pliskova became the first Czech Republic citizen to win the women's singles in Rome since 1978. Answer: Option A: Karolina Pliskova © examsnet.com
CDS-2019-II-GK-014,2019,GK,Defence & Security,"Defence, Military & Internal Security",Defence | Military Exercises | Armed Forces | Security Architecture,hard,Which among the following IN ship(s) participated in the SIMBEX-19? 1. INS Kolkata 2. INS Shakti 3. INS Vikrant Select the correct answer using the code given below:,"1, 2 and 3",1 and 2 only,2 and 3 only,1 only,B,"Solution: Concept: SIMBEX-19 is the Singapore-India Maritime Bilateral Exercise, an annual naval drill. Explanation: SIMBEX 2019 was held from 16 16 16 th to 22 22 22 nd May 2019 2019 2019 . The Indian Navy deployed two ships: INS Kolkata and INS Shakti. INS Kolkata is a guided-missile destroyer. INS Shakti is a fleet tanker. INS Vikrant, an aircraft carrier, was not commissioned then and did not participate. Therefore, only ships 1 1 1 (INS Kolkata) and 2 2 2 (INS Shakti) took part. Answer: B. 1 1 1 and 2 2 2 only © examsnet.com"
CDS-2019-II-GK-015,2019,GK,General Knowledge,General Knowledge,General Knowledge | UPSC CDS | Prelims,easy,'Triples' is a new format of ________.,Boxing,Judo,Chess,Badminton,D,Solution: Concept: Triples is a new format of badminton introduced by the Badminton World Federation. Explanation: The Badminton World Federation (BWF) launched two new formats: AirBadminton and Triples. Triples is a team-based variant where each side has three players. Each team must include at least one female player. Players are not allowed to hit successive returns continuously. The game is played outdoors on a sand court with smaller dimensions. AirBadminton uses an innovative outdoor shuttlecock called AirShuttle. This format aims to make badminton more accessible and recreational. Answer: Badminton © examsnet.com
CDS-2019-II-GK-016,2019,GK,Economy,Indian Economy & Financial System,Economy | Macroeconomics | Banking & Finance | Public Finance,easy,Who among the following was the Chairman of the Committee on Deepening Digital Payments appointed by the RBI ?,H.R. Khan,Nandan Nilekani,N.R. Narayana Murthy,Sanjay Jain,B,"Solution: Concept: The question asks about the Chairman of the RBI-appointed committee on deepening digital payments. Explanation: The Reserve Bank of India set up a High-Level Committee on Deepening of Digital Payments. This committee was formed in January 2019. The Chairman of this committee was Nandan Nilekani, former Chairman of UIDAI (Aadhaar). The committee held consultations with various stakeholders and submitted its report to the RBI. The accepted recommendations are to be included in the RBI report ""Payment Systems Vision 2021"". Other individuals mentioned in the options chaired different committees: • H.R. Khan Committee was set up by SEBI to review Foreign Portfolio Investors Regulations. • N.R. Narayana Murthy Committee was set up by SEBI to suggest improvements in Corporate Governance Standards. • Sanjay Jain is not associated with this specific committee. Answer: Nandan Nilekani © examsnet.com"
CDS-2019-II-GK-017,2019,GK,General Knowledge,General Knowledge,General Knowledge | UPSC CDS | Prelims,easy,'The Sasakawa Award' of United Nations is given in recognition of the work done in the field of __________.,Disaster Reduction,Peace Keeping,Health Services,Poverty Alleviation,A,"Solution: Concept: The Sasakawa Award is a prestigious UN recognition for outstanding contributions in the field of disaster risk reduction. Explanation: The United Nations Office for Disaster Risk Reduction (UNDRR) confers the Sasakawa Award. It is given to individuals or organizations for exceptional work in reducing disaster risks. For example, in 2019, Dr. P.K. Mishra (Additional Principal Secretary to the Prime Minister of India) received this award. The award was presented at the Sixth Session of the Global Platform for Disaster Risk Reduction (GPDRR) 2019 held in Geneva, Switzerland. The theme for the 2019 award was ""Building Inclusive and Resilient Societies"". The Sasakawa Award was jointly established by UNDRR and the Nippon Foundation. Answer: Disaster Reduction (Option A). © examsnet.com"
CDS-2019-II-GK-018,2019,GK,General Knowledge,General Knowledge,General Knowledge | UPSC CDS | Prelims,easy,Why was India's G.S. Lakshmi in news recently?,She was the first Indian to play cricket for an English County Club.,She became the first female ICC match referee.,She was awarded the Ramon Magsaysay Award for the year 2019.,She was the recipient of the Booker Prize in the year 2019.,B,"Solution: Concept: G.S. Lakshmi became the first female match referee in ICC history for a Men's One-Day International (ODI), making global headlines. Explanation: She was appointed as the match referee for the opening match of the ICC Men's World Cup League 2. The match was played between the United Arab Emirates and the USA at Sharjah Cricket Stadium. This milestone made her the first woman ever to officiate as a match referee in a men's ODI. Earlier, she had started as a match referee in domestic women's cricket during the 2008–09 season. She has also overseen several men's and women's T20 internationals before this historic appointment. Answer: Option B: She became the first female ICC match referee. © examsnet.com"
CDS-2019-II-GK-019,2019,GK,Polity,Indian Constitution & Governance,Polity | Constitution of India | Governance | Constitutional Bodies,easy,Who among the following was elected as the President of Indonesia for the second term?,Joko Widodo,Prabowo Subianto,Sandiaga Uno,Jusuf Kalla,A,"Solution: Concept: Joko Widodo won a second term as President of Indonesia in the 2019 election. Explanation: Joko Widodo, commonly known as Jokowi, was re-elected for a second term as President of Indonesia. He defeated his opponent, retired general Prabowo Subianto, in the 2019 presidential election. Jokowi secured about 55.5 % 55.5\% 55.5% of the total votes, a slightly higher margin than his first-term victory. Indonesia's capital and largest city is Jakarta, and its currency is the Indonesian rupiah. Indonesia is the fourth most populous country in the world. Answer: Joko Widodo © examsnet.com"
CDS-2019-II-GK-020,2019,GK,General Knowledge,General Knowledge,General Knowledge | UPSC CDS | Prelims,easy,"In India, May 21 is observed as ________.",NRI Day,National Youth Day,National Technology Day,National Anti-Terrorism Day,D,"Solution: Concept: May 21 is officially observed in India as National Anti-Terrorism Day to commemorate the death of former Prime Minister Rajiv Gandhi. Explanation: The date was chosen because Rajiv Gandhi was assassinated on May 21, 1991. On this day, universities and institutions hold debates, discussions, and pledge ceremonies to spread awareness. The aim is to reduce terrorism and the radicalization of youth, which harms national interest. Answer: National Anti-Terrorism Day (Option D). © examsnet.com"
CDS-2019-II-GK-021,2019,GK,Science & Tech,General Science & Emerging Technologies,Science & Tech | General Science | Applied Science | Physics | Chemistry | Biology,hard,Arrange the following in the chronological order of their implementation: 1. The Indian Factory Act (First) 2. The Vernacular Press Act 3. The Morley-Minto Reforms 4. The Cornwallis Code Select the correct answer using the code given below:,"4, 2, 1, 3","2, 4, 1, 3","3, 4, 1, 2","2, 1, 3, 4",A,"Solution: Concept: Arrange events in the order of their year of enactment. Explanation: The Cornwallis Code was implemented in 1793. The Vernacular Press Act was passed in 1878. The Indian Factory Act (First) came into force in 1881. The Morley-Minto Reforms were introduced in 1909. Thus, the correct chronological sequence is 4, 2, 1, 3. Answer: Option A: 4, 2, 1, 3 © examsnet.com"
CDS-2019-II-GK-022,2019,GK,Polity,Indian Constitution & Governance,Polity | Constitution of India | Governance | Constitutional Bodies,easy,Article 371 A of the Constitution of India provides special privileges to __________.,Nagaland,Mizoram,Sikkim,Manipur,A,"Solution: Concept: Article 371A of the Indian Constitution grants special provisions exclusively to the state of Nagaland. Explanation: This article resulted from the 1960 16-point agreement between the Naga People’s Convention and the Government of India. It led to the creation of Nagaland in 1963. Under Article 371A, Parliament cannot legislate on Naga customary laws, social practices, religion, criminal and civil justice, or land transfer without the concurrence of the State Assembly. Other special provisions: Article 371G (53rd Amendment, 1986) for Mizoram, Article 371F (36th Amendment, 1975) for Sikkim, and Article 371C (27th Amendment, 1971) for Manipur. Answer: Nagaland © examsnet.com"
CDS-2019-II-GK-023,2019,GK,General Knowledge,General Knowledge,General Knowledge | UPSC CDS | Prelims,easy,"How many Zonal Councils were set up vide Part-III of the States Re-organization Act, 1956?",Eight,Seven,Six,Five,D,"Solution: Concept: The States Reorganisation Act, 1956 created five Zonal Councils to foster inter-state cooperation. Explanation: Part-III of the Act originally established five Zonal Councils. These are: Northern, Central, Eastern, Western, and Southern. Each council includes specific states and union territories. The North Eastern Council was created later by a separate Act in 1972. It is not part of the original five Zonal Councils. Therefore, the number set up by the 1956 Act remains exactly five. Answer: D. Five © examsnet.com"
CDS-2019-II-GK-024,2019,GK,Polity,Indian Constitution & Governance,Polity | Constitution of India | Governance | Constitutional Bodies,easy,Which provision of the Constitution of India provides that the President shall not be answerable to any Court in India for the exercise.of powers of his office?,Article 53,Article 74,Article 361,Article 363,C,Solution: Concept: Article 361 provides immunity to the President and Governors from being answerable to any court for the exercise of their official powers. Explanation: Article 361 states that the President or the Governor shall not be answerable to any court for the exercise of the powers and duties of their office. It also protects them from criminal proceedings and arrest during their term of office. Article 53 deals with the executive power of the President and its exercise by subordinate officers. Article 74 deals with the Council of Ministers aiding and advising the President. Article 363 bars courts from intervening in disputes arising from certain treaties or agreements. Answer: Article 361 (Option C). © examsnet.com
CDS-2019-II-GK-025,2019,GK,Polity,Indian Constitution & Governance,Polity | Constitution of India | Governance | Constitutional Bodies,easy,Which article prescribes that all proceedings in the Supreme Court shall be in English language?,Article 145 of the Constitution of lndia,Article 348 of the Constitution of lndia,"The Supreme Court Rules, 1966",An Act passed by the Parliament,B,"Solution: Concept: The article in the Indian Constitution that mandates the use of English in Supreme Court proceedings is Article 348. Explanation: Article 348 of the Constitution states that all proceedings in the Supreme Court and every High Court shall be conducted in English. This requirement continues unless Parliament enacts a law to allow the use of another language. Article 145 deals with the power of the Supreme Court to make rules for its own procedure, not with the language of proceedings. The Supreme Court Rules, 1966 are framed under Article 145 and do not prescribe the language. An Act passed by Parliament (such as the Official Languages Act, 1963) can permit the additional use of Hindi or other languages, but the primary provision for English comes directly from Article 348. Thus, the correct source is a constitutional provision, not a rule or ordinary legislation. Answer: Article 348 of the Constitution of India. © examsnet.com"
CDS-2019-II-GK-026,2019,GK,Polity,Indian Constitution & Governance,Polity | Constitution of India | Governance | Constitutional Bodies,easy,The total number of members in the Union Council of Ministers in India shall not exceed _________.,10% of the total number of members of the Parliament,15% of the total number of members of the Parliament,10% of the total number of members of the Lok Sabha,15% of the total number of members of the Lok Sabha,D,"Solution: Concept: The 91 91 91 st Constitutional Amendment Act, 2003 2003 2003 , limits the size of the Union Council of Ministers to a fixed percentage of the Lok Sabha’s strength. Explanation: Article 75 75 75 of the Constitution empowers the President to appoint the Prime Minister and other ministers on the Prime Minister’s advice. The 91 91 91 st Constitutional Amendment Act, 2003 2003 2003 , inserted a proviso to Article 75 75 75 . This proviso states that the total number of ministers (including the Prime Minister) shall not exceed 15 % 15\% 15% of the total strength of the Lok Sabha. Ministers hold office at the pleasure of the President. Note: For the National Capital Territory of Delhi, under Article 239 239 239 A, the council of ministers is limited to 10 % 10\% 10% of the members of the Legislative Assembly, which is a separate provision. Answer: Option D: 15 % 15\% 15% of the total number of members of the Lok Sabha. © examsnet.com"
CDS-2019-II-GK-027,2019,GK,Geography,Physical and Indian Geography,Geography | Physical Geography | Indian Geography | Geomorphology,easy,Which one of the following is the most noticeable characteristic of the Mediterranean climate?,Limited geographical extent,Dry summer,Dry winter,Moderate temperature,B,"Solution: Concept: The Mediterranean climate is defined by its distinctive seasonal rainfall pattern with a dry summer. Explanation: The Mediterranean climate occurs between 3 0 ∘ 30^\circ 3 0 ∘ and 4 5 ∘ 45^\circ 4 5 ∘ latitude on the western sides of continents. It is characterized by hot, dry summers and mild, rainy winters. During summer, subtropical high-pressure belts dominate, bringing clear skies and little rainfall. In winter, westerly winds bring moisture and precipitation. Thus, the most noticeable feature is the prolonged summer drought, not winter dryness or moderate temperature. Answer: Option B: Dry summer. © examsnet.com"
CDS-2019-II-GK-028,2019,GK,Geography,Physical and Indian Geography,Geography | Physical Geography | Indian Geography | Geomorphology,easy,Which one of the following rivers takes a 'U' turn at Namcha Barwa and enters India?,Ganga,Tista,Barak,Brahmaputra,D,"Solution: Concept: This question requires knowledge of the course of major Himalayan rivers, specifically the Brahmaputra's dramatic bend at Namcha Barwa. Explanation: The Brahmaputra originates on the Angsi Glacier in Tibet. It flows eastward as the Yarlung Tsangpo River through southern Tibet. Near the peak Namcha Barwa, the river makes a sharp 180° “U” turn. After this turn, it enters Arunachal Pradesh, India, where it is known as the Dihang or Siang River. Therefore, the river that takes a U-turn at Namcha Barwa is the Brahmaputra. Answer: D. Brahmaputra © examsnet.com"
CDS-2019-II-GK-029,2019,GK,Modern History,Indian National Movement,Modern History | Freedom Struggle | British Colonial Rule,easy,What was the Dutt-Bradley thesis?,The Working Committee of the Indian National Congress decided that Congress should play a crucial role in realising the independence of india,The Socialist party decided to play foremost part in anti-imperialist struggle,Revolutionary socialist Batukeshwar Dutt put forth a ten-point plan to work for the success of anti-imperialist front,"It was a Communist party document, according to which the National Congress could play a great part and a foremost part in realizing the anti-imperialist people's front",D,"Solution: Concept: The Dutt-Bradley thesis was a Communist Party document advocating that the Indian National Congress should lead an anti-imperialist people's front. Explanation: In 1936, Communist leaders Rajani Palme Dutt and Ben Bradley authored the Dutt-Bradley thesis. It argued that the Indian National Congress could play a central role in forming a broad anti-imperialist front. The thesis encouraged various parties and organizations to unite against British rule. It specifically called for the Congress to work with peasant and trade union groups. This idea influenced Jawaharlal Nehru, who as Congress President in 1936 pushed for collective affiliation of such organizations. The thesis was a key Communist strategy to collaborate with the mainstream nationalist movement. Answer: Option D: It was a Communist party document, according to which the National Congress could play a great part and a foremost part in realizing the anti-imperialist people's front. © examsnet.com"
CDS-2019-II-GK-030,2019,GK,Science & Tech,General Science & Emerging Technologies,Science & Tech | General Science | Applied Science | Physics | Chemistry | Biology,easy,The khuntkatti tenure was prevalent in which one of the following regions of India during the British Colonial Rule ?,Bundelkhand,Karnataka,Chota Nagpur,Madras Presidency,C,"Solution: Concept: Khuntkatti tenure was a customary land ownership system among the Mundas of the Chota Nagpur region. Explanation: The Mundari Khuntkatti system allowed families from the same clan or ""killi"" to collectively own and cultivate land cleared from forests. This traditional system was prevalent in the Chota Nagpur area during British colonial rule. The British introduced the Chotanagpur Tenancy Act, 1908, which reduced the status of Mundari Khuntkattidars from landowners to mere tenants. Thus, khuntkatti tenure is specifically associated with Chota Nagpur, not with Bundelkhand, Karnataka, or Madras Presidency. Answer: C. Chota Nagpur © examsnet.com"
CDS-2019-II-GK-031,2019,GK,General Knowledge,General Knowledge,General Knowledge | UPSC CDS | Prelims,easy,Who was the author of the book 'Plagues and Peoples'?,William H. McNeil,W.I. Thomas,Rachel Carson,David Cannadine,A,"Solution: Concept: The book ""Plagues and Peoples"" was written by historian William H. McNeill, who explored the role of infectious diseases in shaping human history. Explanation: The book was first published in 1976 in New York City. It is a work of epidemiological history, showing how diseases like smallpox, bubonic plague, and typhoid have influenced world events and cultures. McNeill argues that disease outbreaks often acted as a means of attack or defence, altering the course of civilisations. The author is William H. McNeill (often spelled McNeil), a noted American historian. The other options are not correct: W.I. Thomas was a sociologist, Rachel Carson wrote about the environment, and David Cannadine is a British historian. Answer: A. William H. McNeil © examsnet.com"
CDS-2019-II-GK-032,2019,GK,Modern History,Indian National Movement,Modern History | Freedom Struggle | British Colonial Rule,easy,Who among the following started the Indian Agriculture Service?,Lord Curzon,William Bentinck,Lord Minto,Lord Rippon,C,"Solution: Concept: The Indian Agriculture Service was formally constituted during the tenure of Lord Minto (Minto II) in 1906. Explanation: Lord Minto served as Viceroy of India from 1905 to 1910. In 1906, the British government established the Indian Agriculture Service to improve agricultural research and extension in India. This service was part of broader reforms to address agrarian issues. Note that Lord Curzon (1899-1905) had earlier set up the Indian Agricultural Research Institute at Pusa in 1905, but he did not create the service itself. Lord Rippon is known for local self-government reforms (1882), and William Bentinck for social reforms like abolishing Sati (1829). Thus, the correct founder of the Indian Agriculture Service is Lord Minto. Answer: C. Lord Minto © examsnet.com"
CDS-2019-II-GK-033,2019,GK,General Knowledge,General Knowledge,General Knowledge | UPSC CDS | Prelims,easy,'Chandimangala' was composed in which one of the following languages during the 1 6 th 16^{\text{th}} 1 6 th century CE ?,Sanskrit,Tamil,Bengali,Oriya,C,"Solution: Concept: The work ""Chandimangala"" is a notable piece of Bengali literature from the 16th century. Explanation: ""Chandimangala"" belongs to a genre called Mangalkavya, which is a narrative poem praising a deity. It was composed by the poet Kavikankan Mukundaram Chakravarti. The text recounts the stories of Goddess Chandi and her efforts to gain worship among humans. The language of this composition is Bengali, as it is a key part of early modern Bengali literary tradition. The work is written in a folk style and includes elements like Panchalis (long narrative songs) and Vratha Katha (vow-related chants). These traditions were practiced by rural women and are rooted in pre-Aryan rituals. The 16th-century origin of ""Chandimangala"" places it in the medieval period of Bengali literature. Answer: The correct option is C. Bengali. © examsnet.com"
CDS-2019-II-GK-034,2019,GK,Modern History,Indian National Movement,Modern History | Freedom Struggle | British Colonial Rule,easy,"In December 1962, which Soviet leader declared that China was responsible for the Sino-Indian War of 1962?",Khrushchev,Bulganin,Suslov,Malenkov,A,"Solution: Concept: The Soviet leader who publicly blamed China for the 1962 Sino-Indian War was Nikita Khrushchev. Explanation: In December 1962, Soviet Premier Nikita Khrushchev issued a statement through the official TASS news agency. He declared that China was responsible for triggering the conflict with India. Khrushchev criticized Mao Zedong for not resolving the Tibet/Dalai Lama issue peacefully. He defended India's position and argued that Mao should have avoided bloodshed. This statement aimed to show Soviet neutrality, but it clearly sided with India on the question of responsibility. Answer: A. Khrushchev © examsnet.com"
CDS-2019-II-GK-035,2019,GK,Current Affairs,Current Events of National & International Importance,Current Affairs | International Relations | Government Schemes | Awards,hard,Which of the following statements with regard to the 'Make in India' initiative is/are correct ? 1. It was launched in the year 2018. 2. Its objective is to foster innovation. Select the correct answer using the code given below:,1 only,2 only,Both 1 and 2,Neither 1 nor 2,B,"Solution: Concept: The 'Make in India' initiative aims to transform India into a global manufacturing and innovation hub. Explanation: Statement 1 is incorrect because 'Make in India' was launched in the year 2014, not 2018. Statement 2 is correct because one of the core objectives of the initiative is to foster innovation and promote India as a design and manufacturing destination. The initiative also seeks to boost the manufacturing sector's contribution to GDP and improve ease of doing business. Therefore, only statement 2 is correct. Answer: B. 2 only © examsnet.com"
CDS-2019-II-GK-036,2019,GK,Science & Tech,General Science & Emerging Technologies,Science & Tech | General Science | Applied Science | Physics | Chemistry | Biology,easy,Which one of the following States does not have a Legislative Council?,Karnataka,Telangana,Bihar,Arunachal Pradesh,D,"Solution: Concept: A Legislative Council is an upper house in a state legislature, present only in certain states as per Article 168 of the Constitution. Explanation: Under Article 168, six states have a Legislative Council: Andhra Pradesh, Telangana, Uttar Pradesh, Bihar, Maharashtra, and Karnataka. Arunachal Pradesh is not among these six states. Article 169 allows for abolition or creation of a Legislative Council by a resolution of the state assembly, but as of now, Arunachal Pradesh does not have one. The other options (Karnataka, Telangana, Bihar) all have a Legislative Council. Hence, Arunachal Pradesh is the correct choice. Answer: Arunachal Pradesh © examsnet.com"
CDS-2019-II-GK-037,2019,GK,Quantitative Aptitude,Basic Numeracy & Quantitative Aptitude,Aptitude | Mathematics | Quantitative Reasoning | Problem Solving,easy,What is SWAYAM?,Study Webs of Active-Learning for Young Aspiring Minds,Study Worlds of Active-Learning for Youth Aspiring Maps,Study Webs of Active-Learning for Youth Aspiration Minds,Study Webs of Active-Learning for Youth of Active Minds,A,"Solution: Concept: SWAYAM is an acronym for a government initiative to provide free online education from school to post-graduation. Explanation: The full form is ""Study Webs of Active-Learning for Young Aspiring Minds"". It aims to ensure access, equity, and quality in education by offering courses from elite institutions free of cost. The platform was developed by the Ministry of Human Resource Development along with NPTEL and IIT Madras. Courses range from Class 9 to post-graduation. Students can get certification after paying a small fee and passing an exam. UGC has advised universities to recognize these courses under its 2016 regulation. Answer: Option A: Study Webs of Active-Learning for Young Aspiring Minds © examsnet.com"
CDS-2019-II-GK-038,2019,GK,Polity,Indian Constitution & Governance,Polity | Constitution of India | Governance | Constitutional Bodies,easy,"Which one of the following is not enumerated,­ in the Constitution of India as a fundamental duty of citizens of India?",To safeguard public property,To protect and improve the natural environment,To develop the scientific temper and spirit of inquiry,To promote international peace and security,D,"Solution: Concept: Fundamental duties of Indian citizens are listed under Article 51A of the Constitution. Options A, B, and C are part of these duties, while option D is a Directive Principle of State Policy under Article 51. Explanation: Article 51A clearly enumerates all fundamental duties. These include: to safeguard public property (option A). To protect and improve the natural environment (option B). To develop scientific temper and spirit of inquiry (option C). However, the duty ""to promote international peace and security"" (option D) is not found in Article 51A. This duty is prescribed under Article 51, which is a Directive Principle of State Policy, not a fundamental duty. Therefore, option D is the one that is not a fundamental duty. Answer: Option D: To promote international peace and security. © examsnet.com"
CDS-2019-II-GK-039,2019,GK,Modern History,Indian National Movement,Modern History | Freedom Struggle | British Colonial Rule,medium,"Who among the following in his book 'The Managerial Revolution' argued that a managerial class dominated all industrial societies, both capitalist and communist, by virtue of its technical and scientific knowledge and its administrative skills?",James Burnham,Robert Michels,Gaetano Mosca,Vilfredo Pareto,A,"Solution: Concept: This question tests knowledge of political sociology and the authorship of the concept of managerial revolution. Explanation: James Burnham wrote 'The Managerial Revolution' in 1941. He argued that capitalism was dead and being replaced by a new system called managerialism. According to him, managerial class, possessing technical, scientific, and administrative expertise, would dominate both capitalist and communist industrial societies. Robert Michels in his book 'Political Parties' proposed the Iron law of oligarchy. Gaetano Mosca stated that elites are an organized minority ruling the unorganized majority. Vilfredo Pareto contributed the theory of circulation of elites. Thus, only James Burnham matches the book and the argument. Answer: A. James Burnham © examsnet.com"
CDS-2019-II-GK-040,2019,GK,Polity,Indian Constitution & Governance,Polity | Constitution of India | Governance | Constitutional Bodies,easy,Which one of the following conditions laid down in the Constitution of India for the issue of a writ of Quo- Warranto is not correct?,The office·must be public and it must be created by a Statute,The office must be a substantive one,There has been a contravention of the Constitution or a Statute in appointing such person to that office,The appointment is in tune with a statutory provision,D,"Solution: Concept: A writ of Quo-Warranto is issued to challenge the legal authority of a person holding a public office. Explanation: The writ can be issued when: (1) the office is public and created by a statute or the Constitution; (2) the office is substantive and permanent, not temporary or ministerial; (3) there is a contravention of the Constitution or a statute in appointing that person. If the appointment is made in full compliance with a statutory provision, then the person is legally entitled to the office. In that case, a writ of Quo-Warranto cannot be issued because there is no usurpation or illegal occupation. Thus, the condition “The appointment is in tune with a statutory provision” actually bars the issue of the writ, not supports it. It is therefore not a correct condition for issuing the writ. Answer: Option D – “The appointment is in tune with a statutory provision” is the incorrect condition. © examsnet.com"
CDS-2019-II-GK-041,2019,GK,Modern History,Indian National Movement,Modern History | Freedom Struggle | British Colonial Rule,easy,Which one of the following equals Personal Disposable Income ?,"Personal Income - Direct taxes paid by households and miscellaneous fees, fines, etc.",Private Income - Saving of Private Corporate Sectors - Corporation Tax,Private Income - Taxes,Total expenditure of Households - Income Tax - Gifts received,A,"Solution: Concept: Personal Disposable Income (PDI) is the income that households can actually spend or save after all mandatory deductions. Explanation: • PDI is calculated as: Personal Income minus direct taxes (e.g., income tax) and other compulsory payments like fees and fines. • This matches exactly with Option A: ""Personal Income - Direct taxes paid by households and miscellaneous fees, fines, etc."" • Why other options are incorrect: • Option B gives Private Income − Saving of Private Corporate Sectors − Corporation Tax . This actually equals Personal Income , not PDI. • Option C ( Private Income − Taxes ) subtracts all taxes (including indirect ones) from private income, which does not yield PDI. • Option D ( Total expenditure of Households − Income Tax − Gifts received ) is a mix of unrelated items and does not define PDI. • Direct taxes and fees reduce the disposable part of personal income, leaving the amount available for consumption and saving. Answer: Option A. © examsnet.com"
CDS-2019-II-GK-042,2019,GK,Modern History,Indian National Movement,Modern History | Freedom Struggle | British Colonial Rule,easy,The working of the price mechanism in a free-market economy refers to which one of the following?,The interplay of the forces of demand,Determination of the inflation rate in the economy·,Determination of the economy's propensity to consume,Determination of the economy's full employment output,A,"Solution: Concept: The price mechanism in a free-market economy functions through the interaction of demand and supply forces to determine prices and allocate resources. Explanation: In a free market, buyers and sellers freely negotiate prices based on their willingness to buy and sell. This interplay between demand (what consumers want) and supply (what producers offer) sets the equilibrium price. The price mechanism signals scarcity or surplus, guiding producers and consumers to adjust their decisions. It operates without central planning, relying solely on market forces. Option A correctly refers to this interplay of the forces of demand (and supply). Options B, C, and D describe other economic concepts: inflation rate, propensity to consume, and full employment output, which are not directly the working of the price mechanism itself. Answer: Option A: The interplay of the forces of demand (and supply). © examsnet.com"
CDS-2019-II-GK-043,2019,GK,Economy,Indian Economy & Financial System,Economy | Macroeconomics | Banking & Finance | Public Finance,easy,Indexation is a method whose use can be associated with which one of the following ?,Controlling inflation,Nominal GDP estimation,Measurement of savings rate,Fixing of wage compensation,D,"Solution: Concept: Indexation is a method used to adjust payments, such as wages, based on changes in a price index to maintain real value. Explanation: Indexation links the value of a payment or asset to a standard price index, like the Consumer Price Index. This ensures that the purchasing power of the payment remains stable over time, especially during inflation. The most common application is in wage compensation, where salaries are automatically adjusted to match rising prices. This practice is also called escalation and is used to prevent workers from losing real income when inflation is high. Other potential uses include pensions, rents, or taxes, but the question specifically asks for its associated use. Therefore, indexation is directly tied to fixing wage compensation to protect against inflation. Answer: D. Fixing of wage compensation © examsnet.com"
CDS-2019-II-GK-044,2019,GK,Quantitative Aptitude,Basic Numeracy & Quantitative Aptitude,Aptitude | Mathematics | Quantitative Reasoning | Problem Solving,easy,A car undergoes a uniform circular motion. The acceleration of the car is,zero,a non-zero constant,a non-zero but not a constant,None of the above,B,"Solution: Concept: In uniform circular motion, speed is constant but velocity direction changes continuously, so acceleration is always present (centripetal) with constant magnitude but changing direction. Explanation: A car in uniform circular motion moves at constant speed along a circular path. Velocity is a vector; it changes direction every instant even if speed is constant. This change in velocity causes an acceleration called centripetal acceleration. Its magnitude is a = v 2 r a = \frac{v^2}{r} a = r v 2 ​ , which remains constant because v v v and r r r are constant. However, the direction of this acceleration always points toward the centre of the circle. As the car moves, the direction of the centre changes relative to the car, so the acceleration vector rotates continuously. Thus, the acceleration is non‑zero but its direction is not constant — only the magnitude is constant. Therefore, the acceleration is a non‑zero vector that is not constant (i.e., it changes direction). Answer: Option C: a non-zero but not a constant. © examsnet.com"
CDS-2019-II-GK-045,2019,GK,General Knowledge,General Knowledge,General Knowledge | UPSC CDS | Prelims,medium,An echo is heard after 5 seconds of the production of sound which moves with a speed of 340 m/s. What is the distance of the mountain from the source of sound which produced the echo?,0.085 km,0.85 km,0.17 km,1.7 km,B,"Solution: Concept: An echo is heard after the sound travels to a reflecting surface and returns. The total distance covered by sound is twice the actual distance to the mountain. Explanation: Given: time t = 5 t = 5 t = 5 s, speed v = 340 v = 340 v = 340 m/s. Distance traveled by sound in that time = v × t = 340 × 5 = 1700 v \times t = 340 \times 5 = 1700 v × t = 340 × 5 = 1700 m. This distance equals the round‑trip distance 2 d 2d 2 d , where d d d is the distance to the mountain. So 2 d = 1700 2d = 1700 2 d = 1700 m ⇒ d = 850 \Rightarrow d = 850 ⇒ d = 850 m. Convert to kilometres: d = 850 1000 = 0.85 d = \frac{850}{1000} = 0.85 d = 1000 850 ​ = 0.85 km. Answer: 0.85 0.85 0.85 km (Option B). © examsnet.com"
CDS-2019-II-GK-046,2019,GK,General Knowledge,General Knowledge,General Knowledge | UPSC CDS | Prelims,easy,A 100 W electric bulb is used for 10 hours a day. How many units of energy are consumed in 30 days?,1kwh,10kwh,30kwh,300kwh,C,"Solution: Concept: Energy consumed by an appliance is the product of its power rating and the total time of use. Explanation: Power of the bulb is 100 W = 0.1 kW 100 \, \text{W} = 0.1 \, \text{kW} 100 W = 0.1 kW . Daily usage is 10 hours 10 \, \text{hours} 10 hours . Total days = 30 30 30 . Total hours used = 10 × 30 = 300 hours 10 \times 30 = 300 \, \text{hours} 10 × 30 = 300 hours . Energy in kilowatt-hours = Power (in kW) × Time (in hours). Energy = 0.1 kW × 300 h = 30 kWh 0.1 \, \text{kW} \times 300 \, \text{h} = 30 \, \text{kWh} 0.1 kW × 300 h = 30 kWh . One unit of electrical energy equals 1 kWh 1 \, \text{kWh} 1 kWh . So, energy consumed = 30 units. Answer: C. 30 kWh 30 \, \text{kWh} 30 kWh © examsnet.com"
CDS-2019-II-GK-047,2019,GK,Polity,Indian Constitution & Governance,Polity | Constitution of India | Governance | Constitutional Bodies,easy,Which of the following statements relating to the Fifth Schedule of the Constitution of India is not correct ?,"It relates to the special provision for administration of certain areas in the States other than Assam, Meghalaya, Tripura and Mizoram.",Tribal advisory councils are to be constituted to give advice under the Fifth Schedule.,"The Governor is not authorized to make regulations to prohibit or restrict the transfer of land by, or among members of the Scheduled Tribes.",The Governors of the States in which there are scheduled areas have to submit reports to the President regarding the administration of such areas.,C,"Solution: Concept: The Fifth Schedule of the Indian Constitution deals with the administration and control of Scheduled Areas and Scheduled Tribes in states except those covered under the Sixth Schedule (Assam, Meghalaya, Tripura, Mizoram). Explanation: Option A is correct because the Fifth Schedule applies to states other than the four listed in the Sixth Schedule. Option B is correct because each state with a Scheduled Area must establish a Tribes Advisory Council to advise on the welfare and advancement of Scheduled Tribes. Option C is the incorrect statement. The Governor is explicitly authorized under the Fifth Schedule to make regulations that prohibit or restrict the transfer of land by or among members of the Scheduled Tribes. Option D is correct because the Governor must submit a report to the President regarding the administration of Scheduled Areas, either annually or as requested. Answer: Option C © examsnet.com"
CDS-2019-II-GK-048,2019,GK,Modern History,Indian National Movement,Modern History | Freedom Struggle | British Colonial Rule,hard,Consider the following statements with regard to the formation of new States and alteration of boundaries of existing' States : 1. Parliament may increase the area of any State. 2. Parliament may diminish the area of any State. 3. Parliament cannot alter the boundary of any State. 4. Parliament cannot alter the name of any State. Which of the statements given above is are not correct ?,1 and 2,2 and 3,3 and 4,4 only,C,"Solution: Concept: Article 3 of the Indian Constitution grants Parliament the power to form new States, and to alter the area, boundaries, or names of existing States. Explanation: Statement 1 says Parliament may increase the area of any State — this is correct as per Article 3. Statement 2 says Parliament may diminish the area of any State — this is also correct under Article 3. Statement 3 says Parliament cannot alter the boundary of any State — this is incorrect because Article 3 expressly allows boundary alteration. Statement 4 says Parliament cannot alter the name of any State — this is incorrect because Article 3 permits name changes as well. Thus, only statements 3 and 4 are not correct. Answer: Option C (3 and 4). © examsnet.com"
CDS-2019-II-GK-049,2019,GK,Polity,Indian Constitution & Governance,Polity | Constitution of India | Governance | Constitutional Bodies,medium,"Consider the following statements: 1. The Advocate General of a State in India is appointed by the President of India upon the recommendations of the Governor of the concerned State. 2. As provided in the Code of Civil Procedure, High Courts have original appellate advisory jurisdiction at the State level. Which of the statements given above is/are correct?",1 only,2 only,Both 1 and 2,Neither 1 nor 2,D,"Solution: Concept: The Advocate General of a State is appointed by the Governor, not the President. High Courts have original, appellate, and supervisory jurisdiction, but not advisory jurisdiction under the Code of Civil Procedure. Explanation: Statement 1: The Advocate General of a State is appointed by the Governor under Article 165 of the Constitution. The President does not appoint the Advocate General; therefore statement 1 is incorrect. Statement 2: High Courts have original, appellate, and writ jurisdiction. Advisory jurisdiction is not a standard power of High Courts. The Code of Civil Procedure does not grant such advisory power to High Courts. Hence statement 2 is also incorrect. Answer: Neither statement 1 nor statement 2 is correct. Option D: Neither 1 nor 2 is the correct answer. © examsnet.com"
CDS-2019-II-GK-050,2019,GK,Polity,Indian Constitution & Governance,Polity | Constitution of India | Governance | Constitutional Bodies,easy,Which one of the following forms of Constitution contains the features of both the Unitary and Federal Constitution?,Unitary,Federal,Quasi-Federal,Quasi-Unitary,C,"Solution: Concept: A constitution that blends elements of both unitary and federal systems is known as a quasi-federal constitution. Explanation: A federal constitution divides power between a central authority and regional units, with each level enjoying autonomy. A unitary constitution concentrates power in a single central government, with regional units deriving authority from it. A quasi-federal constitution combines both: it is primarily federal in structure but includes unitary features that allow the central government to override or control states when needed. For example, the Indian Constitution has a dual polity (Union and States), a written and rigid constitution, and independent judiciary—these are federal features. At the same time, it includes a single citizenship, an integrated judiciary, All‑India Services, and the power of the Union to legislate on state subjects under certain circumstances—these are unitary features. Therefore, the term “quasi‑federal” correctly describes a constitution that contains characteristics of both unitary and federal systems. Quasi‑unitary would imply that states have unusually broad powers, which is not the case here. Unitary and federal structures, by definition, do not mix features of the other form. Answer: Quasi‑Federal © examsnet.com"
CDS-2019-II-GK-051,2019,GK,Science & Tech,General Science & Emerging Technologies,Science & Tech | General Science | Applied Science | Physics | Chemistry | Biology,easy,Which one of the following Indian States has no international boundary?,Bihar,Chhattisgarh,Uttarakhand,Meghalaya,B,"Solution: Concept: Identify which Indian state does not share a land border with any foreign country. Explanation: India shares its land frontier with seven countries: Afghanistan and Pakistan to the northwest, China, Bhutan and Nepal to the north, and Myanmar and Bangladesh to the east. Among the given options: • Bihar shares its border with Nepal. • Uttarakhand shares borders with Nepal and China. • Meghalaya shares its border with Bangladesh. • Chhattisgarh does not touch any international boundary. It is an inland state surrounded by other Indian states. Other states without international boundaries include Telangana, Haryana, Jharkhand, and Madhya Pradesh. Answer: Chhattisgarh © examsnet.com"
CDS-2019-II-GK-052,2019,GK,Geography,Physical and Indian Geography,Geography | Physical Geography | Indian Geography | Geomorphology,easy,Which one of the following Indian cities is not located on a river bank?,Agra,Bhagalpur,Bhopal,Kanpur,C,"Solution: Concept: Bhopal is the only city among the options that is not situated on the bank of a major river. Explanation: Agra lies on the banks of the Yamuna River. Bhagalpur lies on the banks of the Ganges River. Kanpur lies on the banks of the Ganges River. Bhopal, the capital of Madhya Pradesh, is not located on the bank of any major river. Therefore, Bhopal is the city that does not have a river bank location. Answer: C. Bhopal © examsnet.com"
CDS-2019-II-GK-053,2019,GK,General Knowledge,General Knowledge,General Knowledge | UPSC CDS | Prelims,easy,Where are Jhumri Telaiya situated?,Jharkhand,Bihar,Assam,West Bengal,A,"Solution: Concept: Jhumri Telaiya is a town in the state of Jharkhand, known for its mica-rich soil. Explanation: Jhumri Telaiya is located in the Koderma district of Jharkhand. Jharkhand was formed on November 15, 2000, as the 28th state of India. The region is famous for mica deposits, giving it micaceous soil. Other options like Bihar, Assam, and West Bengal are incorrect. Answer: A. Jharkhand © examsnet.com"
CDS-2019-II-GK-054,2019,GK,Science & Tech,General Science & Emerging Technologies,Science & Tech | General Science | Applied Science | Physics | Chemistry | Biology,easy,Which one of the following is not correct regarding South India?,Diurnal range of temperature is less,Annual range of temperature is less,Temperature is high throughout the year,Extreme climatic conditions are found,D,"Solution: Concept: South India has a maritime climate with moderate temperatures and low ranges. Explanation: The proximity to the ocean gives South India a stable climate. The diurnal range is small because high humidity reduces day‑night swings. The annual range is also small, typically between 3 ∘ 3^\circ 3 ∘ C and 8 ∘ 8^\circ 8 ∘ C, not 19 19 19 – 2 5 ∘ 25^\circ 2 5 ∘ C. Temperatures remain high throughout the year, usually above 2 0 ∘ 20^\circ 2 0 ∘ C. Extreme climatic conditions, such as very high or very low temperatures, are absent. Therefore, the statement “Extreme climatic conditions are found” is incorrect. Answer: Option D. © examsnet.com"
CDS-2019-II-GK-055,2019,GK,Quantitative Aptitude,Basic Numeracy & Quantitative Aptitude,Aptitude | Mathematics | Quantitative Reasoning | Problem Solving,easy,Which one of the following statements regarding sex composition is not correct ?,"In some countries, sex ratio is expressed as number of males per thousand females.","In India, sex ratio is expressed as number of females per thousand males.","At world level, sex ratio is about 102 males per 100 females.","In Asia, there is high sex ratio.",D,"Solution: Concept: The term ""sex ratio"" can be expressed differently in various regions — either as males per 100 females or as females per 1000 males. In Asia, the sex ratio (females per 1000 males) is generally low, not high. Explanation: Option A: In some countries, sex ratio is expressed as the number of males per 1000 females. This is a valid way to report the ratio. So, A is correct. Option B: In India, sex ratio is officially expressed as the number of females per 1000 males. This statement is correct. Option C: At the world level, the sex ratio is approximately 102 102 102 males per 100 100 100 females. This is accurate and widely accepted. So, C is correct. Option D: In Asia, the common measure is females per 1000 males. Due to cultural preferences for male children, many Asian countries (e.g., China, India) have fewer females per 1000 males. That means the sex ratio is low—not high. Therefore, the statement ""In Asia, there is high sex ratio"" is incorrect when referring to the standard measure used in the region. Answer: Option D © examsnet.com"
CDS-2019-II-GK-056,2019,GK,General Knowledge,General Knowledge,General Knowledge | UPSC CDS | Prelims,easy,Who among the following has given the concept of Human Development?,Amartya Sen,Mahbub-ul-Haq,Sukbamoy Chakravarty,G.S. Chaddha,B,"Solution: Concept: The concept of Human Development was first introduced by Mahbub-ul-Haq, focusing on expanding people's freedoms and opportunities. Explanation: Human Development prioritizes increasing the choices and well-being of individuals, not just economic growth. Mahbub-ul-Haq formulated this concept in the late 1980s. He collaborated with economist Amartya Sen, whose capability approach became central to the framework. Together, they produced the first Human Development Report in 1990 for the United Nations Development Programme. The report defined human development as enlarging people’s freedoms and capabilities. Other economists mentioned — Sukhamoy Chakravarty contributed to India's Five-Year Plans, and G.S. Chaddha is known for quantum mechanics — did not originate this concept. Answer: Mahbub-ul-Haq (Option B) © examsnet.com"
CDS-2019-II-GK-057,2019,GK,Geography,Physical and Indian Geography,Geography | Physical Geography | Indian Geography | Geomorphology,easy,Which one of the following regions is an important supplier of citrus fruits ?,Equatorial region,Mediterranean region,Desert region,Sub-humid region,B,"Solution: Concept: The Mediterranean climate provides ideal conditions for growing citrus fruits due to its moderate temperatures and seasonal rainfall. Explanation: Citrus fruits require ample sunshine and a moderate climate with light winter rainfall and long, moderate summers. The Mediterranean region (e.g., Spain, Italy, Morocco, Turkey) supplies about 60% of the world's fresh citrus fruits. Mediterranean climate is characterized by hot, dry summers and cool, rainy winters. It occurs between 3 0 ∘ 30^\circ 3 0 ∘ and 4 5 ∘ 45^\circ 4 5 ∘ latitude on the western sides of continents. Examples include the Mediterranean Basin, California, Central Chile, and South Africa. The region's anti-cyclonic pressure belts create clear skies, aiding fruit development. In contrast, equatorial regions (option A) are better for rubber, cocoa, and palm; desert regions (option C) suit sorghum; sub-humid regions (option D) suit rice. Answer: Mediterranean region (option B). © examsnet.com"
CDS-2019-II-GK-058,2019,GK,Ancient History,Ancient Indian History,Ancient History | Indian History | Archaeological Sources,easy,Who were the Nayanars?,Those who were immersed in devotion to Vishnu,Those who were devotees of Buddha,Leaders who were devotees of Shiva,Leaders who were devotees of Basveshwara,C,"Solution: Concept: The Nayanars were a group of poet-saints in South India who were devoted to Lord Shiva. Explanation: The Nayanars were devotees of Shiva. They were part of the Bhakti movement (7th–8th century CE). In contrast, the Alvars were devotees of Vishnu. Followers of Basaveshwara are called Lingayats (12th century CE), who were Shaivite reformers but distinct from the Nayanars. Buddha’s followers are Buddhists, not Nayanars. Answer: Leaders who were devotees of Shiva © examsnet.com"
CDS-2019-II-GK-059,2019,GK,General Knowledge,General Knowledge,General Knowledge | UPSC CDS | Prelims,hard,Match List I with List-II and select the correct answer using the code given below the lists: List – I (Ethnic Territorial Segment) List II (Related Occupational pattern) A. Maruta Makkal 1. Pastoralists B. Kuravan Makkal 2. Fishing people C. Mullai Makkal 3. Ploughmen D. Neytal Makkal 4. Hill people,"A - 3, B - 1, C - 4, D - 2","A - 2, B - 1, C - 4, D - 3","A - 3, B - 4, C - 1, D - 2","A - 2, B - 4, C - 1, D - 3",C,"Solution: Concept: Ancient Tamil literature associates each ethnic territorial segment (Tinai) with a specific traditional occupation. Explanation: Maruta Makkal belonged to fertile agricultural plains — they were ploughmen (3). Kuravan Makkal lived in hilly regions and often worked as fortune‑tellers — they are hill people (4). Mullai Makkal inhabited forest and pasture lands — they were pastoralists and shepherds (1). Neytal Makkal dwelt in coastal villages called pattinam — they were fishing people (2). Answer: Option C: A − 3 , B − 4 , C − 1 , D − 2 A - 3,\; B - 4,\; C - 1,\; D - 2 A − 3 , B − 4 , C − 1 , D − 2 © examsnet.com"
CDS-2019-II-GK-060,2019,GK,Medieval History,Medieval Indian History,Medieval History | Delhi Sultanate | Mughal Empire | Administration,easy,"Who among the following Mughal emperors was a follower of the Naqshbandiyya leader, Khwaja Ubaydullah Ahrar?",Babur,Humayun,Akbar,Jahangir,A,"Solution: Concept: Babur, the founder of the Mughal Empire, was a follower of the Naqshbandiyya Sufi order led by Khwaja Ubaydullah Ahrar. Explanation: Khwaja Ubaydullah Ahrar was a highly influential Naqshbandi saint in Central Asia. Babur, who came from Central Asia, deeply respected him and followed his teachings. Babur considered himself a devotee of the Naqshbandi order and promoted its spiritual ideas. He advised his followers to avoid attachment to material wealth and did not support strict Sharia law. His autobiography, the Tuzuk-i-Baburi , reflects his spiritual leanings. Thus, among the given Mughal emperors, only Babur was a follower of Khwaja Ubaydullah Ahrar. Answer: Babur (Option A) © examsnet.com"
CDS-2019-II-GK-061,2019,GK,Modern History,Indian National Movement,Modern History | Freedom Struggle | British Colonial Rule,easy,"Which one of the following statements about the Government of India Act, 1919 is not correct?",It extended the practice of communal representation,It made the Central Executive responsible to the Legislature,It is also known as the Montague-Chelmsford Reforms.,It paved the way for federalism by clearly separating the responsibilities of the Centre and the proviinces.,B,"Solution: Concept: The Government of India Act, 1919 introduced dyarchy in provinces but did not make the central executive responsible to the legislature. Explanation: The Act retained the central executive as non-responsible to the legislature. The Governor-General and his Executive Council remained answerable only to the British Parliament, not to the Indian legislature. Only at the provincial level was a limited responsible government introduced through dyarchy. Under dyarchy, provincial subjects were divided into “transferred” (administered by ministers responsible to the provincial council) and “reserved” (administered by the governor and his executive council). The Act extended communal representation to new groups. It clearly separated central and provincial subjects, paving the way for federalism. Thus, the statement that “It made the Central Executive responsible to the Legislature” is incorrect. Answer: Option B is the incorrect statement. © examsnet.com"
CDS-2019-II-GK-062,2019,GK,General Knowledge,General Knowledge,General Knowledge | UPSC CDS | Prelims,easy,"The concept of ""Four Pillar State"", free from district magistracy for India was suggested by ________.",Lala Lajpat Rai,Ram Manohar Lohia,Raja Ram Mohan Roy,Subash Chandra Bose,B,"Solution: Concept: Dr. Ram Manohar Lohia proposed the ""Four Pillar State"" as a decentralized governance model, eliminating the post of District Magistrate. Explanation: Dr. Ram Manohar Lohia advocated for a radical restructuring of India's administrative system. He believed that true democracy required power to be distributed among four pillars of governance: the village, the district, the province, and the centre. His proposal specifically sought to remove the office of the District Magistrate, which he saw as a colonial relic concentrating excessive authority. Instead, he supported strengthening Panchayati Raj institutions at the village level. Lohia was a prominent socialist thinker and a co-founder of the Congress Socialist Party along with Jayaprakash Narayan. He also actively participated in the Quit India Movement in 1942 and wrote a doctoral thesis on salt taxation in India. Thus, the concept of a ""Four Pillar State"" free from district magistracy is historically attributed to him. Answer: B. Ram Manohar Lohia © examsnet.com"
CDS-2019-II-GK-063,2019,GK,Polity,Indian Constitution & Governance,Polity | Constitution of India | Governance | Constitutional Bodies,easy,Which one among the following is not a part of the Fundamental Rights (Part III) of the Constitution of India?,Prohibition of traffic in human being and forced labour,Prohibition of employment of children in factories,Participation of workers in management of industries,"Practice any profession, or to carry on any occupation, trade or business",C,"Solution: Concept: Fundamental Rights (Part III) are enforceable rights, while Directive Principles (Part IV) are non-justiciable guidelines. Explanation: Option C – ""Participation of workers in management of industries"" is not a Fundamental Right. It is a Directive Principle under Article 43A, added by the 42nd Amendment, 1976. Option A – Prohibition of traffic in human beings and forced labour is a Fundamental Right under Article 23. Option B – Prohibition of employment of children in factories is a Fundamental Right under Article 24. Option D – Practice any profession or carry on any occupation, trade or business is a Fundamental Right under Article 19(1)(g). Thus, only option C belongs to the Directive Principles, not to Part III. Answer: C – Participation of workers in management of industries © examsnet.com"
CDS-2019-II-GK-064,2019,GK,Geography,Physical and Indian Geography,Geography | Physical Geography | Indian Geography | Geomorphology,easy,Which one of the following is not a geographical requirement for cultivation of cotton?,Temperature reaching 25°C or more in summer,Moderate to light rainfall,Medium loam soil with good drainage,A growing period of at least 100 frost free days.,D,"Solution: Concept: Cotton requires a long, frost-free growing period of 180‑200 days. Explanation: Option D states “a growing period of at least 100 frost‑free days.” This is far too short – cotton actually needs 180‑200 frost‑free days. Hence, option D is not a true geographical requirement. The other options are correct: • Temperature reaching 25°C or more in summer (cotton grows best at 20‑28°C). • Moderate to light rainfall (55‑100 cm per year). • Medium loam soil with good drainage (well‑drained loamy or black soil). Answer: Option D. © examsnet.com"
CDS-2019-II-GK-065,2019,GK,General Knowledge,General Knowledge,General Knowledge | UPSC CDS | Prelims,easy,Which one of the following statements regarding temperate coniferous forest biome is not correct?,They are characterized by very little undergrowth.,They have a growing period of 50 to 100 days in a year,There is low variation in annual temperature.,There is high range in spatial distribution of annual precipitation,C,"Solution: Concept: Temperate coniferous forests have mild temperatures with low annual variation, sparse undergrowth, and a long growing season (far longer than 50–100 days). Explanation: Option A is correct: the dense canopy and acidic needle litter limit undergrowth. Option B is incorrect: the growing period in temperate coniferous forests is typically 150–300 days, not 50–100 days (which is characteristic of boreal forests). Option C is correct: due to oceanic influence, annual temperature variation is low. Option D is correct: precipitation shows a high spatial range, from about 300 mm to 900 mm or more. Answer: B © examsnet.com"
CDS-2019-II-GK-066,2019,GK,General Knowledge,General Knowledge,General Knowledge | UPSC CDS | Prelims,hard,Match List I with List II and select the correct answer using the code given below the lists: List – I (Peak) List II (Name of Hill) A. Anaimudi 1. Nilgiri B. Doddabetta 2. Satpura C. Dhupgarh 3. Aravali D. Guru Shikhar 4. Annamalai,"A - 3, B - 2, C - 1, D - 4","A - 3, B - 1, C - 2, D - 4","A - 4, B - 1, C - 2, D - 3","A - 4, B - 2, C - 1, D - 3",C,"Solution: Concept: Each peak listed is the highest point within a specific hill range of India. Explanation: A . A. A . Anaimudi is the highest peak of the Annamalai Hills. So A A A matches with 4 4 4 (Annamalai). B . B. B . Doddabetta is the highest peak of the Nilgiri Hills. So B B B matches with 1 1 1 (Nilgiri). C . C. C . Dhupgarh is the highest peak of the Satpura Range. So C C C matches with 2 2 2 (Satpura). D . D. D . Guru Shikhar is the highest peak of the Aravali Range. So D D D matches with 3 3 3 (Aravali). Thus the correct pair is A-4, B-1, C-2, D-3. Answer: Option C: A − 4 , B − 1 , C − 2 , D − 3 A - 4,\; B - 1,\; C - 2,\; D - 3 A − 4 , B − 1 , C − 2 , D − 3 . © examsnet.com"
CDS-2019-II-GK-067,2019,GK,Environment & Ecology,"Ecology, Biodiversity & Climate Change",Environment & Ecology | Biodiversity | Conservation | Climate Change,easy,Coral reefs are not found in which one of the following regions ?,Lakshadweep Islands,Gulf of Kachchh,Gulf of Mannar,Gulf of Cambay,D,"Solution: Concept: Coral reefs need warm, saline water with temperatures around 2 5 ∘ C 25^\circ\text{C} 2 5 ∘ C , so they are absent in regions where these conditions are not met. Explanation: Coral reefs thrive in shallow, clear, warm, and saline ocean waters. In India, coral reefs are found in the Lakshadweep Islands, the Gulf of Kachchh (Gulf of Kutch), and the Gulf of Mannar. The Gulf of Cambay (also called the Gulf of Khambhat) does not support coral growth because its water conditions—such as high turbidity and lower salinity—are unsuitable. Other major coral-rich areas in India include the Andaman and Nicobar Islands and the Malvan Marine Sanctuary in Maharashtra. Thus, among the given options, only the Gulf of Cambay lacks coral reefs. Answer: The correct option is D. Gulf of Cambay. © examsnet.com"
CDS-2019-II-GK-068,2019,GK,General Knowledge,General Knowledge,General Knowledge | UPSC CDS | Prelims,easy,In which one of the following States is jute not significantly cultivated?,Assam,West Bengal,Odisha,Andhra Pradesh,D,"Solution: Concept: Jute cultivation requires specific climatic and soil conditions found primarily in the eastern and northeastern states of India. Explanation: Jute grows best in well-drained fertile soils of floodplains that are renewed annually. It needs high temperature (around 2 5 ∘ 25^\circ 2 5 ∘ C to 3 5 ∘ 35^\circ 3 5 ∘ C) and high humidity during the growing season. The major jute-producing states in India are West Bengal, Assam, Odisha, Bihar, and Meghalaya. Among the given options, Assam, West Bengal, and Odisha are significant jute-growing regions. Andhra Pradesh, though it has some cultivation, is not a major jute-producing state because its climate and soil are less suitable for jute. Thus, jute is not significantly cultivated in Andhra Pradesh. Answer: Andhra Pradesh © examsnet.com"
CDS-2019-II-GK-069,2019,GK,Ancient History,Ancient Indian History,Ancient History | Indian History | Archaeological Sources,hard,"Consider the following statements: 1. According to Mahavamsa Ashoka turned to the Buddha's dhamma when his nephew Nigrodha preached the doctrine to him 2. Divyavadana ascribes Ashoka being drawn to the Buddha's teaching to the influence of Samudra, a merchant-turned monk. 3. Dipavamsa speaks of Samudra, the 12-year-old son of a merchant, as the key figure in Ashoka's coming under the influence of the Buddhist dhamma. Which of the statements given above is/are correct?",1 only,2 only,1 and 2,1 and 3,C,"Solution: Concept: Different Buddhist texts give varying accounts of what led Ashoka to embrace the Dhamma. Explanation: The Mahavamsa and Dipavamsa both state that Ashoka turned to the Dhamma after his nephew Nigrodha preached to him. Thus, statement 1 is correct. Statement 3 is incorrect because the Dipavamsa mentions Nigrodha, not Samudra. The Divyavadana says Ashoka was influenced by Samudra, a merchant-turned monk. Hence, statement 2 is correct. The Ashokavadana later combines both traditions, but that does not change the specific text references. Answer: Statements 1 and 2 are correct. (Option C) © examsnet.com"
CDS-2019-II-GK-070,2019,GK,General Knowledge,General Knowledge,General Knowledge | UPSC CDS | Prelims,easy,Name the site that gives us valuable information about India's maritime links on the Coromandel coast.,Bharukachchha,Karur,Arikamedu,Anuradhapura,C,"Solution: Concept: Arikamedu is a major archaeological site on the Coromandel coast that provides direct evidence of India’s ancient maritime trade. Explanation: Excavations at Arikamedu (in modern Puducherry) have uncovered Roman pottery, glassware, and Indo-Pacific beads. These finds confirm active trade links between India and the Roman Empire during the early centuries CE. The site’s location on the Coromandel coast made it a key port for this maritime commerce. Answer: C. Arikamedu © examsnet.com"
CDS-2019-II-GK-071,2019,GK,Geography,Physical and Indian Geography,Geography | Physical Geography | Indian Geography | Geomorphology,easy,Where are the largest quantity of cichlids found in India?,Backwaters of Kerala,Sunderbans,Narmada,Godavari,A,"Solution: Concept: Cichlids are freshwater fish belonging to the family Cichlidae, and in India their largest population is found in the backwaters of Kerala. Explanation: Cichlids are a diverse group of fish native to Africa, South America, and parts of Asia. Their presence in India is due to the historical geological connection between India and East Africa. The backwaters of Kerala consist of a network of canals, lakes, and lagoons along the Arabian Sea coast. This brackish water environment provides ideal conditions for cichlid species, especially the popular pearl spot (Karimeen). Hence, the largest quantity of cichlids in India is found in the Backwaters of Kerala, not in the Sunderbans, Narmada, or Godavari. Answer: Backwaters of Kerala © examsnet.com"
CDS-2019-II-GK-072,2019,GK,General Knowledge,General Knowledge,General Knowledge | UPSC CDS | Prelims,easy,"Which Greek philosopher coined the term ""Geography"" in the 3 r d 3^{rd} 3 r d century B.C.E.?",Euclid,Plato,Eratosthenes,Clio,C,"Solution: Concept: Eratosthenes, a Greek scholar, was the first to use the term ""Geography"" in the 3rd century B.C.E. Explanation: The word ""Geography"" comes from Greek ""Geo"" (Earth) and ""graphy"" (description). Eratosthenes is known as the ""Father of Geography"". He measured the Earth's circumference and the distance to the Sun. He also introduced the concept of a leap day and calculated the tilt of Earth's axis. The other options are incorrect: Euclid is famous for Euclidean geometry. Plato is known for his Theory of Forms. Clio is the Muse of History, not a philosopher. Only Eratosthenes both coined the term and made foundational geographic advances. Answer: C. Eratosthenes © examsnet.com"
CDS-2019-II-GK-073,2019,GK,Medieval History,Medieval Indian History,Medieval History | Delhi Sultanate | Mughal Empire | Administration,easy,"Who is the author of the 1 6 th 16^{\text{th}} 1 6 th century Sanskrit text, the Vraja Bhakti Vilasa which focuses on the Braj region in North India?",Todar Mal,Narayana Bhatta,Chaitanya,Rupa Goswami,B,"Solution: Concept: The 1 6 th 16^{\text{th}} 1 6 th century Sanskrit text Vraja Bhakti Vilasa is a devotional work centered on the Braj region. Explanation: The author of Vraja Bhakti Vilasa is Narayana Bhatta. He was a disciple of Shri Krishna Dasa Brahmachari. Narayana Bhatta was deeply attached to the Braj region ( Vraja Bhumi ). He wandered through the forests, discovered many neglected deities, and revived their worship. To clarify the other options: Todar Mal was the finance minister of Emperor Akbar. Chaitanya Prabhu was a 1 6 th 16^{\text{th}} 1 6 th century philosopher who propounded Achintya Bheda Abheda . Rupa Goswami was a prominent philosopher of the Gaudiya Vaishnava tradition. None of these three wrote the Vraja Bhakti Vilasa . Answer: B. Narayana Bhatta © examsnet.com"
CDS-2019-II-GK-074,2019,GK,General Knowledge,General Knowledge,General Knowledge | UPSC CDS | Prelims,easy,Bose-Einstein Condensate is ________.,Solid state of matter,fifth state of matter,plasma,state of condensed matter,B,"Solution: Concept: Bose-Einstein Condensate (BEC) is a distinct phase of matter that appears at ultra-low temperatures, and it is widely recognized as the fifth state of matter. Explanation: The traditional states of matter are solid, liquid, gas, and plasma. Bose-Einstein Condensate is considered the fifth state because it exhibits entirely different physical properties. It is formed when a dilute gas of bosons is cooled to temperatures extremely close to absolute zero ( 0 K 0\ \text{K} 0 K or − 273.15 ∘ C -273.15\ ^\circ\text{C} − 273.15 ∘ C ). At such low temperatures, the thermal de Broglie wavelength becomes comparable to the interparticle distance. A large fraction of the bosons then collapses into the lowest quantum state (the ground state). All the atoms in the condensate behave as a single, coherent quantum entity — like a ""super-atom."" This leads to macroscopic quantum phenomena, such as superfluidity and interference patterns. Plasma is a separate state where electrons are stripped from atoms, but BEC is not plasma. Thus, BEC is neither a solid nor a condensed solid; it is a unique, quantum-mechanical state of matter. Answer: Bose-Einstein Condensate is the fifth state of matter . © examsnet.com"
CDS-2019-II-GK-075,2019,GK,Geography,Physical and Indian Geography,Geography | Physical Geography | Indian Geography | Geomorphology,easy,The rate of evaporation of liquid does not depend upon,temperature,its surface area exposed to the atmosphere,its mass,humidity,C,"Solution: Concept: Evaporation rate depends on factors that affect how easily molecules escape from the liquid surface. It does not depend on the total mass of the liquid. Explanation: Evaporation is a surface phenomenon. Molecules at the surface need enough energy to break free into the air. The rate of evaporation increases with higher temperature because molecules gain more energy. A larger surface area allows more molecules to escape at once, increasing the rate. High humidity means the air already contains many water vapor molecules, which slows evaporation. Wind removes vapor near the surface, making it easier for molecules to escape and thus speeds up evaporation. The mass of the liquid does not directly affect the evaporation rate. For a fixed surface area and environmental conditions, the rate (mass lost per unit time) stays the same regardless of total mass. Only time to completely evaporate changes with mass, not the rate itself. Answer: C. its mass © examsnet.com"
CDS-2019-II-GK-076,2019,GK,Polity,Indian Constitution & Governance,Polity | Constitution of India | Governance | Constitutional Bodies,easy,Rutherford's alpha particle scattering experiment on thin gold foil was responsible for the discovery of ________.,electron,proton,atomic nucleus,neutron,C,"Solution: Concept: Rutherford's alpha scattering experiment showed that atoms contain a small, dense, positively charged nucleus. Explanation: Rutherford directed a beam of alpha particles at a thin gold foil. Most alpha particles passed straight through without deflection. A few were deflected by large angles, and some even bounced back. This unexpected deflection indicated a tiny, massive, and positively charged core inside the atom. Rutherford called this core the atomic nucleus. The earlier plum pudding model, which described the atom as a uniform sphere of positive charge with embedded electrons, was disproved. Thus, the experiment led to the discovery of the atomic nucleus. Electrons were discovered earlier by J.J. Thomson (1897). Protons were discovered by Goldstein and later identified by Rutherford (1919). Neutrons were discovered by James Chadwick (1932). Answer: C. atomic nucleus © examsnet.com"
CDS-2019-II-GK-077,2019,GK,General Knowledge,General Knowledge,General Knowledge | UPSC CDS | Prelims,easy,Food chain is,relationship between autotrophic organisms,exchange of genetic material between two organisms,passage of food (and thus energy) from one organism to another,modern enterpreneur establishment providing food outlets,C,"Solution: Concept: A food chain describes the linear sequence of organisms where each organism eats the one below it, transferring energy through food. Explanation: The term “food chain” refers to the unidirectional flow of energy from producers (plants) to consumers and then to decomposers. Each step in this sequence is called a trophic level. Energy is lost at each level, so only about 10% passes to the next. Thus, the correct definition is the passage of food (and the energy it contains) from one organism to another. Answer: Option C: passage of food (and thus energy) from one organism to another. © examsnet.com"
CDS-2019-II-GK-078,2019,GK,Science & Tech,General Science & Emerging Technologies,Science & Tech | General Science | Applied Science | Physics | Chemistry | Biology,easy,Which one of the following is active transport?,It is the movement of a substance against a diffusion gradient with the use of energy from respiration.,It is the movement of a substance against a diffusion gradient without the use of energy.,It is the movement of a substance against a diffusion gradient with the use of energy from photosynthesis.,It is the movement of a substance along a diffusion gradient with the use of energy from respiration.,A,"Solution: Concept: Active transport is the movement of substances across a cell membrane against their concentration gradient, requiring cellular energy (ATP) usually derived from respiration. Explanation: In active transport, molecules move from a region of lower concentration to a region of higher concentration. This movement is against the diffusion gradient, so it is not spontaneous. Energy is needed to overcome the gradient; this energy comes from the breakdown of ATP during cellular respiration. Passive transport (like facilitated diffusion) moves substances along the gradient without energy. Photosynthesis provides energy in plants, but the universal immediate energy source for active transport is ATP from respiration. Thus, the correct description is: movement against the diffusion gradient using energy from respiration. Answer: Option A: It is the movement of a substance against a diffusion gradient with the use of energy from respiration. © examsnet.com"
CDS-2019-II-GK-079,2019,GK,Science & Tech,General Science & Emerging Technologies,Science & Tech | General Science | Applied Science | Physics | Chemistry | Biology,easy,Chlorophyll in photosynthetic prokaryotic bacteria is associated with ________.,plastids,membranous vesicles,nucleoids,chromosomes,B,"Solution: Concept: Photosynthetic prokaryotes lack chloroplasts and have chlorophyll attached to membranous vesicles formed from plasma membrane infoldings. Explanation: In eukaryotic plants, chlorophyll is located inside plastids called chloroplasts. Photosynthetic bacteria such as cyanobacteria are prokaryotes, so they lack membrane‑bound organelles like chloroplasts. These bacteria possess invaginations of the plasma membrane that create membranous vesicles (also known as thylakoids). Chlorophyll and other pigments are embedded in these membranous vesicles to perform photosynthesis. Therefore, chlorophyll in photosynthetic prokaryotic bacteria is associated with membranous vesicles. Answer: B. membranous vesicles © examsnet.com"
CDS-2019-II-GK-080,2019,GK,Science & Tech,General Science & Emerging Technologies,Science & Tech | General Science | Applied Science | Physics | Chemistry | Biology,easy,What do you mean by 'Demographic Dividend'?,A rise in the rate of economic growth due to a higher share of working age people in a population,A rise in the rate of literacy due to development of educational institutions in different parts of the country,A rise in the standard of living of the people due to the growth of alternative livelihood practices,A rise in the gross employment ratio of a country due to government policies,A,"Solution: Concept: The economic growth potential from a shift in age structure, when the working-age population (15-64) is larger than the non-working-age share. Explanation: Definition: The United Nations Population Fund (UNFPA) defines demographic dividend as the economic growth potential arising from changes in a population's age structure. It occurs when the proportion of working-age people (typically 15 to 64 years) exceeds the proportion of dependents (children 0-14 and elderly 65+). A larger workforce can boost productivity and savings, leading to faster economic growth. India has one of the youngest populations globally. By 2020, India's median age was only 28, compared to 37 in China and the USA, 45 in Western Europe, and 49 in Japan. According to the Economic Survey 2018-19, India's demographic dividend is expected to peak around 2041, when the working-age group (20-59 years) will reach 59% of the population. The broader 15-59 age group is projected to hit 65% in 2036. Answer: A rise in the rate of economic growth due to a higher share of working-age people in a population (Option A). © examsnet.com"
CDS-2019-II-GK-081,2019,GK,General Knowledge,General Knowledge,General Knowledge | UPSC CDS | Prelims,easy,Which one of the following organisms is responsible for sleeping sickness?,Leishmania,Trypanosoma,Ascaris,Helicobacter,B,"Solution: Concept: Sleeping sickness is caused by a protozoan parasite belonging to the genus T r y p a n o s o m a Trypanosoma T ry p an oso ma . Explanation: Sleeping sickness, also known as African trypanosomiasis, is caused by the flagellate protozoan T r y p a n o s o m a Trypanosoma T ry p an oso ma b r u c e i brucei b r u ce i . This disease is transmitted to humans through the bite of an infected tsetse fly (genus G l o s s i n a Glossina Gl oss ina ). The other given organisms cause different diseases: L e i s h m a n i a Leishmania L e i s hmania causes leishmaniasis, A s c a r i s Ascaris A sc a r i s is a parasitic roundworm that causes ascariasis, and H e l i c o b a c t e r Helicobacter He l i co ba c t er is a bacterium associated with stomach ulcers. Answer: B. Trypanosoma © examsnet.com"
CDS-2019-II-GK-082,2019,GK,General Knowledge,General Knowledge,General Knowledge | UPSC CDS | Prelims,easy,Which one of the following body parts/organs of the human body does not have smooth muscles?,Ureters,Iris of eye,Bronchi of lungs,Biceps,D,"Solution: Concept: Smooth muscles are involuntary, non-striated muscles found in the walls of hollow organs and some other structures like the iris, but not in skeletal muscles like the biceps. Explanation: Smooth muscles are present in the walls of hollow organs, including the ureters and the bronchi of the lungs. They are also found in the iris of the eye, where they control pupil size. In contrast, the biceps is a skeletal muscle with striations, composed of voluntary muscle fibers. Therefore, the biceps does not contain smooth muscles. Answer: Option D: Biceps © examsnet.com"
CDS-2019-II-GK-083,2019,GK,General Knowledge,General Knowledge,General Knowledge | UPSC CDS | Prelims,easy,What is Inter-cropping?,It is the time period between two cropping seasons.,It is growing of two or more crops in random mixture.,It is growing of two or more crops in definite row patterns.,It is growing of different crops on a piece of land in a pre-planned succession,C,"Solution: Concept: Inter-cropping is an agricultural practice where two or more crops are grown simultaneously on the same field in a definite row pattern. Explanation: In inter-cropping, rows of one crop alternate with rows of another crop in a planned arrangement. Example: soybean + maize, or finger millet (bajra) + cowpea (lobia). Crops are chosen so that their nutrient requirements differ. This ensures better use of soil nutrients and reduces the spread of pests and diseases. It differs from mixed cropping, where crops are sown randomly without a row pattern (e.g., wheat + gram). Mixed cropping is a risk management strategy, while inter-cropping follows a specific pattern for higher yield. Sequence cropping (or crop rotation) is growing different crops in succession on the same land. The recall period refers to the gap between two cropping seasons. Answer: Option C – It is growing of two or more crops in definite row patterns. © examsnet.com"
CDS-2019-II-GK-084,2019,GK,General Knowledge,General Knowledge,General Knowledge | UPSC CDS | Prelims,easy,Magnification is,actual size of specimen/observed size,observed size of specimen/actual size,actual size of specimen - observed size,actual size of specimen × observed size,B,"Solution: Concept: Magnification is the ratio of the image size (observed size) to the object size (actual size). Explanation: Magnification tells how many times larger or smaller the image appears compared to the object. It is defined as: m = Image size Object size = Observed size Actual size m = \frac{\text{Image size}}{\text{Object size}} = \frac{\text{Observed size}}{\text{Actual size}} m = Object size Image size ​ = Actual size Observed size ​ . In microscopy, the observed size is the size of the image seen through the lens. Therefore, magnification = Observed size Actual size = \frac{\text{Observed size}}{\text{Actual size}} = Actual size Observed size ​ . Option A is the reciprocal (actual/observed). Option C is subtraction, not ratio. Option D is product, not applicable. Answer: B. observed size of specimen/actual size © examsnet.com"
CDS-2019-II-GK-085,2019,GK,Science & Tech,General Science & Emerging Technologies,Science & Tech | General Science | Applied Science | Physics | Chemistry | Biology,easy,Which one of the following cell organelles is known as 'suicide bags' of a cell?,Lysosomes,Plastids,Endoplasmic reticulum,Mitochondria,A,"Solution: Concept: Lysosomes contain digestive enzymes that destroy the cell when it gets damaged, so they are called the 'suicide bags' of the cell. Explanation: Lysosomes are small, single-membrane sacs filled with strong hydrolytic enzymes. These enzymes break down foreign materials and worn-out cell parts. If a lysosome leaks or bursts, the enzymes digest the entire cell. This self-destruction process is known as autolysis. No other organelle listed performs this function. Plastids store pigments and food in plant cells. Endoplasmic reticulum helps in lipid and protein synthesis. Mitochondria produce energy and are called the powerhouse of the cell. Answer: Lysosomes (Option A). © examsnet.com"
CDS-2019-II-GK-086,2019,GK,General Knowledge,General Knowledge,General Knowledge | UPSC CDS | Prelims,easy,Which one of the following statements with regard to economic models is not correct?,They involve simplification of complex processes,They represent the whole or a part of a theory,They can be expressed only through equations,They help in gaining an insight into cause and effect,C,"Solution: Concept: Economic models are simplified representations used to study economic behaviour, but they are not limited to mathematical equations alone. Explanation: Economic models simplify complex real-world processes to make analysis easier. They can represent either the whole or a part of an economic theory. They help in understanding cause‑and‑effect relationships between variables. However, statement C is incorrect because economic models can be expressed in multiple forms: verbal descriptions, diagrams, graphs, or mathematical equations. They are not restricted to only equations. For example, supply‑and‑demand models are often shown with graphs, not just equations. Therefore, the claim “They can be expressed only through equations” is false. Answer: C. They can be expressed only through equations © examsnet.com"
CDS-2019-II-GK-087,2019,GK,General Knowledge,General Knowledge,General Knowledge | UPSC CDS | Prelims,easy,The value of the slope of a normal demand curve is ________.,positive,negative,zero,infinity,B,"Solution: Concept: The slope of a normal demand curve indicates the rate at which quantity demanded changes as price changes; it is always negative due to the law of demand. Explanation: A normal demand curve slopes downward from left to right. This shows an inverse relationship between price and quantity demanded. As price increases, quantity demanded decreases, so the slope is negative. Mathematically, slope is Δ P Δ Q \frac{\Delta P}{\Delta Q} Δ Q Δ P ​ (rise over run). Since P P P and Q Q Q move in opposite directions, the numerator and denominator have opposite signs, giving a negative value. Options like positive, zero, or infinity apply only to special cases (e.g., Giffen goods, perfectly elastic demand, or perfectly inelastic demand), not to a normal demand curve. Thus, the correct answer is negative. Answer: Negative © examsnet.com"
CDS-2019-II-GK-088,2019,GK,Quantitative Aptitude,Basic Numeracy & Quantitative Aptitude,Aptitude | Mathematics | Quantitative Reasoning | Problem Solving,easy,Which one of the following is an example of a price floor?,Minimum Support Price (MSP) for Jowar in India,Subsidy given to farmers to buy fertilizers,Price paid by people to buy goods from ration shops,Maximum Retail Price (MRP) printed on the covers/packets of goods sold in India,A,"Solution: Concept: A price floor is the minimum legal price set by the government to prevent a commodity from being sold too cheaply. Explanation: Price floors are often applied in agriculture to ensure farmers receive a stable income. The Minimum Support Price (MSP) is a classic example of a price floor. Under MSP, the government guarantees a minimum price for crops like jowar, even if market prices fall below that level. This protects farmers from price crashes. The other options are not price floors: subsidy reduces cost for farmers; ration shop prices are subsidized; MRP is a maximum price, not a minimum. Answer: Option A: Minimum Support Price (MSP) for Jowar in India. © examsnet.com"
CDS-2019-II-GK-089,2019,GK,Science & Tech,General Science & Emerging Technologies,Science & Tech | General Science | Applied Science | Physics | Chemistry | Biology,easy,Which one of the following factors is not considered in determining the Minimum Support Price (MSP) in India?,Cost of production,Price trends in international and domestic markets,Cost of living index,Inter-crop price parity,C,"Solution: Concept: The Minimum Support Price (MSP) is a guaranteed price announced by the Government of India to protect farmers from sharp price falls. Explanation: The factors considered for determining MSP include: • Cost of production • Price trends in domestic and international markets • Inter-crop price parity • Demand and supply conditions • Terms of trade between agriculture and non‑agriculture • A minimum margin of 50% over cost of production The Cost of Living Index is not among these factors. It measures the change in the cost of essential goods for consumers, not the price guarantee for farmers. Answer: Option C (Cost of living index) is the factor not considered in determining MSP. © examsnet.com"
CDS-2019-II-GK-090,2019,GK,Modern History,Indian National Movement,Modern History | Freedom Struggle | British Colonial Rule,easy,Which one of the following is not a dimension of the Human Development Index?,A long and healthy life,Knowledge,Access to banking and other financial,A decent standard of living,C,"Solution: Concept: The Human Development Index (HDI) measures key dimensions of human development based on health, education, and living standards. Explanation: The HDI includes three dimensions: • A long and healthy life – measured by life expectancy at birth. • Knowledge – measured by expected years of schooling and mean years of schooling. • A decent standard of living – measured by Gross National Income per capita (adjusted for purchasing power). The option Access to banking and other financial is not a component of the HDI. Hence, it is the dimension that does not belong to the HDI. Answer: C. Access to banking and other financial © examsnet.com"
CDS-2019-II-GK-091,2019,GK,Modern History,Indian National Movement,Modern History | Freedom Struggle | British Colonial Rule,easy,Gini Coefficient or Gini Ratio can be associated with which one of the following measurements in an economy?,Rate of inflation,Poverty index,Income inequality,Personal income,C,"Solution: Concept: The Gini coefficient is a statistical measure of income or wealth distribution within a population. Explanation: The Gini coefficient ranges from 0 0 0 (perfect equality, everyone has the same income) to 1 1 1 (perfect inequality, one person has all income). It directly quantifies income inequality among residents of a nation. Other options are incorrect: • Rate of inflation is measured by the Consumer Price Index (CPI). • Poverty index uses parameters like the Global Multidimensional Poverty Index. • Personal income includes wages, salaries, and transfer payments, not inequality. Thus, the Gini coefficient is specifically associated with measuring income inequality. Answer: Income inequality (Option C). © examsnet.com"
CDS-2019-II-GK-092,2019,GK,Polity,Indian Constitution & Governance,Polity | Constitution of India | Governance | Constitutional Bodies,medium,Consider the following statements: 1. Particles of matter intermix on their own. 2. Particles of matter have force acting between them. Which of the statements given above is/are correct?,1 only,2 only,Both 1 and 2,Neither 1 nor 2,C,"Solution: Concept: Particles of matter have the natural ability to intermix and also interact through forces. Explanation: Statement 1 is true because particles of matter intermix on their own through a process called diffusion. This occurs without any external help as particles move randomly and fill spaces between them. Statement 2 is also true — particles of matter experience forces of attraction or repulsion between them. These intermolecular forces keep the particles together and vary in strength depending on the substance. For example, solids have strong forces, while gases have weak forces, but forces exist in all states of matter. Therefore, both statements are accurate descriptions of the nature of matter. Answer: C. Both 1 and 2 © examsnet.com"
CDS-2019-II-GK-093,2019,GK,Modern History,Indian National Movement,Modern History | Freedom Struggle | British Colonial Rule,easy,Rate of evaporation increases with,an increase of surface area,an increase in humidity,a decrease in wind speed,a decrease of temperature,A,"Solution: Concept: Evaporation is the process of a liquid changing into vapour from its surface. Its rate depends on factors that affect surface molecule escape. Explanation: Evaporation occurs only at the liquid’s exposed surface. Increasing the surface area exposes more molecules to escape, so the rate rises. Hence option A is correct. An increase in humidity reduces the concentration gradient, slowing evaporation. A decrease in wind speed reduces removal of vapour above the surface, slowing evaporation. A decrease in temperature lowers molecular kinetic energy, slowing evaporation. Answer: A. an increase of surface area © examsnet.com"
CDS-2019-II-GK-094,2019,GK,General Knowledge,General Knowledge,General Knowledge | UPSC CDS | Prelims,easy,"If an object is at rest, then the time (X-axis) versus distance (Y-axis) graph",is vertical,is horizontal,has 45° positive slope,has 45° negative slope,B,"Solution: Concept: An object at rest has constant distance over time. Explanation: A distance–time graph shows how distance changes with time. If an object is at rest, its distance from a reference point does not change. Therefore, as time increases (X‑axis), distance (Y‑axis) remains the same. This produces a straight line parallel to the time axis, i.e. a horizontal line. A horizontal line means zero slope, not vertical or at 4 5 ∘ 45^\circ 4 5 ∘ . Thus the graph is horizontal. Answer: The graph is horizontal (Option B). © examsnet.com"
CDS-2019-II-GK-095,2019,GK,Quantitative Aptitude,Basic Numeracy & Quantitative Aptitude,Aptitude | Mathematics | Quantitative Reasoning | Problem Solving,medium,Consider the following statements about mixture: 1. A substance can be separated into other kinds of matter by any physical process. 2. Dissolved sodium chloride can be separated from water by the physical process of evaporation. Which of these statements given above is/are correct?,1 only,2 only,Both 1 and 2,Neither 1 nor 2,B,"Solution: Concept: Pure substances cannot be broken into simpler substances by physical means; mixtures can be separated by physical processes, but their components remain as substances. Explanation: Statement 1 is incorrect because a pure substance, like N a C l \mathrm{NaCl} NaCl , cannot be separated into its elements ( N a \mathrm{Na} Na and C l \mathrm{Cl} Cl ) by any physical process. Only mixtures can be separated into their components by physical methods such as filtration, evaporation, or distillation. Statement 2 is correct because dissolved N a C l \mathrm{NaCl} NaCl in water forms a homogeneous mixture. Evaporation is a physical process that removes water, leaving behind solid N a C l \mathrm{NaCl} NaCl . Thus, only statement 2 is correct. Answer: Option B: 2 only © examsnet.com"
CDS-2019-II-GK-096,2019,GK,General Knowledge,General Knowledge,General Knowledge | UPSC CDS | Prelims,easy,Which one of the following statements is not correct?,Elements are defined by the number of protons they possess.,Isobars are atoms having the same atomic number but different mass number,The mass number of an atom is equal to the number of nucleons in its nucleus.,Valency is the combining capacity of an atom,B,"Solution: Concept: Isobars are atoms with the same mass number but different atomic numbers. Explanation: First, identify each statement's correctness. • Statement A: Correct. The atomic number (number of protons) defines an element. • Statement B: Incorrect. Isobars have the same mass number (total nucleons) but different atomic numbers; they do not have the same atomic number. • Statement C: Correct. The mass number equals the number of nucleons (protons + neutrons). • Statement D: Correct. Valency is the combining capacity of an atom, often measured by the number of hydrogen atoms it can combine with or displace. Thus, the incorrect statement is option B. Answer: Option B © examsnet.com"
CDS-2019-II-GK-097,2019,GK,Modern History,Indian National Movement,Modern History | Freedom Struggle | British Colonial Rule,easy,"If the speed of a moving magnet inside a coil increases, the electric current in the coil",increases,decreases,reverses,remains the same,A,"Solution: Concept: Electromagnetic induction states that the induced voltage (emf) depends on the rate of change of magnetic flux through the coil. Explanation: When a magnet moves into a coil, it changes the magnetic flux linking the coil. A faster movement increases the rate of change of flux. According to Faraday’s law, a higher rate of change induces a larger emf. If the coil forms a closed circuit, the induced current is I = induced emf R I = \frac{\text{induced emf}}{R} I = R induced emf ​ , where R R R is the coil resistance. A larger emf produces a larger current, provided the resistance remains constant. Thus, increasing the magnet’s speed directly increases the induced current. Answer: Increases © examsnet.com"
CDS-2019-II-GK-098,2019,GK,Science & Tech,General Science & Emerging Technologies,Science & Tech | General Science | Applied Science | Physics | Chemistry | Biology,easy,The frequency (in Hz) of a note that is one octave higher than 500 Hz is,375,750,1000,2000,C,"Solution: Concept: An octave higher means the frequency is doubled. Explanation: The term ""one octave higher"" implies the frequency is multiplied by 2 2 2 . Starting frequency is 500 Hz 500\ \text{Hz} 500 Hz . Multiply by 2 2 2 : 500 × 2 = 1000 Hz 500 \times 2 = 1000\ \text{Hz} 500 × 2 = 1000 Hz . No complex logarithm is needed; it is a simple doubling. Answer: 1000 Hz 1000\ \text{Hz} 1000 Hz (Option C). © examsnet.com"
CDS-2019-II-GK-099,2019,GK,Polity,Indian Constitution & Governance,Polity | Constitution of India | Governance | Constitutional Bodies,hard,Which of the following statements as per the Constitution of India are not correct? 1. The President tenders his resignation to the Chief Justice of India. 2. The Vice-President tenders his resignation to the President of India. 3. The Comptroller and Auditor General of India is removed from his office in the like manner as the President of India. 4. A judge of the Supreme Court can resign his office by writing under his hand address to the Chief Justice of India. Select the correct answer using the code given below:,1 and 2 only,3 and 4 only,"1, 2 and 3","1, 3 and 4",D,"Solution: Concept: The question tests the knowledge of constitutional provisions regarding resignation and removal of key officials in India. Explanation: Statement 1: The President tenders his resignation to the Vice-President (Article 56), not the Chief Justice of India. Hence, statement 1 is not correct. Statement 2: The Vice-President tenders his resignation to the President of India (Article 63). This statement is correct. Statement 3: The Comptroller and Auditor General of India is removed in the same manner and on the same grounds as a Judge of the Supreme Court (Article 148), not like the President. Hence, statement 3 is not correct. Statement 4: A judge of the Supreme Court resigns by writing under his hand addressed to the President (Article 124), not to the Chief Justice of India. Hence, statement 4 is not correct. Therefore, statements 1, 3, and 4 are incorrect. Answer: D. 1, 3 and 4 © examsnet.com"
CDS-2019-II-GK-100,2019,GK,Polity,Indian Constitution & Governance,Polity | Constitution of India | Governance | Constitutional Bodies,easy,Rajya Sabha has exclusive jurisdiction in,Creation of new States,Declaring a war,Financial emergency,Authorizing Parliament to legislate on a subject in the State List,D,"Solution: Concept: Rajya Sabha has special powers under Article 249 to enable Parliament to make laws on State List subjects. Explanation: Rajya Sabha, being the Council of States, represents state interests. The Constitution grants it exclusive power to pass a resolution by a two-thirds majority of members present and voting. This resolution declares that it is necessary in the national interest for Parliament to legislate on a matter in the State List. Once such a resolution is passed, Parliament can make a law on that subject for the whole or any part of India. The resolution remains valid for up to one year, renewable by another similar resolution. Other options: creation of new States (requires Parliament bill, not exclusive to Rajya Sabha), declaring war (executive power), financial emergency (President’s discretion). Answer: D. Authorizing Parliament to legislate on a subject in the State List © examsnet.com"
CDS-2019-II-GK-101,2019,GK,Geography,Physical and Indian Geography,Geography | Physical Geography | Indian Geography | Geomorphology,easy,The term soil impoverishment relates to which one of the following?,Soil erosion,Soil deposition,Soil getting very deficient in plant nutrients,Soil getting enriched with plant nutrients,C,"Solution: Concept: Soil impoverishment refers to the condition where soil becomes severely lacking in essential plant nutrients. Explanation: The term ""soil impoverishment"" describes a decline in soil fertility. It occurs when nutrients vital for plant growth are removed or depleted. This can happen due to continuous cropping, leaching, or microbial competition. For example, excessive addition of certain nutrients can cause microbes to monopolize nitrogen, leaving less for plants. This contrasts with soil erosion, which is the physical removal of topsoil by wind or water. Soil deposition is the addition of sediment to a landmass, not nutrient loss. Soil enrichment is the opposite process, where nutrients are added. Thus, impoverishment specifically means the soil becomes very deficient in plant nutrients. Answer: C. Soil getting very deficient in plant nutrients © examsnet.com"
CDS-2019-II-GK-102,2019,GK,Quantitative Aptitude,Basic Numeracy & Quantitative Aptitude,Aptitude | Mathematics | Quantitative Reasoning | Problem Solving,easy,Which one of the following is the correct sequential phase in the successional development of vegetation community in a habitat?,"Migration, Reaction, Stabilization and Nudation","Migration, Stabilization, Reaction and Nudation","Nudation, Migration, Reaction and Stabilization","Reaction, Migration, Stabilization and Nudation",C,"Solution: Concept: The succession of a vegetation community follows a fixed sequence of stages: Nudation, Migration, Reaction, and Stabilization. Explanation: Succession begins with Nudation , where a bare area is created by disturbances like glacial recession, erosion, or climatic changes. Next is Migration , where seeds, spores, or other propagules reach the bare area through wind, water, or animals. Then comes Reaction , where the growing vegetation modifies the habitat (e.g., soil, light, moisture) through its own activities. Finally, Stabilization occurs when certain species become well-adapted and persist, leading to a relatively stable community (climax). Thus, the correct order is Nudation → Migration → Reaction → Stabilization. Answer: Option C: Nudation, Migration, Reaction and Stabilization. © examsnet.com"
CDS-2019-II-GK-103,2019,GK,Geography,Physical and Indian Geography,Geography | Physical Geography | Indian Geography | Geomorphology,hard,Match List I with List II and select the correct answer using the code given below the lists: List – I (Soil type) List II (Major characteristic) A. Oxisols 1. Very rich in organic matter B. Vertisols 2. Soil lacking horizons C. Histosols 3. Very old and highly weathered D. Entisols 4. Rich in clay content and highly basic,"A - 3, B - 1, C - 4, D - 2","A - 3, B - 4, C - 1, D - 2","A - 2, B - 1, C - 4, D - 3","A - 2, B - 4, C - 1, D - 3",B,"Solution: Concept: Soil taxonomy groups soils by unique characteristics formed under specific climates and parent materials. Explanation: Step 1: Oxisols are ancient, deeply weathered soils found in humid tropical regions. Step 2: They have a highly oxidized subsurface horizon with extensive leaching. Step 3: Therefore, Oxisols match with characteristic 3: “Very old and highly weathered.” Step 4: Vertisols are clay-rich soils that shrink and swell, forming deep cracks. Step 5: They are highly basic in nature, ideal for crops like cotton. Step 6: Thus, Vertisols match with characteristic 4: “Rich in clay content and highly basic.” Step 7: Histosols contain a very high organic matter content (20%–30%) and are at least 40 cm thick. Step 8: Hence, Histosols match with characteristic 1: “Very rich in organic matter.” Step 9: Entisols are young soils with no distinct horizon development beyond a thin A horizon. Step 10: They remain unaltered from their parent rock. Step 11: So, Entisols match with characteristic 2: “Soil lacking horizons.” Answer: Option B: A - 3, B - 4, C - 1, D - 2 © examsnet.com"
CDS-2019-II-GK-104,2019,GK,Defence & Security,"Defence, Military & Internal Security",Defence | Military Exercises | Armed Forces | Security Architecture,easy,Which one of the following mountains separates Black Sea and Caspian Sea?,Urals,Caucasus,Carpathians,Balkan mountains,B,"Solution: Concept: The Caucasus mountain range forms the natural geographic barrier between the Black Sea and the Caspian Sea. Explanation: The Caucasus Mountains stretch from the Black Sea in the west to the Caspian Sea in the east. They act as a dividing line between Europe and Asia. Mount Elbrus, the highest peak in Europe, is located here. The other options are incorrect because: • The Urals separate European Russia from Siberia, not the Black and Caspian Seas. • The Carpathians are located in Central and Eastern Europe, far from the Caspian Sea. • The Balkan mountains run through Bulgaria and do not reach the Caspian Sea. Answer: B. Caucasus © examsnet.com"
CDS-2019-II-GK-105,2019,GK,Science & Tech,General Science & Emerging Technologies,Science & Tech | General Science | Applied Science | Physics | Chemistry | Biology,easy,Rains caused by thunderstorms during the hot weather season (mid-March to mid-June) in Karnataka are called,Kalbaisakhi,Mango showers,Loo,Cherry blossoms,D,"Solution: Concept: Pre-monsoon showers in Karnataka are known as Cherry blossoms, also called coffee showers. Explanation: These rains occur from mid-March to mid-June during the hot weather season. They are caused by thunderstorms and are local to Karnataka. The name “Cherry blossoms” comes from the flowering of cherry trees during this period. These showers are beneficial for coffee plantations, hence also called coffee showers. Other similar local winds: Mango showers in Kerala, Kalbaisakhi in West Bengal, and Loo in the Indo-Gangetic plains. Answer: Cherry blossoms © examsnet.com"
CDS-2019-II-GK-106,2019,GK,General Knowledge,General Knowledge,General Knowledge | UPSC CDS | Prelims,easy,Which one of the following is the largest fresh water lake in India?,Chilika,Loktak,Dal,Wular,D,"Solution: Concept: The largest freshwater lake in India is Wular Lake, located in the Union Territory of Jammu and Kashmir. Explanation: Wular Lake is the largest freshwater lake in India. It is situated in the Bandipora district of Jammu and Kashmir. Its maximum length is 16.6 km 16.6\ \text{km} 16.6 km and area is 259 km 2 259\ \text{km}^2 259 km 2 . Chilika Lake (Odisha) is a brackish water lagoon, not a freshwater lake. It is the largest brackish water lagoon in India and second-largest in the world. Loktak Lake (Manipur) is the largest freshwater lake in North‑Eastern India, but not overall. Dal Lake (Srinagar) is an urban freshwater lake, but smaller than Wular. Other notable lakes (for reference): Highest lake in India is Chomalu Lake (Sikkim). Longest lake is Vembanad Lake (Kerala). Largest artificial lake is Govind Vallabh Pant Sagar (Uttar Pradesh, formed by Rihand Dam). Thus, among the given options, only Wular Lake is the largest freshwater lake in India. Answer: D. Wular © examsnet.com"
CDS-2019-II-GK-107,2019,GK,Geography,Physical and Indian Geography,Geography | Physical Geography | Indian Geography | Geomorphology,medium,Statement I: The Greek travellers were most impressed by the fertility of India's soil and the energy and ability of her cultivations. Statement II: Ancient India knew the use of manure.,Both the statements are individually true and Statement II is the correct explanation of Statement I.,Both statements are individually true but Statement II is not the correct explanation of Statement I.,Statement I is true but Statement II is false,Statement I is false but Statement II is true.,B,"Solution: Concept: Both statements are historically accurate, but the link between them is not direct enough to treat Statement II as the sole reason for Statement I. Explanation: Greek travellers observed that Indian farmers could grow two crops a year. This fertility impressed them, along with the skill of the cultivators. Ancient Indians did know and use manure to improve soil productivity. However, the fertility of Indian soil was due to many factors—climate, river systems, and irrigation—not just manure. Therefore, while both statements individually true, Statement II is not the specific or sufficient explanation for Statement I. Answer: Option B: Both statements are individually true but Statement II is not the correct explanation of Statement I. © examsnet.com"
CDS-2019-II-GK-108,2019,GK,Modern History,Indian National Movement,Modern History | Freedom Struggle | British Colonial Rule,medium,Statement I: Non-cooperation began in Punjab with the student movement inspired by Lala Lajpat Rai in January 1921. Statement II: The Sikh dominated central Punjab countryside was stirred by the powerful Akali upsurge.,Both the statements are individually true and Statement II is the correct explanation of Statement I.,Both statements are individually true but Statement II is not the correct explanation of Statement I,Statement I is true but Statement II is false,Statement I is false but Statement II is true.,B,"Solution: Concept: Both statements are factually correct, but the second does not explain the first because the Akali upsurge was a separate religious reform movement, not the cause of the student-led non‑cooperation in Punjab. Explanation: The Non‑cooperation Movement began in Punjab with a student walk‑out in Lahore in January 1921, inspired by Lala Lajpat Rai. Hence Statement I is true. The Sikh‑dominated central Punjab countryside was indeed stirred by the powerful Akali upsurge (a movement for control of gurdwaras). Hence Statement II is also true. However, the student movement was part of the national non‑cooperation campaign, while the Akali movement was a local religious reform struggle. Statement II does not provide the reason why the student movement started; the two events occurred around the same time but were not causally linked. Therefore, both statements are individually true, but Statement II is not the correct explanation of Statement I. Answer: Option B: Both statements are individually true but Statement II is not the correct explanation of Statement I. © examsnet.com"
CDS-2019-II-GK-109,2019,GK,General Knowledge,General Knowledge,General Knowledge | UPSC CDS | Prelims,medium,"Statement I: The Oudh Kisan Sabha established in 1920 failed to bring under its wing any Kisan Sabhas. Statement II: The Oudh Kisan Sabha asked the Kisans to refuse to till bedakhli land, not to offer hari and begar.",Both the statements are individually true and Statement II is the correct explanation of Statement I.,Both statements are individually true but Statement II is not the correct explanation of Statement I.,Statement I is true but Statement II is false,Statement I is false but Statement II is true.,D,"Solution: Concept: The Oudh Kisan Sabha (1920) successfully united many local Kisan Sabhas, but Statement II correctly describes its demands. Explanation: Statement I claims the Oudh Kisan Sabha failed to bring any Kisan Sabhas under its wing. This is false because, in October 1920, the Sabha was set up at Pratapgarh and it united all 330 grassroots Kisan Sabhas of Awadh under its leadership. Statement II states that the Oudh Kisan Sabha asked Kisans to refuse to till land called bedakhli (land from which a tenant could be evicted) and not to offer unpaid labour (hari and begar). This is correct; the Sabha also directed Kisans to boycott landlords who did not accept these conditions and to settle disputes through Panchayats. Thus, Statement I is false and Statement II is true. Answer: Option D: Statement I is false but Statement II is true. © examsnet.com"
CDS-2019-II-GK-110,2019,GK,Modern History,Indian National Movement,Modern History | Freedom Struggle | British Colonial Rule,medium,Statement I: The United Provinces during Non-Cooperation became one of the strongest bases of Congress. Statement II: The literary outcrop of Non-Cooperation in Bengal was quite meager compared to the days of the Swadeshi agitation.,Both the statements are individually true and Statement II is the correct explanation of Statement I.,Both statements are individually true but Statement II is not the correct explanation of Statement I.,Statement I is true but Statement II is false,Statement I is false but Statement II is true.,B,"Solution: Concept: Both statements about the Non-Cooperation Movement are historically correct, but the literary situation in Bengal does not account for why the United Provinces became a strong Congress base. Explanation: The Non-Cooperation Movement (1920–22) spread across India after the Nagpur Congress session. The United Provinces (now Uttar Pradesh) became a major centre of mass participation due to strong peasant involvement and Khilafat support. Hence, Statement I is historically true: the region indeed emerged as one of the strongest bases of Congress. According to historian Sumit Sarkar, the literary output in Bengal during Non-Cooperation was meager compared to the rich literary creativity seen during the Swadeshi movement (1905–11). This makes Statement II also correct. However, Statement II describes a cultural aspect specific to Bengal, while Statement I refers to a political-organisational strength in the United Provinces. These two facts are independent; Bengal’s literary silence does not explain why UP became a stronghold. Therefore, Statement II is not the correct explanation of Statement I. Answer: Option B: Both statements are individually true but Statement II is not the correct explanation of Statement I. © examsnet.com"
CDS-2019-II-GK-111,2019,GK,General Knowledge,General Knowledge,General Knowledge | UPSC CDS | Prelims,easy,Who were Alvars?,Those who immersed in devotion to Vishnu,Devotees of Shiva,Those who worshipped abstract form of God,Devotees of Shakti,A,"Solution: Concept: Alvars were a group of Tamil saint-poets who were deeply devoted to Vishnu. Explanation: The Alvars emerged during the 7th to 9th centuries as part of the Bhakti movement in South India. They composed passionate hymns in praise of Vishnu and his incarnations. There were 12 Alvars, who came from diverse social backgrounds, including outcastes. Their songs were compiled in the sacred text known as the Divya Prabandham . Notable Alvars include Periyalvar, his daughter Andal, and Nammalvar. In contrast, the Nayanars were devotees of Shiva. Thus, Alvars are specifically identified as devotees of Vishnu. Answer: Option A: Those who immersed in devotion to Vishnu. © examsnet.com"
CDS-2019-II-GK-112,2019,GK,General Knowledge,General Knowledge,General Knowledge | UPSC CDS | Prelims,easy,Which one of the following is monatomic?,Hydrogen,Sulphur,Phosphorus,Helium,D,"Solution: Concept: Monatomic elements exist as single atoms in their standard state due to a stable electron configuration. Explanation: Helium ( H e \mathrm{He} He ) is a noble gas with a full outer shell of 2 2 2 electrons. It does not need to bond with other atoms to become stable. Thus, it is naturally monatomic. Hydrogen ( H 2 \mathrm{H}_2 H 2 ​ ) exists as diatomic molecules in its elemental form. Sulphur typically forms S 8 \mathrm{S}_8 S 8 ​ rings (octatomic). Phosphorus exists as P 4 \mathrm{P}_4 P 4 ​ molecules (tetratomic). Only helium among the given options is monatomic. Answer: D. Helium © examsnet.com"
CDS-2019-II-GK-113,2019,GK,General Knowledge,General Knowledge,General Knowledge | UPSC CDS | Prelims,easy,"In graphite, each carbon atom is bonded to three other carbon atoms",forming a three-dimensional structure,in the same plane giving a hexagonal array,in the same plane giving a square array,in the same plane giving a pentagonal array,B,"Solution: Concept: Graphite has a layered structure where each carbon atom is covalently bonded to three others in a planar hexagonal arrangement. Explanation: Each carbon atom in graphite undergoes s p 2 sp^2 s p 2 hybridization. It forms three sigma bonds with three neighbouring carbon atoms in the same plane. These bonds create a hexagonal (six-membered) ring pattern, like a honeycomb. The fourth valence electron is delocalised, allowing electrical conductivity. The layers are stacked and held by weak van der Waals forces. This planar hexagonal array is unique to graphite among carbon allotropes. It is not a three-dimensional network (like diamond), nor square or pentagonal. Thus, the bonding geometry matches option B. Answer: Option B: in the same plane giving a hexagonal array. © examsnet.com"
CDS-2019-II-GK-114,2019,GK,Science & Tech,General Science & Emerging Technologies,Science & Tech | General Science | Applied Science | Physics | Chemistry | Biology,easy,Soap solution used for cleaning purpose appears cloudy. This is due to the fact that soap micelles can,refract light,scatter light,diffract light,polarize light,B,"Solution: Concept: Soap micelles form colloidal-sized particles that scatter light, giving the solution a cloudy appearance. Explanation: Soap molecules in water assemble into micelles—spherical clusters with hydrophobic tails inward and hydrophilic heads outward. These micelles are large enough (typically 10 10 10 – 1000 1000 1000 nm) to act as colloidal particles. When light passes through the solution, these particles cause the Tyndall effect—scattering of light in all directions. This scattered light makes the solution appear cloudy or bluish. The cloudiness is not due to refraction, diffraction, or polarization, but solely due to the scattering of light by the dispersed micelles. Answer: B. scatter light © examsnet.com"
CDS-2019-II-GK-115,2019,GK,General Knowledge,General Knowledge,General Knowledge | UPSC CDS | Prelims,easy,People prefer to wear cotton clothes in the summer season. This is due to the fact that cotton clothes are,good absorbers of water,good conveyors of heat,good radiators of heat,good absorbers of heat,A,"Solution: Concept: Cotton clothes help keep the body cool by absorbing sweat and promoting evaporation. Explanation: In summer, the body sweats to regulate temperature. Cotton fibres are hydrophilic – they absorb moisture (sweat) readily. The absorbed sweat spreads on the fabric, increasing its surface area for evaporation. Evaporation requires latent heat of vaporization ( L L L ), which is taken from the body. This removal of heat lowers the skin temperature, providing a cooling effect. So, the key property is that cotton is a good absorber of water. It does not directly convey, radiate, or absorb heat; it absorbs water to enable evaporative cooling. Answer: Option A – good absorbers of water. © examsnet.com"
CDS-2019-II-GK-116,2019,GK,General Knowledge,General Knowledge,General Knowledge | UPSC CDS | Prelims,easy,"Employing Chromatography, one cannot separate",radio-isotopes,colours from a dye,pigments from a natural colour,drugs from blood,A,"Solution: Concept: Chromatography is a physical separation method based on differential distribution between stationary and mobile phases. It cannot separate isotopes because isotopes have nearly identical chemical properties and thus behave identically in chromatographic processes. Explanation: Isotopes of the same element have the same electronic configuration and chemical reactivity. Chromatography relies on differences in affinity, solubility, or adsorption, which do not vary between isotopes. Thus, techniques like diffusion, distillation, centrifugation, thermal diffusion, exchange reactions, or electrolysis are used for isotope separation, not chromatography. In contrast, chromatography can separate colours from a dye, pigments from natural colour, and drugs from blood because these have distinct chemical structures and interact differently with the stationary and mobile phases. Answer: Option A: radio‑isotopes. © examsnet.com"
CDS-2019-II-GK-117,2019,GK,General Knowledge,General Knowledge,General Knowledge | UPSC CDS | Prelims,medium,"Consider the following statement: ""An atomic number of an element is a more fundamental property than its atomic mass."" Who among the following scientists has made the above statement?",Dmitri Mendeleev,Henry Moseley,J.J. Thomson,Ernest Rutherford,B,"Solution: Concept: The statement that atomic number is more fundamental than atomic mass is based on Moseley’s work with X‑rays, which redefined the periodic law. Explanation: Mendeleev arranged elements by increasing atomic mass. This led to anomalies like isotopes and wrong order of some elements. Henry Moseley studied X‑ray spectra and found that each element’s characteristic X‑ray frequency is related to its atomic number ( Z Z Z ). He proved that atomic number (number of protons) is the true basis of periodicity, not atomic mass. This gave the modern periodic law: properties of elements are a periodic function of their atomic numbers. Thus, Moseley is credited with the statement that atomic number is a more fundamental property than atomic mass. Answer: B. Henry Moseley © examsnet.com"
CDS-2019-II-GK-118,2019,GK,Economy,Indian Economy & Financial System,Economy | Macroeconomics | Banking & Finance | Public Finance,easy,Which one of the following acids is also known as Vitamin C?,Methanoic acid,Ascorbic acid,Lactic acid,Tartaric acid,B,"Solution: Concept: Vitamin C is chemically known as ascorbic acid. Explanation: Ascorbic acid is a water-soluble vitamin essential for collagen synthesis and tissue repair. It prevents scurvy and acts as an antioxidant. Other acids: Methanoic (formic) acid is found in ant stings. Lactic acid is present in sour milk and curd. Tartaric acid occurs in tamarind, grapes, and unripe mangoes. Answer: Ascorbic acid (Option B). © examsnet.com"
CDS-2019-II-GK-119,2019,GK,Science & Tech,General Science & Emerging Technologies,Science & Tech | General Science | Applied Science | Physics | Chemistry | Biology,easy,Which one of the following is not found in animal cells?,Free ribosomes,Mitochondria,Nucleolus,Cell wall,D,"Solution: Concept: Animal cells lack a rigid outer covering called the cell wall, which is a characteristic feature of plant cells. Explanation: Animal cells have a flexible cell membrane but do not have a cell wall. Plant cells have a cell wall outside the cell membrane that provides structural support and a rectangular shape. All the other listed structures are present in both animal and plant cells: • Free ribosomes: Present in all living cells for protein synthesis. • Mitochondria: The powerhouses of the cell, found in both animal and plant cells. • Nucleolus: A dense region inside the nucleus, present in both cell types. Thus, the cell wall is the only option that is not found in animal cells. Answer: Cell wall © examsnet.com"
CDS-2019-II-GK-120,2019,GK,General Knowledge,General Knowledge,General Knowledge | UPSC CDS | Prelims,easy,"Marsilea, Fern and Horse-tail are examples of which one of the following plant groups?",Pteridophyta,Bryophyta,Gymnosperms,Angiosperms,A,"Solution: Concept: Pteridophytes are vascular plants that reproduce via spores and do not produce seeds or flowers. Explanation: Marsilea, Fern, and Horse-tail (Equisetum) are all examples of Pteridophytes. They possess true roots, stems, and leaves with vascular tissues (xylem and phloem). Unlike bryophytes, they are not dependent on water for fertilization, though they still produce spores. Bryophytes (e.g., mosses, liverworts) lack vascular tissues and require water for fertilization. Gymnosperms (e.g., Cycas, Pinus) are seed plants with naked seeds, while angiosperms (e.g., Rose, Mango) are flowering plants with enclosed seeds. Pteridophytes are often called ""vascular cryptogams"" as they have vascular tissue but do not produce flowers or seeds. Answer: A. Pteridophyta © examsnet.com"
