Id,Year,Paper,Subject,Topics,Tags,Difficulty,Question,Option_A,Option_B,Option_C,Option_D,Correct_Answer,Explanation
CDS-2019-I-GK-001,2019,GK,General Knowledge,General Knowledge,General Knowledge | UPSC CDS | Prelims,easy,Henry T. Colebrooke was a Professor of Sanskrit in which one of the following institutions?,Fort William College,Serampore Mission,Kashi Vidyapith,Asiatic Society,A,"Solution: Concept: Henry T. Colebrooke was a distinguished Sanskrit scholar who taught at Fort William College in Calcutta. Explanation: Fort William College was established in 1800 by Lord Wellesley, the Governor‑General of India. Its primary purpose was to train newly appointed British civil servants in Indian languages, laws, and customs. Henry Thomas Colebrooke was appointed Professor of Sanskrit at Fort William College in 1805. He was one of the early European pioneers in the study of ancient Indian texts and law. Other notable figures in related institutions include Jonathan Duncan (Sanskrit College, Varanasi), William Jones (Asiatic Society of Bengal), and David Hare (Hindu College, Kolkata). Only Fort William College had Colebrooke as a Sanskrit professor. Answer: Fort William College © examsnet.com"
CDS-2019-I-GK-002,2019,GK,Modern History,Indian National Movement,Modern History | Freedom Struggle | British Colonial Rule,easy,The Deccan Agriculturalists' Relief Act of 1879 was enacted with which one of the following objectives?,Restore lands to the dispossessed peasants,Ensure financial assistance to peasants during social and religious occasions,Restrict the sale of land for indebtedness to outsiders,Peasants to be sued where they posses land,C,"Solution: Concept: The Deccan Agriculturalists' Relief Act of 1879 aimed to protect peasants from losing their land due to debt to moneylenders. Explanation: The Act was a direct result of the Deccan Riots of 1875. In those riots, peasants attacked moneylenders ( sahukars ) who charged high interest. A commission was set up and reported in 1878. The Act of 1879 introduced two key protections. First, it prevented peasants from being arrested or imprisoned for failing to repay debts. Second, it restricted the sale of land for indebtedness to outsiders (non-agriculturists). This ensured that land remained within the farming community. The Act did not restore lands already lost, nor did it provide financial assistance for ceremonies. It also changed legal procedures so that peasants could only be sued in the district where they owned land. Thus, the core objective was to curb the transfer of agricultural land to moneylenders from outside the village. Answer: Option C: Restrict the sale of land for indebtedness to outsiders. © examsnet.com"
CDS-2019-I-GK-003,2019,GK,General Knowledge,General Knowledge,General Knowledge | UPSC CDS | Prelims,easy,The Damin-i-Koh was created by the British Government to settle which one of the following communities?,Santhals,Mundas,Oraons,Saoras,A,"Solution: Concept: Damin-i-Koh was a demarcated area in the Rajmahal Hills where the British settled the Santhal tribe for agricultural cultivation. Explanation: In the 1780s, the British faced resistance from the Paharias who refused to clear forests and plough fields in the Rajmahal region. The Santhals, who were flexible and willing to cultivate, were invited by the British to settle there. Around the 1830s, the British granted the Santhals large tracts of land at the foothills of the Rajmahal Hills, pushing the Paharias into the barren hills. This allocated territory was called Damin-i-Koh. The Santhals expanded agriculture and population rapidly. However, oppression by the British led to the Santhal Rebellion of 1855. After the rebellion, the Santhal Parganas (a separate district of about 5500 km 2 5500 \text{ km}^2 5500 km 2 ) was created to address their grievances. Answer: A. Santhals © examsnet.com"
CDS-2019-I-GK-004,2019,GK,General Knowledge,General Knowledge,General Knowledge | UPSC CDS | Prelims,easy,"The Limitation Law, which was passed by the British in 1859, addressed which one of the following issues?",Loan bonds would not have any legal validity.,Loan bonds signed between money-lender and Ryots would have validity only for three years.,Land bonds could not be executed by moneylenders.,Loan bonds would have validity for ten years.,B,"Solution: Concept: The Limitation Law of 1859 introduced a time limit for the legal enforceability of loan agreements between moneylenders and peasants (Ryots). Explanation: The Deccan Ryot Commission studied the exploitative lending practices in rural India. It found that moneylenders charged extremely high interest on small principal amounts, often trapping peasants in perpetual debt. To regulate such transactions, the British passed the Limitation Law in 1859. The law required a legally binding bond to be signed between the moneylender and the Ryot. This bond would have legal validity for only three years from the date of signing. After three years, the lender could not sue the borrower to recover the loan. Thus, the law limited the period of enforceability, not the existence of the debt itself. Answer: Loan bonds signed between money-lender and Ryots would have validity only for three years. © examsnet.com"
CDS-2019-I-GK-005,2019,GK,General Knowledge,General Knowledge,General Knowledge | UPSC CDS | Prelims,easy,Who among the following was known during the days of the Revolt of 1857 as 'Danka Shah'?,Shah Mal,Maulavi Ahmadullah Shah,Nana Sahib,Tantia Tope,B,"Solution: Concept: During the Revolt of 1857, several leaders emerged across different regions. The title 'Danka Shah' was a popular nickname for a key rebel leader. Explanation: Maulavi Ahmadullah Shah, a prominent leader from Faizabad, was widely known as 'Danka Shah' during the revolt. He actively mobilised local forces and fought against British rule in the Awadh region. Other leaders like Shah Mal (Bihar), Nana Sahib (Kanpur), and Tantia Tope (Kanpur) were associated with different centres but did not carry this nickname. Answer: Maulavi Ahmadullah Shah © examsnet.com"
CDS-2019-I-GK-006,2019,GK,Science & Tech,General Science & Emerging Technologies,Science & Tech | General Science | Applied Science | Physics | Chemistry | Biology,easy,The Summary Settlement of 1856 was based on which one of the following assumptions?,The Talukdars were the rightful owners of the land.,The Talukdars were interlopers with no permanent stakes in the land.,The Talukdars could evict the peasants from the lands.,The Talukdars would take a portion of the revenue which flowed to the State.,B,"Solution: Concept: The Summary Settlement of 1856 1856 1856 operated on the British assumption that the Talukdars of Awadh had no legitimate, permanent ownership over the land. Explanation: After annexing Awadh in 1856 1856 1856 , the British introduced the Summary Settlement. They viewed the Talukdars as interlopers who had usurped land from the original peasant cultivators. Thus, the settlement bypassed the Talukdars and dealt directly with the peasants, assuming the Talukdars had no stakes in the land. This policy sharply reduced the power and revenue of the Talukdars and sowed discontent, which later contributed to the Revolt of 1857 1857 1857 . Answer: Option B: The Talukdars were interlopers with no permanent stakes in the land. © examsnet.com"
CDS-2019-I-GK-007,2019,GK,General Knowledge,General Knowledge,General Knowledge | UPSC CDS | Prelims,easy,The Inter-State Council was set up in 1990 on the recommendation of ________.,Punchhi Commission,Sarkaria Commission,Rajamannar Commission,Mungerilal Commission,B,"Solution: Concept: The Inter-State Council was created in 1990 based on a recommendation made by a commission that examined relations between the Union and States. Explanation: The Sarkaria Commission on Centre-State relations was appointed by the central government in 1983. In its report, the commission recommended the establishment of a permanent Inter-State Council to promote coordination and dialogue between the Centre and the States. Acting on this recommendation, the Government of India set up the Inter-State Council in 1990 under Article 263 of the Constitution. The other commissions mentioned – Punchhi Commission (2007), Rajamannar Committee (1969), and Mungerilal Commission – did not lead to the formation of the Inter-State Council in 1990. Therefore, the correct body that recommended the setting up of the Inter-State Council is the Sarkaria Commission. Answer: B. Sarkaria Commission © examsnet.com"
CDS-2019-I-GK-008,2019,GK,Polity,Indian Constitution & Governance,Polity | Constitution of India | Governance | Constitutional Bodies,easy,Which among the following writs is issued to quash the order of a Court or Tribunal?,Mandamus,Prohibition,Quo Warranto,Certiorari,D,"Solution: Concept: Writ of Certiorari is used to quash or set aside an order already passed by a lower court or tribunal. Explanation: Among the five types of writs in Indian constitutional law, Certiorari specifically deals with nullifying a prior order. It is issued by a higher court (Supreme Court or High Court) to an inferior court, tribunal, or quasi-judicial body. The purpose is to correct errors of law or jurisdiction, not to stop a future action. In contrast, Prohibition prevents a lower court from exceeding its jurisdiction (future action). Thus, when the question asks about quashing an order already made, Certiorari is the appropriate writ. Answer: D. Certiorari © examsnet.com"
CDS-2019-I-GK-009,2019,GK,Polity,Indian Constitution & Governance,Polity | Constitution of India | Governance | Constitutional Bodies,hard,Which among the following statements about the power to change the basic structure of the Constitution of India is/are correct? 1. It falls outside the scope of the amending powers of the Parliament. 2. It can be exercised by the people through representatives in a Constituent Assembly. 3. It falls within the constituent powers of the Parliament. Select the correct answer using the code given below.,1 and 3,1 and 2,1 only,2 and 3,B,"Solution: Concept: The basic structure doctrine limits Parliament's power to amend the Constitution. Explanation: The Supreme Court in the Kesavananda Bharati case (1973) introduced the basic structure doctrine. It holds that Parliament cannot alter the core identity of the Constitution. Statement 1 is correct: Amending power under Article 368 cannot change the basic structure. Statement 2 is correct: Changing the basic structure would require a new Constituent Assembly. Statement 3 is incorrect: The constituent power of Parliament does not include changing the basic structure. Thus, only statements 1 and 2 are accurate. Answer: Option B: 1 and 2. © examsnet.com"
CDS-2019-I-GK-010,2019,GK,Polity,Indian Constitution & Governance,Polity | Constitution of India | Governance | Constitutional Bodies,easy,"When a Proclamation of Emergency is in operation, the right to move a Court for the enforcement of all Fundamental Rights remains suspended, except ________.",Article 20 and Article 21,Article 21 and Article 22,Article 19 and Article 20,Article 15 and Article 16,A,"Solution: Concept: During a National Emergency under Article 352, the President may suspend enforcement of most Fundamental Rights, but Articles 20 and 21 remain fully enforceable. Explanation: Article 359 allows the President to suspend the right to move any court for the enforcement of Fundamental Rights during a Proclamation of Emergency. This suspension, however, explicitly excludes Articles 20 and 21. Article 20 protects individuals from ex-post-facto laws, double jeopardy, and self-incrimination. Article 21 guarantees the right to life and personal liberty. These two rights are considered so fundamental that they cannot be suspended even during an emergency. All other Fundamental Rights can be suspended for the duration of the emergency, meaning citizens cannot approach courts to enforce them. Thus, the only rights that remain enforceable by moving a court are those under Article 20 and Article 21. Answer: Option A: Article 20 and Article 21. © examsnet.com"
CDS-2019-I-GK-011,2019,GK,Polity,Indian Constitution & Governance,Polity | Constitution of India | Governance | Constitutional Bodies,easy,"Which one of the following Articles of the Constitution of India lays down that no citizen can be denied the use of wells, tanks and bathing Ghats maintained out of State funds?",Article 14,Article 15,Article 16,Article 17,B,"Solution: Concept: Article 15 prohibits discrimination and specifically lists the right to access public facilities like wells, tanks, and bathing ghats maintained by the State. Explanation: Article 15(2) of the Constitution states that no citizen shall be subjected to any disability or restriction on grounds of religion, race, caste, sex, or place of birth regarding access to shops, public restaurants, hotels, and places of public entertainment. It also explicitly mentions the use of wells, tanks, bathing ghats, roads, and places of public resort that are maintained wholly or partly out of State funds or dedicated to the general public. This article ensures that these essential public amenities cannot be denied to any citizen based solely on discriminatory grounds. Other articles: Article 14 ensures equality before law; Article 16 guarantees equality of opportunity in public employment; Article 17 abolishes untouchability. Thus, the correct article for the given provision is Article 15. Answer: Option B – Article 15 © examsnet.com"
CDS-2019-I-GK-012,2019,GK,Polity,Indian Constitution & Governance,Polity | Constitution of India | Governance | Constitutional Bodies,easy,Who amongst the following organized the All India Scheduled Castes Federation?,Jyotiba Phule,Periyar,B. R. Ambedkar,M. K. Karunanidhi,C,"Solution: Concept: The All India Scheduled Castes Federation was founded by Dr. B. R. Ambedkar in 1942 to represent and fight for the rights of scheduled castes and other disadvantaged groups. Explanation: Ambedkar established the federation as a successor to his Independent Labour Party (1936). It aimed to secure political, social, and economic rights for oppressed communities. After India's independence, the federation was renamed the Labour Party of India. Answer: C. B. R. Ambedkar © examsnet.com"
CDS-2019-I-GK-013,2019,GK,General Knowledge,General Knowledge,General Knowledge | UPSC CDS | Prelims,easy,"Paul Allen, who died in October 2018, was the co-founder of ________.",Oracle,IBM,Microsoft,SAP,C,"Solution: Concept: Paul Allen co-founded a major technology company with Bill Gates. Explanation: Paul Allen and Bill Gates founded Microsoft in 1975. Microsoft became the world's leading personal computer software company. Oracle was co-founded by Larry Ellison, Bob Miner, and Ed Oates. IBM was founded by Charles Ranlett Flint and Thomas J. Watson Sr. SAP was founded by five former IBM employees. Therefore, Paul Allen is known as the co-founder of Microsoft. Answer: C. Microsoft © examsnet.com"
CDS-2019-I-GK-014,2019,GK,Current Affairs,Current Events of National & International Importance,Current Affairs | International Relations | Government Schemes | Awards,easy,The mobile app 'cVIGIL' is helpful in __________.,conducting free and fair e-tendering process in government offices,fighting against corruption in public services,removing garbage from the municipal areas,reporting violation of model code of conduct in election-bound States,D,"Solution: Concept: cVIGIL is a mobile app for citizens to report violations of the Model Code of Conduct during elections. Explanation: The app is activated only after the Election Commission announces an election. It uses built-in GPS and camera to capture evidence on the spot. Users can submit reports instantly without visiting any office. Thus, it helps enforce fair elections by enabling quick reporting of code violations. Answer: D. reporting violation of model code of conduct in election-bound States © examsnet.com"
CDS-2019-I-GK-015,2019,GK,Defence & Security,"Defence, Military & Internal Security",Defence | Military Exercises | Armed Forces | Security Architecture,easy,What is Prahaar?,a battle tank,a surface-to-surface missile,an aircraft carrier,a submarine,B,"Solution: Concept: Prahaar is an indigenously developed short-range tactical ballistic missile in India. Explanation: It is a surface-to-surface missile, meaning it is launched from the ground to strike targets on the ground. The Defence Research and Development Organisation (DRDO) developed it. Prahaar is designed for quick reaction, all-weather, and all-terrain operations. It provides highly accurate battlefield support with advanced manoeuvring capability. Among the options, a battle tank, an aircraft carrier, and a submarine are all different types of military platforms, not missiles. Only a surface-to-surface missile matches the description of Prahaar. Answer: Option B: a surface-to-surface missile. © examsnet.com"
CDS-2019-I-GK-016,2019,GK,Modern History,Indian National Movement,Modern History | Freedom Struggle | British Colonial Rule,easy,"Who among the following is/are the recipient/recipients of the Rajiv Gandhi Khel Ratna Award, 2018?",Virat Kohli,S. Mirabai Chanu and Virat Kohli,Neeraj Chopra,Hima Das and Neeraj Chopra,B,"Solution: Concept: The Rajiv Gandhi Khel Ratna Award for 2018 was conferred jointly upon two sportspersons. Explanation: The award for the year 2018 was given to weightlifter S. Mirabai Chanu and cricketer Virat Kohli. Mirabai Chanu became the third weightlifter to receive this honour, after Karnam Malleswari and Nameirakpam Kunjarani. Virat Kohli became the third cricketer to receive the Khel Ratna, after Sachin Tendulkar and MS Dhoni. Neeraj Chopra and Hima Das received the Arjuna Award in 2018, not the Khel Ratna. Hence, only option B lists the correct recipients. Answer: Option B: S. Mirabai Chanu and Virat Kohli © examsnet.com"
CDS-2019-I-GK-017,2019,GK,General Knowledge,General Knowledge,General Knowledge | UPSC CDS | Prelims,easy,Pakyong Airport is located in __________.,Sikkim,Jammu and Kashmir,Arunachal Pradesh,Mizoram,A,"Solution: Concept: Pakyong Airport is a Greenfield airport located in the state of Sikkim. Explanation: It is situated near Gangtok, the capital of Sikkim. This airport is the 100 100 100 th operational airport in India built under the UDAN scheme (Ude Desh Ka Aam Nagrik). Greenfield airports are constructed on waste green lands, considering environmental costs and damages. Thus, Pakyong Airport is located in Sikkim. Answer: Sikkim © examsnet.com"
CDS-2019-I-GK-018,2019,GK,Science & Tech,General Science & Emerging Technologies,Science & Tech | General Science | Applied Science | Physics | Chemistry | Biology,easy,The United Nations has been observing International Day of Rural Women on __________.,15th July,15th August,15th September,15th October,D,"Solution: Concept: The United Nations observes the International Day of Rural Women on a fixed date each year to recognize the contributions of rural women. Explanation: The International Day of Rural Women is celebrated worldwide on 1 5 th 15^{\text{th}} 1 5 th October every year. The UN General Assembly established this day in 2007 to honour the role of rural women in agriculture, food security, and sustainable development. Among the given options, only 1 5 th 15^{\text{th}} 1 5 th October matches this observance. Other options correspond to different UN days: 1 5 th 15^{\text{th}} 1 5 th July is World Youth Skills Day; 1 5 th 15^{\text{th}} 1 5 th August is not a major UN day; 1 5 th 15^{\text{th}} 1 5 th September is International Day of Democracy. Answer: 1 5 th 15^{\text{th}} 1 5 th October (Option D). © examsnet.com"
CDS-2019-I-GK-019,2019,GK,General Knowledge,General Knowledge,General Knowledge | UPSC CDS | Prelims,easy,Who among the following is the first Indian to win Pulitzer Prize?,Arundhati Roy,Gobind Behari Lal,Vijay Seshadri,Jhumpa Lahiri,B,"Solution: Concept: The first Indian to win the Pulitzer Prize. Explanation: The Pulitzer Prize was established in 1917 by Joseph Pulitzer. Gobind Behari Lal, an Indian journalist, was the first Indian to receive this honor in 1937. He was recognized for his reporting in the field of journalism. Other Indians, such as Jhumpa Lahiri, Geeta Anand, and Siddhartha Mukherjee, won later but were not the first. Thus, the correct option is B. Answer: Gobind Behari Lal © examsnet.com"
CDS-2019-I-GK-020,2019,GK,General Knowledge,General Knowledge,General Knowledge | UPSC CDS | Prelims,easy,Saurabh Chaudhary excels in which one of the following sports?,Archery,Shooting,Boxing,Judo,B,"Solution: Concept: Saurabh Chaudhary is an Indian shooter known for winning medals in pistol events at international competitions. Explanation: He won the gold medal in the men's 10-meter air pistol event at the 2018 Asian Games in Jakarta. He also secured the gold medal in the same event at the 2018 Summer Youth Olympics in Buenos Aires, Argentina. Answer: Shooting © examsnet.com"
CDS-2019-I-GK-021,2019,GK,Modern History,Indian National Movement,Modern History | Freedom Struggle | British Colonial Rule,easy,Which one of the following is not an assumption in the law of demand?,There are no changes in the taste and preferences of consumers.,Income of consumers remains constant.,Consumers are affected by demonstration effect.,There are no changes in the price of substitute goods.,C,"Solution: Concept: The law of demand assumes all other factors affecting demand remain constant (ceteris paribus). The demonstration effect is a violation of this assumption, not an assumption itself. Explanation: The law of demand states that as price falls, quantity demanded rises, and vice versa, assuming other things remain unchanged. The assumptions include: no change in consumers' taste and preferences, constant income of consumers, no change in the price of substitute goods, no change in population, and no future price expectations. These assumptions isolate the price-quantity relationship. The demonstration effect (or Veblen effect) occurs when consumers buy more of a good because its price is high or because others are buying it. This effect contradicts the inverse relationship of the law of demand. Hence, it is not an assumption; it is an exception to the law. Answer: Option C: Consumers are affected by demonstration effect. © examsnet.com"
CDS-2019-I-GK-022,2019,GK,Modern History,Indian National Movement,Modern History | Freedom Struggle | British Colonial Rule,easy,Which one of the following statements is NOT correct?,"When total utility is maximum, marginal utility is zero.","When total utility is decreasing, marginal utility is negative.","When total utility is increasing, marginal utility is positive.","When total utility is maximum, marginal, and average utility are equal to each other.",D,"Solution: Concept: The relationship between total utility (TU), marginal utility (MU), and average utility (AU) determines the correct statement. Explanation: Total utility (TU) is the sum of marginal utilities (MU) from consuming each unit. When TU is maximum, MU becomes zero because the last unit adds nothing to total satisfaction. When TU is increasing, each additional unit adds positive satisfaction, so MU is positive. When TU is decreasing, the last unit reduces total satisfaction, so MU is negative. Average utility (AU) is TU divided by the number of units consumed. At the point of maximum TU, MU equals zero, but AU is still positive (TU > 0). Thus MU and AU are not equal at maximum TU; AU is greater than MU (which is zero). Therefore, statement D (""When total utility is maximum, marginal and average utility are equal to each other"") is incorrect. Answer: Option D. © examsnet.com"
CDS-2019-I-GK-023,2019,GK,General Knowledge,General Knowledge,General Knowledge | UPSC CDS | Prelims,hard,Consider the following statements about indifference curves: 1. Indifference curves are convex to the origin. 2. Higher indifference curve represents higher level of satisfaction. 3. Two indifference curves cut each other. Which of the statements given above is/are correct?,1 only,1 and 2,2 and 3,3 only,B,"Solution: Concept: Indifference curves represent combinations of two goods that give a consumer equal satisfaction. Explanation: Statement 1 is correct because indifference curves are convex to the origin. This convexity reflects the diminishing marginal rate of substitution between the two goods. Statement 2 is correct because a higher indifference curve shows a greater quantity of both goods, hence a higher level of satisfaction. Consumers prefer more to less, so moving to a higher curve increases utility. Statement 3 is incorrect because two indifference curves cannot intersect each other. If they intersected, it would imply contradictory levels of satisfaction at the same combination of goods. This violates the transitivity assumption of consumer preferences. Answer: Statements 1 and 2 are correct. The correct option is B. © examsnet.com"
CDS-2019-I-GK-024,2019,GK,General Knowledge,General Knowledge,General Knowledge | UPSC CDS | Prelims,hard,Consider the following statements about a joint-stock company: 1. It has a legal existence. 2. There is limited liability of share-holders. 3. It has a democratic management. 4. It has a collective ownership. Which of the statements given above are correct?,1 and 2 only,"1, 2 and 3",3 and 4 only,"1, 2, 3 and 4",D,"Solution: Concept: A joint-stock company is a separate legal entity with shared ownership and limited liability for shareholders. Explanation: Statement 1 is correct: The company is registered under the Companies Act and exists as an artificial legal person, capable of owning property, suing, and being sued. Statement 2 is correct: Shareholders have limited liability, meaning their personal assets cannot be used to pay company debts. Statement 3 is correct: Shareholders elect the Board of Directors through voting, making management democratic. Statement 4 is correct: The capital is divided into shares, so shareholders collectively own the company. Answer: D. 1, 2, 3 and 4 © examsnet.com"
CDS-2019-I-GK-025,2019,GK,General Knowledge,General Knowledge,General Knowledge | UPSC CDS | Prelims,easy,"When some goods or productive factors are completely fixed in amount, regardless of price, the supply curve is _______.",horizontal,downward sloping to the right,vertical,upward sloping to the right,C,"Solution: Concept: When the quantity supplied does not change with price, the supply curve shows no responsiveness — it is perfectly inelastic. Explanation: The supply curve graphs price on the vertical axis and quantity on the horizontal axis. If the amount of a good or productive factor is completely fixed — regardless of how high or low the price goes — the quantity supplied remains constant. For example, a rare painting has a fixed supply of one unit, no matter the price. On the graph, this constant quantity corresponds to a single point on the x x x -axis while the price (on the y y y -axis) can take any value. Therefore, the curve is a vertical line at that fixed quantity. This is also called perfectly inelastic supply. Answer: C. vertical © examsnet.com"
CDS-2019-I-GK-026,2019,GK,Defence & Security,"Defence, Military & Internal Security",Defence | Military Exercises | Armed Forces | Security Architecture,easy,Who designed the Bombay Secretariat in the 1870s?,H. St. Clair Wilkins,Sir Cowasjee Jehangir Readymoney,Purushottamdas Thakurdas,Nusserwanji Tata,A,"Solution: Concept: The Bombay Secretariat, completed in 1874, was designed by Captain Henry St. Clair Wilkins. Explanation: Captain H. St. Clair Wilkins, a British army officer and architect, designed the building in the Venetian Gothic style. The structure was built with buff-coloured stones transported from Porbandar, Gujarat. It stands as one of the grand public buildings constructed in Bombay during the 19th century, reflecting the city’s booming maritime trade and civic pride of the British rulers. Answer: A. H. St. Clair Wilkins © examsnet.com"
CDS-2019-I-GK-027,2019,GK,General Knowledge,General Knowledge,General Knowledge | UPSC CDS | Prelims,easy,Who was the founder of Mahakali Pathshala in Calcutta?,Maharani Tapaswini,Sister Nivedita,Madame Blavatsky,Sarojini Naidu,A,"Solution: Concept: Mahakali Pathshala was a school for girls in Calcutta, founded by a female educator and freedom fighter. Explanation: Mahakali Pathshala was founded in 1893 by Maharani Tapaswini. She was an early advocate for women's education in India. She also participated in the 1857 revolt alongside Rani Lakshmibai. Answer: Maharani Tapaswini © examsnet.com"
CDS-2019-I-GK-028,2019,GK,Defence & Security,"Defence, Military & Internal Security",Defence | Military Exercises | Armed Forces | Security Architecture,easy,"Which European ruler had observed, ""Bear in mind that the commerce of India is the commerce of the world ... he who can exclusively command it is the dictator of Europe""?",Queen Victoria,Peter the Great of Russia,Napoleon Bonaparte,Gustav II Adolf,B,"Solution: Concept: A famous quote linking control of Indian commerce to mastery over Europe. Explanation: The quote highlights India's dominant role in global trade during the 1 8 t h 18^{th} 1 8 t h century. It is historically attributed to Peter the Great of Russia. He understood that dominating India's trade would give a nation supreme influence in Europe. This observation matches the high demand for Indian textiles, spices, and goods at that time. Later, economists like Dadabhai Naoroji and V.K.R.V. Rao confirmed India's significant economic contribution based on similar data. The statement is not linked to other rulers like Queen Victoria, Napoleon, or Gustav II Adolf. Answer: Option B: Peter the Great of Russia. © examsnet.com"
CDS-2019-I-GK-029,2019,GK,General Knowledge,General Knowledge,General Knowledge | UPSC CDS | Prelims,medium,"Which European traveller had observed, ""A Hindu woman can go anywhere alone, even in the most crowded places, and she need never fear the impertinent looks and jokes of idle loungers""?",Francois Bernier,Jean-Baptiste Tavernier,Thomas Roe,Abbe J. A. Dubois,D,"Solution: Concept: Identify the European traveler who documented the social safety of Hindu women in India during the late 18th century. Explanation: Abbe J. A. Dubois was a French missionary who lived in India from 1792 to 1823. He authored the book ""Hindu Manners, Customs and Ceremonies"". In that book, he recorded the statement: “A Hindu woman can go anywhere alone, even in the most crowded places, and she need never fear the impertinent looks and jokes of idle loungers.” This remark highlights the respect and security women enjoyed in Indian society at that time. Other travellers like Francois Bernier, Jean-Baptiste Tavernier, and Thomas Roe visited India in the 17th century, much earlier than Dubois. Their writings do not contain this specific observation. Thus, Abbe J. A. Dubois is the correct traveller associated with this quote. Answer: D. Abbe J. A. Dubois © examsnet.com"
CDS-2019-I-GK-030,2019,GK,General Knowledge,General Knowledge,General Knowledge | UPSC CDS | Prelims,easy,"Who was the author of the book, Plagues and Peoples?",W. L. Thomas,Rachel Carson,David Cannadine,William H. McNeill,D,"Solution: Concept: The question asks for the author of the book Plagues and Peoples . Explanation: The book Plagues and Peoples was written by William H. McNeill. It describes the historical impact of diseases on human societies. The other authors listed in the options are famous for different works: Rachel Carson wrote Silent Spring and Under the Sea Wind . W. L. Thomas wrote The Child in America . David Cannadine wrote The Decline and Fall of the British Aristocracy . Therefore, William H. McNeill is the correct author. Answer: William H. McNeill © examsnet.com"
CDS-2019-I-GK-031,2019,GK,General Knowledge,General Knowledge,General Knowledge | UPSC CDS | Prelims,easy,Which Indian social theorist had argued that the idea of a homogenized Hinduism was constructed through the 'cultural arrogance of post-enlightenment Europe'?,Ashis Nandy,Partha Chatterjee,T. K. Oommen,Rajni Kothari,A,"Solution: Concept: Ashis Nandy critiqued how Western modernity constructed a single homogeneous idea of Hinduism. Explanation: Ashis Nandy argued that the concept of a unified, homogenised Hinduism was not native to India. He claimed it was constructed by the cultural arrogance of post-enlightenment Europe. This European perspective imposed a monolithic identity on diverse Indian traditions. Nandy's work explores the psychological effects of colonialism on Indian identity. He distinguished between nationalism and patriotism, and criticised modernist frameworks. Answer: Ashis Nandy © examsnet.com"
CDS-2019-I-GK-032,2019,GK,General Knowledge,General Knowledge,General Knowledge | UPSC CDS | Prelims,easy,'Sub-prime crisis' is a term associated with which one of the following events?,Economic recession,Political instability,Structural adjustment programmes,Growing social inequality,A,"Solution: Concept: Sub-prime crisis refers to a financial meltdown caused by banks lending to high-risk borrowers who later defaulted. Explanation: The sub-prime crisis began in 2008 in the United States. It involved home loans given to people with poor credit history (sub-prime borrowers). When these borrowers could not repay, it triggered a wave of defaults. Major banks and financial institutions collapsed or faced severe losses. This led to a global credit crunch and a severe economic recession worldwide. Thus, the term is directly linked to an economic downturn, not political or social issues. Answer: A. Economic recession © examsnet.com"
CDS-2019-I-GK-033,2019,GK,Polity,Indian Constitution & Governance,Polity | Constitution of India | Governance | Constitutional Bodies,easy,Which one of the following is not a change brought about by the Indian Independence Act of 1947?,"The Government of India Act, 1935 was amended to provide an interim Constitution.",India ceased to be a dependency.,The Crown was the source of authority till new Constitution was framed.,The Governor-General was the constitutional head of Indian Dominion.,A,"Solution: Concept: The Indian Independence Act of 1947 established India and Pakistan as independent dominions, ending British authority. Explanation: Option A: The Act amended the Government of India Act, 1935 to function as an interim constitution. This is a change brought about by the Act. Option B: India ceased to be a dependency of the British Crown and became a sovereign dominion. This is a change brought about by the Act. Option C: The Crown was not the source of authority after the Act. The Act transferred sovereignty to the new dominions. The title ""Emperor of India"" was dropped from the Crown's titles. This statement is therefore not a change brought about by the Act; it is false. Option D: The Governor-General became the constitutional head of the Dominion of India, appointed on the advice of the Indian government. This is a change brought about by the Act. Answer: Option C. © examsnet.com"
CDS-2019-I-GK-034,2019,GK,General Knowledge,General Knowledge,General Knowledge | UPSC CDS | Prelims,easy,Which one of the following is not a correct statement regarding the provision of Legislative Council in the State Legislature?,The States of Bihar and Telangana have Legislative Councils.,The total number of members in the Legislative Council of a State shall not exceed one-third of the total number of members in the Legislative Assembly.,One-twelfth of all members shall be elected by electorates consisting of local bodies and authorities.,One-twelfth of all members shall be elected by graduates residing in the State.,C,"Solution: Concept: The Legislative Council composition is governed by Article 171. The election of members by local bodies is one-third, not one-twelfth. Explanation: Option A is correct: Bihar and Telangana currently have Legislative Councils. Option B is correct: The total members in the Legislative Council cannot exceed one-third of the total members in the Legislative Assembly. Option C is incorrect: According to Article 171, one-third of the members are elected by electorates consisting of local bodies (municipalities, panchayats, etc.), not one-twelfth. Option D is correct: One-twelfth of the members are elected by graduates residing in the state for at least three years. Thus, the statement in option C falsely claims a one-twelfth proportion for local body elections. Answer: Option C is the incorrect statement. © examsnet.com"
CDS-2019-I-GK-035,2019,GK,Polity,Indian Constitution & Governance,Polity | Constitution of India | Governance | Constitutional Bodies,easy,Which one of the following is not correct about the Panchayats as laid down in Part IX of the Constitution of India?,"The State Legislature has the right to decide whether or not offices of the Chairpersons in the Panchayats are reserved for SCs, STs or women.",The Chairperson of a Panchayat needs to be directly elected by people in order to exercise the right to vote in the Panchayat meetings.,"Unless dissolved earlier, every Panchayat continues for a period of five years.",The State Legislature may by law make provisions for audit of accounts of the Panchayats.,B,"Solution: Concept: The question asks to identify the incorrect statement among the given options regarding the constitutional provisions on Panchayats under Part IX of the Indian Constitution. Explanation: Option A is correct. Under Article 243D(4), the State Legislature has the power to decide the manner of reservation of chairperson offices, but reservation itself is mandatory for SCs, STs and women. However, the option states ""whether or not"" which is not exactly accurate; but the prevailing interpretation is that the state has the discretion in the manner, including the extent of reservation. Many exam sources consider this statement as correct. Option B is incorrect. Under Article 243C(4), the Chairperson of a Panchayat shall have the right to vote in the meetings of the Panchayat regardless of whether they are chosen by direct election or not. The statement claims that direct election is necessary to exercise voting rights, which is false. Option C is correct. Article 243E states that every Panchayat, unless dissolved sooner, continues for five years from the date of its first meeting. Option D is correct. Article 243J empowers the State Legislature to make provisions for maintenance of accounts and audit of Panchayats. Answer: Option B is not correct. © examsnet.com"
CDS-2019-I-GK-036,2019,GK,Modern History,Indian National Movement,Modern History | Freedom Struggle | British Colonial Rule,easy,Which one of the following is not correct about Administrative Tribunals?,The Parliament may by law constitute Administrative Tribunals both at the Union and State levels.,Tribunals may look into disputes and complaints with respect to recruitment and conditions of service of persons appointed to public services.,Tribunals established by a law of the Parliament can exclude the jurisdiction of all Courts to allow for special leave to appeal.,The law establishing the Tribunals may provide for procedures including rules of evidence to be followed.,C,"Solution: Concept: Administrative Tribunals are established under Article 323A to adjudicate service disputes, but their jurisdiction cannot completely exclude the Supreme Court's special leave power under Article 136. Explanation: The 42nd Amendment Act, 1976 added Article 323A to the Constitution. Parliament can create separate tribunals for the Union and for each State or group of States. These tribunals can try disputes related to recruitment and service conditions of public employees. However, the law establishing such tribunals can exclude the jurisdiction of all courts except the Supreme Court. Specifically, the Supreme Court's power to grant special leave to appeal under Article 136 cannot be taken away. Statement C says tribunals can exclude the jurisdiction of all courts to allow for special leave to appeal – this is misleading. Actually, the exclusion applies to all courts except for the Supreme Court's special leave jurisdiction. Therefore, statement C is incorrect. All other statements (A, B, D) are correct as per Article 323A. Answer: Option C is the incorrect statement about Administrative Tribunals. © examsnet.com"
CDS-2019-I-GK-037,2019,GK,General Knowledge,General Knowledge,General Knowledge | UPSC CDS | Prelims,easy,A market situation when many firms sell similar but not identical products is termed as _______.,Perfect competition,Imperfect competition,Monopolistic competition,Oligopoly,C,"Solution: Concept: Monopolistic competition is a market with many firms selling products that are similar but not identical. Explanation: In this market, a large number of sellers exist. Each seller offers a product that is differentiated from others. Product differentiation gives firms some control over price. Perfect competition requires identical products, so it is not the answer. An oligopoly has only a few sellers, not many. Imperfect competition is a broad category, but the specific term described is monopolistic competition. Answer: C. Monopolistic competition © examsnet.com"
CDS-2019-I-GK-038,2019,GK,Economy,Indian Economy & Financial System,Economy | Macroeconomics | Banking & Finance | Public Finance,hard,"Consider the following statements: 1. Inflation in India continued to be moderate during 2017-18. 2. There was a significant reduction in food inflation, particularly pulses and vegetables during the period. Which of the statements given above is/are correct?",1 only,2 only,Both 1 and 2,Neither 1 nor 2,A,"Solution: Concept: Inflation trends in India during 2017‑18. Explanation: Statement 1 is correct because headline inflation, based on the Consumer Price Index (CPI), averaged 3.3 % 3.3\% 3.3% in 2017‑18 — the lowest in six years. This moderate inflation is confirmed by the Economic Survey. Statement 2 is also correct: food inflation fell sharply, especially for pulses and vegetables. CPI food inflation averaged around 1 % 1\% 1% from April to December 2017. The decline was broad‑based across most commodity groups, except Housing and Fuel & Light. In fact, headline inflation was below 4 % 4\% 4% for twelve consecutive months (November 2016 to October 2017). Thus, both statements are accurate. Answer: C. Both 1 and 2 © examsnet.com"
CDS-2019-I-GK-039,2019,GK,Modern History,Indian National Movement,Modern History | Freedom Struggle | British Colonial Rule,medium,"Which one of the following hypothese postulates that individual's consumption in any time period depends upon resouces available to the individual, rate of return on his capital and age of the individual?",Absolute Income Hypothesis,Relative Income Hypothesis,Life Cycle Hypothesis,Permanent Income Hypothesis,C,"Solution: Concept: The Life Cycle Hypothesis, proposed by Ando and Modigliani, states that an individual’s consumption at any time is based on their lifetime resources, expected future income, age, and the return on assets. Explanation: This hypothesis says consumption depends on three main factors. First, the total resources available to the person include current income, wealth, and expected future earnings. Second, the rate of return on capital affects how much the individual can spend today versus save for later. Third, the age of the individual determines the stage of the life cycle – young people borrow, middle-aged save, and old people dissave. These factors together decide the consumption pattern in any given time period. The hypothesis rejects that consumption depends only on current income. Instead, it stresses that people plan their spending over their entire lifetime. This makes the Life Cycle Hypothesis the correct match for the given description. Answer: C. Life Cycle Hypothesis © examsnet.com"
CDS-2019-I-GK-040,2019,GK,General Knowledge,General Knowledge,General Knowledge | UPSC CDS | Prelims,easy,"According to John Maynard Keynes, employment depends upon _________.",Aggregate demand,Aggregate supply,Effective demand,Rate of interest,C,"Solution: Concept: Keynes argued that employment is determined by the level of effective demand in the economy. Explanation: Classical economists believed that free markets always ensure full employment through Say's Law and flexible wages. Keynes rejected this, calling full employment a special case, not the general rule. He focused on the demand side of the economy. According to Keynes, the volume of employment depends on the total spending of households, businesses, and the government – i.e., effective demand. Effective demand equals the total expenditure on goods and services at a given price level. If effective demand is low, firms produce less and hire fewer workers, causing unemployment. Only when effective demand is sufficient will full employment be achieved. Keynes explained this in his 1936 book, *The General Theory of Employment, Interest and Money*. Answer: C. Effective demand © examsnet.com"
CDS-2019-I-GK-041,2019,GK,Economy,Indian Economy & Financial System,Economy | Macroeconomics | Banking & Finance | Public Finance,easy,Which one of the following canons of taxation was not advocated by Adam Smith?,Canon of equality,Canon of certainty,Canon of convenience,Canon of fiscal adequacy,D,"Solution: Concept: Adam Smith proposed four canons of taxation; ""Canon of fiscal adequacy"" is not among them. Explanation: Adam Smith's four canons are: Canon of equality, Canon of certainty, Canon of convenience, and Canon of economy. ""Canon of fiscal adequacy"" (also called ""Canon of productivity"") was added later by other economists. Therefore, it is not a canon advocated by Adam Smith. Answer: Option D – Canon of fiscal adequacy. © examsnet.com"
CDS-2019-I-GK-042,2019,GK,Modern History,Indian National Movement,Modern History | Freedom Struggle | British Colonial Rule,easy,Which among the following Arab scientists could be given the credit of christening the mathematical discipline of algorithm?,Al-Khwarizmi,Ibn al-Haytham,Ibn Rushd,Ibn Sina,A,"Solution: Concept: The term ""algorithm"" is derived from the Latin translation of the name of the Persian mathematician Al‑Khwarizmi, who pioneered systematic step‑by‑step problem‑solving methods. Explanation: Al‑Khwarizmi (Muhammad ibn Musa al‑Khwarizmi) was a 9th‑century Persian scholar whose work in algebra and arithmetic introduced a logical, step‑wise approach to calculations. His treatise *Al‑Kitab al‑Mukhtasar fi Hisab al‑Jabr wal‑Muqabala* laid the foundation for algebra. The Latin translation of his name, *Algoritmi*, eventually gave rise to the word ""algorithm"". Thus, Al‑Khwarizmi is credited with christening the mathematical discipline of algorithm. The other scientists mentioned (Ibn al‑Haytham, Ibn Rushd, Ibn Sina) made significant contributions to optics, philosophy, and medicine, but not to the naming of the algorithm. Answer: Al‑Khwarizmi © examsnet.com"
CDS-2019-I-GK-043,2019,GK,General Knowledge,General Knowledge,General Knowledge | UPSC CDS | Prelims,easy,Which one of the following developments took place because of the Kansas-Nebraska Act of 1854?,The Missouri Compromise was repealed and people of Kansas and Nebraska were allowed to determine whether they should own slaves or not.,The Act did not permit the territories the right to vote over the question of slavery.,The voice of the majority in regard to the issue of slavery was muzzled.,The Federal Government had the sole authority to decide on slavery.,A,"Solution: Concept: The Kansas-Nebraska Act of 1854 allowed popular sovereignty in the territories, effectively repealing the Missouri Compromise. Explanation: The Kansas-Nebraska Act was passed by the US Congress on May 30, 1854. It allowed the people of Kansas and Nebraska to decide whether to permit slavery within their borders. This principle is called popular sovereignty. The Act repealed the Missouri Compromise of 1820, which had banned slavery north of latitude 3 6 ∘ 3 0 ′ 36^\circ 30' 3 6 ∘ 3 0 ′ in the Louisiana Purchase territory. As a result, pro-slavery and anti-slavery settlers rushed into Kansas to influence the vote. The first election was marred by fraud and violence, leading to the period known as ""Bleeding Kansas."" Thus, the main development was the repeal of the Missouri Compromise and the introduction of popular sovereignty. Answer: A. The Missouri Compromise was repealed and people of Kansas and Nebraska were allowed to determine whether they should own slaves or not. © examsnet.com"
CDS-2019-I-GK-044,2019,GK,Modern History,Indian National Movement,Modern History | Freedom Struggle | British Colonial Rule,easy,Which one of the following issues was included in the Indo-US Nuclear Agreement of 2007?,India has 'advance right to reprocess' US-origin safeguarded spent fuel.,India did not have the right to build a strategic fuel reserve with the help of the other supplier countries.,India should not test a nuclear device.,The US will impede the growth of India's nuclear weapons programme.,A,"Solution: Concept: The Indo-US Nuclear Agreement of 2007 included specific provisions regarding India’s right to reprocess spent nuclear fuel and build strategic reserves. Explanation: The agreement granted India an 'advance right to reprocess' US-origin safeguarded spent fuel, subject to conditions. This allowed India to operate its nuclear fuel cycle more independently. It also permitted India to build a strategic fuel reserve with the help of supplier countries, so option B is incorrect. The agreement did not require India to refrain from testing a nuclear device; option C is not part of the deal. The US committed to not impede India’s nuclear weapons programme, contradicting option D. Thus, only option A accurately reflects an included issue. Answer: Option A © examsnet.com"
CDS-2019-I-GK-045,2019,GK,Polity,Indian Constitution & Governance,Polity | Constitution of India | Governance | Constitutional Bodies,hard,"Which of the following statements about Alladi Krishnaswami Ayyar, as a drafting member of the Constitution of India, are correct? 1. He favoured the role of the Supreme Court in taking important decisions related to the interpretation of the Constitution of India. 2. He felt that the Supreme Court had to draw the line between liberty and social control. 3. He believed in the dominance of the executive over the judiciary. 4. He favoured a dictatorial form of governance. Select the correct answer using the code given below.",1 and 2 only,"1, 2 and 3",3 and 4,"1, 2 and 4",A,"Solution: Concept: Alladi Krishnaswami Ayyar’s stance on the role of the judiciary in the Indian Constitution. Explanation: Statement 1 is correct because Ayyar explicitly stated that the Supreme Court should interpret the Constitution and adjudicate rights. Statement 2 is correct because he argued that the judiciary must draw a line between liberty and social control. Statement 3 is incorrect because he did not advocate executive dominance over the judiciary; instead he stressed judicial independence within limits. Statement 4 is incorrect because he opposed dictatorial governance and favoured democratic checks and balances. Thus, only statements 1 and 2 are accurate. Answer: A. 1 and 2 only © examsnet.com"
CDS-2019-I-GK-046,2019,GK,Quantitative Aptitude,Basic Numeracy & Quantitative Aptitude,Aptitude | Mathematics | Quantitative Reasoning | Problem Solving,hard,Which of the following are the core functions of the United Nations multidimensional peacekeeping operations? 1. Stabilization 2. Peace consolidation 3. To extend support to a losing State in a war Select the correct answer using the code given below.,"1, 2 and 3",2 and 3 only,1 and 3 only,1 and 2 only,D,"Solution: Concept: Core functions of UN multidimensional peacekeeping are stabilization and peace consolidation, not partisan military support. Explanation: UN peacekeeping helps countries transition from conflict to peace. It follows three principles: consent, impartiality, and non-use of force except self-defence. Multidimensional operations include stabilizing security, supporting political processes, protecting civilians, disarmament, and rebuilding rule of law. Statement 1 (stabilization) is correct—it aims to create secure conditions. Statement 2 (peace consolidation) is correct—it builds lasting peace through governance and human rights. Statement 3 (supporting a losing state in war) is incorrect—UN is impartial; it does not take sides or aid a losing state. Thus only statements 1 and 2 are core functions. Answer: 1 and 2 only (Option D) © examsnet.com"
CDS-2019-I-GK-047,2019,GK,Modern History,Indian National Movement,Modern History | Freedom Struggle | British Colonial Rule,hard,The South China Sea Dispute involves which of the following countries? 1. China 2. Vietnam 3. Malaysia 4. Indonesia Select the correct answer using the code given below.,1 and 4,1 and 2 only,"1, 2 and 3","2, 3 and 4",C,"Solution: Concept: The South China Sea dispute is a territorial and maritime conflict among several nations claiming sovereignty over islands and waters. Explanation: The key claimants are China, Vietnam, Malaysia, the Philippines, Brunei, and Taiwan. Indonesia is not a claimant to the Spratly or Paracel Islands and is not considered a direct party to the core territorial dispute. From the given list, China (1), Vietnam (2), and Malaysia (3) are all involved, while Indonesia (4) is not. Therefore, the correct combination is 1, 2, and 3. Answer: C. 1, 2 and 3 © examsnet.com"
CDS-2019-I-GK-048,2019,GK,Environment & Ecology,"Ecology, Biodiversity & Climate Change",Environment & Ecology | Biodiversity | Conservation | Climate Change,easy,The 'Kyoto Protocol' is an international treaty that commits State parties to reduction in _________.,poverty,greenhouse gases emission,nuclear armaments,agricultural subsidy,B,"Solution: Concept: The Kyoto Protocol is an international treaty that legally binds signatory nations to reduce their greenhouse gas emissions. Explanation: It was adopted in Kyoto, Japan, on 11 December 1997 and entered into force on 16 February 2005. The treaty sets quantified emission reduction targets for developed (Annex I) countries. It operates under the United Nations Framework Convention on Climate Change (UNFCCC). The protocol acknowledges that developed nations contribute the most to current high levels of greenhouse gases in the atmosphere. Answer: B. greenhouse gases emission © examsnet.com"
CDS-2019-I-GK-049,2019,GK,Quantitative Aptitude,Basic Numeracy & Quantitative Aptitude,Aptitude | Mathematics | Quantitative Reasoning | Problem Solving,easy,The 'Beijing Declaration' is concerned with which one of the following issues?,Rights of children,Rights of women,Right to development,Reduction of tariffs,B,"Solution: Concept: The Beijing Declaration is a key outcome of the 1995 UN conference focused on advancing women's rights globally. Explanation: The Beijing Declaration was adopted at the Fourth World Conference on Women held in Beijing in September 1995. Its primary goal is to promote equality, development, and peace for all women worldwide. The declaration affirms that women's rights are an inalienable, integral part of universal human rights. It builds upon previous UN agreements to accelerate action for gender equality and the empowerment of women. Answer: B. Rights of women © examsnet.com"
CDS-2019-I-GK-050,2019,GK,Modern History,Indian National Movement,Modern History | Freedom Struggle | British Colonial Rule,easy,The 'Gujral Doctrine' relates to which one of the following issues?,Build trust between India and its neighbours,Initiate dialogue with all insurgent groups in India,Undertake development activities in Naxal-dominated areas,Ensure food security,A,"Solution: Concept: The Gujral Doctrine is a foreign policy principle focused on building trust and cooperation with neighbouring countries. Explanation: It was articulated by I.K. Gujral in 1996 when he was External Affairs Minister. The doctrine states that India, as the largest South Asian nation, should unilaterally extend concessions to its smaller neighbours. This approach aims to foster mutual trust, reduce tensions, and improve bilateral relations in the region. Answer: Option A - Build trust between India and its neighbours. © examsnet.com"
CDS-2019-I-GK-051,2019,GK,General Knowledge,General Knowledge,General Knowledge | UPSC CDS | Prelims,hard,Match List-I with List-II and select the correct answer using the code given below the Lists: List-I (Compound/Molecule) List-II (Shape of Molecule) A. C H 3 F \mathrm{CH_3F} C H 3 ​ F 1. Trigonal planar B. H C H O \mathrm{HCHO} HCHO 2. Tetrahedral C. H C N \mathrm{HCN} HCN 3. Trigonal pyramidal D. N H 3 \mathrm{NH_3} N H 3 ​ 4. Linear,"A-2, B-4, C-1, D-3","A-2, B-1, C-4, D-3","A-3, B-4, C-1, D-2","A-3, B-1, C-4, D-2",B,"Solution: Concept: VSEPR theory predicts molecular geometry based on the number of electron domains around the central atom. Explanation: A. C H 3 F \mathrm{CH_3F} C H 3 ​ F : Carbon has 4 bonding pairs and no lone pairs. Molecular shape: Tetrahedral (List‑II code 2). B. H C H O \mathrm{HCHO} HCHO (formaldehyde): Carbon has 3 electron domains (one double bond counts as one domain). Molecular shape: Trigonal planar (code 1). C. H C N \mathrm{HCN} HCN : Carbon has 2 bonding domains (triple bond counts as one). Molecular shape: Linear (code 4). D. N H 3 \mathrm{NH_3} N H 3 ​ : Nitrogen has 3 bonding pairs and 1 lone pair. Molecular shape: Trigonal pyramidal (code 3). Thus the correct match is: A‑2, B‑1, C‑4, D‑3. Answer: Option B © examsnet.com"
CDS-2019-I-GK-052,2019,GK,Polity,Indian Constitution & Governance,Polity | Constitution of India | Governance | Constitutional Bodies,easy,Very small insoluble particles in a liquid may be separated from it by using ________.,crystallization,fractional distillation,centrifugation,decantation,C,"Solution: Concept: Centrifugation uses high-speed rotation to separate very fine, insoluble solid particles from a liquid based on density differences. Explanation: • Very small insoluble particles settle extremely slowly under normal gravity. • In a centrifuge, the mixture is spun rapidly around an axis. • The resulting centrifugal force pushes denser particles outward to the bottom or walls of the tube. • The clear liquid (supernatant) can then be poured off or removed. • Other techniques fail for such tiny particles: • Crystallization produces pure crystals from a solution, not from a suspension of insoluble solids. • Fractional distillation separates liquids with different boiling points, not solids from a liquid. • Decantation relies on particles settling by gravity; very fine particles remain suspended and do not settle in a reasonable time. • Therefore, centrifugation is the most effective method for separating very small insoluble particles. Answer: C. centrifugation © examsnet.com"
CDS-2019-I-GK-053,2019,GK,General Knowledge,General Knowledge,General Knowledge | UPSC CDS | Prelims,easy,"Which one of the following elements cannot be detected by ""Lassaigne's test""?",I,Cl,S,F,D,"Solution: Concept: Lassaigne's test detects elements like nitrogen, sulphur, and halogens (except fluorine) by converting them into ionic forms through fusion with sodium. Explanation: In Lassaigne's test, the organic compound is fused with sodium metal. This converts covalent elements into ionic forms: sodium cyanide ( N a C N \mathrm{NaCN} NaCN ), sodium sulphide ( N a 2 S \mathrm{Na}_2\mathrm{S} Na 2 ​ S ), and sodium halide ( N a X \mathrm{NaX} NaX , where X = C l , B r , I \mathrm{X} = \mathrm{Cl}, \mathrm{Br}, \mathrm{I} X = Cl , Br , I ). For halogens, the sodium halide is then treated with silver nitrate ( A g N O 3 \mathrm{AgNO}_3 AgNO 3 ​ ) to form a precipitate of silver halide ( A g X \mathrm{AgX} AgX ). Fluorine does not form a precipitate under these conditions because silver fluoride ( A g F \mathrm{AgF} AgF ) is soluble in water. Thus, fluorine cannot be detected by Lassaigne's test. Chlorine, bromine, iodine, and sulphur all give characteristic positive tests. Answer: D. F (Fluorine) © examsnet.com"
CDS-2019-I-GK-054,2019,GK,General Knowledge,General Knowledge,General Knowledge | UPSC CDS | Prelims,easy,"In which of the following, functional group isomerism in not possible?",Alcohols,Aldehydes,Alkyl halides,Cyanides,C,"Solution: Concept: Functional group isomerism occurs when two or more compounds share the same molecular formula but have different functional groups. Explanation: Alcohols ( R − O H \mathrm{R-OH} R − OH ) and ethers ( R − O − R ′ \mathrm{R-O-R'} R − O − R ′ ) are functional isomers of each other. Aldehydes ( R − C H O \mathrm{R-CHO} R − CHO ) and ketones ( R − C O − R ′ \mathrm{R-CO-R'} R − CO − R ′ ) are functional isomers. Cyanides ( R − C N \mathrm{R-CN} R − CN ) and isocyanides ( R − N C \mathrm{R-NC} R − NC ) are also functional isomers. In alkyl halides (haloalkanes), the halogen atom ( X \mathrm{X} X ) can only form a single bond to carbon. It cannot form multiple bonds or any alternative attachment that would give a different functional group while keeping the same molecular formula. Hence, there is only one possible functional group for any given haloalkane formula. Therefore, functional group isomerism is not possible for alkyl halides. Answer: C. Alkyl halides © examsnet.com"
CDS-2019-I-GK-055,2019,GK,Modern History,Indian National Movement,Modern History | Freedom Struggle | British Colonial Rule,easy,Which one of the following statements is not correct?,Fischer projection represents the molecule in an eclipsed conformation.,"Newman projection can be represented in eclipsed, staggered and skew conformations.",Fischer projection of the molecule is its most stable conformation.,"In Sawhorse projections, the lines are inclined at an angle of 120° to each other.",C,"Solution: Concept: The Fischer projection is an eclipsed conformation, not the most stable one. Explanation: Fischer projections always show an eclipsed conformation, where all bonds are in the plane. Newman projections can show eclipsed, staggered, or skew conformations. Sawhorse projections use lines at 12 0 ∘ 120^\circ 12 0 ∘ to each other. The staggered conformation is more stable than the eclipsed one. Therefore, a Fischer projection (eclipsed) is the least stable, not the most stable. Answer: Option C is incorrect. © examsnet.com"
CDS-2019-I-GK-056,2019,GK,Science & Tech,General Science & Emerging Technologies,Science & Tech | General Science | Applied Science | Physics | Chemistry | Biology,easy,The x/monomers used for the synthesis of Nylon 6 is/are _________.,hexamethylenediamine and adipic acid,caprolactam,urea and formaldehyde,phenol and formaldehyde,B,"Solution: Concept: Nylon 6 is a synthetic polyamide made from a single monomer through ring-opening polymerization. Explanation: Nylon 6 is produced by the polymerization of caprolactam ( caprolactam \text{caprolactam} caprolactam ), a cyclic amide. Under heat and catalyst, caprolactam opens its ring and links together to form long polymer chains. This is a condensation polymerization process. In contrast, Nylon 6,6 requires two monomers: hexamethylenediamine and adipic acid (or their derivatives). Option A refers to Nylon 6,6, not Nylon 6. Option C (urea and formaldehyde) gives urea-formaldehyde resin, a different polymer. Option D (phenol and formaldehyde) gives phenol-formaldehyde resin (Bakelite). Hence, only caprolactam is the correct monomer for Nylon 6. Answer: B. caprolactam © examsnet.com"
CDS-2019-I-GK-057,2019,GK,General Knowledge,General Knowledge,General Knowledge | UPSC CDS | Prelims,easy,Which one among the following stars is nearest to the earth?,Sirius,Arcturus,Spica,Proxima Centauri,D,"Solution: Concept: The nearest star to Earth is Proxima Centauri, a part of the Alpha Centauri system. Explanation: The closest star system to Earth is the Alpha Centauri triple-star system, about 4.37 4.37 4.37 light-years away. Among its three stars — Alpha Centauri A, Alpha Centauri B, and Proxima Centauri — Proxima Centauri is the closest. It lies approximately 4.24 4.24 4.24 light-years from Earth. Proxima Centauri is also called Alpha Centauri C. Sirius, Arcturus, and Spica are other well‑known stars, but they are much farther away. Sirius (the Dog Star) is the brightest star in the night sky. Arcturus is the brightest star in the northern celestial hemisphere. Spica is the brightest star in the constellation Virgo. Hence, among the given options, Proxima Centauri is the nearest star to Earth. Answer: D. Proxima Centauri © examsnet.com"
CDS-2019-I-GK-058,2019,GK,General Knowledge,General Knowledge,General Knowledge | UPSC CDS | Prelims,easy,Which of the following planets of our solar system has least mass?,Neptune,Jupiter,Mars,Mercury,D,"Solution: Concept: Mercury is the least massive planet in our solar system. Explanation: Planetary mass is determined by observing the orbits of moons or spacecraft around the planet. The table below lists all eight planets in order of increasing mass (from smallest to largest). Planets (least massive to most massive) Mass of Planets in Kilograms Mercury 3.30 × 1 0 23 3.30 \times 10^{23} 3.30 × 1 0 23 Mars 6.42 × 1 0 23 6.42 \times 10^{23} 6.42 × 1 0 23 Venus 4.87 × 1 0 24 4.87 \times 10^{24} 4.87 × 1 0 24 Earth 5.97 × 1 0 24 5.97 \times 10^{24} 5.97 × 1 0 24 Uranus 8.68 × 1 0 25 8.68 \times 10^{25} 8.68 × 1 0 25 Neptune 1.02 × 1 0 26 1.02 \times 10^{26} 1.02 × 1 0 26 Saturn 5.68 × 1 0 26 5.68 \times 10^{26} 5.68 × 1 0 26 Jupiter 1.90 × 1 0 27 1.90 \times 10^{27} 1.90 × 1 0 27 The smallest mass in the list belongs to Mercury. Comparing the given options: Neptune, Jupiter, Mars, and Mercury, only Mercury has a mass as low as 3.30 × 1 0 23 3.30 \times 10^{23} 3.30 × 1 0 23 kg. Answer: Mercury. © examsnet.com"
CDS-2019-I-GK-059,2019,GK,General Knowledge,General Knowledge,General Knowledge | UPSC CDS | Prelims,medium,"Two identical solid pieces, one of gold and other of silver, when immersed completely in water exhibit equal weights. When weighted in air (given that density of gold is greater than that of silver)",the gold piece will weigh more,the silver piece will weigh more,both silver and gold pieces weigh equal,weighing will depend on their masses,B,"Solution: Concept: Buoyant force depends on volume. Equal apparent weight in water implies the object with larger volume (lower density) has a larger actual weight in air. Explanation: Given: Two pieces, gold and silver, have equal weight when fully submerged in water. Density of gold ( ρ g \rho_g ρ g ​ ) > density of silver ( ρ s \rho_s ρ s ​ ). Let W g W_g W g ​ and W s W_s W s ​ be weights in air, V g V_g V g ​ and V s V_s V s ​ be volumes. Apparent weight in water = weight in air – buoyant force. Buoyant force = weight of displaced water = V ⋅ ρ w g V \cdot \rho_w g V ⋅ ρ w ​ g . Equality in water: W g − V g ρ w g = W s − V s ρ w g W_g - V_g \rho_w g = W_s - V_s \rho_w g W g ​ − V g ​ ρ w ​ g = W s ​ − V s ​ ρ w ​ g . Since W = ρ V g W = \rho V g W = ρ V g , we get ρ g V g − ρ w V g = ρ s V s − ρ w V s \rho_g V_g - \rho_w V_g = \rho_s V_s - \rho_w V_s ρ g ​ V g ​ − ρ w ​ V g ​ = ρ s ​ V s ​ − ρ w ​ V s ​ . Thus V g ( ρ g − ρ w ) = V s ( ρ s − ρ w ) V_g (\rho_g - \rho_w) = V_s (\rho_s - \rho_w) V g ​ ( ρ g ​ − ρ w ​ ) = V s ​ ( ρ s ​ − ρ w ​ ) . Because ρ g > ρ s \rho_g > \rho_s ρ g ​ > ρ s ​ , we have ( ρ g − ρ w ) > ( ρ s − ρ w ) (\rho_g - \rho_w) > (\rho_s - \rho_w) ( ρ g ​ − ρ w ​ ) > ( ρ s ​ − ρ w ​ ) , so V g < V s V_g < V_s V g ​ < V s ​ . Silver has larger volume, hence larger buoyant force. To have the same apparent weight, the silver piece must be heavier in air to compensate for the larger upward push. Mathematically, from the equality: ρ g V g − ρ s V s = ρ w ( V g − V s ) \rho_g V_g - \rho_s V_s = \rho_w (V_g - V_s) ρ g ​ V g ​ − ρ s ​ V s ​ = ρ w ​ ( V g ​ − V s ​ ) . The right side is negative (since V g < V s V_g < V_s V g ​ < V s ​ ), so ρ g V g < ρ s V s \rho_g V_g < \rho_s V_s ρ g ​ V g ​ < ρ s ​ V s ​ , i.e., W g < W s W_g < W_s W g ​ < W s ​ . Therefore, silver weighs more in air. Answer: The silver piece will weigh more. Option B is correct. © examsnet.com"
CDS-2019-I-GK-060,2019,GK,Science & Tech,General Science & Emerging Technologies,Science & Tech | General Science | Applied Science | Physics | Chemistry | Biology,medium,"If the wavelengths corresponding to ultraviolet, visible and infrared radiations are given as λ U V \lambda_{UV} λ U V ​ , λ V I S \lambda_{VIS} λ V I S ​ and λ I R \lambda_{IR} λ I R ​ respectively, then which one of the following gives the correct relationship among these wavelengths?",λ U V < λ I R < λ V I S \lambda_{UV} < \lambda_{IR} < \lambda_{VIS} λ U V ​ < λ I R ​ < λ V I S ​,λ U V > λ V I S > λ I R \lambda_{UV} > \lambda_{VIS} > \lambda_{IR} λ U V ​ > λ V I S ​ > λ I R ​,λ U V > λ I R > λ V I S \lambda_{UV} > \lambda_{IR} > \lambda_{VIS} λ U V ​ > λ I R ​ > λ V I S ​,λ U V < λ V I S < λ I R \lambda_{UV} < \lambda_{VIS} < \lambda_{IR} λ U V ​ < λ V I S ​ < λ I R ​,D,"Solution: Concept: The electromagnetic spectrum orders radiations by wavelength; ultraviolet has the shortest, visible is intermediate, and infrared has the longest wavelength. Explanation: Ultraviolet (UV) radiation wavelengths lie between 10 nm 10\,\text{nm} 10 nm and 400 nm 400\,\text{nm} 400 nm . Visible light spans from 400 nm 400\,\text{nm} 400 nm to 700 nm 700\,\text{nm} 700 nm . Infrared (IR) radiation ranges from 700 nm 700\,\text{nm} 700 nm up to 1 mm 1\,\text{mm} 1 mm . Therefore, λ U V < λ V I S < λ I R \lambda_{UV} < \lambda_{VIS} < \lambda_{IR} λ U V ​ < λ V I S ​ < λ I R ​ is the correct order. Answer: Option D: λ U V < λ V I S < λ I R \lambda_{UV} < \lambda_{VIS} < \lambda_{IR} λ U V ​ < λ V I S ​ < λ I R ​ © examsnet.com"
CDS-2019-I-GK-061,2019,GK,Modern History,Indian National Movement,Modern History | Freedom Struggle | British Colonial Rule,medium,An electron and a proton starting from rest get accelerated through potential difference of 100 kV. The final speeds of the electron and the proton are V e V_{e} V e ​ and V p V_{p} V p ​ respectively. Which one of the following relations is correct?,V e > V p V_{e} > V_{p} V e ​ > V p ​,V e < V p V_{e} < V_{p} V e ​ < V p ​,V e = V p V_{e} = V_{p} V e ​ = V p ​,Cannot be determined,A,"Solution: Concept: The kinetic energy gained by a charged particle accelerated through a potential difference is equal to the product of its charge and the potential difference. Explanation: For both electron and proton, the charge magnitude is the same ( e e e ). The work done by the electric field is W = e × V W = e \times V W = e × V , where V = 100 kV V = 100\ \text{kV} V = 100 kV . According to the work-energy theorem, the kinetic energy gained is K = 1 2 m v 2 = e V K = \frac{1}{2} m v^2 = e V K = 2 1 ​ m v 2 = e V . Therefore, v = 2 e V m v = \sqrt{\frac{2eV}{m}} v = m 2 e V ​ ​ . This shows that speed is inversely proportional to the square root of mass. The mass of an electron ( m e m_e m e ​ ) is much smaller than the mass of a proton ( m p m_p m p ​ ). Hence, for the same e e e and V V V , the electron acquires a higher speed than the proton. Thus V e > V p V_e > V_p V e ​ > V p ​ . Answer: V e > V p V_e > V_p V e ​ > V p ​ (Option A) © examsnet.com"
CDS-2019-I-GK-062,2019,GK,General Knowledge,General Knowledge,General Knowledge | UPSC CDS | Prelims,easy,"If two vectors A ⃗ a n d B ⃗ \vec A\;and\;\vec B A an d B are at an angle θ ≠ 0°, then _________.",∣ A ⃗ ∣ + ∣ B ⃗ ∣ = ∣ A ⃗ + B ⃗ ∣ \left | {\vec A} \right | + \left | {\vec B} \right | = \left | {\vec A + \vec B} \right | ​ A ​ + ​ B ​ = ​ A + B ​,∣ A ⃗ ∣ + ∣ B ⃗ ∣ > ∣ A ⃗ + B ⃗ ∣ \left | {\vec A} \right | + \left | {\vec B} \right | > \left | {\vec A + \vec B} \right | ​ A ​ + ​ B ​ > ​ A + B ​,∣ A ⃗ ∣ + ∣ B ⃗ ∣ < ∣ A ⃗ + B ⃗ ∣ \left | {\vec A} \right | + \left | {\vec B} \right | < \left | {\vec A + \vec B} \right | ​ A ​ + ​ B ​ < ​ A + B ​,∣ A ⃗ ∣ + ∣ B ⃗ ∣ = ∣ A ⃗ − B ⃗ ∣ \left | {\vec A} \right | + \left | {\vec B} \right | = \left | {\vec A - \vec B} \right | ​ A ​ + ​ B ​ = ​ A − B ​,B,"Solution: Concept: The magnitude of the resultant vector depends on the angle between the two vectors. Explanation: The magnitude of A ⃗ + B ⃗ \vec A + \vec B A + B is given by ∣ A ⃗ + B ⃗ ∣ = ∣ A ⃗ ∣ 2 + ∣ B ⃗ ∣ 2 + 2 ∣ A ⃗ ∣ ∣ B ⃗ ∣ cos ⁡ θ |\vec A + \vec B| = \sqrt{|\vec A|^2 + |\vec B|^2 + 2|\vec A||\vec B| \cos \theta} ∣ A + B ∣ = ∣ A ∣ 2 + ∣ B ∣ 2 + 2∣ A ∣∣ B ∣ cos θ ​ . The sum of individual magnitudes is ∣ A ⃗ ∣ + ∣ B ⃗ ∣ |\vec A| + |\vec B| ∣ A ∣ + ∣ B ∣ . These two are equal only when cos ⁡ θ = 1 \cos \theta = 1 cos θ = 1 , i.e., when θ = 0 ∘ \theta = 0^\circ θ = 0 ∘ . For any θ ≠ 0 ∘ \theta \neq 0^\circ θ  = 0 ∘ , cos ⁡ θ < 1 \cos \theta < 1 cos θ < 1 , so ∣ A ⃗ ∣ + ∣ B ⃗ ∣ > ∣ A ⃗ + B ⃗ ∣ |\vec A| + |\vec B| > |\vec A + \vec B| ∣ A ∣ + ∣ B ∣ > ∣ A + B ∣ . Thus, when the angle is not zero, the sum of the magnitudes is always greater than the magnitude of the resultant. Answer: Option B: ∣ A ⃗ ∣ + ∣ B ⃗ ∣ > ∣ A ⃗ + B ⃗ ∣ \left | {\vec A} \right | + \left | {\vec B} \right | > \left | {\vec A + \vec B} \right | ​ A ​ + ​ B ​ > ​ A + B ​ © examsnet.com"
CDS-2019-I-GK-063,2019,GK,Science & Tech,General Science & Emerging Technologies,Science & Tech | General Science | Applied Science | Physics | Chemistry | Biology,easy,Which one of the following functions is not carried out by smooth endoplasmic reticulum?,Transport of materials,Synthesis of lipid,Synthesis of protein,Synthesis of steroid hormone,C,"Solution: Concept: Smooth endoplasmic reticulum (SER) lacks ribosomes, so it cannot synthesize proteins. Explanation: SER performs functions like transport of materials, synthesis of lipids, and synthesis of steroid hormones. Rough endoplasmic reticulum (RER), which has ribosomes attached, is responsible for protein synthesis. Therefore, protein synthesis is not carried out by smooth endoplasmic reticulum. Answer: C. Synthesis of protein © examsnet.com"
CDS-2019-I-GK-064,2019,GK,Science & Tech,General Science & Emerging Technologies,Science & Tech | General Science | Applied Science | Physics | Chemistry | Biology,easy,Which one of the following cell organelles mainly functions as storehouse of digestive enzymes?,Desmosome,Ribosome,Lysosome,Vacuoles,C,"Solution: Concept: Lysosomes are membrane-bound organelles that contain hydrolytic enzymes for intracellular digestion. Explanation: Lysosomes serve as the cell’s digestive system. They store powerful digestive enzymes that can break down various organic substances, including proteins, lipids, and carbohydrates. These enzymes are released to digest worn-out cell components or foreign particles. Lysosomes are found abundantly in animal cells and were first discovered by Christian de Duve in 1955. Other options do not match this function: • Desmosomes are cell junctions that provide strong adhesion between cells. • Ribosomes are composed of RNA and proteins; they synthesize proteins (called the protein factory). • Vacuoles store nutrients, waste, and pigments but do not primarily serve as a storehouse of digestive enzymes. Answer: C. Lysosome © examsnet.com"
CDS-2019-I-GK-065,2019,GK,Modern History,Indian National Movement,Modern History | Freedom Struggle | British Colonial Rule,easy,Which one of the following tissues is responsible for increase of girth in the stem of a plant?,Tracheid,Pericycle,Intercalary meristem,Lateral meristem,D,"Solution: Concept: The increase in girth (thickness) of a stem is caused by secondary growth, which is carried out by lateral meristems. Explanation: Lateral meristems are meristematic tissues located on the sides of stems and roots. They include vascular cambium and cork cambium. Vascular cambium produces secondary xylem and phloem, adding width to the stem. Cork cambium produces cork, which replaces the epidermis in older stems. Other options: Tracheid is a water-conducting cell of xylem, not involved in growth. Pericycle is a layer of cells just inside the endodermis, often involved in lateral root formation, not girth increase. Intercalary meristem is found at the base of leaves or internodes and helps in increase in length, not girth. Answer: Lateral meristem © examsnet.com"
CDS-2019-I-GK-066,2019,GK,General Knowledge,General Knowledge,General Knowledge | UPSC CDS | Prelims,easy,Which one of the following organisms is dependent on saprophytic mode of nutrition?,Agaricus,Ulothrix,Riccia,Cladophora,A,"Solution: Concept: Saprophytic nutrition is when organisms feed on dead and decaying organic matter. Explanation: Agaricus (mushroom) is a fungus that obtains nutrients by decomposing dead plant material, making it a saprophyte. It secretes enzymes onto the substrate and then absorbs the digested nutrients. In contrast, Ulothrix is a filamentous green alga that is photosynthetic (autotrophic). Riccia is a liverwort belonging to Bryophyta, which also performs photosynthesis. Cladophora is a thallophyte alga that is primarily aquatic and autotrophic. Therefore, among the options, only Agaricus depends on saprophytic nutrition. Answer: A. Agaricus © examsnet.com"
CDS-2019-I-GK-067,2019,GK,General Knowledge,General Knowledge,General Knowledge | UPSC CDS | Prelims,easy,Which one of the following has a bilateral symmetry in its body organization?,Asterias,Sea anemone,Nereis,Echinus,C,"Solution: Concept: Bilateral symmetry means the body can be divided into two identical halves along only one plane. Explanation: Among the given organisms, Nereis belongs to the phylum Annelida. Annelids are triploblastic, bilaterally symmetrical, and metamerically segmented. In contrast, Asterias (starfish) and Echinus (sea urchin) are echinoderms. Echinoderms exhibit radial symmetry (usually pentaradial) in adults. Sea anemone belongs to the phylum Cnidaria (Coelenterata). Cnidarians are radially symmetrical animals. Thus, only Nereis shows bilateral symmetry in its body organization. No other option possesses bilateral symmetry. Answer: Nereis © examsnet.com"
CDS-2019-I-GK-068,2019,GK,General Knowledge,General Knowledge,General Knowledge | UPSC CDS | Prelims,easy,Which one of the following pairs of animals is warm-blooded?,Crocodile and Ostrich,Hagfish and Dogfish,Tortoise and Ostrich,Peacock and Camel,D,"Solution: Concept: Warm-blooded animals maintain a constant internal body temperature regardless of the environment. Explanation: Mammals and birds are warm-blooded. Peacock is a bird and Camel is a mammal — both are warm-blooded. Crocodile, Tortoise (reptiles) and Hagfish, Dogfish (fish) are cold-blooded. Their body temperature changes with the surroundings. Answer: Peacock and Camel (Option D). © examsnet.com"
CDS-2019-I-GK-069,2019,GK,General Knowledge,General Knowledge,General Knowledge | UPSC CDS | Prelims,easy,Which one of the following States of India is not covered by Flood Forecasting Stations set up by the Central Water Commission?,Rajasthan,Jammu and Kashmir,Tripura,Himachal Pradesh,D,"Solution: Concept: The Central Water Commission (CWC) maintains flood forecasting stations in flood-prone interstate rivers across selected states and union territories. Explanation: The CWC network covers 19 states and 4 union territories. Covered states include Andhra Pradesh, Arunachal Pradesh, Assam, Bihar, Chhattisgarh, Gujarat, Haryana, Jharkhand, Karnataka, Madhya Pradesh, Maharashtra, Odisha, Rajasthan, Tamil Nadu, Telangana, Tripura, Uttar Pradesh, Uttarakhand, West Bengal, and the UTs of Dadra & Nagar Haveli, NCT of Delhi, Jammu & Kashmir, and Ladakh. Himachal Pradesh is not included in this list. Therefore, among the given options, Himachal Pradesh is the state not covered by CWC flood forecasting stations. Answer: Option D – Himachal Pradesh © examsnet.com"
CDS-2019-I-GK-070,2019,GK,General Knowledge,General Knowledge,General Knowledge | UPSC CDS | Prelims,easy,"The city of Cartagena, which is famous for Protocol on Biosafety, is located in ________.",Colombia,Venezuela,Brazil,Guyana,A,"Solution: Concept: Cartagena is a port city in Colombia and the namesake of the Cartagena Protocol on Biosafety. Explanation: The Cartagena Protocol on Biosafety is an international treaty under the Convention on Biological Diversity. It governs the transboundary movement of living modified organisms (LMOs) resulting from modern biotechnology. The protocol was adopted in 2000 in Cartagena, Colombia, and entered into force in 2003. LMOs are defined as any living organism with a novel combination of genetic material obtained through modern biotechnology. Thus, the city of Cartagena is located in the country of Colombia. Answer: Colombia © examsnet.com"
CDS-2019-I-GK-071,2019,GK,General Knowledge,General Knowledge,General Knowledge | UPSC CDS | Prelims,easy,Which is the most populous state of India as per 2011 census?,Goa,Mizoram,Meghalaya,Sikkim,C,"Solution: Concept: Among the given options, the state with the highest population according to the 2011 Census is identified. Explanation: The 2011 Census population figures for the listed states are as follows: Meghalaya: approximately 2 , 966 , 889 2,966,889 2 , 966 , 889 people. Goa: approximately 1 , 458 , 545 1,458,545 1 , 458 , 545 people. Mizoram: approximately 1 , 097 , 206 1,097,206 1 , 097 , 206 people. Sikkim: approximately 610 , 577 610,577 610 , 577 people. Comparing these numbers, Meghalaya has the largest population. Therefore, among Goa, Mizoram, Meghalaya, and Sikkim, Meghalaya is the most populous state. Answer: Meghalaya © examsnet.com"
CDS-2019-I-GK-072,2019,GK,General Knowledge,General Knowledge,General Knowledge | UPSC CDS | Prelims,easy,Which among the following countries of South America does the Tropic of Capricorn not pass through?,Chile,Bolivia,Paraguay,Brazil,B,"Solution: Concept: The Tropic of Capricorn is a circle of latitude at 23. 5 ∘ 23.5^\circ 23. 5 ∘ South of the Equator. Explanation: It passes through four countries in South America: Chile, Argentina, Paraguay, and Brazil. It does not pass through Bolivia. Bolivia is located north of the Tropic of Capricorn. Answer: Bolivia © examsnet.com"
CDS-2019-I-GK-073,2019,GK,Geography,Physical and Indian Geography,Geography | Physical Geography | Indian Geography | Geomorphology,easy,Which one of the following is not correct about Sargasso Sea?,It is characterized with anticyclonic circulation of ocean currents.,It records the highest salinity in Atlantic Ocean.,It is located west of Gulf Stream and east of Canary Current.,It confined in gyre of calm and motionless water.,C,"Solution: Concept: The Sargasso Sea is a unique sea without land boundaries, located in the North Atlantic Gyre. The question asks which statement about it is incorrect. Explanation: The Sargasso Sea is bounded by ocean currents: the Gulf Stream to the west, the North Atlantic Current to the north, the Canary Current to the east, and the North Atlantic Equatorial Current to the south. Option C says it is located west of the Gulf Stream and east of the Canary Current. This is wrong. In fact, the Gulf Stream forms its western boundary, so the Sargasso Sea lies east of the Gulf Stream, not west. Similarly, the Canary Current forms its eastern boundary, so it lies west of that current, not east. Options A, B, and D are correct: anticyclonic circulation, highest salinity in Atlantic, and confinement in a calm gyre. Thus the incorrect statement is C. Answer: Option C is not correct. © examsnet.com"
CDS-2019-I-GK-074,2019,GK,Economy,Indian Economy & Financial System,Economy | Macroeconomics | Banking & Finance | Public Finance,hard,Match List-I with List-II and select the correct answer using the code given below the Lists: List-I (City) List-II (Product) A. Detroit 1. Motorcar B. Antwerp 2. Diamond cutting C. Tokyo 3. Steel D. Harbin 4. Shipbuilding,"A-3, B-4, C-2, D-1","A-3, B-2, C-4, D-1","A-1, B-4, C-2, D-3","A-1, B-2, C-4, D-3",D,"Solution: Concept: Each city is globally famous for a specific industrial product. Matching them requires knowledge of their economic specializations. Explanation: Detroit, in the USA, is historically the center of the American automobile industry, known as the ""Motor City."" Hence, Detroit matches with Motorcar (1). Antwerp, a major port in Belgium, is a world hub for diamond cutting and trading. Thus, Antwerp corresponds to Diamond cutting (2). Tokyo, the capital of Japan, has a major shipbuilding industry. Therefore, Tokyo pairs with Shipbuilding (4). Harbin, a city in northeastern China, is a key center for steel production and mining. So, Harbin aligns with Steel (3). Combining these matches gives A-1, B-2, C-4, D-3. Answer: Option D: A-1, B-2, C-4, D-3. © examsnet.com"
CDS-2019-I-GK-075,2019,GK,General Knowledge,General Knowledge,General Knowledge | UPSC CDS | Prelims,easy,Which one of the following is not situated on Varanasi-Kanyakumari National Highway?,Satna,Rewa,Katni,Jabalpur,A,"Solution: Concept: The Varanasi–Kanyakumari National Highway (NH 44) passes through Rewa, Katni, and Jabalpur, but not through Satna. Explanation: The north–south NH 44 (formerly parts of NH 7) runs from Srinagar to Kanyakumari. It covers the Varanasi–Kanyakumari section. In Madhya Pradesh, the highway passes through Rewa, Katni, and Jabalpur districts. Satna district lies on a different route (NH 30) and is not on this highway. Thus, Satna is the city not situated on the Varanasi–Kanyakumari National Highway. Answer: Satna © examsnet.com"
CDS-2019-I-GK-076,2019,GK,General Knowledge,General Knowledge,General Knowledge | UPSC CDS | Prelims,easy,Which one of the following methods is not suitable for urban rainwater harvesting?,Rooftop recharge pit,Recharge wells,Gully plug,Recharge trench,C,"Solution: Concept: Urban rainwater harvesting methods suit limited space, while gully plugs are designed for rural sloping terrains. Explanation: Rooftop recharge pit works for buildings with a roof area up to 100 m 2 100\ \text{m}^2 100 m 2 to recharge shallow aquifers. Recharge wells are roadside or paved structures with perforated lids that allow percolation in urban areas. Recharge trench is suitable for large rooftop areas in buildings or houses. Gully plug is built across small gullies and streams on hill slopes using stones, clay, and bushes – this method is used in rural catchments, not in urban settings. Answer: C. Gully plug © examsnet.com"
CDS-2019-I-GK-077,2019,GK,General Knowledge,General Knowledge,General Knowledge | UPSC CDS | Prelims,hard,"If one plots the tank irrigation in India and superimposes it with map of well irrigation, one may find that the two are negatively related. Which of the following statements explain the phenomenon? 1. Tank irrigation predates well irrigation. 2. Tank irrigation is in the areas with impervious surface layers. 3. Well irrigation requires sufficient groundwater reserves. 4. Other forms of irrigation are not available. Select the correct answer using the code given below.","1, 2 and 3",2 and 3 only,3 and 4,1 and 4,B,"Solution: Concept: Tank irrigation and well irrigation are negatively related because they thrive in opposite geographic and hydrological conditions. Explanation: Tank irrigation is common in areas with hard, impervious rock layers (like parts of Peninsular India) where rainwater cannot percolate deep. These surfaces allow water to collect in tanks instead of recharging groundwater. Well irrigation, on the other hand, depends on sufficient groundwater reserves, which are scarce in such impervious regions. Thus, regions with many tanks have few wells, creating a negative spatial correlation. Statement 2 correctly identifies that tank irrigation occurs where surface layers are impervious. Statement 3 correctly notes that well irrigation needs adequate groundwater, which is absent in tank-irrigated areas. Statement 1 (historical precedence) does not explain the present negative relationship, and statement 4 is too vague and not always true. Answer: B. 2 and 3 only © examsnet.com"
CDS-2019-I-GK-078,2019,GK,General Knowledge,General Knowledge,General Knowledge | UPSC CDS | Prelims,easy,"When hot water is placed into an empty water bottle, the bottle keeps its shape and does not soften. What type of plastic is the water bottle made from?",Thermoplastic,PVC,Polyurethane,Thermosetting,D,"Solution: Concept: Thermosetting plastics retain their shape and do not soften when heated. Explanation: Plastics are classified as thermoplastics and thermosetting plastics. Thermoplastics soften on heating and can be reshaped repeatedly (e.g., polythene, PVC). Thermosetting plastics, once moulded, cannot be softened by heating due to strong cross‑links between polymer chains. In the given scenario, the bottle keeps its shape and does not soften when hot water is added. This behaviour matches the property of thermosetting plastics. Therefore, the water bottle is made from a thermosetting plastic. Answer: D. Thermosetting © examsnet.com"
CDS-2019-I-GK-079,2019,GK,General Knowledge,General Knowledge,General Knowledge | UPSC CDS | Prelims,hard,Which of the following is/are state function/functions? 1. q + w 2. q 3. w 4. H - TS Select the correct answer using the code given below.,1 and 4 only,"1, 2 and 4","2, 3 and 4",1 only,A,"Solution: Concept: A state function depends only on the initial and final states of a system, not on the path taken. Explanation: Heat ( q q q ) and work ( w w w ) are path functions – their values depend on the process followed. The sum q + w q + w q + w equals the change in internal energy ( Δ U \Delta U Δ U ), which is a state function. The expression H − T S H - TS H − TS represents Gibbs free energy ( G G G ), also a state function. Thus, items 1 and 4 are state functions, while items 2 and 3 are path functions. Therefore the correct code is 1 and 4 only. Answer: Option A – 1 and 4 only © examsnet.com"
CDS-2019-I-GK-080,2019,GK,General Knowledge,General Knowledge,General Knowledge | UPSC CDS | Prelims,hard,"For a certain reaction, Δ G θ = − 45 k J / m o l \Delta G^{\theta} = -45\ \mathrm{kJ/mol} Δ G θ = − 45 kJ/mol and Δ H θ = − 90 k J / m o l \Delta H^{\theta} = -90\ \mathrm{kJ/mol} Δ H θ = − 90 kJ/mol at 0 ∘ C 0^{\circ}\mathrm{C} 0 ∘ C . What is the minimum temperature at which the reaction will become spontaneous, assuming that Δ H θ \Delta H^{\theta} Δ H θ and Δ S θ \Delta S^{\theta} Δ S θ are independent of temperature?",273 K,298 K,546 K,596 K,C,"Solution: Concept: Spontaneity is determined by Gibbs free energy: Δ G θ = Δ H θ − T Δ S θ \Delta G^{\theta} = \Delta H^{\theta} - T \Delta S^{\theta} Δ G θ = Δ H θ − T Δ S θ . A reaction is spontaneous when Δ G θ < 0 \Delta G^{\theta} < 0 Δ G θ < 0 . The threshold temperature occurs when Δ G θ = 0 \Delta G^{\theta} = 0 Δ G θ = 0 . Explanation: Given: Δ H θ = − 90 k J / m o l \Delta H^{\theta} = -90\ \mathrm{kJ/mol} Δ H θ = − 90 kJ/mol , Δ G θ = − 45 k J / m o l \Delta G^{\theta} = -45\ \mathrm{kJ/mol} Δ G θ = − 45 kJ/mol at T = 273 K T = 273\ \mathrm{K} T = 273 K . Use Δ G θ = Δ H θ − T Δ S θ \Delta G^{\theta} = \Delta H^{\theta} - T \Delta S^{\theta} Δ G θ = Δ H θ − T Δ S θ to find Δ S θ \Delta S^{\theta} Δ S θ : − 45 = − 90 − ( 273 ) ( Δ S θ ) -45 = -90 - (273)(\Delta S^{\theta}) − 45 = − 90 − ( 273 ) ( Δ S θ ) − 45 + 90 = − 273 Δ S θ -45 + 90 = -273\ \Delta S^{\theta} − 45 + 90 = − 273 Δ S θ 45 = − 273 Δ S θ 45 = -273\ \Delta S^{\theta} 45 = − 273 Δ S θ Δ S θ = − 45 273 = − 0.1648 k J / ( m o l ⋅ K ) \Delta S^{\theta} = -\frac{45}{273} = -0.1648\ \mathrm{kJ/(mol\cdot K)} Δ S θ = − 273 45 ​ = − 0.1648 kJ/ ( mol ⋅ K ) . Both Δ H θ \Delta H^{\theta} Δ H θ and Δ S θ \Delta S^{\theta} Δ S θ are negative. For such reactions, Δ G θ \Delta G^{\theta} Δ G θ becomes zero at T = Δ H θ Δ S θ T = \frac{\Delta H^{\theta}}{\Delta S^{\theta}} T = Δ S θ Δ H θ ​ (since both are negative, T T T is positive). T = − 90 − 0.1648 ≈ 546 K T = \frac{-90}{-0.1648} \approx 546\ \mathrm{K} T = − 0.1648 − 90 ​ ≈ 546 K . At T = 546 K T = 546\ \mathrm{K} T = 546 K , Δ G θ = 0 \Delta G^{\theta} = 0 Δ G θ = 0 (equilibrium). Below 546 K 546\ \mathrm{K} 546 K , Δ G θ < 0 \Delta G^{\theta} < 0 Δ G θ < 0 (spontaneous). Above 546 K 546\ \mathrm{K} 546 K , Δ G θ > 0 \Delta G^{\theta} > 0 Δ G θ > 0 (non‑spontaneous). The question asks for the minimum temperature at which the reaction becomes spontaneous. Since the reaction is already spontaneous at 0 ∘ C 0^{\circ}\mathrm{C} 0 ∘ C ( 273 K 273\ \mathrm{K} 273 K ), the intended meaning is likely the threshold temperature where spontaneity just begins (or the temperature at which Δ G θ = 0 \Delta G^{\theta}=0 Δ G θ = 0 ). Closest option is 546 K 546\ \mathrm{K} 546 K . Answer: C. 546 K © examsnet.com"
CDS-2019-I-GK-081,2019,GK,Economy,Indian Economy & Financial System,Economy | Macroeconomics | Banking & Finance | Public Finance,easy,"The P C l 5 \mathrm{PCl}_5 PCl 5 ​ molecule has trigonal bipyramidal structure. Therefore, the hybridization of p orbitals should be __________.",s p 2 sp^{2} s p 2,s p 3 sp^{3} s p 3,d s p 2 dsp^{2} d s p 2,d s p 3 dsp^{3} d s p 3,D,"Solution: Concept: In P C l 5 \mathrm{PCl}_5 PCl 5 ​ , the central phosphorus atom forms five bonds and has no lone pairs, leading to a trigonal bipyramidal geometry which requires five hybrid orbitals. Explanation: Phosphorus has the electron configuration 3 s 2 3 p 3 3s^2\,3p^3 3 s 2 3 p 3 . To form five P − C l \mathrm{P-Cl} P − Cl bonds, it must use one 3 s 3s 3 s , three 3 p 3p 3 p , and one 3 d 3d 3 d orbital. These five orbitals hybridize to form five d s p 3 dsp^3 d s p 3 hybrid orbitals. The d s p 3 dsp^3 d s p 3 orbitals point toward the vertices of a trigonal bipyramid, matching the observed structure. Thus, the hybridization of the orbitals (including p p p orbitals) involved is d s p 3 dsp^3 d s p 3 . Answer: D. d s p 3 dsp^3 d s p 3 © examsnet.com"
CDS-2019-I-GK-082,2019,GK,Modern History,Indian National Movement,Modern History | Freedom Struggle | British Colonial Rule,medium,"In spherical polar coordinates (P, θ, α), θ denotes the polar angle around z-axis and α denotes the azimuthal angle raised from x-axis. Then the y-component of P ⃗ \vec{P} P is given by _______.",P sin ⁡ θ sin ⁡ α P \sin \theta \sin \alpha P sin θ sin α,P sin ⁡ θ cos ⁡ α P \sin \theta \cos \alpha P sin θ cos α,P cos ⁡ θ sin ⁡ α P \cos \theta \sin \alpha P cos θ sin α,P cos ⁡ θ cos ⁡ α P \cos \theta \cos \alpha P cos θ cos α,A,"Solution: Concept: Spherical coordinates use radial distance P P P , polar angle θ \theta θ (from the z z z -axis), and azimuthal angle α \alpha α (from the x x x -axis). Explanation: The projection of P ⃗ \vec{P} P onto the x y xy x y -plane has length P sin ⁡ θ P \sin \theta P sin θ . This projection makes an angle α \alpha α with the x x x -axis. Its y y y -component is ( P sin ⁡ θ ) sin ⁡ α = P sin ⁡ θ sin ⁡ α (P \sin \theta) \sin \alpha = P \sin \theta \sin \alpha ( P sin θ ) sin α = P sin θ sin α . Therefore, the y y y -component of P ⃗ \vec{P} P is P sin ⁡ θ sin ⁡ α P \sin \theta \sin \alpha P sin θ sin α . Answer: Option A: P sin ⁡ θ sin ⁡ α P \sin \theta \sin \alpha P sin θ sin α . © examsnet.com"
CDS-2019-I-GK-083,2019,GK,General Knowledge,General Knowledge,General Knowledge | UPSC CDS | Prelims,easy,"For an ideal gas, which one of the following statements does not hold true?",The speed of all gas molecules is same.,The kinetic energies of all gas molecules is zero.,The potential energy of the gas molecules is zero.,There is no interactive force between the molecules.,B,"Solution: Concept: Ideal gas model excludes intermolecular forces and potential energy, but molecules have a distribution of speeds and non-zero kinetic energy. Explanation: The kinetic theory assumes molecules are in random motion with different speeds, not all the same. Therefore, statement A (""speed of all molecules is same"") is false. Statement B is also false because molecules always possess kinetic energy; zero kinetic energy would imply absolute zero temperature, which is not a property of an ideal gas. Statements C and D are true: for an ideal gas, potential energy is zero and no interactive forces exist between molecules. Thus, both A and B do not hold true for an ideal gas. Answer: Both statements A and B do not hold true for an ideal gas. Specifically, the statement that kinetic energies of all gas molecules is zero (B) is clearly false. © examsnet.com"
CDS-2019-I-GK-084,2019,GK,Science & Tech,General Science & Emerging Technologies,Science & Tech | General Science | Applied Science | Physics | Chemistry | Biology,easy,What is a constellation?,A particular pattern of equidistant stars from the earth in the sky,A particular pattern of stars that may not be equidistant from the earth in the sky,A particular pattern of planets of our solar system in the sky,"A particular pattern of stars, planets and satellites in the sky due to their position in the space",B,"Solution: Concept: A constellation is a group of stars that forms a recognizable pattern in the night sky. Explanation: Constellations are human-defined groupings based on apparent positions as seen from Earth. The stars within a constellation are not physically close; they may be at very different distances from us. Thus, they are not necessarily equidistant from the Earth. This matches the definition in option B. Famous constellations include Ursa Major (Big Dipper), Orion, Cassiopeia, and Leo Major. Option A is incorrect because stars in a constellation are not equidistant. Option C is wrong because constellations are mostly stars, not planets. Option D is incorrect because constellations include only stars, not planets or satellites. Answer: Option B: A particular pattern of stars that may not be equidistant from the earth in the sky. © examsnet.com"
CDS-2019-I-GK-085,2019,GK,Quantitative Aptitude,Basic Numeracy & Quantitative Aptitude,Aptitude | Mathematics | Quantitative Reasoning | Problem Solving,easy,The Hooke's law is valid for _________.,only proportional region of the stress-strain curve,entire stress-strain curve,entire elastic region of the stress-strain curve,elastic as well as plastic region of the stress-strain curve,A,"Solution: Concept: Hooke’s law applies only to the initial linear portion of the stress‑strain curve, called the proportional region. Explanation: The law states that stress is directly proportional to strain, i.e., Stress ∝ Strain \text{Stress} \propto \text{Strain} Stress ∝ Strain , so Stress Strain = Young’s modulus (constant) \frac{\text{Stress}}{\text{Strain}} = \text{Young’s modulus (constant)} Strain Stress ​ = Young’s modulus (constant) . This proportionality holds only until the proportional limit, which is within the elastic region but not the whole elastic region. Beyond the proportional limit (even within the elastic limit), the relationship becomes non‑linear and Hooke’s law is no longer valid. Thus, the law is restricted to the proportional region of the stress‑strain curve. Answer: A. only proportional region of the stress‑strain curve © examsnet.com"
CDS-2019-I-GK-086,2019,GK,Science & Tech,General Science & Emerging Technologies,Science & Tech | General Science | Applied Science | Physics | Chemistry | Biology,easy,Which one of the following statements regarding histone proteins is correct?,Histones are proteins that are present in mitochondrial membrane.,Histones are proteins that are present in nucleus in association with DNA.,Histones are proteins associated with lipids in the cytosol.,Histones are proteins associated with carbohydrates in the cytosol.,B,"Solution: Concept: Histones are basic proteins that help package DNA into structural units inside the nucleus of eukaryotic cells. Explanation: Histones are rich in positively charged amino acids like lysine and arginine. This positive charge allows them to bind tightly to the negatively charged DNA backbone. They organize into octamers, around which DNA wraps to form nucleosomes — the fundamental unit of chromatin. This packaging occurs only in the nucleus, not in mitochondria or the cytosol. Thus, histones are always associated with DNA inside the nucleus. Answer: Option B — Histones are proteins that are present in nucleus in association with DNA. © examsnet.com"
CDS-2019-I-GK-087,2019,GK,General Knowledge,General Knowledge,General Knowledge | UPSC CDS | Prelims,easy,Which one of the following statements regarding haemoglobin is correct?,Haemoglobin present in RBC can carry only oxygen but not carbon dioxide.,Haemoglobin of RBC can carry both oxygen and carbon dioxide.,Haemoglobin of RBC can carry only carbon dioxide.,Haemoglobin is only used for blood clotting and not for carrying gases.,B,"Solution: Concept: Haemoglobin in red blood cells transports both oxygen and carbon dioxide. Explanation: Haemoglobin consists of a protein called globin and an iron-containing heme group. The heme part binds oxygen in the lungs and releases it to tissues. The globin part carries a small amount (about 10 10 10 – 20 % 20\% 20% ) of carbon dioxide from tissues back to the lungs. Most carbon dioxide is transported as bicarbonate ( H C O 3 − \mathrm{HCO}_3^- HCO 3 − ​ ), formed in red blood cells by the enzyme carbonic anhydrase. Thus, haemoglobin carries both oxygen and carbon dioxide, though by different mechanisms. Answer: Option B: Haemoglobin of RBC can carry both oxygen and carbon dioxide. © examsnet.com"
CDS-2019-I-GK-088,2019,GK,Science & Tech,General Science & Emerging Technologies,Science & Tech | General Science | Applied Science | Physics | Chemistry | Biology,easy,Which one of the following is the correct sequence of passage of light in a compound microscope?,"Condenser-Objective, lens-Eye-piece-Body tube","Objective, lens-Condenser-Body tube-Eyepiece",Condenser-Objective lens-Body tube-Eyepiece,Eyepiece-Objective lens-Body tube-Mirror,C,"Solution: Concept: The path of light in a compound microscope starts from the condenser and ends at the eyepiece. Explanation: A light source is first focused by the condenser onto the specimen. Light transmitted through the specimen is collected by the objective lens, which forms a magnified primary image inside the body tube. This primary image then travels through the body tube to the eyepiece (ocular lens), which further magnifies it for viewing. Thus, the correct sequence is condenser → objective lens → body tube → eyepiece. Answer: Option C: Condenser-Objective lens-Body tube-Eyepiece © examsnet.com"
CDS-2019-I-GK-089,2019,GK,General Knowledge,General Knowledge,General Knowledge | UPSC CDS | Prelims,easy,Which one of the following statements is correct?,Urea is produced in the liver.,Urea is produced in blood.,Urea is produced from the digestion of starch.,Urea is produced in the lungs and the kidneys.,A,"Solution: Concept: Urea is a waste product formed in the liver from the breakdown of amino acids. Explanation: The liver processes excess amino acids through deamination. This removes the amino group ( − N H 2 -\mathrm{NH}_2 − NH 2 ​ ), producing ammonia ( N H 3 \mathrm{NH}_3 NH 3 ​ ) and a carbon skeleton. Ammonia is highly toxic, so the liver quickly converts it into urea via the urea cycle. Urea has the formula C O ( N H 2 ) 2 \mathrm{CO}(\mathrm{NH}_2)_2 CO ( NH 2 ​ ) 2 ​ and contains carbon, nitrogen, and oxygen. Once formed, urea enters the bloodstream and is filtered by the kidneys. It is then excreted in urine. Urea is not produced in blood, lungs, kidneys, or from starch digestion. Thus, only option A is correct. Answer: Option A – Urea is produced in the liver. © examsnet.com"
CDS-2019-I-GK-090,2019,GK,Geography,Physical and Indian Geography,Geography | Physical Geography | Indian Geography | Geomorphology,easy,Which one of the following river valleys of India is under the influence of intensive gully erosion?,Kosi,Chambal,Damodar,Brahmaputra,B,"Solution: Concept: Gully erosion refers to the formation of deep channels (gullies) in soil due to running water, and the Chambal valley is notorious for such erosion, creating bad lands called ravines. Explanation: Running water cuts through clayey soils and forms deep channels called gullies. When soil is removed along definite paths down a slope, it is termed gully erosion. Due to severe gully erosion, the land becomes unfit for cultivation and is called bad land. In the Chambal basin, such bad lands are specifically known as ravines. These ravines occur extensively in the lower course of the Chambal river valley, making it the area most affected by intensive gully erosion in India. Other rivers like Kosi are known for flooding, Damodar for its coal-bearing region, and Brahmaputra for braided channels, but they do not exhibit such extensive gully erosion. Answer: Option B: Chambal © examsnet.com"
CDS-2019-I-GK-091,2019,GK,Geography,Physical and Indian Geography,Geography | Physical Geography | Indian Geography | Geomorphology,easy,Which one of the following may be the true characteristic of cyclones?,Temperate cyclones move from west to east with westerlies whereas tropical cyclones follow trade winds.,The front side of cyclone is known as the 'eye of cyclone'.,Cyclones possess a centre of high pressure surrounded by closed isobars.,Hurricanes are well-knonw tropical cyclones which develop over mid-latitudes.,A,"Solution: Concept: The question asks for the true characteristic among four statements about cyclones, including temperate and tropical types, the eye, pressure centre, and hurricane locations. Explanation: Option A is correct. Temperate cyclones (extratropical) are steered by the westerly winds and move from west to east. Tropical cyclones are influenced by the trade winds (easterlies) and generally travel from east to west. Option B is false. The ""eye"" is the calm, central region of a tropical cyclone, not the front side. The front side of a temperate cyclone is associated with the warm front. Option C is false. Cyclones are low-pressure systems. They have a centre of low pressure surrounded by closed isobars. High pressure centres are characteristic of anticyclones. Option D is false. Hurricanes are well-known tropical cyclones that develop over warm tropical or subtropical waters, not over mid-latitudes. Mid-latitude cyclones are temperate cyclones. Answer: Option A. © examsnet.com"
CDS-2019-I-GK-092,2019,GK,Science & Tech,General Science & Emerging Technologies,Science & Tech | General Science | Applied Science | Physics | Chemistry | Biology,easy,The Headquarters of the International Tropical Timber Organization is located at _________.,New Delhi,Yokohama,Madrid,Jakarta,B,"Solution: Concept: The International Tropical Timber Organization (ITTO) is an intergovernmental body that promotes sustainable management and trade of tropical timber. Explanation: The ITTO was established to facilitate conservation and sustainable use of tropical forests. Its key functions include promoting sustainable forest management, conserving tropical forests, and expanding trade in legally harvested tropical timber. The headquarters of the ITTO is located in Yokohama, Japan. Answer: Yokohama © examsnet.com"
CDS-2019-I-GK-093,2019,GK,Geography,Physical and Indian Geography,Geography | Physical Geography | Indian Geography | Geomorphology,easy,Atmospheric conditions are well-governed by humidity. Which one among the following may best define humidity?,Form of suspended water droplets caused by condensation,Deposition of atmospheric moisture,Almost microscopically small drops of water condensed from and suspended in air,The moisture content of the atmosphere at a particular time and place,D,"Solution: Concept: Humidity is a measure of the moisture content in the air. It does not refer to liquid water droplets. Explanation: Humidity specifically refers to the amount of water vapor (gaseous water) present in the atmosphere at a given time and place. It is not the same as condensed water droplets, fog, or dew. Absolute humidity is measured in grams per cubic meter ( g/m 3 \text{g/m}^3 g/m 3 ). Relative humidity compares the current vapor content to the maximum possible at that temperature, expressed as a percentage. Options A, B, and C describe forms of liquid or solid water (fog, dew, clouds), not humidity. Only option D correctly defines humidity as the moisture content of the atmosphere at a particular time and place. Answer: Option D © examsnet.com"
CDS-2019-I-GK-094,2019,GK,General Knowledge,General Knowledge,General Knowledge | UPSC CDS | Prelims,easy,The Shompens are the vulnerable tribal group of ________.,Jharkhand,Odisha,West Bengal,Andaman and Nicobar Islands,D,"Solution: Concept: The Shompens are a Particularly Vulnerable Tribal Group (PVTG) specific to the Andaman and Nicobar Islands. Explanation: The Shompens are one of the several native tribes inhabiting the Andaman and Nicobar Islands. Other native tribes of these islands include the Negrito, Great Andamanese, Onge, Jarawa, and Sentinelese. The Anthropological Survey of India (AnSI) maintains a database of such Particularly Vulnerable Tribal Groups. As of now, 75 PVTGs have been identified across 18 states and the Union Territory of Andaman and Nicobar. Thus, the Shompens belong specifically to the Andaman and Nicobar Islands, not to any mainland state like Jharkhand, Odisha, or West Bengal. Answer: Andaman and Nicobar Islands. © examsnet.com"
CDS-2019-I-GK-095,2019,GK,Modern History,Indian National Movement,Modern History | Freedom Struggle | British Colonial Rule,easy,Which one of the following cities was not included in the list of smart cities in India?,Silvassa,Jorhat,Itanagar,Kavaratti,B,"Solution: Concept: The Smart Cities Mission in India selected 100 cities for development. Jorhat was not among them. Explanation: The Ministry of Housing and Urban Affairs announced a list of 100 cities for the Smart Cities Mission. These cities receive funding for smart infrastructure and sustainable development. From the given options, Silvassa, Itanagar, and Kavaratti are included in that list. Jorhat in Assam was initially proposed but did not make the final cut. Instead, Jorhat was covered under the AMRUT scheme, which focuses on basic services like water supply, sewerage, and urban transport. Therefore, Jorhat is the city not included as a smart city. Answer: Jorhat © examsnet.com"
CDS-2019-I-GK-096,2019,GK,Quantitative Aptitude,Basic Numeracy & Quantitative Aptitude,Aptitude | Mathematics | Quantitative Reasoning | Problem Solving,easy,Find the correct arrangement of the following urban agglomerations in descending order as per their population size according to Census 2011.,Delhi-Mumbai-Kolkata-Chennai,Mumbai-Delhi-Kolkata-Chennai,Mumbai-Kolkata-Delhi-Chennai,Kolkata-Chennai-Mumbai-Delhi,B,"Solution: Concept: The correct descending order of the four major urban agglomerations by population as per Census 2011. Explanation: According to Census 2011, the population of the Mumbai urban agglomeration is approximately 18.4 million. The Delhi urban agglomeration has about 16.3 million people. The Kolkata urban agglomeration has around 14.1 million people. The Chennai urban agglomeration has about 8.7 million people. Thus, the descending order is Mumbai, then Delhi, then Kolkata, then Chennai. Answer: Option B: Mumbai-Delhi-Kolkata-Chennai. © examsnet.com"
CDS-2019-I-GK-097,2019,GK,Geography,Physical and Indian Geography,Geography | Physical Geography | Indian Geography | Geomorphology,hard,Match List-I with List-II and select the correct answer using the code given below the Lists: List-I (Type of Lake) List-II (Example) A. Tectonic 1. Lonar Lake B. Crater 2. Gangabal Lake C. Glacial 3. Purbasthali Lake D. Fluvial 4. Bhimtal Lake,"A-4, B-1, C-2, D-3","A-4, B-2, C-1, D-3","A-3, B-1, C-2, D-4","A-3, B-2, C-1, D-4",A,"Solution: Concept: Lakes are classified by their origin; the examples given represent different types based on how they formed. Explanation: • Tectonic lakes form due to earth crust movements (faulting, folding). Example: Bhimtal Lake in Uttarakhand was created by tectonic activity. • Crater lakes fill volcanic craters or calderas after eruptions. Example: Lonar Lake in Maharashtra formed in a meteorite impact crater (often considered a crater lake). • Glacial lakes are carved by glaciers and later filled with meltwater. Example: Gangabal Lake in Jammu & Kashmir is a high-altitude glacial lake. • Fluvial lakes originate from river action, such as oxbows or cut-off meanders. Example: Purbasthali Lake in West Bengal is a fluvial lake formed by the Ganges. Thus, the correct matching is: A-4, B-1, C-2, D-3. Answer: Option A: A-4, B-1, C-2, D-3 © examsnet.com"
CDS-2019-I-GK-098,2019,GK,Geography,Physical and Indian Geography,Geography | Physical Geography | Indian Geography | Geomorphology,easy,The Andaman group of islands and the Nicobar group of islands are separated by which one of the following latitudes?,8° N latitude,10° N latitude,12° N latitude,13° N latitude,B,"Solution: Concept: The Andaman and Nicobar islands are separated by a narrow water channel located along a specific latitude. Explanation: The Ten Degree Channel, lying approximately along the 1 0 ∘ N 10^\circ \mathrm{N} 1 0 ∘ N latitude, divides the Andaman group from the Nicobar group. This channel runs between Little Andaman (southernmost of the Andamans) and Car Nicobar (northernmost of the Nicobars). The name “Ten Degree” directly refers to its position near the 1 0 ∘ 10^\circ 1 0 ∘ north parallel. Thus, the correct latitudinal boundary is 1 0 ∘ 10^\circ 1 0 ∘ N, not 8 ∘ 8^\circ 8 ∘ , 1 2 ∘ 12^\circ 1 2 ∘ , or 1 3 ∘ 13^\circ 1 3 ∘ N. Answer: 1 0 ∘ 10^\circ 1 0 ∘ N latitude © examsnet.com"
CDS-2019-I-GK-099,2019,GK,Geography,Physical and Indian Geography,Geography | Physical Geography | Indian Geography | Geomorphology,easy,Damanganga Reservoir Project with about 115 km of minor canals and distributaries is located in ________.,NCT,Dadra and Nagar Haveli,Puducherry,Goa,B,"Solution: Concept: The Damanganga Reservoir Project provides water to Gujarat, Maharashtra, and Daman and Diu, with its canal network located in the union territory of Dadra and Nagar Haveli. Explanation: The Damanganga River flows through Dadra and Nagar Haveli and Daman and Diu. The project includes about 115 km of minor canals and distributaries that primarily serve this region. Among the given options, only Dadra and Nagar Haveli is a union territory where such an extensive canal network exists. NCT, Puducherry, and Goa do not have this project. Answer: B. Dadra and Nagar Haveli © examsnet.com"
CDS-2019-I-GK-100,2019,GK,Current Affairs,Current Events of National & International Importance,Current Affairs | International Relations | Government Schemes | Awards,hard,"Consider the following statements relating to Coal India Limited: 1. It is designated as a 'Maha Ratna' company under the Ministry of Coal. 2. It is the single largest coal-producing company in the world. 3. The Headquarters of Coal India Limited is located at Ranchi, Jharkhand. Which of the statements given above is/are correct?",1 only,1 and 2 only,2 and 3 only,"1, 2 and 3",B,"Solution: Concept: Coal India Limited (CIL) is a Maharatna public sector company under the Ministry of Coal and the world’s largest coal producer. Explanation: Statement 1 is correct because CIL has been granted Maharatna status, placing it among the top central public sector enterprises, and it operates under the Ministry of Coal. Statement 2 is correct because CIL produces more coal than any other single company globally. Statement 3 is incorrect because the headquarters of Coal India Limited is located in Kolkata, West Bengal, not in Ranchi, Jharkhand. Only statements 1 and 2 are accurate. Answer: B. 1 and 2 only © examsnet.com"
CDS-2019-I-GK-101,2019,GK,Polity,Indian Constitution & Governance,Polity | Constitution of India | Governance | Constitutional Bodies,easy,Afro-Asian solidarity as a central element of India's foreign policy was initiated by which of the following Prime Ministers?,Narendra Modi,I. K. Gujral,J. L. Nehru,Manmohan Singh,C,"Solution: Concept: Afro-Asian solidarity was a key pillar of India's early foreign policy, championed by Prime Minister Jawaharlal Nehru. Explanation: Nehru, as the architect of India's foreign policy, actively promoted unity among newly independent Asian and African nations. He co-founded the Non-Aligned Movement (NAM) to avoid Cold War alliances and foster collective strength. This vision was reflected in convening the Asian Relations Conference (1947) and the Bandung Conference (1955). Thus, Afro-Asian solidarity was not a later addition but a foundational element initiated by Nehru. Answer: C. J. L. Nehru © examsnet.com"
CDS-2019-I-GK-102,2019,GK,Modern History,Indian National Movement,Modern History | Freedom Struggle | British Colonial Rule,easy,The Prime Minister's National Relief Fund is operated by which one of the following bodies?,The Prime Minister's Office (PMO),The National Disaster Management Authority,The Ministry of Finance,The National Development Council (NDC),A,"Solution: Concept: The Prime Minister's National Relief Fund (PMNRF) is not a government fund but a public trust managed directly by the Prime Minister's Office (PMO). Explanation: The PMNRF is operated by the Prime Minister's Office (PMO) . It receives voluntary contributions from the public, not from government funds. Contributions to PMNRF are exempt from income tax under Section 80(G) of the Income Tax Act. The other bodies have different roles: • National Disaster Management Authority (NDMA) works under the Ministry of Home Affairs and plans for disaster management. • Ministry of Finance handles the country's financial matters. • National Development Council (NDC), chaired by the Prime Minister, is the apex body for approving Five-Year Plans. Answer: The Prime Minister's Office (PMO) © examsnet.com"
CDS-2019-I-GK-103,2019,GK,Defence & Security,"Defence, Military & Internal Security",Defence | Military Exercises | Armed Forces | Security Architecture,easy,Which one of the following statements with regard to India's surgical strike mission inside Pakistan Occupied Kashmir is correct?,It was conducted in the year 2018,It was led by the Indian Air Force,It was not given any name.,It was sanctioned by the United Nations.,C,"Solution: Concept: The surgical strike of September 2016 was a ground operation by the Indian Army and was not given any formal name. Explanation: The surgical strikes occurred on 29 September 2016, not in 2018 — option A is incorrect. It was carried out by the Indian Army, not the Indian Air Force — option B is incorrect. The operation was authorised by the Government of India, not by the United Nations — option D is incorrect. The mission was not assigned any official name, making option C the correct statement. Answer: Option C. © examsnet.com"
CDS-2019-I-GK-104,2019,GK,General Knowledge,General Knowledge,General Knowledge | UPSC CDS | Prelims,easy,Which one of the following statements about the National Green Tribunal is not correct?,It was set up in the year 2010.,It is involved in effective and expeditious disposal of cases relating to environmental protection and conservation of forests.,It may consider giving relief and compensation for damages to persons and property.,"It is bound by the procedures laid down under the Code of Civil Procedure, 1908.",D,"Solution: Concept: The National Green Tribunal (NGT) is a statutory body that operates independently of the procedural rules of the Code of Civil Procedure, 1908. Explanation: Step 1: The NGT was set up on 18 October 2010 under the National Green Tribunal Act 2010. Step 2: It is a quasi-judicial body with the same status as a High Court. Step 3: Its main objective is the effective and expeditious disposal of cases relating to environmental protection and conservation of forests. Step 4: The NGT can grant relief and compensation for damages to persons and property arising from environmental issues. Step 5: However, the NGT is not bound by the procedures laid down under the Code of Civil Procedure, 1908. Step 6: Instead, it follows its own rules and procedures for swift disposal of cases, typically within six months. Step 7: Therefore, the statement that the NGT is bound by the CPC 1908 is incorrect. Answer: Option D is the incorrect statement. The National Green Tribunal is not bound by the Code of Civil Procedure, 1908. © examsnet.com"
CDS-2019-I-GK-105,2019,GK,Polity,Indian Constitution & Governance,Polity | Constitution of India | Governance | Constitutional Bodies,easy,Which one of the following statements about the provisions of the Constitution of India with regard to the State of Jammu and Kashmir is not correct?,The Directive Principles of State Policy apply.,"Article 35A gives some special rights to the permanent residents of the State with regard to employment, settlement and property.",Article 19(1)(f) has been omitted.,Article 368 is not applicable for the amendment of Constitution of the State.,A,"Solution: Concept: The Directive Principles of State Policy (DPSP) were not made applicable to the State of Jammu and Kashmir under Article 370. Explanation: Article 370 granted special status to Jammu and Kashmir. Under this, many provisions of the Indian Constitution did not fully apply to the State. The DPSP (Part IV, Articles 36‑51) were specifically excluded from application to J&K. Instead, a separate Constitution of Jammu and Kashmir contained its own directive principles. Thus, the statement that DPSP apply to J&K is incorrect. The other options are correct for the pre‑2019 status: Option B: Article 35A gave special rights to permanent residents regarding employment, settlement, and property. Option C: Article 19(1)(f) (right to property) was omitted from the Indian Constitution by the 44th Amendment in 1978, and the same omission applied to J&K. Option D: Article 368 of the Indian Constitution (amendment procedure) did not apply to amendments of the State’s own constitution. Answer: Option A is not correct. © examsnet.com"
CDS-2019-I-GK-106,2019,GK,Modern History,Indian National Movement,Modern History | Freedom Struggle | British Colonial Rule,easy,"In 1921, during which one of the following tours, Gandhiji shaved his head and began wearing loincloth in order to identify with the poor?",Ahmadabad,Champaran,Chauri Chaura,South India,D,"Solution: Concept: Gandhi adopted a simple appearance to express solidarity with the poor. Explanation: In 1921, Gandhi undertook a tour of South India. During this tour, he shaved his head and began wearing a loincloth. He did this to identify with the poorest people of India. His new look symbolized asceticism and simplicity. This was a deliberate rejection of modern consumerist culture. The South India tour is historically recorded as the event when Gandhi made this change. Thus, among the given options, the correct tour is South India. Answer: Option D: South India © examsnet.com"
CDS-2019-I-GK-107,2019,GK,Medieval History,Medieval Indian History,Medieval History | Delhi Sultanate | Mughal Empire | Administration,easy,"Simla was founded as a hill station to use as strategic place for billeting troops, guarding frontier and launching campaign during the course of",Anglo-Maratha War,Anglo-Burmese War,Anglo-Gurkha War,Anglo-Afghan War,C,"Solution: Concept: Simla was established by the British as a strategic hill station during the Anglo-Gurkha War. Explanation: The British founded Simla (now Shimla) in 1815–16, during the course of the Anglo-Gurkha War. This hill station served as a base for billeting troops, guarding the frontier, and launching campaigns. In contrast, the Anglo-Maratha War (1818) prompted British interest in Mount Abu, not Simla. Darjeeling was acquired later, in 1835, from Sikkim. Hence, Simla’s founding is directly linked to the conflict with the Gurkhas. Answer: C. Anglo-Gurkha War © examsnet.com"
CDS-2019-I-GK-108,2019,GK,General Knowledge,General Knowledge,General Knowledge | UPSC CDS | Prelims,easy,Which politician in British India had opposed Pakistan that would mean “Muslim Raj here and Hindu Raj elsewhere”?,Khan Abdul Ghaffar Khan,Sikandar Hayat Khan,Maulana Abul Kalam Azad,Rafi Ahmed Kidwai,B,"Solution: Concept: Identifying the leader who warned against communal division in the name of Pakistan. Explanation: Sikandar Hayat Khan was the Premier of Punjab and a Unionist Party leader. He strongly advocated Hindu‑Muslim unity and opposed the creation of Pakistan. On March 11, 1941, he told the Punjab Legislative Assembly: “We do not ask for freedom that there may be Muslim Raj here and Hindu Raj elsewhere. If that is what Pakistan means, I will have nothing to do with it.” This statement directly opposes a Pakistan based on separate communal domination. Thus, the politician who made this remark is Sikandar Hayat Khan. Answer: Sikandar Hayat Khan (Option B). © examsnet.com"
CDS-2019-I-GK-109,2019,GK,Modern History,Indian National Movement,Modern History | Freedom Struggle | British Colonial Rule,hard,"Match List-I with List-II and select the correct answer using the code given below the Lists: List-I (Author) List-II (Book) A. Sekhar Bandyopadhyay 1. Jawaharlal Nehru: A Biography, Vol-l, 1889-1947 B. Sarvepalli Gopal 2. From Plassey to Partition: A History of Modern India C. David Hardiman 3. The Ascendancy of the Congress in Uttar Pradesh, 1926-1934 D. Gyanendra Pandey 4. Gandhi in His Time and Ours","A-2, B-4, C-1, D-3","A-2, B-1, C-4, D-3","A-3, B-1, C-4, D-2","A-3, B-4, C-1, D-2",B,"Solution: Concept: Matching authors to their well-known books on modern Indian history. Explanation: Sekhar Bandyopadhyay wrote “From Plassey to Partition: A History of Modern India”. Sarvepalli Gopal authored “Jawaharlal Nehru: A Biography, Vol‑I, 1889‑1947”. David Hardiman wrote “Gandhi in His Time and Ours”. Gyanendra Pandey authored “The Ascendancy of the Congress in Uttar Pradesh, 1926‑1934”. Thus the correct pairing is A‑2, B‑1, C‑4, D‑3. Answer: Option B – A‑2, B‑1, C‑4, D‑3. © examsnet.com"
CDS-2019-I-GK-110,2019,GK,Current Affairs,Current Events of National & International Importance,Current Affairs | International Relations | Government Schemes | Awards,easy,Eight States have achieved more than 99% household electrification prior to the launch of ‘Saubhagya Scheme’. Which one of the following is not among them?,Kerala,Punjab,Himachal Pradesh,Madhya Pradesh,D,"Solution: Concept: The Saubhagya scheme targeted 100% household electrification, but some states had already achieved over 99% electrification before its launch. Explanation: Eight states had already achieved more than 99% household electrification prior to the launch of the Saubhagya scheme. These states are: Andhra Pradesh, Gujarat, Goa, Haryana, Himachal Pradesh, Kerala, Punjab, and Tamil Nadu. These states were therefore ineligible for participation under the Saubhagya award scheme. The scheme was primarily aimed at states with lower electrification coverage. Among the given options, Kerala, Punjab, and Himachal Pradesh are in the list of eight states. Madhya Pradesh is not among these eight states. Answer: The state that is not among the eight is Madhya Pradesh (Option D). © examsnet.com"
CDS-2019-I-GK-111,2019,GK,General Knowledge,General Knowledge,General Knowledge | UPSC CDS | Prelims,easy,"In October 2018, India was elected as a member of the United Nations Human Rights Council for a period of _________.",five years,four years,three years,two years,C,"Solution: Concept: United Nations Human Rights Council members are elected for fixed terms. Explanation: The UN Human Rights Council has 47 members. Each member serves a term of three years. India was elected to the Council in October 2018. Its term runs from 2019 to 2022, confirming a three‑year period. Answer: Option C: three years. © examsnet.com"
CDS-2019-I-GK-112,2019,GK,Quantitative Aptitude,Basic Numeracy & Quantitative Aptitude,Aptitude | Mathematics | Quantitative Reasoning | Problem Solving,hard,"Consider the following statements about the Bureau of Pharma PSUs of India (BPPI): 1. It is the implementing agency of Pradhan Mantri Bhartiya Janaushadhi Pariyojana (PMBJP). 2. It has been registered as an independent society under the Societies Registration Act, 1860. Which of the statements given above is/are correct?",1 only,2 only,Both 1 and 2,Neither 1 nor 2,C,"Solution: Concept: BPPI is the implementing agency for the Pradhan Mantri Bhartiya Janaushadhi Pariyojana (PMBJP) and is registered as an independent society. Explanation: Statement 1 is correct because the Bureau of Pharma PSUs of India (BPPI) is the nodal agency that coordinates and implements the PMBJP across the country. Statement 2 is also correct. BPPI was registered as an independent society under the Societies Registration Act, 1860 in April 2010. It functions as a separate legal entity to manage the Janaushadhi stores and ensure affordable generic medicines. Both statements accurately describe the status and role of BPPI. Answer: C. Both 1 and 2 © examsnet.com"
CDS-2019-I-GK-113,2019,GK,Modern History,Indian National Movement,Modern History | Freedom Struggle | British Colonial Rule,hard,Consider the following statements about a scheme launched by the Government of India: It was launched to provide social security during old age and to protect elderly persons aged 60 years and above against a future fall in their interest income due to uncertain market conditions. The scheme enables old age income security for senior citizens through provision of assured pension/ return linked to the subscription amount based on government guarantee to Life Insurance Corporation of India (LICI). Identify the scheme.,Pradhan Mantri Swasthya Suraksha Yojana,Pradhan Mantri Vaya Vandana Yojana,Pradhan Mantri Ujjwala yojana,Rashtriya Vayoshri Yojana,B,"Solution: Concept: The scheme aims to provide old-age income security to senior citizens through an assured pension/return backed by a government guarantee. Explanation: The description mentions protecting elderly persons aged 60+ against a fall in interest income due to uncertain market conditions. It provides an assured pension/return on the subscription amount, with a government guarantee to Life Insurance Corporation of India (LIC). Among the given options, only Pradhan Mantri Vaya Vandana Yojana offers an assured return of 8 % 8\% 8% p.a. payable monthly (equivalent to 8.30 % 8.30\% 8.30% p.a. effective) for a period of 10 years. Other schemes serve different purposes: • Pradhan Mantri Swasthya Suraksha Yojana: setting up new AIIMS and upgrading medical colleges. • Pradhan Mantri Ujjwala Yojana: providing LPG connections to BPL women. • Rashtriya Vayoshri Yojana: providing physical aids and assisted-living devices to senior citizens below the poverty line. Thus, the correct scheme is Pradhan Mantri Vaya Vandana Yojana. Answer: B. Pradhan Mantri Vaya Vandana Yojana © examsnet.com"
CDS-2019-I-GK-114,2019,GK,Modern History,Indian National Movement,Modern History | Freedom Struggle | British Colonial Rule,easy,Who among the following won India's first ever gold medal in the International Youth Olympic Games (2018) held in Argentina?,Neeraj Chopra,Praveen Chitravel,Jeremy Lalrinnunga,Suraj Panwar,C,"Solution: Concept: Jeremy Lalrinnunga won India's first ever gold medal at the 2018 Youth Olympic Games in Buenos Aires, Argentina. Explanation: The 2018 Summer Youth Olympics were held in Buenos Aires, Argentina. Jeremy Lalrinnunga won the gold medal in the men's 62 kg weightlifting event. This was India's first ever gold medal at any Youth Olympic Games. Other Indian medalists at the same event included Suraj Panwar (silver in 5 km walk) and Praveen Chitravel (bronze in triple jump). Neeraj Chopra won gold at the 2018 Asian Games, not the Youth Olympics. Answer: Jeremy Lalrinnunga (Option C). © examsnet.com"
CDS-2019-I-GK-115,2019,GK,Environment & Ecology,"Ecology, Biodiversity & Climate Change",Environment & Ecology | Biodiversity | Conservation | Climate Change,easy,E. K. Janaki Ammal National Award on Taxonomy is administered by the __________.,Ministry of Agriculture and Farmers Welfare,Ministry of New and Renewable Energy,Ministry of Health and Family Welfare,"Ministry of Environment, Forest and Climate Change",D,"Solution: Concept: This national award for taxonomy is administered by the Ministry of Environment, Forest and Climate Change (MoEFCC). Explanation: The Ministry of Environment, Forest and Climate Change instituted the E. K. Janaki Ammal National Award on Taxonomy in the year 2000. It was created to honour the legacy of Dr. E. K. Janaki Ammal, a pioneering Indian botanist and plant cytogeneticist. She was awarded the Padma Shri in 1977 for her outstanding contributions to science. The award recognizes Indian scientists for their significant and sustained contributions to the field of taxonomy, which involves the classification and naming of living organisms. This award is specifically administered by the MoEFCC and is not under the Ministries of Agriculture, New Energy, or Health. Therefore, the correct administrative body is the Ministry of Environment, Forest and Climate Change. Answer: Option D: Ministry of Environment, Forest and Climate Change © examsnet.com"
CDS-2019-I-GK-116,2019,GK,Defence & Security,"Defence, Military & Internal Security",Defence | Military Exercises | Armed Forces | Security Architecture,easy,Which one of the following pairs of military training institute of India and location is not correctly matched?,Army War College : Mhow (Madhya Pradesh),High Altitude Warfare School : Gulmarg( Jammu And Kashmir),Army Air Defence College : Pune (Maharashtra),Rashtriya Indian Military College : Dehradhun (Uttarakhand),C,"Solution: Concept: Identify the wrongly matched pair of Indian military training institute and its location. Explanation: The Army War College is correctly located in Mhow, Madhya Pradesh. The High Altitude Warfare School is correctly located in Gulmarg, Jammu and Kashmir. The Rashtriya Indian Military College is correctly located in Dehradun, Uttarakhand. The Army Air Defence College is actually located in Gopalpur, Odisha, not in Pune, Maharashtra. Therefore, option C is the incorrectly matched pair. Answer: Option C: Army Air Defence College : Pune (Maharashtra) © examsnet.com"
CDS-2019-I-GK-117,2019,GK,Environment & Ecology,"Ecology, Biodiversity & Climate Change",Environment & Ecology | Biodiversity | Conservation | Climate Change,easy,Which one of the following viruses is responsible for the recent death of lions in Gir National Park?,Canine Distemper Virus,Nipah Virus,Hendra Virus,Foot-and-Mouth Disease Virus,A,"Solution: Concept: Canine Distemper Virus (CDV) is a highly contagious viral disease that can spread from domestic dogs to wild lions, causing severe illness and death. Explanation: The recent lion deaths in Gujarat's Gir National Park were caused by the Canine Distemper Virus (CDV). CDV is transmitted from infected domestic dogs to lions, as lions are susceptible to this canine virus. It affects the respiratory, gastrointestinal, and nervous systems of the animals, leading to high mortality. Other listed viruses are not linked to this specific outbreak: Nipah and Hendra viruses are zoonotic and mainly affect bats, horses, or humans, not lions; Foot-and-Mouth Disease affects cloven-hoofed livestock, not big cats. Answer: Canine Distemper Virus (Option A). © examsnet.com"
CDS-2019-I-GK-118,2019,GK,Current Affairs,Current Events of National & International Importance,Current Affairs | International Relations | Government Schemes | Awards,hard,"Till 2018, which of the following countries or any of state/s in the countries have legalized the possession and use of recreational cannabis? 1. United States America 2. Canada 3. Nigeria 4. Uruguay Select the correct answer using the code given below.","1, 2 and 3",2 and 4 only,1 and 4 only,"1, 2 and 4",D,"Solution: Concept: Countries or their constituent states that had legalized recreational cannabis possession and use by 2018. Explanation: By 2018, Uruguay had fully legalized recreational cannabis nationwide since 2013. Canada legalized recreational cannabis for adult use nationwide in October 2018. In the United States, several states (e.g., Colorado, Washington, Oregon, Alaska) had legalized recreational cannabis by 2018, though it remained illegal federally. Nigeria had not legalized recreational cannabis; its laws still prohibited possession and use. Thus, the countries meeting the condition were Uruguay, Canada, and the United States. Answer: D. 1, 2 and 4 © examsnet.com"
CDS-2019-I-GK-119,2019,GK,General Knowledge,General Knowledge,General Knowledge | UPSC CDS | Prelims,hard,"Which of the following are the benefits of the Pradhan Mantri Jan Arogya Yojana (PMJAY)? 1. Free treatment available at all public and empanelled private hospitals in times of need 2. Cashless and paperless access to quality health-care services 3. Government provides health insurance cover of up to Rs. 5,00,000 per family per year 4. Pre-existing diseases are not covered Select the correct answer using the code given below.",1 and 3 only,"1, 2 and 3",2 and 4 only,"2, 3 and 4",B,"Solution: Concept: Pradhan Mantri Jan Arogya Yojana (PMJAY), also known as Ayushman Bharat, is a government-funded health insurance scheme that provides cashless and paperless treatment. Explanation: Statement 1 is correct: Free treatment is available at all public and empanelled private hospitals. Statement 2 is correct: Beneficiaries get cashless and paperless access to quality health-care services. Statement 3 is correct: The government provides health insurance cover of up to Rs. 5,00,000 per family per year. Statement 4 is incorrect: Pre-existing diseases are covered from day one under this scheme. Thus, the benefits are statements 1, 2, and 3. Answer: B. 1, 2 and 3 © examsnet.com"
CDS-2019-I-GK-120,2019,GK,Current Affairs,Current Events of National & International Importance,Current Affairs | International Relations | Government Schemes | Awards,easy,The 11th BRICS Summit in 2019 will be hosted by _______.,China,Russia,Brazil,India,C,"Solution: Concept: The BRICS summit is a yearly meeting of the five member nations: Brazil, Russia, India, China, and South Africa. The host country rotates each year in the order of the acronym. Explanation: The 11th BRICS Summit was scheduled for 2019. The host country rotates in the order: Brazil, Russia, India, China, South Africa. The 10th summit was held in South Africa in 2018. Following the rotation, the 11th summit was hosted by Brazil in 2019. The summit took place in Brasília, the capital of Brazil. During the summit, leaders discussed economic growth, sustainable development, investment, infrastructure, cultural exchange, tourism, and food security. Answer: Brazil (Option C) © examsnet.com"
