Id,Year,Paper,Subject,Topics,Tags,Difficulty,Question,Option_A,Option_B,Option_C,Option_D,Correct_Answer,Explanation
CDS-2018-I-GK-001,2018,GK,General Mental Ability,Logical & Analytical Reasoning,Mental Ability | Logical Reasoning | Analytical Ability,easy,Which one of the following elements is used as a timekeeper in atomic clocks? [2018 CDS-I],Potassium,Caesium,Calcium,Magnesium,B,"Solution: Cesium is used as a time keeper in atomic clocks. Atomic clock is a type of clock that uses certain resonance frequencies of atoms (usually caesium or rubidium) to keep time with extreme accuracy. The accuracy of an atomic clock depends on two factors. The first factor is temperature of the sample atoms—colder atoms move much more slowly, allowing longer probe times. The second factor is the frequency and intrinsic width of the electronic transition. Higher frequencies and narrow lines increase the precision. © examsnet.com"
CDS-2018-I-GK-002,2018,GK,General Knowledge,General Knowledge,General Knowledge | UPSC CDS | Prelims,easy,Which one of the following elements is involved in the control of water content of the blood? [2018 CDS-I],Potassium,Lithium,Rubidium,Caesium,A,"Solution: Among the given elements, Potassium is involved in the control of water content of the blood. Kidney directly controls water content of the blood. Kidneys purify the blood by removing toxins from it, and in doing this water is excreted along with these toxins. Potassium and sodium elements are involved in the process © examsnet.com"
CDS-2018-I-GK-003,2018,GK,Science & Tech,General Science & Emerging Technologies,Science & Tech | General Science | Applied Science | Physics | Chemistry | Biology,easy,Which one of the following gases dissolves in water to give acidicsolution? [2018 CDS-I],Carbon dioxide,Oxygen,Nitrogen,Hydrogen,A,"Solution: Among the given gases, Carbon dioxide dissolves in water to give the acidic solution. Carbon Dioxide gas dissolves in water to give Hydro carbonic Acid or Carbonic Acid, in short, which is H2CO3 in chemical symbols. C O 2 + H 2 O → H 2 C O 3 \mathrm{CO}_2 + \mathrm{H}_2\mathrm{O} \rightarrow \mathrm{H}_2\mathrm{CO}_3 CO 2 ​ + H 2 ​ O → H 2 ​ CO 3 ​ (Carbonic acid).Generally, nonmetal oxides dissolve in water and form acidic solutions © examsnet.com"
CDS-2018-I-GK-004,2018,GK,General Knowledge,General Knowledge,General Knowledge | UPSC CDS | Prelims,easy,Which one of the following elements is essential for the formation of chlorophyll in green plants? [2018 CDS-I],Calcium,Iron,Magnesium,Potassium,C,"Solution: Magnesium is the element that is essential for the formation of chlorophyll in green plants. The capture of light energy from the sun is magnesium dependent. Magnesium is bound as the central atom of the Porphyrin ring of the green plant pigment chlorophyll. Magnesium is needed by plants to form chlorophyll which is the substance that makes plants green.Without magnesium sitting inside the heart of chlorophyll, plants would not be able to take nutrition from the sun because the process of photosynthesis would not go on. Because magnesium is contained in chlorophyll it is considered an essential plant mineral salt. Without chlorophyll, plants are unable to convert sunlight and carbon dioxide. © examsnet.com"
CDS-2018-I-GK-005,2018,GK,General Knowledge,General Knowledge,General Knowledge | UPSC CDS | Prelims,medium,"Consider the following chemical reaction : a F e 2 O 3 ( s ) + b C O ( g ) → c F e ( s ) + d C O 2 a\mathrm{Fe_2O_3(s)}+b\mathrm{CO(g)}\rightarrow c\mathrm{Fe(s)}+d\mathrm{CO_2} a F e 2 ​ O 3 ​ ( s ) + b CO ( g ) → c Fe ( s ) + d C O 2 ​ In the balanced chemical equation of the above, which of the following will be the values of the coefficients a, b, c and d respectively? [2018 CDS-I]","3, 2, 3, 1","1, 3, 2, 3","2, 3, 3, 1","3, 3, 2, 1",B,"Solution: Among the given options, option (b) will be the correct value of coefficients to balance the given chemical reaction. 2 F e 2 O 3 + 6 C O → 4 F e + 6 C O 2 2\mathrm{Fe_2O_3}+6\mathrm{CO}\rightarrow 4\mathrm{Fe}+6\mathrm{CO_2} 2 F e 2 ​ O 3 ​ + 6 CO → 4 Fe + 6 C O 2 ​ When you divide by 2, we will have F e 2 O 3 + 3 C O → 2 F e + 3 C O 2 \mathrm{Fe_2O_3}+3\mathrm{CO}\rightarrow 2\mathrm{Fe}+3\mathrm{CO_2} F e 2 ​ O 3 ​ + 3 CO → 2 Fe + 3 C O 2 ​ So, a=1, b=3, c=2, d=3 We need to make sure that the numbers are balanced on each side. We should start with the limiting element (in this case carbon). From there, we can work through the rest. The given reaction presents the case of reaction in the blast furnace. Here, it is so hot that carbon monoxide can be used, in place of carbon, to reduce the iron (III) oxide: Iron (III) oxide + carbon monoxide→ iron + carbon dioxide © examsnet.com"
CDS-2018-I-GK-006,2018,GK,Modern History,Indian National Movement,Modern History | Freedom Struggle | British Colonial Rule,easy,Why is argon gas used along with tungsten wire in an electric bulb? [2018 CDS-I],To increase the life of the bulb,To reduce the consumption of electricity,To make the emitted light colored,To reduce the cost of the bulb,A,"Solution: To increase the life of the bulb argon gas is used along with tungsten wire in an electric bulb. Argon gas is used in fluorescent and incandescent light bulbs to stop the oxygen in the light bulbs from corroding the hot tungsten filament. The use of argon in light bulbs prevents the evaporation of the tungsten filaments, which results in increased light bulb life. The bulb can't be filled with air because the presence of oxygen will cause the filament to burn, i.e. react with oxygen. The glass chamber can't be made vacuum as in vacuum condition, the filament will evaporate because of very high temperature, making bulb unstable. Pure tungsten has the highest melting point (3695 K), lowest vapour pressure, and greatest tensile strength out of all the metals. Because of these properties it is the most commonly used material for light bulb filaments. Argon is a non-metal gas at room temperature and is assigned the number 18 on the period table of elements. © examsnet.com"
CDS-2018-I-GK-007,2018,GK,General Knowledge,General Knowledge,General Knowledge | UPSC CDS | Prelims,easy,Which one of the following is the correct relation between the Kelvin temperature (T) and the Celsius temperature ( t c ) (t_c) ( t c ​ ) ? [2018 CDS-I],These are two independent temperature scales,T = t c T = t_c T = t c ​,T = t c − 273 ⋅ 15 T = t_c - 273 \cdot 15 T = t c ​ − 273 ⋅ 15,T = t c + 273 ⋅ 15 T = t_c + 273 \cdot 15 T = t c ​ + 273 ⋅ 15,D,"Solution: Among the given options, T = tc+ 273.15 is the correct relation between the Kelvin temperature (T) and the Celsius temperature (tc). The Kelvin scale is an absolute, thermodynamic scale with the two defining points: absolute zero at 0 and the triple point of water at 273.16. The Celsius temperature is defined to be exactly 273.15 less than the Kelvin temperature. The Fahrenheit scale is defined so that the Fahrenheit temperature is 32 more than 1.8 times the Celsius temperature. Following are the conversion formulae, Celsius to Fahrenheit ∘ F = 9 5 × ∘ C + 32 {}^{\circ}F = \frac{9}{5} \times {}^{\circ}C + 32 ∘ F = 5 9 ​ × ∘ C + 32 Kelvin to Fahrenheit ∘ F = 9 5 ( ∘ K − 273 ) + 32 {}^{\circ}F = \frac{9}{5}({}^{\circ}K - 273) + 32 ∘ F = 5 9 ​ ( ∘ K − 273 ) + 32 Fahrenheit to Celsius ∘ C = 5 9 ( ∘ F − 32 ) {}^{\circ}C = \frac{5}{9}({}^{\circ}F - 32) ∘ C = 9 5 ​ ( ∘ F − 32 ) Celsius to Kelvin K = °C + 273 Fahrenheit to Kelvin K = 5 6 ( ∘ F − 32 ) + 273 K = \frac{5}{6}({}^{\circ}F - 32) + 273 K = 6 5 ​ ( ∘ F − 32 ) + 273 © examsnet.com"
CDS-2018-I-GK-008,2018,GK,General Knowledge,General Knowledge,General Knowledge | UPSC CDS | Prelims,easy,Sound waves cannot travel through a [2018 CDS-I],copper wire placed in air,silver slab placed in air,glass prism placed in water,wooden hollow pipe placed in vacuum,D,"Solution: Sound waves cannot travel through a wooden hollow pipe placed in vacuum because sound waves are mechanical waves. Unlike Electromagnetic waves, mechanical waves can't travel in vacuum, because for their propagation they require oscillation of matter. So, mechanical wave (sound wave) can transfer only through a medium like air, water, metal, wood etc. So, fourth option is correct. © examsnet.com"
CDS-2018-I-GK-009,2018,GK,General Knowledge,General Knowledge,General Knowledge | UPSC CDS | Prelims,easy,Which one of the following is the value of one nanometer? [2018 CDS-I],1 0 − 7 10^{-7} 1 0 − 7 cm,1 0 − 6 10^{-6} 1 0 − 6 cm,1 0 − 4 10^{-4} 1 0 − 4 cm,1 0 − 3 10^{-3} 1 0 − 3 cm,A,"Solution: Among the given options, 1 0 − 7 10^{-7} 1 0 − 7 cm is the value of one nanometre. A nanometre is equivalent to: 1 × 1 0 − 9 m 1\times 10^{-9}\,\text{m} 1 × 1 0 − 9 m . 1 meter = 1 0 − 6 =10^{-6} = 1 0 − 6 mega meters = 0.000,001 mega meter 1 meter = 1 0 − 3 =10^{-3} = 1 0 − 3 kilo meters = 0.001 kilo meter 1 meter = 1 0 0 =10^{0} = 1 0 0 meters = 1 meter 1 meter = 1 0 3 =10^{3} = 1 0 3 millimetres = 1,000 millimetres 1 meter = 1 0 6 =10^{6} = 1 0 6 micro meters = 1,000,000 micro meters 1 meter = 1 0 9 =10^{9} = 1 0 9 nanometres = 1,000,000,000 nano metres © examsnet.com"
CDS-2018-I-GK-010,2018,GK,General Knowledge,General Knowledge,General Knowledge | UPSC CDS | Prelims,hard,Consider the following statements : 1. There is no net moment on a body which is in equilibrium. 2. The momentum of a body is always conserved. 3. The kinetic energy of an object is always conserved. Which of the statements given above is/are correct? [2018 CDS-I],"1, 2 and 3",2 and 3 only,1 and 2 only,1 only,D,"Solution: Among the given statements, only statement 1 is correct. The law of moments (also called the law of the lever) is stated as follows: when a body is in equilibrium the sum of the clockwise moments about any point equals the sum of the anticlockwise moments about the same point. There is no net moment on a body which is in equilibrium. Momentum is always conserved in a closed system. Momentum is not conserved if there is friction or gravity. Hence, statement 2 is incorrect. Energy is conserved only in elastic collision. Energy is not conserved in inelastic collision. So, we cannot say energy is always conserved. Hence, statement 3 is not correct. © examsnet.com"
CDS-2018-I-GK-011,2018,GK,General Knowledge,General Knowledge,General Knowledge | UPSC CDS | Prelims,hard,Working of safety fuses depends upon 1. magnetic effect of the current 2 . chemical effect of the current 3. magnitude of the current 4. heating effect of the current Select the correct answer using the code given below. [2018 CDS-I],"1, 2, 3 and 4","1, 2 and 3 only",3 and 4 only,4 only,C,"Solution: Working of safety fuses depends upon magnitude of the current and heating effect of the current. The function of the fuse is to carry normal current without interruption and during an over current situation, it rapidly heats up to melting point and isolates the circuit protected by it. The commonly used materials for fuse elements are Tin, Lead, Copper, Zinc and Silver etc. For currents up to 10A Tin or and alloy of Tin and Lead (63% Tin and 37% Lead) is used. For higher voltages copper or silver is used. © examsnet.com"
CDS-2018-I-GK-012,2018,GK,General Knowledge,General Knowledge,General Knowledge | UPSC CDS | Prelims,medium,"Statement I : By far the most common topographic form in a Karst terrain is the sinkhole. Statement II : Topographically, a sinkhole is a depression that varies in depth from less than a meter to few hundred meters. [2018 CDS-I]",(a),(b),(c),(d),B,"Solution: Both the statements are individually true but Statement II is not the correct explanation of Statement I. Karst topography is a landscape formed from the dissolution of soluble rocks such as limestone, dolomite, and gypsum. It is characterised by underground drainage systems with sinkholes and caves. It has also been documented for withering-resistant rocks, such as quartzite, given the right conditions. © examsnet.com"
CDS-2018-I-GK-013,2018,GK,Modern History,Indian National Movement,Modern History | Freedom Struggle | British Colonial Rule,easy,Statement I : Incised meanders are formed in the mature stage of a river. Statement II : Incised meanders are characterized by rejuvenation and upliftment of land. [2018 CDS-I],(a),(b),(c),(d),D,"Solution: Statement I is false but Statement II is true. Incised meanders and entrenched meanders are features formed before river rejuvenation. Incised meanders occur at the base of the river and they occur when the river base level has reduced, thus giving the river enough power for vertical erosion to take place. © examsnet.com"
CDS-2018-I-GK-014,2018,GK,General Knowledge,General Knowledge,General Knowledge | UPSC CDS | Prelims,easy,Statement I : Portions of glacial troughs may exhibit remarkably flat floors Statement II : The flat floor in a glacial trough is produced by uniform glacial erosion. [2018 CDS-I],(a),(b),(c),(d),A,"Solution: Both the statements are individually true and Statement II is the correct explanation of Statement I. U-shaped valley, Trough valleys or glacial troughs, are formed by the process of glaciation. They are characteristic of mountain glaciation in particular. Over time the valleys became straightened, widened and deepened, keeping the steep sides and acquiring a flat base. The flat floor is roughly shaped by the ice which tends to cut down more evenly than flowing water. © examsnet.com"
CDS-2018-I-GK-015,2018,GK,Geography,Physical and Indian Geography,Geography | Physical Geography | Indian Geography | Geomorphology,easy,"Statement I : In Tundra climate, biodiversity is comparatively less. Statement II : Tundra climate has less reproductive warm period. [2018 CDS-I]",(a),(b),(c),(d),B,"Solution: Both the statements are individually true but Statement II is not the correct explanation of Statement I. In Tundra climate, biodiversity is comparatively less. In the tundra, very few plants grow due to the lack of nutrients and because the ground is frozen beneath the top layer of soil. The only vegetation that grows there are shrubs, sedges, mosses, lichens, grasses, and a couple of birch trees and willow trees. There are only 48 different species of land mammals in the tundra. Tundra climate has less reproductive warm period. © examsnet.com"
CDS-2018-I-GK-016,2018,GK,Geography,Physical and Indian Geography,Geography | Physical Geography | Indian Geography | Geomorphology,medium,Statement I : Tides are the rise and fall of sea levels caused by the combined effects of the gravitational forces exerted by the Moon and the Sun and the rotation of the Earth. Statement II : The Earth rotates from west to east. [2018 CDS-I],(a),(b),(c),(d),B,"Solution: Both the statements are individually true but Statement II is not the correct explanation of Statement I. Tides are very long period waves that move through the oceans in response to the forces exerted by the moon and the sun. Tides affect the Earth's rotation in two sharply contrasting ways. One way, caused by tidal friction, produces an extremely slow secular change in rotation. The other way, caused by the continual movements of the tides about the planet, produces very small but very rapid changes in rotation. © examsnet.com"
CDS-2018-I-GK-017,2018,GK,Science & Tech,General Science & Emerging Technologies,Science & Tech | General Science | Applied Science | Physics | Chemistry | Biology,medium,Statement I : A person may suffer from tuberculosis if she/he frequently visits crowded place. Statement II : Bacteria of tuberculosis spread through droplets by sneezing or coughing. [2018 CDS-I],(a),(b),(c),(d),A,"Solution: Both the statements are individually true and Statement II is the correct explanation of Statement I. The Mycobacterium tuberculosis bacterium causes TB. It is spread through the air when a person with TB (whose lungs are affected) coughs, sneezes, spits, laughs, or talks. TB is an airborne pathogen, meaning that the bacteria that cause TB can spread through the air from person to person. © examsnet.com"
CDS-2018-I-GK-018,2018,GK,Science & Tech,General Science & Emerging Technologies,Science & Tech | General Science | Applied Science | Physics | Chemistry | Biology,medium,Statement I : Bioaccumulation is a process of progressive accumulation of heavy metals and pesticides in an organism. Statement II : Large fishes of the pond are found to have higher concentration of pesticides than planktons of the same pond. [2018 CDS-I],(a),(b),(c),(d),B,"Solution: Both the statements are individually true but Statement II is not the correct explanation of Statement I. Bioaccumulation, or bio concentration, is the progressive increase in the amount of a substance in an organism or part of an organism that occurs because the rate of intake exceeds the organism's ability to remove the substance from the body. Bioaccumulation often correlates with lipophilicity. Some animal species exhibit bioaccumulation as a mode of defence; by consuming toxic plants or animal prey, a species may accumulate the toxin, which then presents a deterrent to a potential predator. © examsnet.com"
CDS-2018-I-GK-019,2018,GK,General Knowledge,General Knowledge,General Knowledge | UPSC CDS | Prelims,easy,Which one of the following is a true fish as per the biological system of classification? [2018 CDS-I],Silverflsh,Jellyfish,Cuttlefish,Flying fish,D,"Solution: Flying fish is a true fish as per the biological system of classification. Flying fish, any of about 40 species of oceanic fishes of the family Exocoetidae (order Atheriniformes), found worldwide in warm waters and are noted for their ability to fly. They are all small, attaining a maximum length of about 45 cm (18 inches), and have wing like, rigid fins and an unevenly forked tail. Silverfish are not fish, they're insects. The name silverfish is derived from their silvery grey and blue colouring along with the fish like appearance of its movements. Jellyfish are not true fish, they are vertebrates. © examsnet.com"
CDS-2018-I-GK-020,2018,GK,General Knowledge,General Knowledge,General Knowledge | UPSC CDS | Prelims,easy,In which one of the following types of connective tissues in animals does fat get stored? [2018 CDS-I],Adipocyte,Chondrocyte,Osteocyte,Reticulocyte,A,"Solution: In Adipocyte types of connective tissues in animals does fat get stored. Adipocyte is a loose connective tissue that fills up space between organs and tissues and provides structural and metabolic support. It is part of the nutrient glue that holds us all together. Adipocyte tissue is often referred to as fat. Adipose tissue is found directly beneath the skin, between muscles, around the kidneys and heart, behind the eyeballs, and abdominal membranes. It serves as a layer of protection, absorbing shock potentially sustained by the tissue © examsnet.com"
CDS-2018-I-GK-021,2018,GK,General Knowledge,General Knowledge,General Knowledge | UPSC CDS | Prelims,easy,Which one of the following pairs about organ/part that helps in locomotion is not correctly matched? [2018 CDS-I],Euglena : Flagellum,Paramecium : Cilia,Nereis : Pseudopodia,Starfish : Tubefeet,C,"Solution: Option three is not correctly matched. Two structural elements are especially important in the locomotion of Nereis – the longitudinal muscles of the body wall and the parapodia. Pseudopodia or ""false feet"" are temporary projections of cell wall. They are used by some eukaryotic cells to move around or to eat. The amoeba is a common example. There are two methods of locomotion in Euglena Viridis; Flagellar movement and Euglenoid movement. Paramecium Caudatum performs locomotion by two methods, viz., metaboly or body contortions and by cilia © examsnet.com"
CDS-2018-I-GK-022,2018,GK,Science & Tech,General Science & Emerging Technologies,Science & Tech | General Science | Applied Science | Physics | Chemistry | Biology,easy,Lysosome is formed from which of the following cell organelles? [2018 CDS-I],Nucleus,Endoplasmic reticulum,Golgi bodies,Ribosomes,C,"Solution: Lysosomes are formed from the fusion of vesicles from the Golgi bodies with endosomes.. Lysosomes are membraneenclosed organelles that contain an array of enzymes capable of breaking down all types of biological polymers—proteins, nucleic acids, carbohydrates, and lipids. Lysosomes function as the digestive system of the cell, serving both to degrade material taken up from outside the cell and to digest obsolete components of the cell itself. © examsnet.com"
CDS-2018-I-GK-023,2018,GK,Modern History,Indian National Movement,Modern History | Freedom Struggle | British Colonial Rule,medium,A protein is synthesized in the endoplasmic reticulum bound ribosomes and it targets to the inner thylakoid space of chloroplast. How many double-layered membrane layers it has to pass to reach its destination? [2018 CDS-I],2,3,4,5,B,Solution: A protein is synthesised in the endoplasmic reticulum bound ribosomes and it targets to the inner thylakoid space of chloroplast. It has to pass three double-layered membrane layers to reach its destination. A thylakoid is a membrane-bound compartment inside chloroplasts and cyanobacteria. They are the site of the light-dependent reactions of photosynthesis. Thylakoids consist of a thylakoid membrane surrounding a thylakoid lumen. © examsnet.com
CDS-2018-I-GK-024,2018,GK,Geography,Physical and Indian Geography,Geography | Physical Geography | Indian Geography | Geomorphology,easy,Which of the following causes adiabatic temperature changes in atmosphere? [2018 CDS-I],Deflection and advection,Latent heat of condensation,Expansion and compression of the air,Partial absorption of solar radiation by the atmosphere,C,"Solution: Expansion and compression of the air causes adiabatic temperature changes in atmosphere. Air at lower altitude exchange heat with earth surface and because of this its temperature changes hence this is non adiabatic temperature change in atmosphere. But, air at higher altitude doesn’t exchange heat with earth surface instead when parcel of air rises up pressure decreases and to compensate this air expand and does work on atmosphere ,in doing so it utilize its energy hence, temperature goes down and when air comes down, pressure increases and to compensate this air contracts in this case work is done on the air by atmosphere so energy increases and temperature also increases .We can see heat is not exchanged but it is utilised in the form of work to change the temperature of atmosphere . Hence, expansion and compression of air causes adiabatic temperature changes in atmosphere. So, option (c) is correct. © examsnet.com"
CDS-2018-I-GK-025,2018,GK,General Knowledge,General Knowledge,General Knowledge | UPSC CDS | Prelims,easy,Which one of the following is applicable to collision-coalescence. process of precipitation? [2018 CDS-I],Clouds which do not extend beyond the freezing level,Clouds which extend beyond the freezing level,All types of clouds,Cirrocumulus cloud,A,"Solution: Collision-coalescence process of precipitation is applicable to those clouds where the bases of such clouds do not extend beyond the freezing level. These clouds are called warm clouds. These clouds contain large number of cloud droplets of different sizes. The large drops grow at the cost of smaller ones. As such, they collide with the smaller droplets which are captured and become a part of it. © examsnet.com"
CDS-2018-I-GK-026,2018,GK,General Knowledge,General Knowledge,General Knowledge | UPSC CDS | Prelims,easy,Which one of the following places of India experiences highest atmospheric pressure during winter? [2018 CDS-I],Jaisalmer,Leh,Chennai,Guwahati,B,"Solution: Among the places of India mentioned here, Leh experiences the highest atmospheric pressure during winter because, Leh is at an altitude of 3,524 metres (11,562 ft) which result in descend of air giving birth to very high pressure on the land. Chennai is close to Equator that means there is low pressure. Factors affecting atmospheric pressure are temperature, height from sea level, moisture in Air (Humidity), gravitation of Earth. © examsnet.com"
CDS-2018-I-GK-027,2018,GK,Modern History,Indian National Movement,Modern History | Freedom Struggle | British Colonial Rule,hard,Match List-1 with List-ll and select the correct answer using the code given below the Lists : List-I (Hypothesis/ Theory) List-II (Propounder) A. Planetesimal hypothesis 1. Kober B. Thermal contraction theory 2. Chamberlin C. Geosynclinal Orogen theory 3. Daly D. Hypothesis of sliding continent 4. Jeffreys Code: A B C D (a) 2 4 1 3 (b) 2 1 4 3 (c) 3 1 4 2 (d) 3 4 1 2 [2018 CDS-I],a,d,c,b,A,"Solution: The Chamberlin–Moulton Planetesimal hypothesis was proposed in 1905 by geologist Thomas Chrowder Chamberlin and astronomer Forest Ray Moulton to describe the formation of the solar system. Jeffreys postulated ‘thermal contraction theory’ to explain the origin and evolution of major reliefs of the earth’s surface (continents, ocean basins, mountains, island arcs and festoons) but his major objective was to explain the origin and distributional patterns of mountain systems of the globe. Kober put forth Geosynclinal Orogen theory. His main objective was to establish relationship between ancient rigid masses or tablelands and more mobile zones or geosynclines, which he called orogen. Daly postulated his theory of sliding continents in his book 'Our Mobile Earth' in the year 1926 to explain the origin and evolution of different relief features of the earth's surface. So, first option provides the correct code for the answer. © examsnet.com"
CDS-2018-I-GK-028,2018,GK,General Knowledge,General Knowledge,General Knowledge | UPSC CDS | Prelims,easy,Bright light is found to emit from photographer’s flashgun. Thisbrightness is due to the presence of which one of the following noble gases? [2018 CDS-I],Argon,Xenon,Neon,Helium,B,"Solution: Due to the presence of Xenon, a Nobel gas, bright light is found to emit from photographer’s flashgun. An electronic flash contains a tube filled with xenon gas, where electricity of high voltage is discharged to generate an electrical arc that emits a short flash of light. (A typical duration of the light impulse is 1/1000 second) © examsnet.com"
CDS-2018-I-GK-029,2018,GK,Polity,Indian Constitution & Governance,Polity | Constitution of India | Governance | Constitutional Bodies,easy,Which one of the following is not a characteristic of a compound? [2018 CDS-I],Composition is variable.,All particles of compound are of only one type.,Particles of compound have two or more elements.,Its constituents cannot be separated by simple physical methods.,B,"Solution: Characteristics of a compound:- → Compounds are made up of 2 or more elements and they are all chemically bonded. →The properties of a compound are different from the elements that make it up. → Compounds can be broken back into elements by chemical reaction, exposure to light, etc. → Compounds can be separated only chemically, not by physical means. → The mass of the compound is determined by the mass of the elements that make it up. Thus, from given options, statement 2 does not match the characteristics of a compound © examsnet.com"
CDS-2018-I-GK-030,2018,GK,General Knowledge,General Knowledge,General Knowledge | UPSC CDS | Prelims,hard,Which of the following substances cause temporary hardness in water? 1. M g ( H C O 3 ) 2 Mg(HCO_3)_2 M g ( H C O 3 ​ ) 2 ​ 2. C a ( H C O 3 ) 2 Ca(HCO_3)_2 C a ( H C O 3 ​ ) 2 ​ 3. C a C l 2 CaCl_2 C a C l 2 ​ 4. M g S O 4 MgSO_4 M g S O 4 ​ Select the correct answer using the code given below. [2018 CDS-I],3 and 4,2 and 3,1 and 4,1 and 2,D,"Solution: Among the given items, first and second substance causes temporary hardness in water. There are two types of water hardness: temporary and permanent hardness. Temporary hardness: due to the presence of calcium hydrogen carbonate C a ( H C O 3 ) 2 ( a q ) Ca(HCO_3)_{2(aq)} C a ( H C O 3 ​ ) 2 ( a q ) ​ and magnesium hydrogen carbonate M g ( H C O 3 ) 2 ( a q ) Mg(HCO_3)_{2(aq)} M g ( H C O 3 ​ ) 2 ( a q ) ​ Permanent hardness: due to thepresence of the chlorides, nitrates and sulphates of calcium and magnesium. Temporary hardness can be removed by boiling the water but permanent hardness cannot be removed by boiling. © examsnet.com"
CDS-2018-I-GK-031,2018,GK,General Knowledge,General Knowledge,General Knowledge | UPSC CDS | Prelims,easy,Which one of the following elements will be an isobar of calcium if the atomic number of calcium is 20 and its mass number is 40? [2018 CDS-I],Element with 20 protons and 18 neutrons,Element with 18 protons and 19 neutrons,Element with 20 protons and 19 neutrons,Element with 18 protons and 22 neutrons,D,Solution: Element with 18 protons and 22 neutrons will be an isobar of calcium if the atomic number of calcium is 20 and its mass number is 40. Isobars are atoms belonging to different elements with the same mass numbers but different atomic numbers. For example: Calcium and Argonare isobars. © examsnet.com
CDS-2018-I-GK-032,2018,GK,Modern History,Indian National Movement,Modern History | Freedom Struggle | British Colonial Rule,easy,Which of the following represents a relation for heat lost = heat gained’? [2018 CDS-I],Principle of thermal equilibrium,Principle of colors,Principle of calorimetiy,Principle of vaporization,C,Solution: Third option represents the given relation as the principle of calorimeter states that if there is no loss of heat in surrounding the total heat lost by hot body equal to the total heat gained by a cold body .i.e. heat lost = heat gained Principle of Thermal Equilibrium Thermal equilibrium obeys the zeroth law of thermodynamics. A system is said to be in thermal equilibrium with itself if the temperature within the system is spatially and temporally uniform Principle of colours- The principles of colour theory are just like the other design principles we use every day—they are creative tools that can be used to solve visual problems. Principle of vaporisation Vaporisation of an element or compound is a phase transition from the liquid phase to vapour. © examsnet.com
CDS-2018-I-GK-033,2018,GK,Science & Tech,General Science & Emerging Technologies,Science & Tech | General Science | Applied Science | Physics | Chemistry | Biology,medium,"Two metallic wires made from copper have same length but the radius of wire 1 is half of that of wire 2. The resistance of wire 1 is R. If both the wires are joined together in series, the total resistance becomes [2018 CDS-I]",2R,R 2 \frac{R}{2} 2 R ​,5 4 R \frac{5}{4}R 4 5 ​ R,3 4 R \frac{3}{4}R 4 3 ​ R,C,"Solution: According to formula, R = ρ l A R = \frac{\rho l}{A} R = A ρl ​ where R = resistance of the conductor (ohms, Ω) ρ =  resistivity of the conductor material (ohm meter, Ω m) l = length of conductor (m) A = cross-sectional area of conductor m 2 \text{m}^2 m 2 When connected in series R TOTAL = R 1 + R 2 = R + R 4 R_{\text{TOTAL}} = R_1 + R_2 = \frac{R + R}{4} R TOTAL ​ = R 1 ​ + R 2 ​ = 4 R + R ​ R TOTAL = 5 R 4 R_{\text{TOTAL}} = \frac{5R}{4} R TOTAL ​ = 4 5 R ​ © examsnet.com"
CDS-2018-I-GK-034,2018,GK,Science & Tech,General Science & Emerging Technologies,Science & Tech | General Science | Applied Science | Physics | Chemistry | Biology,easy,"When the Sun is near the horizon during the morning or evening, it appears reddish. The phenomenon that is responsible for this observation is [2018 CDS-I]",reflection of light,refraction of light,dispersion of light,scattering of light,D,"Solution: When the sun is near the horizon during the morning or evening, it appears reddish. The phenomenon that is responsible for this observation is scattering of light. During sunrise and sunset, the sunlight has to travel a larger part of the atmosphere because they are very close to the horizon. Therefore, light other than red is mostly scattered away because of their short wavelength as light having shorter wavelength cannot travel longer distances. Most of the red light, which is the least scattered due to its long wavelength, enters our eyes. Hence, the sun and the sky appear red due to scattering of light. It should be noted that during sunrise and sunset, sun appears bigger in size due to refraction of light. © examsnet.com"
CDS-2018-I-GK-035,2018,GK,General Knowledge,General Knowledge,General Knowledge | UPSC CDS | Prelims,hard,Match List-I with List-II and select the correct answer using the code given below the Lists : List-I (Cloud) List-II (Characteristic) A. Cirrus 1. Rain-giving B. Stratus 2. Feathery appearance C. Nimbus 3. Vertically growing D. Cumulus 4. Horizontally spreading Code: A B C D (a) 3 1 4 2 (b) 2 1 4 3 (c) 2 4 1 3 (d) 3 4 1 2 [2018 CDS-I],b,a,d,c,D,"Solution: Cirrus clouds are high feathery clouds. They are up so high they are actually made of ice particles. They are indicators of fair weather when they are scattered in a clear blue sky. Stratus clouds are low-level clouds characterised by horizontal layering with a uniform base. Nimbus is a fancy word, but it really just means a cloud that already has rain or snow falling out of it. Cumulonimbus clouds become darker at the base and grow enormous in vertical size. © examsnet.com"
CDS-2018-I-GK-036,2018,GK,Modern History,Indian National Movement,Modern History | Freedom Struggle | British Colonial Rule,easy,Which one of the following is not an exclusive right of the concerned coastal nations over Exclusive Economic Zone (EEZ)? [2018 CDS-I],Survey and exploitation of mineral resources of ocean deposits,Exploitation of marine water energy and marine organisms including fishing,Conservation and management of marine resources,Navigation of ships and laying down submarine cables,D,"Solution: In the exclusive economic zone, all States, whether coastal or landlocked, enjoy, the freedoms of navigation and overflight and of the laying of submarine cables and pipelines, and other internationally lawful uses of the sea. An Exclusive Economic Zone is a sea zone prescribed by the United Nations Convention on the Law of the Sea over which a state has special rights regarding the exploration and use of marine resources, including energy production from water and wind. © examsnet.com"
CDS-2018-I-GK-037,2018,GK,Science & Tech,General Science & Emerging Technologies,Science & Tech | General Science | Applied Science | Physics | Chemistry | Biology,easy,In which one of the following groups of States in India is the Integrated Coastal Zone Management (ICZM) Project being implemented as a pilot investment? [2018 CDS-I],"Gujarat, Kerala and Goa","Kerala, Karnataka and Andhra Pradesh","Gujarat, Odisha and West Bengal","Maharashtra, Andhra Pradesh and Tamil Nadu",C,"Solution: The Integrated Coastal Zone Management [ICZM] Project being implemented as a pilot investment in the states of Gujarat, Odisha and West Bengal. The objective of the ICZM Project is to assist Government of India in building national capacity for implementation of comprehensive coastal management approach in the country, and piloting the integrated coastal zone management approach in states of Gujarat, Odisha and West Bengal. The Project is aided by the World Bank. © examsnet.com"
CDS-2018-I-GK-038,2018,GK,Science & Tech,General Science & Emerging Technologies,Science & Tech | General Science | Applied Science | Physics | Chemistry | Biology,medium,Which of the following statements about the National Water Academy (NWA) is/are correct? 1. The primary objective of the NWA is to function as Centre of Excellence in training for in-service engineers from Central and State organizations on various aspects of water resource planning. 2. The NWA is located in New Delhi. Select the correct answer using the code given below. [2018 CDS-I],1 only,2 only,Both 1 and 2,Neither 1 nor 2,A,"Solution: The National Water Academy [NWA] is located in Pune (not in New Delhi). So, the second statement is not correct. NWA is envisaged to function as a ‘Centre of Excellence’ in training water resources personnel. It addresses the wider training needs of water resources engineers of States and Central Agencies in the fields of planning, design, evaluation, construction, operation, and management and monitoring of water resources projects. National Water Academy (earlier named as Central Training Unit) was set up in Central Water Commission in the year 1988, to impart training to the in-service engineers of various Central/State organisations involved in the Development and Management of Water Resources. © examsnet.com"
CDS-2018-I-GK-039,2018,GK,General Knowledge,General Knowledge,General Knowledge | UPSC CDS | Prelims,medium,"A wire of copper having length I and area of cross-section A is taken and a current / is flown through it. The power dissipated in the wire is P. If we take an aluminium wire having same dimensions and pass the same current through it, the power dissipated will be [2018 CDS-I]",P,< P,> P,2P,C,"Solution: Power dissipation = i 2 R =i^2R = i 2 R Where, I is the current and R is theresistance of wire. R = P L A R = \frac{PL}{A} R = A P L ​ P is the resistivity of wire which is material dependent. P (Al) is greater than p (Cu) Since, current, length and area of wire is the same, so, power dissipation completely depends on resistivity of material. More the resistivity of material more resistance will be offered to the flow of current and hence, more power dissipation. Here, power will be dissipated more in Aluminium wire. Power (Al) > power (Cu) And given power (Cu) = P Hence, power (Al) > p Therefore, the third option is correct. © examsnet.com"
CDS-2018-I-GK-040,2018,GK,Modern History,Indian National Movement,Modern History | Freedom Struggle | British Colonial Rule,easy,"The pressure of a fluid varies with depth h as P = P 0 + ρ g h P = P_0 + \rho g h P = P 0 ​ + ρ g h , where ρ is the fluid density. This expression is associated with [2018 CDS-I]",Pascal’s law,Newton’s law,Bernoulli’s principle,Archimedes’ principle,A,"Solution: The pressure of a fluid Varies depth h as P = P 0 + ρ g h P = P_0 + \rho g h P = P 0 ​ + ρ g h , where p is the fluid density. This expression is associated with Pascal's law. Pressure in fluid varies with depth is hydro-static law which is derived from Pascal’s law. Pascal law states that in the same fluid ,at the same level, pressure is the same, at all points, but hydro-static law tells with increase in depth pressure increases and vice versa. In our question, pressure is given as a function of depth which is exactly associated with hydro-static law. But, since in option, it is not given so better to go with the Pascal’s law. Bernoulli's principle: This is an application of conservation of energy. Archimedes law: This law states that the buoyancy force exerted on the body by the liquid is equal to the weight of the fluid it displaces. Newton's law for fluids: A fluid whose stress at each point is linearly proportional to its strain rate at that point. © examsnet.com"
CDS-2018-I-GK-041,2018,GK,Geography,Physical and Indian Geography,Geography | Physical Geography | Indian Geography | Geomorphology,hard,Consider the following constituent gases of the atmosphere : 1. Argon 2. Neon 3. Helium 4. Carbon dioxide Which one of the following is the correct ascending sequence of the above gases in terms of the volume percentage? [2018 CDS-I],1-3-2-4,1-4-2-3,4-2-3-1,2-4-1-3,B,"Solution: Volume percentages of the given gases are:-Argon – 0.9340 % Neon- 0.001818 % Helium – 0.000524 % Carbon dioxide –0.04 % Ascending sequence is Helium, Neon, Carbon dioxide, Argon i.e. 3-2-4-1. But, here no option satisfies this order. So, if we take descending order then we can go with 1-4-2-3. (So, the second option). © examsnet.com"
CDS-2018-I-GK-042,2018,GK,Polity,Indian Constitution & Governance,Polity | Constitution of India | Governance | Constitutional Bodies,easy,Which one of the following Indian States has the highest percentage of Scheduled Tribe population to its total population? [2018 CDS-I],Mizoram,Nagaland,Meghalaya,Arunachal Pradesh,A,"Solution: Mizoram has the highest percentage of the Scheduled Tribe population to its total population. State with highest proportion of Scheduled Tribes is Mizoram with 94.5% of total population. Nagaland’s scheduled tribes (STs) population is 89.1% to the total population of the state. In Meghalaya scheduled tribes (STs), constitute 85.9% of the state's total population. Scheduled Tribes (STs) population of Arunachal Pradesh is 64.2% of the total population. © examsnet.com"
CDS-2018-I-GK-043,2018,GK,Geography,Physical and Indian Geography,Geography | Physical Geography | Indian Geography | Geomorphology,easy,Extrusive volcanoes are not found in which one of the following mountains? [2018 CDS-I],Alaska,Rocky,Andes,Himalayas,D,"Solution: Extrusive volcanoes are not found in Himalayan mountains. When volcanic activity takes place above ground, so that hot molten magma is released onto the landscape, we say that the volcanic activity is extrusive, meaning it is on the exterior, or outside of the Earth. In all other mountains mentioned in the question, Extrusive volcanoes are found. © examsnet.com"
CDS-2018-I-GK-044,2018,GK,General Knowledge,General Knowledge,General Knowledge | UPSC CDS | Prelims,easy,"Which one of the following crops is not cultivated in Karewas, the lacustrine deposit's of sand, clay, loam, silt andboulders? [2018 CDS-I]",Saffron,Almond,Walnut,Ling nut,D,"Solution: Ling nut is not cultivated in Karewas, the lacustrine deposits of sand, clay, loam, silt and boulders.Karewas are lacustrine deposits [deposits in lake] in the Valley of Kashmir and in Bhadarwah Valley of the Jammu Division. These are the flat topped mounds that border the Kashmir Valley on all sides. The karewas are home to unique biodiversity. The famous almond orchids, saffron and walnut are best grown in the soils of karewas. © examsnet.com"
CDS-2018-I-GK-045,2018,GK,Geography,Physical and Indian Geography,Geography | Physical Geography | Indian Geography | Geomorphology,hard,Consider the following tributaries of river Ganga : 1. Gandak 2. Kosi 3. Ghaghara 4. Gomti Which one of the following is the correct order of the above rivers from east to west? [2018 CDS-I],3-4-1-2,2-1-3-4,2-3-1-4,1-2-4-3,B,"Solution: The correct order of the given rivers from East to West is Kosi-Gandak-Ghagara-Gomati. Kosi River  drains the northern slopes of the Himalayas in Tibet and the southern slopes in Nepal. The river crosses into northern Bihar where it branches into distributaries before joining the Ganges near Kursela in Katihar district. The Gandaki River is one of the major rivers of Nepal and a left bank tributary of the Ganges in India. Ghaghara, also called Karnali is a perennial trans-boundary river originating on the  Tibetan Plateau near Lake Manasarovar. The Gomti, a monsoon- and groundwater-fed river, originates from Gomat Taal near Madho Tanda, Pilibhit, and Uttar Pradesh. © examsnet.com"
CDS-2018-I-GK-046,2018,GK,Environment & Ecology,"Ecology, Biodiversity & Climate Change",Environment & Ecology | Biodiversity | Conservation | Climate Change,hard,Which of the following National Parks of India are declared as World Heritage by UNESCO? 1. Keoladeo National Park 2. Sundarbans National Park 3. Kaziranga National Park 4. Ranthambore National Park Select the correct answer using the code given below. [2018 CDS-I],1 and 2 only,"1, 2 and 3 only",3 and 4 only,"1, 2, 3 and 4",B,"Solution: Ranthambore National Park is not a World Heritage site designated by UNESCO. Kaziranga National Park (1985), Keoladeo National Park (1985), Sundarbans National Park (1984) were declared World Heritage site by UNESCO. The foremost attraction in Kaziranga National Park is the one-horned rhinoceros, characterized by its enormous body and massive horn. Keoladeo National Park, formerly known as the Bharatpur Bird Sanctuary, is acclaimed for being one of the world’s most important bird breeding and feeding grounds. Sundarbans National Park is most famous for the Royal Bengal Tigers, which are found in large numbers. © examsnet.com"
CDS-2018-I-GK-047,2018,GK,Current Affairs,Current Events of National & International Importance,Current Affairs | International Relations | Government Schemes | Awards,hard,Match List-I with List-II and select the correct answer using the code given below the Lists : List-I (Railway Zone) List-II (Headquarters) A. North Central 1. Secunderabad B. North Eastern 2. Jabalpur C. West Central 3. Gorakhpur D. South Central 4. Allahabad Code: A B C D (a) 4 3 2 1 (b) 4 2 3 1 (c) 1 2 3 4 (d) 1 3 2 4 [2018 CDS-I],d,c,a,b,C,Solution: The first option provides the correct code for the answer S.No Name of the RAILWAY ZONE Zonal Headquarters 1. Central Railway Mumbai 2. Eastern Railway Kolkata 3. Northern Railway New Delhi 4. North Eastern Railway Gorakhpur 5. Northeast Frontier Railway Guwahati 6. Southern Railway Chennai 7. South Central Railway Secunderabad 8. South Eastern Railway Kolkata 9. Western Railway Mumbai 10. East Central Railway Hajipur 11. East Coast Railway Bhubaneshwar 12. North Central Railway Allahabad 13. North Western Railway Jaipur 14. South East Central Bilaspur 15. South Western Railway Hubli 16. West Central Railway Jabalpur © examsnet.com
CDS-2018-I-GK-048,2018,GK,Science & Tech,General Science & Emerging Technologies,Science & Tech | General Science | Applied Science | Physics | Chemistry | Biology,easy,Which one of the following statements about lymph is correct? [2018 CDS-I],Lymph is formed due to leakage of blood through capillaries.,Lymph contains blood cells such as RBC.,Lymph is also circulated by the blood circulating heart.,Lymph only transports hormones.,A,Solution: First item about lymph i.e. lymph is formed due to leakage of blood through capillaries is correct. Rest all other statements are incorrect. Lymph is the fluid that circulates throughout the lymphatic system. The lymph is formed when the interstitial fluid (the fluid which lies in the interstices of all body tissues) is collected through lymph capillaries. Lymph contains white blood cells. Lymph returns proteins and excess interstitial fluid to the bloodstream. © examsnet.com
CDS-2018-I-GK-049,2018,GK,General Knowledge,General Knowledge,General Knowledge | UPSC CDS | Prelims,easy,Which of the following classes of animals has/have three-chambered heart? [2018 CDS-I],Pisces and Amphibia,Amphibia and Reptilia,Reptilia only,Amphibia only,B,"Solution: Amphibia and Reptilia have three chambered heart. Vertebrates, or animals with backbones, consist of several distinct classes: fish, amphibians, reptiles, mammals and birds. While similar in many ways, the hearts of different vertebrate classes possess different numbers of chambers. These chambers determine how efficiently the heart separates the flow of oxygenated blood and de-oxygenated blood throughout the body. Vertebrate hearts can be categorized by the number of chambers they have: → Two chambers: one atrium and one ventricle (fish) → Three chambers: two atria and one ventricle (amphibian and reptile) → Four chambers: two atria and two ventricles (bird and mammal) © examsnet.com"
CDS-2018-I-GK-050,2018,GK,Science & Tech,General Science & Emerging Technologies,Science & Tech | General Science | Applied Science | Physics | Chemistry | Biology,easy,Accumulation of which one of the following in the leads to cramp? [2018 CDS-I],Lactic acid,Ethanol,Pyruvic acid,Glucose,A,"Solution: Accumulation of Lactic acid in the muscles of sprinters leads to cramp. After a strenuous exercise muscles experience lack of oxygen. In the absence or insufficiency of oxygen, muscle respire anaerobically thereby producing lactic acid. The accumulation of lactic acid causes cramps in muscles. Thus, Lactic acid is formed and accumulated in the muscle under conditions of high energy demand, rapid fluctuations of the energy requirement and insufficient supply of O 2 O_2 O 2 ​ . © examsnet.com"
CDS-2018-I-GK-051,2018,GK,General Knowledge,General Knowledge,General Knowledge | UPSC CDS | Prelims,easy,Which one of the following statements about Exchange-Traded Fund (ETF) is not correct? [2018 CDS-I],It is a marketable security.,It experiences price changes throughout the day.,It typically has lower daily liquidity and higher fees than mutual fund shares.,An ETF does not have its net asset value calculated once at the end of every day.,C,"Solution: An Exchange-Traded Fund (ETF) is a marketable security that tracks an index, a commodity, bonds, or a basket of assets like an index fund. Unlike mutual funds, an ETF trades like a common stock on a stock exchange. ETFs experience price changes throughout the day as they are bought and sold. ETFs typically have higher daily liquidity and lower  fees than mutual fund shares, making them an attractive alternative for individual investors. So, third statement is not correct. Because it trades like a stock, an ETF does not have its net asset value (NAV) calculated once at the end of every day like a mutual fund does. © examsnet.com"
CDS-2018-I-GK-052,2018,GK,General Knowledge,General Knowledge,General Knowledge | UPSC CDS | Prelims,easy,Which one of the following is the maximum age of joining National Pension System (NFS) under the NFS-Private Sector? [2018 CDS-I],55 years,60 years,65 years,70 years,C,"Solution: The maximum age of joining National Pension System (NPS) under the NPS-Private Sector is 65 years. Pension Fund Regulatory and Development Authority (PFRDA) has increased the maximum age of joining NPS in the Private Sector i.e. under All Citizen Model and Corporate model to 65 years from the existing 60 years. Now, any Indian Citizen, resident or nonresident, between the age of 60- 65 years, can also join NPS and continue up to the age of 70 years in NPS. © examsnet.com"
CDS-2018-I-GK-053,2018,GK,Science & Tech,General Science & Emerging Technologies,Science & Tech | General Science | Applied Science | Physics | Chemistry | Biology,medium,"The Reserve Bank of India has recently constituted a high-level task force on Public Credit Registry (PCR) to suggest a road map for developing a transparent, comprehensive and near-real-time PCR for India. The task force is headed by [2018 CDS-I]",Sekar Karnam,Vishakha Mulye,Sriram Kalyanaraman,Y. M. Deosthalee,D,"Solution: The Reserve Bank of India has recently constituted a high-level task force on Public Credit Registry (PCR) to suggest a road map for developing a transparent, comprehensive and near-real-time PCR for India. The task force is headed by Y. M. Deosthalee, former CMD of L&T Finance Holdings Ltd and will have nine other members. Public credit registry is a database of credit information that is accessible to all stakeholders. A PCR is maintained by a public authority like the central bank or the banking supervisor. It helps to keep record of individual and firms on unpaid debts and credit outstanding. © examsnet.com"
CDS-2018-I-GK-054,2018,GK,Modern History,Indian National Movement,Modern History | Freedom Struggle | British Colonial Rule,medium,"In October 2017, India sent its first shipment of wheat to Afghanistan as a part of commitment made by the Government of India to supply 1-1 million tonnes of wheat to that country on grant basis. The shipment was sent through [2018 CDS-I]",Iran,Pakistan,Tajikistan,China,A,"Solution: In October 2017, India sent its first shipment of wheat to Afghanistan as a part of commitment made by the Government of India to supply 1.1 million tonnes of wheat to that country on grant basis. The shipment was sent through Iran (via Chabahar). The shipment of wheat is a landmark moment as it will pave the way for operationalisation of the Chabahar port as an alternative, reliable and robust connectivity for Afghanistan. It will open up new opportunities for trade and transit from and to Afghanistan and enhance trade and commerce between the three countries (India, Iran and Afghanistan) and the wider region. © examsnet.com"
CDS-2018-I-GK-055,2018,GK,Modern History,Indian National Movement,Modern History | Freedom Struggle | British Colonial Rule,medium,Which of the following statements about the India Post Payments Bank (IPPB) is/are correct? 1. It has been incorporated as aPublic Limited Company. 2. It started its operation by establishing two pilot branches at Hyderabad and Varanasi. Select the correct answer using the code given below. [2018 CDS-I],1 only,2 only,Both 1 and 2,Neither 1 nor 2,A,"Solution: Incorporated as a Public Sector Bank under the Department of Posts with 100% GOI equity, India Post Payment Bank has been launched on January 30th, 2017 in Ranchi and Raipur with the objective of being present in all corners of India by the end of the year. So, second statement is incorrect. For now, IPPB offers Savings account up to a balance of  ₹1 Lakh, along with digitally enabled payments and remittance services of all kinds between individuals. © examsnet.com"
CDS-2018-I-GK-056,2018,GK,Current Affairs,Current Events of National & International Importance,Current Affairs | International Relations | Government Schemes | Awards,hard,Which of the following are the functions of the National Human Rights Commission (NHRC)? 1. Inquiry at its own initiative on the violation of human rights 2. Inquiry on a petition presented to it by a victim 3. Visit to jails to study the condition of the inmates 4. Undertaking and promoting research in the field of human rights Select the correct answer using the code given below [2018 CDS-I],1 and 2 only,"2, 3 and 4 only","1, 3 and 4 only","1, 2, 3 and 4",D,"Solution: The functions of the National Human Rights Commission are: a. To inquire into any violation of human rights or negligence in the prevention of such violation by a public servant, either suo motu or on a petition presented to it or on an order of a court. b. To intervene in any proceedings involving allegations of violation of human rights pending before a court. c. To visit jails and detention places to study the living conditions of inmates and make recommendations thereon. d. To review the constitutional and other legal safeguards for the protection of human rights and recommend measures for their effective implementations. e. To study treaties and other international instruments on human rights and make recommendations for their effective implementation. f. To undertake and promote research in the field of human rights. g. To undertake such other functions as it may consider necessary for the promotion of human rights So, all the statements given in the question regarding the functions of the Commission are correct. © examsnet.com"
CDS-2018-I-GK-057,2018,GK,Polity,Indian Constitution & Governance,Polity | Constitution of India | Governance | Constitutional Bodies,hard,"A person is disqualified for being chosen as, and for being, a Member of either House of the Parliament if the person 1. holds any office of profit under the Government of India or the Government of any State other than an office declared by the Parliament by law not to disqualify its holder 2 . is an undischarged insolvent 3. is so disqualified under the Tenth Schedule of the Constitution of India 4. is of unsound mind and stands so declared by a competent Court Select the correct answer using the code given below. [2018 CDS-I]","1, 2 and 4 only","1, 2, 3 and 4",3 and 4 only,"1, 2 and 3 only",B,"Solution: All the given statements are correct. The constitution of India under Article 102 has given All the given statements are correct. The constitution of India under Article 102 has given provision for disqualification of member of either house of Parliament. It provides that: (a) A person shall be disqualified for being chosen as, and for being, a member of either House of Parliament (a) if he holds any office of profit under the Government of India or the Government of any State, other than an office declared by Parliament by law not to disqualify its holder: (b) if he is of unsound mind and stands so declared by acompetent court; (c) if he is an undischarged insolvent; (d) if he is not a citizen of India, or has voluntarily acquired the citizenship of a foreign State, or is under any acknowledgement of allegiance or adherence to a foreign State; (e) if he is so disqualified by or under any law made by Parliament Explanation For the purposes of this clause a person shall not be deemed to hold an office of profit under the Government of India or the Government of any State by reason only that he is a Minister either for the Union or for such State. (f) A person shall be disqualified for being a member of either House of Parliament if he is so disqualified under the Tenth Schedule. © examsnet.com"
CDS-2018-I-GK-058,2018,GK,Polity,Indian Constitution & Governance,Polity | Constitution of India | Governance | Constitutional Bodies,medium,"According to the Election Commission of India, in order to be recognized as a ‘National Party’, a political party must be treated as a recognized political party in how many States? [2018 CDS-I]",At least two States,At least three States,At least four States,At least five States,C,"Solution: According to the Election Commission of India, in order to be recognised as a `National Party’, a political party must be treated as a recognised political party in at least four States. At present, a party is recognised as a `National Party if any of the following conditions is fulfilled: 1. If it secures six per cent of valid votes polled in any four or more states at a regular general election to the Lok Sabha or to the Legislative Assembly; and, in addition, it wins four seats in the Lok Sabha from any state or states; or 2. If it wins two per cent of seats in the Lok Sabha at a general election; and these candidates are elected from three states; or 3. If it is recognized as a state party in four states © examsnet.com"
CDS-2018-I-GK-059,2018,GK,Geography,Physical and Indian Geography,Geography | Physical Geography | Indian Geography | Geomorphology,easy,Which one of the following statements with regard to Antrix Corporation Limited is correct? [2018 CDS-I],It is a commercial arm of the Department of Industrial Policy and Promotion.,It is under the administrative control of the Department of Space.,It is under the administrative control of the Ministry of Health and Family Welfare.,It is a commercial arm of the Department of Science and Technology.,B,"Solution: Antrix Corporation Limited (ACL), Bengaluru is a wholly owned Government of India Company under the administrative control of the Department of Space. Antrix Corporation Limited was incorporated as a private limited company owned by Government of India in September 1992 as a Marketing arm of ISRO for promotion and commercial exploitation of space products, technical consultancy services and transfer of technologies developed by ISRO. Another major objective is to facilitate development of space related industrial capabilities in India. As the commercial and marketing arm of ISRO, Antrix is engaged in providing Space products and services to international customers worldwide. © examsnet.com"
CDS-2018-I-GK-060,2018,GK,General Knowledge,General Knowledge,General Knowledge | UPSC CDS | Prelims,hard,Verses ascribed to poet-saint Kabir have been compiled in which of the following traditions? 1. Bijak in Varanasi 2. Kabir Granthavali in Rajasthan 3. Adi Granth Sahib Select the correct answer using the code given below. [2018 CDS-I],1 and 2 only,"1, 2 and 3",2 and 3 only,3 only,B,"Solution: Verses ascribed to Kabir have been compiled in three distinct but overlapping traditions. The Kabir Bijak is preserved by the Kabirpanth (the path or sect of Kabir) at Varanasi in Uttar Pradesh, the Kabir Granthavali is associated with the Dadupanth in Rajasthan, and many of his compositions are found in the Adi Granth Sahib © examsnet.com"
CDS-2018-I-GK-061,2018,GK,Medieval History,Medieval Indian History,Medieval History | Delhi Sultanate | Mughal Empire | Administration,medium,"Around twelfth century, Sufi Silsilas began to crystallize in different parts of the Islamic world to signify 1. continuous link between the master and disciple 2 . unbroken spiritual genealogy to the Prophet Muhammad 3. the transmission of spiritual power and blessings to devotees Select the correct answer using the code given below. [2018 CDS-I]",1 and 2 only,2 only,1 and 3 only,"1, 2 and 3",D,"Solution: Around twelfth century, Sufi Silsilas began to crystallise in different parts of the Islamic world to signify a continuous link between master and disciple, stretching as an unbroken spiritual genealogy to the Prophet Muhammad. The word “silsila” literally means a chain, it was through this channel that spiritual power and blessings were transmitted to devotees. © examsnet.com"
CDS-2018-I-GK-062,2018,GK,Ancient History,Ancient Indian History,Ancient History | Indian History | Archaeological Sources,easy,"In the 10th Mandala of the Rigveda, which one of the following hymns reflects upon the marriage ceremonies? [2018 CDS-I]",Surya Sukta,Purusha Sukta,Dana Stutis,Urna Sutra,A,"Solution: Rig-Veda is known as the oldest religious text in the world. The tenth mandala of the Rigveda has 191 hymns. Surya Sukta is a marriage hymn, evoking the marriage of Suryā, daughter of Surya (the Sun), another form of Ushas, the prototypical bride. © examsnet.com"
CDS-2018-I-GK-063,2018,GK,Modern History,Indian National Movement,Modern History | Freedom Struggle | British Colonial Rule,hard,"Which of the following statements about the Non-Cooperation Movement is/are correct? 1. It was marked by significant participation of peasants from Karnataka. 2. It was marked by non-Brahmin lower caste participation in Madras and Maharashtra. 3 . It was marked by the lack of labour unrest in places like Assam, Bengal and Madras. 4. It was badly shaken by the Chauri Chaura incident in 1922 after which Gandhiji decided to continue with the movement on a much smaller scale. Select the correct answer using the code given below. [2018 CDS-I]",1 only,"1, 2 and 4",2 and 3,2 only,A,"Solution: On hearing about the Chauri Chaura incident, which took place on 5th February 1922, Gandhi decided to withdraw the Non-Cooperation Movement. He also persuaded the Congress Working Committee to ratify his decision and thus, on 12th February 1922, the movement came to an end. Thus, fourth statement is incorrect. In Assam, labourers on tea plantations went on strike. When the fleeing workers were fired upon, there were strikes on the steamer service and on the Assam-Bengal Railway as well. So, the third statement is also incorrect. Madras had remained lukewarm to the movement and was not marked by non-Brahmin lower caste participation. So, the second statement is also incorrect. Hence, only the first statement is correct. © examsnet.com"
CDS-2018-I-GK-064,2018,GK,General Knowledge,General Knowledge,General Knowledge | UPSC CDS | Prelims,easy,"Which one of the following was a focus country of the World Food India’, a mega food event held in November 2017 in New Delhi? [2018 CDS-I]",Germany,Japan,Denmark,Italy,D,"Solution: Among the given options, Italy was a focus country of the ‘World Food India’, a mega food event held in November 2017 in New Delhi. Germany, Japan and Denmark were Partner Countries to World Food India. Italy & Netherlands were the Focus Countries. The Prime Minister, Shri Narendra Modi, inaugurated World Food India 2017 on 3rd November 2017 from Vigyan Bhavan New Delhi. This is the first time that India hosted such an event for the Food processing sector. World Food India platform strengthened India’s position as a Global Food Factory and was a positive step towards making the Country Food Secure. © examsnet.com"
CDS-2018-I-GK-065,2018,GK,General Mental Ability,Logical & Analytical Reasoning,Mental Ability | Logical Reasoning | Analytical Ability,easy,Which one of the following States will host the Nobel Prize Series—India 2018 (Science Impacts Life) Exhibition? [2018 CDS-I],Gujarat,Rajasthan,Goa,Madhya Pradesh,C,"Solution: Goa will host the Nobel Prize Series-India 2018 (Science Impacts Life) Exhibition. The Nobel Prize Series is an exciting initiative which brings together Nobel Laureates and eminent scientists to stimulate innovation and creative thinking amongst young students of science. The Department of Biotechnology (DBT) of the Ministry of Science and Technology, Government of India, has collaborated with Nobel Media AB, Sweden to hold the Nobel Prize Series in India for five years. The very first edition of the Nobel Prize Series in India was held in partnership with Government of Gujarat as a part of Vibrant Gujarat held in Gandhinagar from January 9-13, 2017. The second edition of the Nobel Prize Series - India 2018 will be held at Panji, Goa in partnership with Government of Goa on February 1-2, 2018. © examsnet.com"
CDS-2018-I-GK-066,2018,GK,Medieval History,Medieval Indian History,Medieval History | Delhi Sultanate | Mughal Empire | Administration,medium,The Ministry of Communication has recently launched a Pan India scholarship programme for schoolchildren called 'Deen Dayal SPARSH Yojana’. The objective of the scheme is to increase the reach of [2018 CDS-I],sports,philately,music,web designing,B,"Solution: The Ministry of Communication has recently launched a Pan India scholarship programme for schoolchildren called ‘Deen Dayal SPARSH Yojana’. The objective of the scheme is to increase the reach of philately. Under the scheme of SPARSH (Scholarship for Promotion of Aptitude & Research in Stamps as a Hobby), it is proposed to award annual scholarships to children of Standard VI to IX having good academic record and also pursuing Philately as a hobby through a competitive selection process in all postal circles. The amount of Scholarship will be ₹6000/- per annum @ ₹500/- per month. © examsnet.com"
CDS-2018-I-GK-067,2018,GK,Science & Tech,General Science & Emerging Technologies,Science & Tech | General Science | Applied Science | Physics | Chemistry | Biology,easy,"Which one of the following temples of India has won the 'UNESCO Asia Pacific Award of Merit, 2017’ for cultural heritage conservation? [2018 CDS-I]","Kamakhya Temple, Guwahati","Sri Ranganathaswami Temple, Srirangam","Meenakshi Temple, Madurai","Kedarnath Temple, Kedarnath",B,"Solution: Sri Ranganathaswami Temple, Srirangam of India has won the ‘UNESCO Asia Pacific Award of Merit, 2017’ for cultural heritage conservation. The main reasons for the temple to win the UN award was use of traditional methods in renovating its structures and reestablishment of rainwater harvesting and historic drainage system, and to augment water and prevent flooding. With this, it has become the first temple in Tamil Nadu to be given the prestigious award from the UN body. The temple, considered the foremost of the 108 divyadesams, is situated on an islet between the Cauvery and the Coleroon rivers. It has seven prakaras and 21 towers, including the majestic 236-feet-high rajagopuram. © examsnet.com"
CDS-2018-I-GK-068,2018,GK,Modern History,Indian National Movement,Modern History | Freedom Struggle | British Colonial Rule,easy,"Which one of the following teams was defeated by India to win the Women’s Hockey Asia Cup title, 2017? [2018 CDS-I]",Japan,China,South Korea,Pakistan,B,"Solution: China was defeated by India to win the Women’s Hockey Asia Cup title, 2017. India defeated China to win women's Asia Cup hockey title and qualified for 2018 World Cup. Indian women's hockey team defeated China 5-4 in shoot-out to win its second Asia Cup (first one was won in 2004) title at Kakamigahara in Japan. © examsnet.com"
CDS-2018-I-GK-069,2018,GK,General Knowledge,General Knowledge,General Knowledge | UPSC CDS | Prelims,easy,Which one of the following statements about India is not correct? [2018 CDS-I],India has 12 major ports and about 200 non-major ports.,95 percent of India’s trade by volume and 6 8 percent by value are moved through maritime transport.,India has a coastline of about 7500 km.,"In the Maritime Agenda, 2010-2020, a target of 300 MT port capacity has been set for the year 2020",D,"Solution: Statement (a), (b) and (c) are correct about India. The Ministry of Shipping launched the Maritime Agenda 2010-2020, a perspective plan of the Shipping to create a port capacity of around 3200 MT to handle the expected traffic of about 2500 MT by 2020. So, statement(d) is incorrect. © examsnet.com"
CDS-2018-I-GK-070,2018,GK,Science & Tech,General Science & Emerging Technologies,Science & Tech | General Science | Applied Science | Physics | Chemistry | Biology,easy,Which one of the following statements is not correct [2018 CDS-I],India joined MTCR in 2016.,India submitted a formal application for membership of the NSG in 2016.,India proposed the Comprehensive Convention on International Terrorism in 1996.,The Commonwealth Heads of Government Meeting (CHOGM) was held in 2016 at Malta.,D,"Solution: Statement (d) is incorrect. The Commonwealth Heads of Government Meeting 2015, also known as CHOGM 2015 was the 24th meeting of the heads of government of the Commonwealth of Nations. It was held in Malta from 27 to 29 November. There was no meeting of CHOGM in 2016. The Commonwealth Heads of Government Meeting is held every 2 years. It is the association’s ultimate policy and decision making forum. India joined the Missile Technology Control Regime (MTCR) in 2016. Missile Technology Control Regime (MTCR) is an informal political understanding among states that seek to limit the proliferation of missiles and missile technology. © examsnet.com"
CDS-2018-I-GK-071,2018,GK,Polity,Indian Constitution & Governance,Polity | Constitution of India | Governance | Constitutional Bodies,medium,Which one of the following Amendments to the Constitution of India has prescribed that the Council of Ministers shall not exceed 15 percent of total number of members of the House of the People or Legislative Assembly in the States? [2018 CDS-I],91st Amendment,87th Amendment,97th Amendment,90th Amendment,A,"Solution: 91st Amendment to the Constitution of India has prescribed that: a. The total number of ministers, including the Prime Minister, in the Council of Ministers shall not exceed 15% of the total strength of the Lok Sabha. b. The total number of ministers, including the Chief Minister, in the council of ministers shall not exceed 15% of the total strength of the Legislative Assembly of that State. But, the number of ministers, including the Chief Minister, in a State shall not be less than 12. © examsnet.com"
CDS-2018-I-GK-072,2018,GK,Modern History,Indian National Movement,Modern History | Freedom Struggle | British Colonial Rule,hard,Which of the following about the role of Indian Coast Guard is/are correct? 1. Indian Coast Guard has been entrusted with the offshore security coordination authority 2. Lead intelligence agency for coastal and sea border 3. Coastal security in territorial waters Select the correct answer using the code given below. [2018 CDS-I],1 and 3 only,"1, 2 and 3",1 and 2 only,3 only,B,"Solution: All the given statements are correct about role of Indian Coast Guard. The Indian Coast Guard (ICG) protects India's maritime interests and enforces maritime law, with jurisdiction over the territorial waters of India, including its contiguous zone and exclusive economic zone. The Coast Guard works in close cooperation with the Indian Navy, the Department of Fisheries, the Department of Revenue (Customs) and the Central and State police forces. © examsnet.com"
CDS-2018-I-GK-073,2018,GK,Science & Tech,General Science & Emerging Technologies,Science & Tech | General Science | Applied Science | Physics | Chemistry | Biology,easy,Which one of the following is India’s first indigenously designed and developed long-range subsonic cruise missile which can be deployed from multiple platforms? [2018 CDS-I],Astra,Akash,Nirbhay,Shankhnaad,C,"Solution: Nirbhay is India’s first indigenously designed and developed long-range subsonic cruise missile which can be deployed from multiple platforms. Nirbhay missile is India's first indigenously designed and developed long range sub-sonic cruise missile designed and developed by DRDO (Defence Research & Development Organisation). It is a long range, all-weather, subsonic cruise missile. The missile has the capability to loiter and cruise at 0.7 Mach, at altitudes as low as 100 metres. © examsnet.com"
CDS-2018-I-GK-074,2018,GK,Modern History,Indian National Movement,Modern History | Freedom Struggle | British Colonial Rule,medium,"The Ministry of Power, Government of India has recently constituted a Committee to investigate the causes of the accident that occurred on 1st November, 2017 at Feroze Gandhi Thermal Power Plant Ltd., Unchahar, in Uttar Pradesh. Who among the following is the Chairman of the Committee? [2018 CDS-I]",Dr. L. D. Papney,Shri Dhawal Prakash Antapurkar,Shri Subir Chakraborty,Shri P. D. Siwal,D,"Solution: The Ministry of Power, Government of India has recently constituted a committee to investigate the causes of the accident that occurred on 1st November, 2017 at Feroze Gandhi Thermal Power Plant Ltd., Unchahar, in Uttar Pradesh. Shri P.D. Siwal is the Chairman of the Committee. In exercise of powers conferred under section 161 (b) of the Electricity Act, the Ministry of Power, the Government of India, constituted the 4–member (including the Chairman) committee. © examsnet.com"
CDS-2018-I-GK-075,2018,GK,General Knowledge,General Knowledge,General Knowledge | UPSC CDS | Prelims,medium,"In November 2017, an Indian short film.The School Bag won the Best Short Film Award at the South Asian Film Festival held at Montreal. Who among the following is the Director of the film [2018 CDS-I]",Anurag Kashyap,Dheeraj Jindal,Sujoy Ghosh,Samvida Nanda,B,"Solution: In November 2017, an Indian short film, The School Bag won the Best Short Film Award at the South Asian Film Festival held at Montreal. Dheeraj Jindal is the Director of the film. The movie's plot is based in Peshawar and tells a story about the relationship between a mother and her seven-year-old son who wants a new   school bag on his birthday. The film recreates events that happened in Peshawar in December 2014 when terrorists mowed down hundreds of school children. South Asian Film Festival of Montreal (SAFFMontreal) is presented by the Kabir Centre for Arts & Culture, a not-for-profit organisation promoting various art forms and activities such as music, dance, cinema, literature and poetry. © examsnet.com"
CDS-2018-I-GK-076,2018,GK,General Knowledge,General Knowledge,General Knowledge | UPSC CDS | Prelims,medium,"In November 2017, India’s MC Mary Kom won the gold medal at the Asian Boxing Championship, 2017 held at Ho Chi Minh City in Vietnam. In which one of the following categories was she declared winner? [2018 CDS-I]",48 kg,51 kg,54 kg,57 kg,A,"Solution: In November 2017, India’s M C Mary Kom won the gold medal at the Asian Boxing Championship, 2017 held at Ho Chi Minh City in Vietnam. She was declared winner in Light Flyweight (48 kg) category. She beat North Korea’s Kim Hyang Mi by a 5-0 margin to clinch the gold medal. The gold is Mary’s first in the 48kg category, but fifth overall in Asian Boxing Championships. The five-time world champion and London Olympics bronze medallist returned to the 48-kg weight category after five years of competing in 51kg, which was made an Olympic category in 2012. © examsnet.com"
CDS-2018-I-GK-077,2018,GK,Geography,Physical and Indian Geography,Geography | Physical Geography | Indian Geography | Geomorphology,easy,"Which one of the following is the theme of the World Soil Day, 2017? [2018 CDS-I]","Soils and pulses, a symbol for life",Caring for the Planet starts from the Ground,"Soils, a solid ground for life","Soils, foundation for family farming",B,"Solution: The theme of the World Soil Day 2017 is ""Caring for the Planet starts from the Ground"". The World Soil Day is observed on 5th December. In 2014, the United Nations General Assembly designated December 5 as the World Soil Day. It is observed this day each year to honour the birthday of King Bhumibol Adulyadej of Thailand. He played a pivotal role in the promotion of soil science and conservation, and was a leader in sustainable land resource management. © examsnet.com"
CDS-2018-I-GK-078,2018,GK,General Knowledge,General Knowledge,General Knowledge | UPSC CDS | Prelims,easy,"Who among the following is the winner of the National Badminton Championship (Men), 2017? [2018 CDS-I]",Kidambi Srikanth,H. S. Prannoy,Ajay Jayaram,Sai Praneeth,B,"Solution: H.S.Prannoy is the winner of the National Badminton championship (men), 2017. He won the men’s singles title at the 82nd Senior National Championship Senior National Badminton Championships in Nagpur, Maharashtra on November 8, 2017. He defeated higher ranked Kidambi Srikanth in the final. The Indian National Badminton Championships is a tournament organised to crown the best badminton players in India since 1934 © examsnet.com"
CDS-2018-I-GK-079,2018,GK,General Knowledge,General Knowledge,General Knowledge | UPSC CDS | Prelims,medium,"Which of the following statements about the usage of the term ‘barbarian’ is/are correct? 1. It is derived from the Greek word ‘barbaros’ which means a non-Greek. 2. Romans used the term for the Germanic tribes, the Gauls and the Huns. Select the correct answer using the code given below. [2018 CDS-I]",1 only,2 only,Both 1 and 2,Neither 1 nor 2,C,"Solution: The term 'barbarian' is derived from the Greek word ‘barbaros’ which means a non-Greek. In Ancient Greece, the Greeks used the term towards those who didn't speak Greek and follow classical Greek customs. In the early modern period and sometimes later, the Byzantine Greeks used it for the Turks, in a clearly pejorative manner. In Ancient Rome, the Romans used the term towards non-Romans such as the Germanics, Celts, Gauls, Iberians, Thracians, Illyrians, Berbers, Parthians, and Sarmatians. © examsnet.com"
CDS-2018-I-GK-080,2018,GK,Medieval History,Medieval Indian History,Medieval History | Delhi Sultanate | Mughal Empire | Administration,easy,Which one of the following statements is not correct? [2018 CDS-I],Al-Biruni identifies the Sufi doctrine of divine love as self-annihilation with parallel passages from Bhagavad Gita.,"According to Al-Biruni, Sufi theories of Soul were similar to those in Patanjali’s Yoga Sutra.",The Hatha Yogic treatise Amrita Kunda had lasting impact on Sufism.,Hujwiri’s conversation with the Yogis shows that he was impressed with their theory of the division of the human body.,D,"Solution: Statement four is incorrect. By the thirteenth century, the Indian sufis were confronted with the kanphata (split-eared) yogis or the Nath followers of Gorakh-nath. Shaykh Nizamu'd-Din Awliya's description of his conversation with yogis shows that he was impresssed with their theory of the division of the human body into the regions of Siva and Sakti. © examsnet.com"
CDS-2018-I-GK-081,2018,GK,Medieval History,Medieval Indian History,Medieval History | Delhi Sultanate | Mughal Empire | Administration,medium,"Consider the following statement : “So much is wrung from the peasants,that even dry bread is scarcely left to fill their stomachs.” Who among the following European travellers had made the above statement about the condition of peasantry in the Mughal Empire? [2018 CDS-I]",Francisco Pelsaert,Francois Bernier,Jean-Baptiste Tavernier,Niccolao Manucci,A,"Solution: ""So much is wrung from the peasants that even dry bread is scarcely left to fill their stomachs."" The above statement was made by Francisco Pelsaert, a Dutch traveler in response to the poverty that had infiltrated deeply into the lives of the people of Muhgal India. The statement was made when he visited the subcontinent in the early decades of the 17th century and saw how miserably the people lived. For this abject poverty, Pelsaert held the State responsible. Francisco Pelsaert was a Dutch merchant who worked for the Dutch East Indies Company. © examsnet.com"
CDS-2018-I-GK-082,2018,GK,Modern History,Indian National Movement,Modern History | Freedom Struggle | British Colonial Rule,easy,What is the name of the literary genre developed by the Khojas who are a branch of the Ismaili sect? [2018 CDS-I],Ginan,Ziyarat,Raag,Shahada,A,"Solution: Ginan is the name of the literary genre developed by the Khojas who are a branch of the Ismaili sect. Ginans are devotional hymns or poems recited by Shia Ismaili Muslims. It was originally an oral rendition mostly by Pirs, first among who to come to South Asia was Pir Satgurnoor in the 12th century. In Islam, ziyarat is a form of pilgrimage to sites associated with Muhammad, his family members and descendants, his companions and other venerated figures in Islam. A raga or raag is a melodic framework for improvisation akin to a melodic mode in Indian classical music. In Sunni Islam, the shahada has two parts: la ilaha illa'llah (there is no god but God), and Muhammadun rasul Allah (Muhammad is the messenger of God), which are sometimes referred to as the first shahada and the second shahada. © examsnet.com"
CDS-2018-I-GK-083,2018,GK,General Knowledge,General Knowledge,General Knowledge | UPSC CDS | Prelims,easy,Who was/were the 10th century composer(s) of the Nalayira DivyaPrabandham? [2018 CDS-I],Alvars,Nayanars,Appar,Sambandar,A,"Solution: Alvars were the 10th century composer of the Nalayira Divya Prabandham. The Nalayira Divya Prabandham is a collection of 4,000 Tamil verses (Naalayiram in Tamil means 'four thousand') composed by the 12 Alvars, and was compiled in its present form by Nathamuni during the 9th–10th centuries. The work marks the beginning of the canonisation of 12 Vaishnava poet saints. The works were lost before they were collected and organized in the form of an anthology by Nathamuni. The Divya Prabandham sings the praise of Narayana (or Vishnu) and his many forms © examsnet.com"
CDS-2018-I-GK-084,2018,GK,Defence & Security,"Defence, Military & Internal Security",Defence | Military Exercises | Armed Forces | Security Architecture,easy,Which one of the following is not a correct ascending order ofcommissioned ranks in the defence forces of India? [2018 CDS-I],"Lieutenant, Captain, Major,Lieutenant Colonel, Colonel,Brigadier, Major General, Lieutenant General, General","Flying Officer, Flight Lieutenant, Squadron Leader, Wing Commander, Group Captain, Air Commodore, Air Vice Marshal, Air Marshal, Air Chief Marshal","Flying Officer, Flight Lieutenant, Squadron Leader, Group Captain, Wing Commander, Air Commodore, Air Vice Marshal, Air Marshal, Air Chief Marshal","Sub Lieutenant, Lieutenant, Lieutenant ' Commander, Commander, Captain, Commodore, Rear Admiral, Vice Admiral, Admiral",C,"Solution: Rank of Indian Air Force is not correct, the correct sequence is- Flying Officer, Flight Lieutenant, Squadron Leader, Wing Commander, Group Captain, Air Commodore, Air Vice Marshal, Air Marshal, Air Chief Marshal. © examsnet.com"
CDS-2018-I-GK-085,2018,GK,Polity,Indian Constitution & Governance,Polity | Constitution of India | Governance | Constitutional Bodies,hard,Which of the following statements about Attorney General of India is/are not correct? 1. He is the first Law Officer of theGovernment of India. 2 He is entitled to the privileges of a Member of the Parliament. 3.He is a whole-time counsel for the Government. 4. He must have the same qualifications as are required to be a judge of the Supreme Court. Select the correct answer using the code given below. [2018 CDS-I],"1, 2 and 3",2 and 4,3 only,1 only,C,"Solution: Statement three about the Attorney General of India is not correct. Attorney General for India is the Indian government’s chief legal advisor, and its primary lawyer in the Supreme Court of India. He is appointed by the President of India under Article 76(a) of the Constitution. Attorney General is the first law officer of the government of India and acts as top advocate for Union Government. He also has the right to speak and take part in proceedings of both the Houses of Parliament including joint sittings, but cannot vote in Parliament. The Attorney General of India enjoys all the privileges and immunities that are available to a member of Parliament. However, the Attorney General is not a full-time counsel for the Government. He does not fall in the category of government servants. Further, he is not debarred from private legal practice. © examsnet.com"
CDS-2018-I-GK-086,2018,GK,Polity,Indian Constitution & Governance,Polity | Constitution of India | Governance | Constitutional Bodies,easy,Under which one of the following Amendment Acts was Sikkim admitted into the Union of India? [2018 CDS-I],35th,36th,37th,38th,B,"Solution: By the 36th Amendment Act, 1975, Sikkim was incorporated as an Indian state. The Thirty-Sixth (36th) Amendment Act, 1975 made Sikkim a full-fledged State of the Union of India. Thirty-Seventh (37th) Amendment Act, 1975 provided Legislative Assembly and Council of Ministers for the Union Territory of Arunachal Pradesh © examsnet.com"
CDS-2018-I-GK-087,2018,GK,Modern History,Indian National Movement,Modern History | Freedom Struggle | British Colonial Rule,easy,"Which one of the following became a part of China in 1997 following the principle of ‘one country, two systems’ ? [2018 CDS-I]",Tibet,Hong Kong,Xinjiang,Inner Mongolia,B,"Solution: Hong Kong became a part of China in 1997 following the principle of 'one country, two systems’. Which is a constitutional principle formulated by Deng Xiaoping, the Paramount Leader of the People's Republic of China (PRC), for the reunification of China during the early 1980s. He suggested that there would be only one China, but distinct Chinese regions such as Hong Kong and Macau could retain their own economic and administrative systems, while the rest of China uses socialism with Chinese characteristics system. Under the principle, each of the two regions could continue to have its own governmental system, legal, economic and financial affairs, including trade relations with foreign countries. Hong Kong was a colony of the United Kingdom, ruled by a governor for 156 years until 1997, when it was returned to Chinese sovereignty. © examsnet.com"
CDS-2018-I-GK-088,2018,GK,Polity,Indian Constitution & Governance,Polity | Constitution of India | Governance | Constitutional Bodies,easy,Which one of the following statements in respect of the States of India is not correct? [2018 CDS-I],States in India cannot have their own Constitutions.,The State of Jammu and Kashmir has its own Constitution.,States in India do not have the right to secede from the Union of India.,The maximum number of members in the Council of Ministers of Delhi can be 15 percent of the total number of members in the Legislative Assembly.,D,"Solution: Statement (d) with respect to the States of India is not correct. In Article 239AA sub-article 4 of Sixty ninth Amendment states that there shall be a Council of Ministers consisting of not more than 10 per cent, of the total number of members in the Legislative Assembly, with the Chief Minister at the head to aid and advise the Lieutenant Governor in the exercise to his functions in relation to matters with respect to which the Legislative Assembly has power to make laws, except in so far as he is, by or under any law, required to act in his discretion. © examsnet.com"
CDS-2018-I-GK-089,2018,GK,Geography,Physical and Indian Geography,Geography | Physical Geography | Indian Geography | Geomorphology,hard,Consider the following statements about National Wildlife Action Plan (NWAP) of India for 2017-2031 : 1. This is the Third National Wildlife Action Plan. 2. The NWAP is unique as this is the first time India has recognized the concerns relating to climate change impact on wildlife. 3. The NWAP has ten components. Which of the statements given above is/are correct? [2018 CDS-I],1 only,1 and 2 only,2 and 3 only,"1, 2 and 3",B,"Solution: Statement 1 and 2 regarding the National Wildlife Action Plan are correct. The NWAP has five components, 17 themes, 103 conservation actions and 250 projects. The third action plan comes after the first plan in 1983 and second from 2002 till 2016. The third National Wildlife Action Plan is unique as this is the first time India has recognised the concerns relating to climate change impact on wildlife and stressed on integrating actions that need to be taken for its mitigation and adaptation into wildlife management planning processes. © examsnet.com"
CDS-2018-I-GK-090,2018,GK,Geography,Physical and Indian Geography,Geography | Physical Geography | Indian Geography | Geomorphology,easy,Growth in production (in percent) of which one of the following core industries in India during the period 2015-2016 was negative? [2018 CDS-I],Natural gas,Refinery products,Fertilizer,Coal,A,"Solution: Growth in production (in percent) of Natural Gas industry in India during the period 2015 – 2016 was negative. In fiscal year 2016, the growth rate for the production of natural gas was at approximately -4.2 per cent. This was an increase from the previous fiscal year's negative 4.9 per cent. Coal production (weight: 4.38%) increased by 7.1%. Refinery products and fertiliser production declined but the growth rate was not negative. © examsnet.com"
CDS-2018-I-GK-091,2018,GK,Geography,Physical and Indian Geography,Geography | Physical Geography | Indian Geography | Geomorphology,medium,"eBiz is one of the integrated services projects and part of the 31 Mission Mode Projects (MMPs) under the National e-Governance Plan of the Government of India. eBiz is being implemented under the guidance and aegis of the Department of Industrial Policy and Promotion, Ministry of Commerce and Industry by [2018 CDS-I]",Tata Consultancy Services,Infosys Technologies Limited,Wipro,HCL Technologies,B,"Solution: eBiz is being implemented under the guidance and aegis of the Department of Industrial Policy and Promotion, the Ministry of Commerce and Industry by Infosys Technologies Limited. It is India’s first Government-to-Business (G2B) portal which aims at transforming and developing a conducive business environment in the  country. The portal which has been developed by Infosys in a public private-partnership model will   provide a one-stop shop for providing G2B services to investors and business communities in India. The portal will also help in reducing delays and complexities in obtaining information and services. © examsnet.com"
CDS-2018-I-GK-092,2018,GK,General Knowledge,General Knowledge,General Knowledge | UPSC CDS | Prelims,hard,"Which of the following statements about the olive ridley turtles is/are correct? 1. They are the smallest and most abundant of all sea turtles found in the world. 2. They live in warm waters of Pacific, Atlantic and Indian Oceans. 3. The Coromandel Coast in India is the largest mass nesting site for the olive ridley turtles. Select the correct answer using the code given below. [2018 CDS-I]","1, 2 and 3",1 and 2 only,2 and 3 only,1 only,B,"Solution: Statement 1 and 2 are correct. The Olive ridley turtles are the smallest and most abundant of all sea turtles found in the world, inhabiting warm waters of the Pacific, Atlantic and Indian oceans. Though found in abundance, their numbers have been declining over the past few years, and the species is recognised as Vulnerable by the IUCN Red list. The coast of Orissa in India is the largest mass nesting site for the Olive-ridley, followed by the coasts of Mexico and Costa Rica. © examsnet.com"
CDS-2018-I-GK-093,2018,GK,Modern History,Indian National Movement,Modern History | Freedom Struggle | British Colonial Rule,medium,Consider the following statement : “A sound body means one which bends itself to the spirit and is always a ready instrument at its service.” The above statement is attributed to [2018 CDS-I],Sardar Patel,Winston Churchill,Mahatma Gandhi,Baden-Powell,C,"Solution: “A sound body means one which bends itself to the spirit and is always a ready instrument at its service.” The above statement is attributed to Mahatma Gandhi. Gandhi returned to India (from South Africa) in January 1915. In April of the same year, he wrote a letter to a Tamil colleague in South Africa, explaining why (in his view) sport was not, for him, an ideal form of physical exercise. ""To me,"" remarked Gandhi, ""a sound body means one which bends itself to the spirit and is always a ready instrument in its service. Such bodies are not made, in my opinion, on the football field. They are made on cornfields and farms. I would urge you to think this over and you will find innumerable illustrations to prove my statement……..” © examsnet.com"
CDS-2018-I-GK-094,2018,GK,Modern History,Indian National Movement,Modern History | Freedom Struggle | British Colonial Rule,easy,Who among the following was the founder of Phoenix Settlement? [2018 CDS-I],Mahatma Gandhi,B. R. Ambedkar,Rabindranath Tagore,Swami Vivekananda,A,"Solution: Mahatma Gandhi was the founder of Phoenix Settlement. Phoenix Settlement was founded in 1904 on the north-western edge of Durban, South Africa to experiment with Satyagraha, Sarvodaya and Ahimsa (non-violence). It was here, Gandhi first used 3 principles to champion the cause of mine and sugarcane workers, liberation of women and fight against alcohol. The Phoenix Settlement was set up to put into practice the values which he followed and preached for the rest of his life – self-help, dignity of labour and simplicity. It was in Phoenix Farm on March 5, 1913 that Gandhi wrote, ""refuse to believe that you are weak, and you will be strong."" © examsnet.com"
CDS-2018-I-GK-095,2018,GK,General Knowledge,General Knowledge,General Knowledge | UPSC CDS | Prelims,easy,Name the platform used for ritual purposes by the kings of the Vijayanaggira Empire. [2018 CDS-I],Mahanavami Dibba,Lotus Mahal,Hazara Rama,Virupaksha,A,Solution: Mahanavami Dibba platform was used for ritual purposes by the kings of the Vijayanagara Empire. Dasara Dibba or the Mahanavami Dibba is a beautiful stone platform located within the Royal Enclosure of Hampi. It was built during the Vijayanagara period by King Krishnadevaraya to commemorate his victory over Udaygiri. It was here where the King of Vijayanagar used to celebrate the festival of Dasara (Dussehra). © examsnet.com
CDS-2018-I-GK-096,2018,GK,Medieval History,Medieval Indian History,Medieval History | Delhi Sultanate | Mughal Empire | Administration,easy,"The idea of ‘Farr-i Izadi’, on which the Mughal kingship was based, was first developed by which one of the following Sufi saints? [2018 CDS-I]",Shihabuddin Suhrawardi,Nizamuddin Auliya,Ibn al-Arabi,Bayazid Bistami,A,"Solution: The idea of ‘Farr-I Izadi’, on which the Mughal kingship was based, was first developed by Shihabuddin Suhrawardi. Abul Fazl placed Mughal kingship as the highest station in the hierarchy of objects receiving light emanating from God (farr-i izadi). Abul Fazl was inspired by a famous Iranian Sufi, Shihabuddin Suhrawardi who first developed this idea. According to this idea, there was a hierarchy in which the Divine Light was transmitted to the king who then became the source of spiritual guidance for his subjects. © examsnet.com"
CDS-2018-I-GK-097,2018,GK,Ancient History,Ancient Indian History,Ancient History | Indian History | Archaeological Sources,easy,Which Buddhist text contains an account of the Mauiyan Emperor Ashoka? [2018 CDS-I],Vinaya Pitaka,Sutta Pitaka,Abhidhamma Pitaka,Mahavamsa,D,"Solution: - Mahavamsa - History of Buddhist Snaga which is a part of Mahavamsa contains text about Ashoka. - Mahavamsa is written in the form of a poem, which is divided into 4 parts. - The epic Buddhist poem 'Mahavamsa', composed by a Buddhist monk in the sixth century AD contains several references to the Mauryan Emperor Ashoka. Hence, Option 4 is correct. - It is written in the Pali language, an early language used mostly in Buddhist scriptures and texts. © examsnet.com"
CDS-2018-I-GK-098,2018,GK,Ancient History,Ancient Indian History,Ancient History | Indian History | Archaeological Sources,easy,Which one of the following statements about Buddhist Stupas in India is not correct? [2018 CDS-I],Ashoka played an important role in popularizing the Stupa cult.,They were repositories of relics of Buddha and other monks.,They were located in rural areas.,They were located close to trade routes.,C,"Solution: The stupa-monastery complexes were usually located near urban centres, and along major trade and pilgrimage routes. Some marked places connected with important events in the life of the Buddha. Most of the major stupa-monastery complexes were located on the outskirts of great cities of the time— Sanchi outside Vidisha, Amaravati outside Dharanikota (the Satavahana capital) and Nagarjunakonda outside Vijayapuri (the Ikshvaku capital). Stupas were Buddhist commemorative monument usually housing sacred relics associated with the Buddha or other saintly persons. The hemispherical form of the stupa appears to have derived from pre-Buddhist burial mounds in India. Ashoka played an important role in popularizing the Stupa cult. © examsnet.com"
CDS-2018-I-GK-099,2018,GK,General Knowledge,General Knowledge,General Knowledge | UPSC CDS | Prelims,easy,Which one among the following States of India has the largest number of seats in its Legislative Assembly? [2018 CDS-I],West Bengal,Bihar,Madhya Pradesh,Tamil Nadu,A,"Solution: Among the given States of India, West Bengal has the largest number of seats in its Legislative Assembly. West Bengal has 294 seats in the Legislative Assembly. Bihar has 243 seats in the  Legislative Assembly. Madhya Pradesh and Tamil Nadu have 230 and 234 seats in the Legislative Assembly, respectively. © examsnet.com"
CDS-2018-I-GK-100,2018,GK,Polity,Indian Constitution & Governance,Polity | Constitution of India | Governance | Constitutional Bodies,medium,Which of the following statements about the Ordinance-making power of the Governor is/are correct? 1. It is a discretionary power. 2. The Governor himself is not competent to withdraw the Ordinance at any time. Select the correct answer using the code given below [2018 CDS-I],1 only,2 only,Both 1 and 2,Neither 1 nor 2,D,Solution: Both the statements about the Ordinance - making power of the Governor is incorrect. Governor’s ordinance-making power is not discretionary. This means that he can promulgate or withdraw an ordinance only on the advice of the council of ministers headed by the chief minister. Governor can withdraw an ordinance at any time. © examsnet.com
CDS-2018-I-GK-101,2018,GK,Modern History,Indian National Movement,Modern History | Freedom Struggle | British Colonial Rule,easy,Which one of the following events is not correctly matched with the year in which it happened? [2018 CDS-I],Inauguration of the SWIFT system of electronic interbank fund transfers worldwide— 1985,Conclusion of the Uruguay Round of GATT— 1994,Inauguration of the World Trade Organization— 1995,Establishment of the first wholly electronic stock exchange (Nasdaq)— 1971,A,"Solution: SWIFT was founded in Brussels in 1973 under the leadership of its inaugural CEO, Carl Reuterskiöld (1973–1983), and was supported by 239 banks in 15 countries. Rest all are correctly matched: Conclusion of the Uruguay Round of GATT – 1994; Inauguration of the World Trade Organization - 1995; Establishment of the first wholly electronic stock exchange (Nasdaq)-1971 © examsnet.com"
CDS-2018-I-GK-102,2018,GK,Defence & Security,"Defence, Military & Internal Security",Defence | Military Exercises | Armed Forces | Security Architecture,hard,Consider the following statements about Indo-Tibetan Border Police (ITBP) : 1. ITBP was raised in 1962. 2. ITBP is basically a mountain trained force. 3. ITBP replaced Assam Rifles in Sikkim and Arunachal Pradesh in 2004-2005 for border guarding duly. 4. ITBP presently has 52 service battalions. Which of the statements given above are correct? [2018 CDS-I],"1, 2 and 4 only",3 and 4 only,"1, 2, 3 and 4","1, 2 and 3 only",D,"Solution: Statement (1), (2) and (3) are correct. The Indo-Tibetan Border Police (ITBP) is one of the five Central Armed Police Forces of India, raised on 24 October 1962, under the CRPF Act. ITBP is basically a mountain trained force. The ITBP replaced Assam Rifles in Sikkim and Arunachal Pradesh in 2004-2005 for border guarding duty. ITBP presently has 56 service battalions. © examsnet.com"
CDS-2018-I-GK-103,2018,GK,Modern History,Indian National Movement,Modern History | Freedom Struggle | British Colonial Rule,easy,Which one of the following is not an International Human Rights Treaty? [2018 CDS-I],International Covenant on Civil and Political Rights,Convention on the Elimination of All Forms of Discrimination against Women,Convention on the Rights of Persons with Disabilities,Declaration on the Right to Development,D,"Solution: Declaration on the Right to Development is not an International Human Rights Treaty. There are nine core international human rights treaties: 1. International Convention on the Elimination of All Forms of Racial Discrimination (ICERD). 2. International Covenant on Civil and Political Rights (ICCPR). 3. International Covenant on Economic, Social and Cultural Rights (ICESCR). 4. Convention on the Elimination of All Forms of Discrimination against Women (CEDAW). 5. Convention against Torture and Other Cruel, Inhuman or Degrading Treatment or Punishment (CAT). 6. Convention on the Rights of the Child (CRC). 7. International Convention on Protection of the Rights of All Migrant Workers and Members of Their Families (ICMRW). 8. International Convention for the Protection of All Persons from Enforced Disappearance. 9. Convention on the Rights of Persons with Disabilities (ICRPD). © examsnet.com"
CDS-2018-I-GK-104,2018,GK,General Knowledge,General Knowledge,General Knowledge | UPSC CDS | Prelims,easy,"In the context of elections in India, which one of the following is the correct full form of VVPAT? [2018 CDS-I]",Voter Verifiable Poll Audit Trail,Voter Verifying Paper Audit Trail,Voter Verifiable Paper Audit Trail,Voter Verifiable Paper Account Trail,C,"Solution: In the context of elections in India, the correct full form of VVPAT is Voter Verifiable Paper Audit Trail. The VVPAT is a method that provides feedback to voters. It is an independent verification printer machine and is attached to electronic voting machines. It allows voters to verify if their vote has gone to the intended candidate. © examsnet.com"
CDS-2018-I-GK-105,2018,GK,Modern History,Indian National Movement,Modern History | Freedom Struggle | British Colonial Rule,easy,Which one of the following is not an objective of the Pradhan Mantri Krishi Sinchayee Yojana (PMKSY)? [2018 CDS-I],To achieve convergence of investment in irrigation at the field level,To expand cultivable area under irrigation,To improve on-farm water use efficiency to reduce wastage of water,To protect farmers against crop failure due to natural calamities,D,"Solution: To protect farmers against crop failure due to natural calamities is not an objective of the Pradhan Mantri Krishi Sinchayee Yojana (PMKSY). The major objective of PMKSY is to achieve convergence of investments in irrigation at the field level, expand cultivable area under assured irrigation, improve on-farm water use efficiency to reduce wastage of water, enhance the adoption of precision-irrigation and other water saving technologies (More crop per drop), enhance recharge of aquifers and introduce sustainable water conservation practices by exploring the feasibility of reusing treated municipal waste water for periurban agriculture and attract greater private investment in precision irrigation system. © examsnet.com"
CDS-2018-I-GK-106,2018,GK,Quantitative Aptitude,Basic Numeracy & Quantitative Aptitude,Aptitude | Mathematics | Quantitative Reasoning | Problem Solving,easy,Which one of the following statements about ‘Niryat Bandhu Scheme’ is correct? [2018 CDS-I],It is a scheme for mentoring first generation entrepreneurs.,It is a scheme for crop protection.,It is a scheme for the vulnerable section of the society.,It is a scheme for monitoring rural poor.,A,"Solution: The first statement about ‘Niryat Bandhu Scheme’ i.e. it is a scheme for mentoring first generation entrepreneurs is correct. DGFT (Director General of Foreign Trade) introduced “Niryat Bandhu” scheme for International Business mentoring for young Turks in international business enterprises. The officer (Niryat Bandhu) functions in the mentoring field and is a hand holding experiment for the young turks in international business enterprises. Under the scheme, officers of DGFT invest time and knowledge to mentor the interested individuals who want to conduct the business in a legal way. © examsnet.com"
CDS-2018-I-GK-107,2018,GK,Quantitative Aptitude,Basic Numeracy & Quantitative Aptitude,Aptitude | Mathematics | Quantitative Reasoning | Problem Solving,easy,Which one of the following statements about the Deen Dayal Upadhyaya Grameen Kaushalya Yojana (DDU-GKY) is not correct? [2018 CDS-I],It is a placement-linked skill training programme exclusively for rural girls.,It aims to convert India’s demographic surplus into a demographic dividend.,The scheme aims to benefit more thain 55 million poor rural folk.,It is a generational poverty alleviation programme.,A,"Solution: The first statement about the Deen Dayal Upadhyaya Grameen Kaushalya Yojana (DDU-GKY) i.e. it is a placement-linked skill training programme exclusively for rural girls is not correct. The Ministry of Rural Development (MoRD) launched the Deen Dayal Upadhyaya Grameen Kaushalya Yojana (DDU-GKY) Antyodaya Diwas, on 25th September 2014. DDU-GKY is a part of the National Rural Livelihood Mission (NRLM), tasked with the dual objectives of adding diversity to the incomes of rural poor families and cater to the career aspirations of rural youth. It is youth employment scheme. The term youth is gender-neutral so, first statement is incorrect because it uses the term exclusively for girls. The Vision of DDU-GKY is to ""Transform rural poor youth into an economically independent and globally relevant workforce"". It aims to target youth, under the age group of 15–35 years. © examsnet.com"
CDS-2018-I-GK-108,2018,GK,General Knowledge,General Knowledge,General Knowledge | UPSC CDS | Prelims,easy,Where is Hambantota Port located? [2018 CDS-I],Iran,Sri Lanka,Japan,Pakistan,B,"Solution: Hambantota Port (or Magampura Mahinda Rajapaksa Port) is located in Sri Lanka. It is a maritime port. The first phase of the port was opened on 18 November 2010. It is named after former President Mahinda Rajapaksa. Hambantota International Port Group (HIPG) and Hambantota International Port Services (HIPS), two new companies set up by the China Merchants Port Holdings Company and the Sri Lanka Ports Authority, own the port. China takes over Sri Lanka's Hambantota port on a 99-year lease. © examsnet.com"
CDS-2018-I-GK-109,2018,GK,Current Affairs,Current Events of National & International Importance,Current Affairs | International Relations | Government Schemes | Awards,easy,The projects under Coastal Berth Scheme of the flagship Sagarmala Programme are distributed over how many States ? [2018 CDS-I],Eight,Ten,Twelve,Fourteen,A,"Solution: The projects under Coastal Berth Scheme of the flagship Sagarmala Programme are distributed over eight States. The Ministry of Shipping has taken up projects worth ₹2,302 crore for financial assistance under the Coastal Berth Scheme of the flagship Sagarmala Programme. The projects are distributed over eight states with the highest number of projects in Maharashtra(12 projects), Andhra Pradesh & Goa (10 projects), Karnataka (6 projects), Kerala and Tamil Nadu (3 projects), Gujarat (2 projects) and West Bengal (1 project). © examsnet.com"
CDS-2018-I-GK-110,2018,GK,Modern History,Indian National Movement,Modern History | Freedom Struggle | British Colonial Rule,easy,Which one of the following statements about the National Adaptation Fund for Climate Change is not correct? [2018 CDS-I],The fund is meant to assist national and State level activities to meet the cost of adaptation measures,This scheme has been taken as a Central Sector Scheme.,The Indian Council of Agricultural Research is the national implementing entity for the fund.,The scheme has been in force since 2015-2016.,C,"Solution: The third statement about the National Adaptation Fund for Climate Change is not correct because National Bank for Agriculture and Rural Development (NABARD) is the National Implementing Entity (NIE) for the fund. The National Adaptation Fund for Climate Change (NAFCC) is a Central Sector Scheme which was set up in the year 2015-16. The objective of the fund is to assist State and Union Territories that are particularly vulnerable to the adverse effects of climate change in meeting the cost of adaptation. The activities under this scheme are implemented in a project mode. The projects related to adaptation in sectors such as agriculture, animal husbandry, water, forestry, tourism etc. are eligible for funding under NAFCC. © examsnet.com"
CDS-2018-I-GK-111,2018,GK,Defence & Security,"Defence, Military & Internal Security",Defence | Military Exercises | Armed Forces | Security Architecture,easy,‘SAMPRITI-2017’ is a joint military exercise between armed forces of India and [2018 CDS-I],Bhutan,Bangladesh,Pakistan,Myanmar,B,"Solution: ‘SAMPRITI-2017’ is a joint military exercise between armed forces of India and Bangladesh. It was conducted at Counter Insurgency and Jungle Warfare School, Vairengte in Mizoram. It was the seventh edition of the Exercise. Exercise SAMPRITI is an important bilateral defence cooperation endeavour between India and Bangladesh. The exercise is aimed at strengthening and broadening the aspects of interoperability and cooperation between the Indian and Bangladesh Armies while working together in a counter-insurgency and counter-terrorism environment under the UN mandate. © examsnet.com"
CDS-2018-I-GK-112,2018,GK,Polity,Indian Constitution & Governance,Polity | Constitution of India | Governance | Constitutional Bodies,easy,The judgement of the Supreme Court of India in the Vishakha Case pertains to [2018 CDS-I],sexual harassment in the work­-place,Sati,dowry death,rape,A,"Solution: The judgement of the Supreme Court of India in the Vishakha Case pertains to sexual harassment in the work-place. Vishakha and others v State of Rajasthan was a 1997 Indian Supreme Court case where Vishakha and other women groups filed Public Interest Litigation (PIL) against State of Rajasthan and Union of India to enforce the fundamental rights of working women under Articles 14, 19 and 21 of the Constitution of India. The Vishakha Guidelines-promulgated by the Supreme Court in 1997 were a set of procedural guidelines for use in cases of sexual harassment. These were superseded in 2013 by the Sexual Harassment of Women at Workplace (Prevention, Prohibition and Redressal) Act, 2013. © examsnet.com"
CDS-2018-I-GK-113,2018,GK,Current Affairs,Current Events of National & International Importance,Current Affairs | International Relations | Government Schemes | Awards,easy,"The first BRICS Summit, after the inclusion of South Africa, was held at [2018 CDS-I]",Brasilia,Sanya,Yekaterinburg,Durban,B,"Solution: The first BRICS Summit, after the inclusion of South Africa, was held at Sanya, China .The first BRICS summit that was attended by South Africa was in April 2011. The 1st BRIC Summit was held in Yekaterinburg, Russia, on 16 June 2009. It was agreed to expand BRIC into BRICS with the inclusion of South Africa at the BRIC Foreign Ministers' meeting in New York in September 2010. © examsnet.com"
CDS-2018-I-GK-114,2018,GK,General Knowledge,General Knowledge,General Knowledge | UPSC CDS | Prelims,easy,Who deciphered the Brahmi and Kharoshthi scripts? [2018 CDS-I],Piyadassi,Colin Mackenzie,Alexander Cunningham,James Prinsep,D,"Solution: James Prinsep deciphered the Brahmi and Kharoshthi scripts. James Prinsep was an English scholar, orientalist and antiquary. He was the founding editor of the Journal of the Asiatic Society of Bengal. The first evidence for the use of Brahmi script in India comes from around 250 B.C. It was used to write several different languages, including Sanskrit and Prakrit. Over 200 modern Indian scripts are based on Brahmi script. Brahmi script is written from left to right and was used to write on a variety of materials such as stone, terracotta and metal. Kharosthi was a script used in the north-western region of India between about the fifth century B.C. and the third century A.D. It was used to write many different local languages like Prakrit. © examsnet.com"
CDS-2018-I-GK-115,2018,GK,General Knowledge,General Knowledge,General Knowledge | UPSC CDS | Prelims,hard,Which of the following is/are the feature(s) of the Brahmadeya Grants during c 600-1200 AD? 1. Their creation meant a renunciation of actual or potential sources of revenue by the State. 2. These grants could vary from a small plot to several villages. 3. Most grants were made in unsettled areas. Select the correct answer using the code given below. [2018 CDS-I],1 only,2 and 3 only,1 and 2 only,"1,2 and 3",B,"Solution: In early India land grants to religious institutions were called Brahmadeya, (i.e. donated to Brahmins) Devadana (donated to Gods) and Agrahara (Settlement – of priests). Brahmadeya represented the grant of land either in a single plot or whole villages donated to Brahamans by making them land-owners or landcontrollers. These grants could vary from a small plot to several villages. Most grants were made in unsettled areas. They were exempted from various land taxes and dues either entirely or partially such as in the initial states of settlement. © examsnet.com"
CDS-2018-I-GK-116,2018,GK,General Knowledge,General Knowledge,General Knowledge | UPSC CDS | Prelims,easy,Who is the author of Manimekalai? [2018 CDS-I],Kovalan,Sathanar,Ilango Adigal,Timtakkatevar,B,"Solution: Seethalai Sathanar is the author of the book Manimekalai. The book is a poem in 30 cantos. Its story is a sequel of an epic ‘Silappatikaram’ that tells the story of the conversion to Buddhism of the daughter of Kovalan and Madhavi. The epic gives much information on the history of Tamil Nadu, Buddhism and its place during that period, contemporary arts and culture, and the customs of the times © examsnet.com"
CDS-2018-I-GK-117,2018,GK,Defence & Security,"Defence, Military & Internal Security",Defence | Military Exercises | Armed Forces | Security Architecture,easy,Which one of the following statements about the Elephanta Island is correct? [2018 CDS-I],It was given its name by the British after a large elephant structure located there.,It contains one large cave.,It is well-known for a spectacular carving of Vishnu described in the Vishnudharmottara Purana.,It is associated with the Pashupata sect.,B,"Solution: Elephant Island contains one large cave. Elephanta Island is one of a number of islands in Mumbai Harbour, east of Mumbai. Known in ancient times as Gharapuri, the name Elephanta island was given by Portuguese explorers, after seeing a monolithic basalt sculpture of an elephant found near the entrance. The carvings narrate Hindu mythologies, with the large monolithic 20 feet Trimurti Sadashiva (three-faced Shiva), Nataraja (Lord of dance) and Yogishvara (Lord of Yoga) being the most celebrated. © examsnet.com"
CDS-2018-I-GK-118,2018,GK,Modern History,Indian National Movement,Modern History | Freedom Struggle | British Colonial Rule,hard,Which of the following statements about Sir Syed Ahmad Khan is/are correct? 1. He argued that India was a federation of ethnic communities based on common descent. 2. His philosophy was very similar to that of the Indian National Congress. 3. He imagined India as a Nation State based on individual citizen’s rights. 4. The curriculum at the Mohammedan Anglo-Oriental College blended Muslim theology and European empiricism. Select the correct answer using the code given below. [2018 CDS-I],1 only,2 and 3,3 only,1 and 4,D,"Solution: Statement (1) and (4) are correct. Statement (2) is incorrect as initially Sir Syed Ahmad Khan’s philosophy was very similar to that of the Indian National Congress but later on he went against Congress. He supported the British during the 1857 revolution. He thought that Congress was mainly a Hindu body which worked for the protection of the rights of the Hindus. Sir Syed Ahmed khan was an Indian Muslim pragmatist, Islamic reformist, philosopher of nineteenth century British India. In 1875, he founded the Muhammadan Anglo-Oriental College, the first Muslim university in South Asia. © examsnet.com"
CDS-2018-I-GK-119,2018,GK,General Knowledge,General Knowledge,General Knowledge | UPSC CDS | Prelims,medium,Consider the following statements about impact of tax : 1. A tax is shifted forward to consumers if the demand is inelastic relative to supply. 2. A tax is shifted backward to producers if the supply is relatively more inelastic than demand. Which of the statements given above is/are correct? [2018 CDS-I],1 only,2 only,Both 1 and 2,Neither 1 nor 2,C,"Solution: Both the statements are correct. A tax is shifted forward to consumers if the demand i  inelastic relative to supply and is shifted backwards to producers if the supply is relatively more inelastic than demand. Shifting of tax can take place in two directions, forward and backward. If tax is shifted, from producers to consumer, it is a case of forward shifting. Backward shifting takes place when consumers do not purchase commodities at increased prices. Producers are then forced to cut down prices and bear burden of tax themselves. © examsnet.com"
CDS-2018-I-GK-120,2018,GK,Modern History,Indian National Movement,Modern History | Freedom Struggle | British Colonial Rule,easy,"According to the law of diminishing marginal utility, as the amount of a good consumed increases, the marginal utility of that good tends to [2018 CDS-I]",improve,diminish,remain constant,first diminish and then improve,B,"Solution: According to the law of diminishing marginal utility, as the amount of a good consumed increases, the marginal utility or that good tends to diminish. The law of diminishing marginal utility is a law of economics stating that as a person increases consumption of a product while keeping consumption of other products constant, there is a decline in the marginal utility that person derives from consuming each additional unit of that product. © examsnet.com"
