Id,Year,Paper,Subject,Topics,Tags,Difficulty,Question,Option_A,Option_B,Option_C,Option_D,Correct_Answer,Explanation
CDS-2022-II-GK-001,2022,GK,General Knowledge,General Knowledge,General Knowledge | UPSC CDS | Prelims,hard,Which of the following States has/have bicameral legislature? 1. Andhra Pradesh 2. Telangana 3. Bihar 4. Uttar Pradesh Select the correct answer using the code given below:,1 only,"1, 2 and 3 only",3 and 4 only,"1, 2, 3 and 4",D,"Solution: Concept: A bicameral legislature means the state has two houses: the Legislative Assembly (Vidhan Sabha) and the Legislative Council (Vidhan Parishad). Explanation: In India, only six states have a bicameral legislature. These are: Andhra Pradesh, Telangana, Bihar, Uttar Pradesh, Maharashtra, and Karnataka. All four states listed in the question — Andhra Pradesh, Telangana, Bihar, and Uttar Pradesh — have bicameral legislatures. Therefore, the correct set of codes includes all four. Answer: Option D: 1, 2, 3 and 4. © examsnet.com"
CDS-2022-II-GK-002,2022,GK,Polity,Indian Constitution & Governance,Polity | Constitution of India | Governance | Constitutional Bodies,easy,"By which one of the following Constitutional Amendment Acts, was the Article 21A (Right to Education) inserted into the Constitution of India?",8 3 t h A m e n d m e n t A c t 83^{th} Amendment Act 8 3 t h A m e n d m e n t A c t,84th Amendment Act,86th Amendment Act,85th Amendment Act,C,"Solution: Concept: The 86th Constitutional Amendment Act inserted Article 21A, making the Right to Education a fundamental right. Explanation: The Supreme Court in the Unnikrishnan case (1993) declared education a fundamental right under Article 21. The Tapas Majumdar Committee (1999) recommended inserting Article 21A. The 86th Amendment Act, passed in 2002, added Article 21A to Part III of the Constitution. It guarantees free and compulsory education for children aged 6 to 14 years. The same amendment also added clause (k) to Article 51A, making it a duty of parents or guardians to provide education to their child or ward aged 6 to 14. Other amendments mentioned in the options are unrelated: The 83rd Amendment (2000) exempts Arunachal Pradesh from SC reservation in Panchayats. The 84th Amendment (2001) extended the freeze on seat readjustment in Lok Sabha and state legislatures until 2026. The 85th Amendment (2001) granted consequential seniority in promotions for SC/ST government servants. Answer: The 8 6 t h 86^{th} 8 6 t h Amendment Act (Option C) inserted Article 21A. © examsnet.com"
CDS-2022-II-GK-003,2022,GK,Defence & Security,"Defence, Military & Internal Security",Defence | Military Exercises | Armed Forces | Security Architecture,easy,An object is dropped from a height onto the floor. Which one of the following remains uniform as it falls?,Its acceleration,Its momentum,Its kinetic energy,Its potential energy,A,"Solution: Concept: For a freely falling object under gravity (ignoring air resistance), the acceleration is constant and equal to g g g . Explanation: When an object is dropped from a height, it falls under the influence of gravity alone. This is called free fall. During free fall, the only force acting is the gravitational force, which is constant near the Earth’s surface. According to Newton’s second law, F = m a F = ma F = ma , a constant force produces a constant acceleration. Thus, the acceleration of the object remains uniform at g = 9.81 m/s 2 g = 9.81 \, \text{m/s}^2 g = 9.81 m/s 2 (downward). In contrast, momentum ( p = m v p = mv p = m v ) increases because velocity increases. Kinetic energy ( 1 2 m v 2 \frac{1}{2}mv^2 2 1 ​ m v 2 ) also increases with speed. Potential energy ( m g h mgh m g h ) decreases as height h h h decreases. Therefore, only acceleration stays constant during the fall. Answer: Option A: Its acceleration. © examsnet.com"
CDS-2022-II-GK-004,2022,GK,Modern History,Indian National Movement,Modern History | Freedom Struggle | British Colonial Rule,easy,"If an object is placed at the focus of a convex lens, its image is",at the focus on the same side.,at the focus on the opposite side.,coincident with the lens.,at infinity.,D,"Solution: Concept: When an object is placed exactly at the focus of a convex lens, the refracted rays become parallel and the image is formed at infinity. Explanation: A convex lens converges parallel rays to the focus on the opposite side. If the object is placed at the focus on one side, the light rays emerging from the lens become parallel to each other. Parallel rays never meet at a finite point, so the image is said to be formed at infinity. The image formed is real, inverted, and highly enlarged. Using the lens formula 1 v − 1 u = 1 f \frac{1}{v} - \frac{1}{u} = \frac{1}{f} v 1 ​ − u 1 ​ = f 1 ​ : for a convex lens, f f f is positive, u = − f u = -f u = − f (object distance is taken negative). Substituting gives 1 v − 1 ( − f ) = 1 f ⇒ 1 v + 1 f = 1 f ⇒ 1 v = 0 \frac{1}{v} - \frac{1}{(-f)} = \frac{1}{f} \Rightarrow \frac{1}{v} + \frac{1}{f} = \frac{1}{f} \Rightarrow \frac{1}{v} = 0 v 1 ​ − ( − f ) 1 ​ = f 1 ​ ⇒ v 1 ​ + f 1 ​ = f 1 ​ ⇒ v 1 ​ = 0 , so v → ∞ v \to \infty v → ∞ . Answer: Option D – at infinity. © examsnet.com"
CDS-2022-II-GK-005,2022,GK,Science & Tech,General Science & Emerging Technologies,Science & Tech | General Science | Applied Science | Physics | Chemistry | Biology,easy,Which one of the following statements about the aperture of a convex lens is correct?,It is equal to its radius of curvature.,It is equal to its focal length.,It is independent of its radius of curvature.,It is equal to half of its focal length.,C,"Solution: Concept: The aperture of a convex lens is the effective diameter of its light-transmitting area, and it is independent of the lens's radius of curvature. Explanation: Aperture determines the amount of light entering the lens. It affects the brightness (intensity) of the image, which is proportional to the square of the aperture. The focal length depends on the radius of curvature via the lens maker's formula, but the aperture itself is a separate physical size. For a thin lens, the relation R = 2 f R = 2f R = 2 f holds only when the aperture is much smaller than the radius of curvature, but this does not mean aperture equals R R R or f f f . The aperture can be varied without changing the radius of curvature. Thus, the aperture is independent of the radius of curvature. Answer: Option C: It is independent of its radius of curvature. © examsnet.com"
CDS-2022-II-GK-006,2022,GK,Modern History,Indian National Movement,Modern History | Freedom Struggle | British Colonial Rule,easy,"When water is heated from 0°C to 4°C, its density",remains constant.,increases.,decreases.,first increases then decreases to its original value.,B,"Solution: Concept: Water shows anomalous expansion: from 0 ∘ C 0^\circ\text{C} 0 ∘ C to 4 ∘ C 4^\circ\text{C} 4 ∘ C , its density increases, reaching a maximum at 4 ∘ C 4^\circ\text{C} 4 ∘ C . Explanation: When water is heated from 0 ∘ C 0^\circ\text{C} 0 ∘ C to 4 ∘ C 4^\circ\text{C} 4 ∘ C , its density increases. At 0 ∘ C 0^\circ\text{C} 0 ∘ C , water contains ice-like clusters that keep molecules farther apart, giving a lower density. As temperature rises to 4 ∘ C 4^\circ\text{C} 4 ∘ C , these clusters break, molecules move closer together, and density increases. At 4 ∘ C 4^\circ\text{C} 4 ∘ C , water reaches its maximum density of 1000 kg m − 3 1000\ \text{kg m}^{-3} 1000 kg m − 3 . After 4 ∘ C 4^\circ\text{C} 4 ∘ C , further heating causes molecules to move faster and spread apart, decreasing density. Thus, for the specific range 0 ∘ C 0^\circ\text{C} 0 ∘ C to 4 ∘ C 4^\circ\text{C} 4 ∘ C , density only increases. The options include ""first increases then decreases"" but that applies only if heating continues beyond 4 ∘ C 4^\circ\text{C} 4 ∘ C . Within the given range, the density simply increases. Answer: B. increases. © examsnet.com"
CDS-2022-II-GK-007,2022,GK,Quantitative Aptitude,Basic Numeracy & Quantitative Aptitude,Aptitude | Mathematics | Quantitative Reasoning | Problem Solving,easy,The acceleration due to gravity at the Earth's surface depends on,its mass only.,its radius only.,both its mass and radius.,either its mass or its radius.,C,"Solution: Concept: The acceleration due to gravity at Earth’s surface depends on both the Earth’s mass and its radius. Explanation: The formula for g g g is g = G M R 2 g = \frac{GM}{R^2} g = R 2 GM ​ . Here, G G G is the universal gravitational constant, M M M is the mass of Earth, and R R R is the radius of Earth. From this equation, g g g is directly proportional to M M M and inversely proportional to R 2 R^2 R 2 . Hence, any change in either M M M or R R R changes the value of g g g . Thus, g g g depends on both mass and radius, not on one alone. Answer: Option C: both its mass and radius. © examsnet.com"
CDS-2022-II-GK-008,2022,GK,Geography,Physical and Indian Geography,Geography | Physical Geography | Indian Geography | Geomorphology,easy,In which one of the following highlands of India can you find temperate forests called ‘Sholas'?,Nilgiris,Vindhyas,Satpuras,Himalayas,A,"Solution: Concept: Shola forests are temperate forests found in high-altitude regions of South India, specifically in the Nilgiris, Anaimalai, and Palani hills. Explanation: These forests occur only in valleys where fog and mist are minimal. Mountains in these regions are typically covered in grasslands, but shola forests appear above 2000 metres of sea level. They are unique to the Southern Western Ghats in Karnataka, Kerala, and Tamil Nadu (especially the Nilgiris). Shola forests are characterized by high endemism, meaning many species are found nowhere else, e.g., the Nilgiri Tahr. Shola tree species have very low regeneration rates and are sensitive to climatic change. These forests and grasslands are often cleared for agriculture and hill station construction. Shola soils have high water retention capacity, storing monsoon rain and slowly releasing it to form streams. Shola forests are part of the world’s biodiversity hotspots. Answer: The correct option is A. Nilgiris. © examsnet.com"
CDS-2022-II-GK-009,2022,GK,General Knowledge,General Knowledge,General Knowledge | UPSC CDS | Prelims,easy,'Pingos' are associated with which one of the following process?,Glacial,Peri-glacial,Aeolian,Fluvial,B,"Solution: Concept: Pingos are ice-cored hills formed in permafrost regions. Explanation: A pingo is a dome-shaped hill created when freezing groundwater pressure pushes up a layer of frozen ground. They occur exclusively in permafrost environments, such as the Arctic and subarctic. Pingos are classified as periglacial landforms — these are features linked to cold climates but not directly formed by glaciers. Typical height ranges from 3 3 3 to 70 70 70 metres, and they have a conical shape. The world’s highest concentration of pingos is in the Tuktoyaktuk peninsula, Canada, with over 1 , 350 1,350 1 , 350 pingos. Pingos are found mainly between latitudes 6 5 ∘ 65^{\circ} 6 5 ∘ and 7 5 ∘ 75^{\circ} 7 5 ∘ N in continental tundra. When the ice core at the top melts, the overlying material collapses, sometimes forming a small crater or lake. Thus, pingos are associated with periglacial (not glacial, aeolian, or fluvial) processes. Answer: B. Peri-glacial © examsnet.com"
CDS-2022-II-GK-010,2022,GK,Modern History,Indian National Movement,Modern History | Freedom Struggle | British Colonial Rule,hard,Match List I with List II and select the correct answer using the code given below the Lists : List I List II (Drainage Pattern of River) (Feature) A. Insequent 1. Whose direction of flow is controlled by the rock structure B. Consequent 2. No apparent reason why it follows the path it takes C. Subsequent 3. Flow in the same direction as the consequent stream but at a lower level D. Resequent 4. Whose course is determined by the original slope of the land,"(A) - (2), (B) - (1), (C) - (4), (D) - (3)","(A) - (2), (B) - (4), (C) - (1), (D) - (3)","(A) - (3), (B) - (4), (C) - (1), (D) - (2)","(A) - (3), (B) - (1), (C) - (4), (D) - (2)",B,"Solution: Concept: Drainage patterns describe how rivers flow based on slope, rock structure, and erosion history. Explanation: The correct matching is determined by understanding each drainage pattern’s defining feature. Insequent : This pattern shows no apparent reason for its path because it does not adjust to underlying rock or surface slope. It corresponds to feature 2: “No apparent reason why it follows the path it takes”. Consequent : The course is set by the original slope of the land, following the general direction of the terrain. It corresponds to feature 4: “Whose course is determined by the original slope of the land”. Subsequent : This tributary develops by headward erosion along weak rock belts after the main consequent river forms. Its direction is controlled by rock structure, matching feature 1: “Whose direction of flow is controlled by the rock structure”. Resequent : It flows in the same direction as the original consequent stream but at a lower level, forming later. It corresponds to feature 3: “Flow in the same direction as the consequent stream but at a lower level”. Thus the pairs are: A–2, B–4, C–1, D–3, which matches the second option in the list. Answer: Option 2 © examsnet.com"
CDS-2022-II-GK-011,2022,GK,Quantitative Aptitude,Basic Numeracy & Quantitative Aptitude,Aptitude | Mathematics | Quantitative Reasoning | Problem Solving,easy,"Which one of the following processes leads to expansion of certain minerals as they take up water, causing additional stress in the rock?",Hydrolysis,Hydration,Oxidation,Carbonation,B,"Solution: Concept: Hydration is the process where minerals chemically absorb water, causing them to expand and generate internal stress in rocks. Explanation: During hydration, water molecules split into H + H^+ H + and O H − OH^- O H − ions and become rigidly attached to the atoms of a mineral. This addition of water increases the volume of the mineral, creating physical stresses within the rock. For example, iron oxides ( F e 2 O 3 \mathrm{Fe}_2\mathrm{O}_3 Fe 2 ​ O 3 ​ ) convert to iron hydroxides ( F e ( O H ) 3 \mathrm{Fe}(\mathrm{OH})_3 Fe ( OH ) 3 ​ ), which occupy a larger volume. Hydration is reversible — repeated cycles of wetting and drying cause fatigue and eventually disintegration of the rock. The expansion leads to physical weathering effects like exfoliation and granular disintegration. In contrast, hydrolysis consumes water to break down minerals, oxidation combines minerals with oxygen, and carbonation involves carbon dioxide forming carbonic acid — none of these primarily cause expansion from water uptake. Answer: Hydration © examsnet.com"
CDS-2022-II-GK-012,2022,GK,General Knowledge,General Knowledge,General Knowledge | UPSC CDS | Prelims,easy,The Indian desert also known as Marusthali is believed to be under the sea during which one of the following eras?,Cenozoic era,Palaeozoic era,Mesozoic era,Archaean and Pre-Cambrian era,C,"Solution: Concept: The Indian desert (Marusthali) was submerged under the sea during the Mesozoic era, as evidenced by marine fossils and deposits found in the region. Explanation: The Thar Desert region, known as Marusthali, is geologically part of the Peninsular Plateau. It contains outcrops of gneisses, schists, and granites, indicating its ancient landmass origin. However, the surface shows signs of ancient marine submergence. Key evidence includes wood fossils found at Aakal, estimated to be about 180 180 180 million years old. Marine deposits around Brahmsar near Jaisalmer further support this submergence. These fossils and deposits date back to the Mesozoic era (about 252 252 252 to 66 66 66 million years ago). Thus, it is believed that during the Mesozoic era, the Marusthali was under the sea. Answer: The Indian desert (Marusthali) is believed to have been under the sea during the Mesozoic era . © examsnet.com"
CDS-2022-II-GK-013,2022,GK,General Knowledge,General Knowledge,General Knowledge | UPSC CDS | Prelims,hard,Which among the following are Charvaka Schools of Philosophy? 1. Dhurtta 2. Nyaya 3. Sushikshita 4. Vaisheshika Select the correct answer using the code given below :,"1, 2 and 3",2 and 3 only,2 and 4 only,1 and 3 only,D,"Solution: Concept: Charvaka (Lokayata) is an unorthodox Indian philosophy that rejects Vedas, soul, and afterlife. Its two sub-schools are Dhurtta and Sushikshita. Explanation: Charvaka philosophy is materialistic and hedonistic. It denies the existence of an afterworld, karma, moksha, and the soul's immortality. The Charvaka school later split into two branches: Dhurtta Charvaka and Sushikshita Charvaka. Dhurtta Charvaka believed only four elements (earth, water, fire, air) exist and rejected the soul. Sushikshita Charvaka accepted a non-eternal soul that perishes with the body. Nyaya and Vaisheshika are orthodox (astika) schools that accept the authority of the Vedas. Therefore, only Dhurtta (1) and Sushikshita (3) belong to the Charvaka school. Answer: D. 1 and 3 only © examsnet.com"
CDS-2022-II-GK-014,2022,GK,General Knowledge,General Knowledge,General Knowledge | UPSC CDS | Prelims,hard,"During the 8 th 8^{\text{th}} 8 th - 1 4 th 14^{\text{th}} 1 4 th centuries, in the Sanskrit texts and inscriptions, which of the following terms were used to denote Muslims? 1. Turushka 2. Tajika 3. Parashika 4. Kardamaka Select the correct answer using the code given below :","1, 2 and 3","1, 2 and 4",2 and 3 only,"1, 3 and 4",A,"Solution: Concept: Sanskrit texts and inscriptions from the 8th to 14th centuries used ethnic or regional terms, not religious ones, to denote Muslims. Explanation: The common terms included Turushka (Turks), Tajika (Perso-Arabic Muslims), and Parashika (Persians). Another frequently used term was Mlechchha, and later Yavana also appeared. Only in a rare 1264 Veraval inscription do we find the term ""Musalmaana"" used. The term Kardamaka, however, refers to the Kardamaka dynasty (Bhadramukhas), founded by the Satrap Castana around 78 CE. Kardamaka was never used to denote Muslims, so statement 4 is incorrect. Therefore, statements 1, 2, and 3 are correct. Answer: Option A: 1, 2 and 3. © examsnet.com"
CDS-2022-II-GK-015,2022,GK,Ancient History,Ancient Indian History,Ancient History | Indian History | Archaeological Sources,easy,"In the citadel and lower-town areas of which one of the following Harappan cities, have several large cisterns and reservoirs been found?",Banawali,Mohenjodaro,Dholavira,Rakhigarhi,C,"Solution: Concept: The Harappan city of Dholavira is unique for its elaborate water management system, including large stone-built reservoirs and cisterns located in both the citadel and lower town areas. Explanation: Dholavira, located on Khadir Bet island in Gujarat, was discovered in 1968 by archaeologist Jagat Pati Joshi. It is the fifth largest metropolis of the Indus Valley Civilization, after Mohenjo-Daro, Ganweriwala, Harappa (in Pakistan), and Rakhigarhi (in Haryana). The site has two main parts: a walled city and a cemetery to the west. The walled city comprises a fortified Castle with an attached Bailey and Ceremonial Ground, plus a fortified Middle Town and a Lower Town. Unlike most Harappan cities built near rivers, Dholavira relied on stored rainwater. A series of large cisterns and reservoirs were constructed to the east and south of the citadel and also within the lower town. These reservoirs were cut from rock and lined with plaster, forming one of the most sophisticated water conservation systems of the ancient world. Artifacts found include terracotta pottery, beads, copper ornaments, seals, and evidence of copper smelting. The reservoirs provided water for drinking and irrigation, making the settlement sustainable in the arid region. Answer: The correct answer is Dholavira (Option C). © examsnet.com"
CDS-2022-II-GK-016,2022,GK,Defence & Security,"Defence, Military & Internal Security",Defence | Military Exercises | Armed Forces | Security Architecture,medium,"Consider the following statements about cavalry warfare in India : 1. The iron stirrup made it possible for the armoured warrior to sit firmly on horse without falling off. 2. The iron stirrup also allowed a cavalry charge with lances held tightly to the body, without the rider being thrown off by the shock of impact. Which of the statements given above is/are correct?",1 only,2 only,Both 1 and 2,Neither 1 nor 2,C,"Solution: Concept: The iron stirrup improved cavalry stability and shock absorption during combat. Explanation: A stirrup is a foot support attached to a saddle, usually in pairs. It helps the rider mount and maintain balance while riding. The iron stirrup allowed an armoured warrior to sit firmly on the horse without falling off. Hence, statement 1 is correct. It also enabled a cavalry charge with lances held tightly to the body. The stirrup prevented the rider from being thrown off by the shock of impact. Thus, statement 2 is also correct. Both statements accurately describe the benefits of the iron stirrup in Indian cavalry warfare. Answer: Both 1 and 2 © examsnet.com"
CDS-2022-II-GK-017,2022,GK,General Knowledge,General Knowledge,General Knowledge | UPSC CDS | Prelims,easy,The British policy towards Afghanistan in the first half of the 1 9 th 19^{\text{th}} 1 9 th century aimed at,Strengthening Afghanistan as a buffer against Russia.,Weakening Russian influence in Afghanistan but not promoting a strong Afghanistan either.,Promoting Russian influence in Afghanistan to control insurgent tribal leaders.,Annexing Afghanistan as a directly-controlled British Territory.,B,"Solution: Concept: British policy aimed to counter Russian influence without creating a strong, independent Afghanistan. Explanation: Britain feared Russian expansion toward India through Afghanistan. To protect its colony, Britain wanted to reduce Russian influence in Afghanistan. However, Britain also did not want a strong, united Afghanistan that could pose a threat. Instead, Britain preferred a weak and divided Afghanistan that it could easily control. This approach is captured in the “forward policy” advocated by Governor-General Auckland in 1836. The Tripartite Treaty of 1838 with the Sikhs and Shah Shuja aimed to install a friendly ruler. Thus, the policy was not about strengthening Afghanistan as a buffer, nor about annexation. Answer: Weakening Russian influence in Afghanistan but not promoting a strong Afghanistan either. © examsnet.com"
CDS-2022-II-GK-018,2022,GK,General Knowledge,General Knowledge,General Knowledge | UPSC CDS | Prelims,easy,"Recently, the United Nations agreed to change the name of which one of the following countries?",Algeria,Jordan,Morocco,Turkey,D,"Solution: Concept: The United Nations approved a request to change the official English name of a country in June 2022. Explanation: Turkey requested to change its internationally recognised English name from ""Turkey"" to ""Turkiye"" in December 2021. The United Nations granted this request on 1 June 2022. The country had been calling itself Turkiye since its declaration of independence in 1923. The change reflects the country's preference for its native spelling and pronunciation. No other country among the options (Algeria, Jordan, Morocco) underwent such a name change at that time. Answer: Turkey (now known as Turkiye) © examsnet.com"
CDS-2022-II-GK-019,2022,GK,Modern History,Indian National Movement,Modern History | Freedom Struggle | British Colonial Rule,easy,"The SWIFT (The Society for Worldwide Interbank Financial Telecommunication) frequently mentioned in news, is essentially a",Global financial intelligence agency,Global terror finance detection system,Global money transfer system,Global stock-market information sharing system,C,"Solution: Concept: SWIFT is a secure messaging network that enables banks to send instructions for international money transfers. Explanation: SWIFT stands for Society for Worldwide Interbank Financial Telecommunication. It does not actually transfer money or settle payments. Instead, it provides a standardized and secure platform for banks to exchange payment instructions. Before SWIFT, banks used slower Telex messages for international fund transfers. Each member bank gets a unique SWIFT code that identifies the bank, country, location, and branch. This code ensures messages are processed accurately and securely. Over 11,000 financial institutions in 200 countries use SWIFT. The system is overseen by the central banks of G10 nations, the European Central Bank, and the National Bank of Belgium. Notably, countries like Iran and North Korea have been excluded from SWIFT due to sanctions. Recently, several Russian banks were removed from SWIFT in response to the Ukraine conflict. Thus, SWIFT functions essentially as a global messaging backbone for interbank money transfers. Answer: Global money transfer system (Option C). © examsnet.com"
CDS-2022-II-GK-020,2022,GK,Defence & Security,"Defence, Military & Internal Security",Defence | Military Exercises | Armed Forces | Security Architecture,medium,P-75 I (or P-75. India) project refers to manufacture of,Diesel-electric submarines.,Nuclear-powered submarines.,Aircraft carrier warships.,Field guns.,A,"Solution: Concept: Project 75 is a programme by the Indian Navy to build six Scorpene-Class attack submarines. Explanation: Under Project 75, Mazagon Dock Limited (MDL) is manufacturing six Scorpene-Class submarines. These submarines are powered by diesel-electric propulsion systems. The technical assistance is provided by the Naval Group of France. The six submarines are: INS Kalavari, INS Khanderi, INS Kharanj, INS Vela, INS Vagir, and INS Vagsheer. INS Vagsheer, the last submarine under this project, was launched in April 2022. All these submarines are conventionally powered, not nuclear-powered. Therefore, the project refers to the manufacture of diesel-electric submarines. Answer: Diesel-electric submarines. © examsnet.com"
CDS-2022-II-GK-021,2022,GK,General Knowledge,General Knowledge,General Knowledge | UPSC CDS | Prelims,hard,Consider the following : 1. M.A. Ayyangar 2. G.S. Dhillon 3. Balram Jakhar 4. P.A. Sangma How many of them were the Speaker of the Lok Sabha?,1,2,3,4,D,"Solution: Concept: The question asks how many among the given four persons have served as the Speaker of the Lok Sabha. Explanation: Step 1: Recall the list of Lok Sabha Speakers from 1952 onwards. Step 2: Check each name against the list of speakers. M. A. Ayyangar served as Speaker from 1956 to 1962. G. S. Dhillon served as Speaker from 1969 to 1975. Balram Jakhar served as Speaker from 1980 to 1989. P. A. Sangma served as Speaker from 1996 to 1998. Step 3: Count the number of individuals who have held the office. All four are indeed former Lok Sabha Speakers. Therefore, the correct count is 4. Answer: 4 © examsnet.com"
CDS-2022-II-GK-022,2022,GK,Polity,Indian Constitution & Governance,Polity | Constitution of India | Governance | Constitutional Bodies,hard,Consider the following pairs of Schedule and Content of the Constitution of India: 1. First Schedule I. Forms of Oaths or Affirmations 2. Third Schedule II. Allocation of seats in the Council of States 3. Fifth Schedule III. Provision's related to the administration of Scheduled Areas and Scheduled Tribes 4. Ninth Schedule IV. Provision's related to the administration of tribal areas in certain States How many of the above pairs is/are correctly matched?,1,2,3,4,A,"Solution: Concept: The Indian Constitution has 12 Schedules, each covering specific subjects. Explanation: Check each given pair against the correct content: Pair 1: First Schedule – Forms of Oaths or Affirmations. This is wrong. The First Schedule lists the names of States and Union Territories. Pair 2: Third Schedule – Allocation of seats in the Council of States. This is wrong. The Third Schedule contains forms of oaths and affirmations. Allocation of seats is in the Fourth Schedule. Pair 3: Fifth Schedule – Provisions related to administration of Scheduled Areas and Scheduled Tribes. This is correct. The Fifth Schedule deals with this matter. Pair 4: Ninth Schedule – Provisions related to administration of tribal areas in certain States. This is wrong. The Ninth Schedule covers land reform and zamindari abolition acts. The Sixth Schedule deals with tribal areas in Assam, Meghalaya, Tripura, and Mizoram. Only one pair (Pair 3) is correctly matched. Answer: 1 © examsnet.com"
CDS-2022-II-GK-023,2022,GK,Polity,Indian Constitution & Governance,Polity | Constitution of India | Governance | Constitutional Bodies,easy,Which one of the following statements is correct?,"Under Article 21A of the Constitution of India, the State shall provide free and compulsory education to all children up to the age of eleven years.",Every religious denomination has got absolute power under Article 26 of the Constitution of India to manage its own affairs in matters of religion.,Only religious and linguistic minorities find mention in Article 30 of the Constitution of India in reference to the right to establish educational institutions of their choice.,"Parliament cannot empower, even by law, any court other than the Supreme Court of India the power to issue writs within local limits of its jurisdiction.",C,"Solution: Concept: The question tests knowledge of specific constitutional articles: 21A, 26, 30, and 32. Explanation: Option A states Article 21A provides free education up to age 11. Article 21A actually covers children aged 6 to 14 years, not up to 11. Hence incorrect. Option B says every religious denomination has absolute power under Article 26. Article 26 gives rights subject to morality, health, and public order, not absolute. Hence incorrect. Option C says only religious and linguistic minorities are mentioned in Article 30. Article 30 explicitly grants these two types of minorities the right to establish educational institutions. This statement is correct. Option D says Parliament cannot empower any court other than the Supreme Court to issue writs. Article 32(3) allows Parliament to empower other courts within their jurisdiction. Hence incorrect. Answer: Option C is correct. © examsnet.com"
CDS-2022-II-GK-024,2022,GK,Geography,Physical and Indian Geography,Geography | Physical Geography | Indian Geography | Geomorphology,easy,Which one of the following do not influence the ocean currents?,Heating by solar energy,Wind,Gravitational pull by Sun and Moon,Coriolis force,C,"Solution: Concept: Ocean currents are primarily influenced by wind, solar heating, and the Coriolis force. Gravitational pull from the Sun and Moon mainly causes tides, not ocean currents. Explanation: The main forces that drive ocean currents are: • Heating by solar energy causes temperature and density differences. • Wind pushes surface water, especially trade winds and monsoons. • The Coriolis force deflects moving water (right in Northern Hemisphere, left in Southern). Gravitational pull by the Sun and Moon produces tidal movements, not the large-scale horizontal flow of ocean currents. Thus, option C does not influence ocean currents. Answer: Option C: Gravitational pull by Sun and Moon © examsnet.com"
CDS-2022-II-GK-025,2022,GK,General Knowledge,General Knowledge,General Knowledge | UPSC CDS | Prelims,easy,Which one of the following sedimentary rocks has not been formed mechanically?,Sandstone,Conglomerate,Loess,Geyserites,D,"Solution: Concept: Sedimentary rocks are classified by their mode of formation: mechanical, organic, or chemical. Explanation: Mechanically formed sedimentary rocks are created by the compaction of sediments transported by wind, water, or ice. Examples of mechanically formed rocks include sandstone, conglomerate, loess, and shale. Geyserites, on the other hand, are formed by the precipitation of dissolved minerals from hot springs, often containing silica. This makes geyserites an organically or chemically formed rock, not a mechanically formed one. Hence, among the given options, only geyserites are not mechanically formed. Answer: Geyserites © examsnet.com"
CDS-2022-II-GK-026,2022,GK,Modern History,Indian National Movement,Modern History | Freedom Struggle | British Colonial Rule,hard,Which of the following statements about inversion of temperature is/are correct? 1. Temperature increases with increasing altitude. 2. A long winter night with clear skies is an ideal situation. 3. It is a short term phenomenon and is common all over the globe except at the poles. Select the correct answer using the code given below :,1 and 2 only,2 and 3 only,1 only,"1, 2 and 3",A,"Solution: Concept: Temperature inversion is a reversal of the normal lapse rate where temperature increases with altitude instead of decreasing. Explanation: Statement 1: Normally, temperature decreases with height in the troposphere. Under inversion, temperature increases with altitude because a layer of warm air lies above cold air. Hence, statement 1 is correct. Statement 2: Long winter nights with clear skies allow rapid loss of terrestrial radiation. This cooling of the ground surface leads to a cold layer near the ground, with warmer air above. Thus, such conditions are ideal for temperature inversion. Hence, statement 2 is correct. Statement 3: Temperature inversion is common near the poles, especially during the polar night. It is not absent at the poles; in fact, it is frequent there. Therefore, statement 3 is incorrect. Answer: Statements 1 and 2 only are correct. © examsnet.com"
CDS-2022-II-GK-027,2022,GK,General Knowledge,General Knowledge,General Knowledge | UPSC CDS | Prelims,easy,"In which one of the following States/UT, is the Lake Tsomgo located?",Ladakh,Himachal Pradesh,Sikkim,Uttarakhand,C,"Solution: Concept: Tsomgo Lake is a glacial lake located in the Indian state of Sikkim. Explanation: Lake Tsomgo, also called Changu Lake, is situated in Sikkim. It is a glacial lake located near the capital city Gangtok. Sikkim is part of the Eastern Himalayas region. Therefore, among the given options, Lake Tsomgo belongs to Sikkim. Answer: Sikkim © examsnet.com"
CDS-2022-II-GK-028,2022,GK,Modern History,Indian National Movement,Modern History | Freedom Struggle | British Colonial Rule,hard,"Which of the following statements about the coasts of India is/are correct? 1. The West Coast of India is a high rocky, retreating coast. 2. The West Coast of India is dominated by erosional landforms. 3. The East Coast of India, however, is a low sedimentary coast exhibiting depositional forms. Select the correct answer using the code given below:",1 and 2 only,2 and 3 only,1 only,"1, 2 and 3",D,"Solution: Concept: The west coast of India is a high, rocky, retreating coast dominated by erosional landforms, while the east coast is a low, sedimentary coast with depositional landforms. Explanation: Statement 1 is correct. The west coast, from Gujarat to Kanyakumari, is a fault coast formed by subsidence. Its terrain is rocky with cliffs and retreating shorelines. Statement 2 is correct. Erosional landforms like estuaries, kayals, and creeks dominate the west coast due to its steep gradient and wave action. Statement 3 is correct. The east coast, from the Ganga delta to Kanyakumari, is an emergent coast with gentle slopes. It features depositional forms such as deltas, sand dunes, lagoons, and offshore bars. Thus, all three statements accurately describe the contrasting coastal geography of India. Answer: D. 1, 2 and 3 © examsnet.com"
CDS-2022-II-GK-029,2022,GK,Environment & Ecology,"Ecology, Biodiversity & Climate Change",Environment & Ecology | Biodiversity | Conservation | Climate Change,easy,Which one of the following States/UTs has the largest area under Coral Reefs in India?,Gujarat,Tamil Nadu,Andaman and Nicobar Islands,Lakshadweep,C,"Solution: Concept: Coral reef areas in different Indian states/UTs are compared to identify the largest. Explanation: India has several coral reef regions along its coastline and islands. The area covered by coral reefs in each location is measured in square kilometers ( km 2 \text{km}^2 km 2 ). The Gulf of Kutch in Gujarat has 325.5 325.5 325.5 km 2 \text{km}^2 km 2 of coral reefs. The Gulf of Mannar in Tamil Nadu has 94.3 94.3 94.3 km 2 \text{km}^2 km 2 . The Lakshadweep Islands have 933.7 933.7 933.7 km 2 \text{km}^2 km 2 . The Andaman and Nicobar Islands have the highest recorded area of 1021.46 1021.46 1021.46 km 2 \text{km}^2 km 2 . Thus, among the given options, Andaman and Nicobar Islands have the largest area under coral reefs. Answer: Andaman and Nicobar Islands © examsnet.com"
CDS-2022-II-GK-030,2022,GK,Modern History,Indian National Movement,Modern History | Freedom Struggle | British Colonial Rule,easy,Which one of the following is considered as an agency function of commercial banks in India?,Acceptance of deposits,Investment of surplus funds,Acceptance of income tax payments,Providing overdraft facilities,A,"Solution: Concept: Agency functions are services where banks act as agents for customers or the government, like collecting taxes or making payments. Explanation: Commercial banks perform three types of functions — primary, agency, and general utility. Agency functions involve the bank acting as an agent on behalf of its customers or the government. Examples include collecting cheques, paying bills, buying securities, and accepting tax payments. Acceptance of income tax payments is an agency function because the bank acts as the government's agent for tax collection. Acceptance of deposits is a primary function (mobilising savings), not an agency function. Investment of surplus funds is a primary function related to lending, not an agency function. Providing overdraft facilities is a primary lending function, not an agency function. Thus, only option C qualifies as an agency function among the given choices. Answer: Option C — Acceptance of income tax payments. © examsnet.com"
CDS-2022-II-GK-031,2022,GK,General Knowledge,General Knowledge,General Knowledge | UPSC CDS | Prelims,easy,Which one of the following forms of money supply is considered as the most widely used in the Indian monetary system?,M1,M2,M3,M4,C,"Solution: Concept: Money supply measures reflect liquidity; M3 is the broadest and most commonly used measure in India. Explanation: The Reserve Bank of India defines four measures of money supply: M 1 M1 M 1 , M 2 M2 M 2 , M 3 M3 M 3 , and M 4 M4 M 4 . M 1 M1 M 1 includes currency with the public and demand deposits ( M 1 = C U + D D M1 = CU + DD M 1 = C U + DD ). It is the most liquid and is called narrow money. M 2 M2 M 2 adds savings deposits with post offices to M 1 M1 M 1 . M 3 M3 M 3 adds net time deposits of commercial banks to M 1 M1 M 1 ( M 3 = M 1 + net time deposits M3 = M1 + \text{net time deposits} M 3 = M 1 + net time deposits ). It is known as broad money and aggregate monetary resources. M 4 M4 M 4 adds total deposits with post office savings organisations to M 3 M3 M 3 . Among these, M 3 M3 M 3 is the most widely used measure for policy analysis and monetary targeting in India. It captures the total money supply including time deposits, making it a comprehensive indicator. Therefore, M 3 M3 M 3 is considered the standard measure of money supply in the Indian monetary system. Answer: M3 © examsnet.com"
CDS-2022-II-GK-032,2022,GK,General Knowledge,General Knowledge,General Knowledge | UPSC CDS | Prelims,easy,Which one of the following is the first State in India to have 100 percent households with tap water connection?,Gujarat,Goa,Delhi,Andhra Pradesh,B,"Solution: Concept: Identifying the first Indian state to achieve 100% tap water connections for all households. Explanation: Goa became the first state in India to provide tap water connections to all its 2.30 lakh households. This was achieved under the Jal Jeevan Mission (JJM), which aims to supply 55 litres of water per person per day through functional household tap connections by 2024. Other states and UTs that achieved similar milestones later include Punjab, Dadra & Nagar Haveli and Daman & Diu (75% coverage), and Puducherry (fourth after Goa, Telangana, and Andaman & Nicobar Islands). Answer: Goa. © examsnet.com"
CDS-2022-II-GK-033,2022,GK,Modern History,Indian National Movement,Modern History | Freedom Struggle | British Colonial Rule,medium,"Which one of the following Labour Codes notified by the Government of India incorporated various provisions of the Central Labour Acts such as the Factories Act, 1948 and Plantations Labour Act, 1951?","The Occupational Safety, Health and Working Conditions Code, 2020","The Industrial Relations Code, 2020","The Code on Wages, 2019","The Code on Social Security, 2020",A,"Solution: Concept: The Occupational Safety, Health and Working Conditions Code, 2020 consolidates and replaces several central labour acts, including the Factories Act, 1948 and the Plantations Labour Act, 1951. Explanation: The Government of India replaced 29 old labour laws with four new labour codes. Among them, the Occupational Safety, Health and Working Conditions Code, 2020 specifically aims to regulate occupational safety, health, and working conditions. This Code subsumes 13 existing laws, including the Factories Act, 1948 and the Plantations Labour Act, 1951. The other codes — Code on Wages, Industrial Relations Code, and Social Security Code — do not incorporate these particular acts. Therefore, the correct code is the one that includes provisions from both the Factories Act and the Plantations Labour Act. Answer: A. The Occupational Safety, Health and Working Conditions Code, 2020 © examsnet.com"
CDS-2022-II-GK-034,2022,GK,General Knowledge,General Knowledge,General Knowledge | UPSC CDS | Prelims,medium,"If you were to browse a table of a recent period showing life expectancy at birth for all categories of rural-urban and male-female divisions for all States of India, you are not likely to observe that 1. Urban life expectancy is higher than the rural one. 2. Male life expectancy is higher than the female one. Select the correct answer using the code given below :",1 only,2 only,Both 1 and 2,Neither 1 nor 2,B,"Solution: Concept: Life expectancy at birth indicates the average number of years a newborn is expected to live based on current mortality rates. Explanation: Urban areas generally have better healthcare and living conditions, so urban life expectancy is higher than rural life expectancy. Therefore statement 1 is likely to be observed. However, in India, female life expectancy is higher than male life expectancy. Data from the Sample Registration System (2013‑17) shows women live about 70.4 70.4 70.4 years compared to men’s 67.8 67.8 67.8 years. Hence statement 2 (male > female) is not correct. Thus only statement 1 holds. Answer: B. 2 only © examsnet.com"
CDS-2022-II-GK-035,2022,GK,General Knowledge,General Knowledge,General Knowledge | UPSC CDS | Prelims,hard,Consider the following statements : The Government is promoting the 'Kisan Drone' for 1. Spraying weedicides. 2. Digitisation of land records. 3. Crop assessment. Which of the statements given above is/are correct?,1 and 2,2 and 3,1 only,3 only,B,"Solution: Concept: The Kisan Drone is a government initiative for specific agricultural tasks, excluding spraying weedicides. Explanation: The government promotes Kisan Drones for: 1. Spraying insecticides and nutrients, not weedicides. 2. Digitisation of land records – correct. 3. Crop assessment – correct. Weedicides are not part of the Kisan Drone's purpose. Answer: 2 2 2 and 3 3 3 (Option B). © examsnet.com"
CDS-2022-II-GK-036,2022,GK,Current Affairs,Current Events of National & International Importance,Current Affairs | International Relations | Government Schemes | Awards,easy,Recently launched ‘Jan Samarth' portal,provides single point access for authenticated health information to citizens.,assists farmers to access links to useful farming-specific information.,provides access to Pan India e-Government services.,provides link to Government credit schemes.,D,"Solution: Concept: The Jan Samarth portal is a single digital platform that connects beneficiaries to credit-linked government schemes. Explanation: The Jan Samarth portal was launched by Prime Minister Modi on June 6, 2022. It is a one-stop digital portal that links 13 credit-linked government schemes on a single platform. Its purpose is to provide beneficiaries with direct access to lenders and ensure end-to-end coverage of all linked schemes. The portal helps citizens apply for and track credit-linked schemes offered by the government. Thus, the portal primarily provides a link to government credit schemes. Answer: Option D – provides link to Government credit schemes. © examsnet.com"
CDS-2022-II-GK-037,2022,GK,General Knowledge,General Knowledge,General Knowledge | UPSC CDS | Prelims,easy,Recently India commissioned its first liquid mirror telescope at,Himachal Pradesh,Uttarakhand,Ladakh,Arunachal Pradesh,B,"Solution: Concept: The first liquid mirror telescope in India, and the largest in Asia, was commissioned at a specific location in the Himalayan region. Explanation: The Indian Liquid Mirror Telescope (ILMT) uses a rotating mirror made of a thin liquid mercury film. It is a 4-meter diameter telescope designed to survey the sky for transient objects like supernovae, asteroids, and space debris. The telescope was built by astronomers from India, Belgium, and Canada. It is installed at the Devasthal Observatory, which is part of the Aryabhatt Research Institute of Observational Sciences (ARIES). This observatory is located in the Nainital district of Uttarakhand, at an altitude of 2,450 metres. Uttarakhand thus hosts the ILMT along with the Devasthal Optical Telescope (DOT). The ILMT was designed and built by the Advanced Mechanical and Optical Systems (AMOS) Corporation and the Centre Spatial de Liege in Belgium. It keeps a watch on the overhead sky to identify variable objects and helps survey several galaxies. Answer: Uttarakhand © examsnet.com"
CDS-2022-II-GK-038,2022,GK,General Knowledge,General Knowledge,General Knowledge | UPSC CDS | Prelims,easy,National Tribal Research Institute is situated at,Bilaspur,Raipur,Ranchi,New Delhi,D,"Solution: Concept: National Tribal Research Institute is headquartered in New Delhi. Explanation: The Ministry of Tribal Affairs established the National Tribal Research Institute (NTRI) as a premier national-level institute. It was inaugurated by Shri Amit Shah as part of the Azadi Ka Amrit Mahotsav celebrations. The NTRI serves as the central hub for coordinating tribal research, policy, and academic matters. It oversees 26 Tribal Research Institutes (TRIs) across India, along with Centres of Excellence and research scholars. The institute sets research norms, monitors projects, and collaborates with universities and academic bodies. Answer: New Delhi © examsnet.com"
CDS-2022-II-GK-039,2022,GK,General Knowledge,General Knowledge,General Knowledge | UPSC CDS | Prelims,easy,Avani Lekhara excels in which one of the following sports?,Table Tennis,Cycling,Shooting,Boxing,C,"Solution: Concept: Avani Lekhara is an Indian para-shooter who won a historic gold medal at the Tokyo Paralympics. Explanation: Avani Lekhara, from Jaipur, Rajasthan, competes in shooting events. At the Tokyo Paralympics (2020), she won the gold medal in the women’s 10 m air rifle standing event in the SH1 category. She scored 249.6 249.6 249.6 points in the R2 event, setting a new Paralympic record and equaling the world record. She became the first Indian woman to win a gold medal at the Paralympics. Since 2017, she has won multiple World Cup medals, including a silver with a junior world record in 2017. In February 2019, she secured the Tokyo Paralympics quota at a competition in the UAE. Her career in shooting began after a spinal cord injury from a road accident in 2012. Answer: Shooting. © examsnet.com"
CDS-2022-II-GK-040,2022,GK,Geography,Physical and Indian Geography,Geography | Physical Geography | Indian Geography | Geomorphology,easy,The atmosphere of Planet Venus is made up of thick and yellowish clouds of,Chlorine,Sulphuric acid,Nitric acid,Bromine,B,"Solution: Concept: The thick yellowish clouds of Venus are composed of concentrated sulphuric acid ( H 2 S O 4 \mathrm{H_2SO_4} H 2 ​ S O 4 ​ ), which gives them their characteristic appearance. Explanation: Venus is covered by a dense atmosphere mainly of carbon dioxide ( C O 2 \mathrm{CO_2} C O 2 ​ ). Above this, thick clouds of sulphuric acid ( H 2 S O 4 \mathrm{H_2SO_4} H 2 ​ S O 4 ​ ) completely envelop the planet, making the sky yellowish and opaque. These clouds are laced with toxic sulfur dioxide ( S O 2 \mathrm{SO_2} S O 2 ​ ) and reflect most sunlight, causing Venus to appear bright in the sky. The sulphuric acid clouds are formed due to chemical reactions involving volcanic emissions and sunlight. The runaway greenhouse effect from the C O 2 \mathrm{CO_2} C O 2 ​ maintains a surface temperature of about 47 0 ∘ C 470^\circ\mathrm{C} 47 0 ∘ C . Thus, the yellowish clouds are definitively composed of sulphuric acid, not chlorine, nitric acid, or bromine. Answer: B. Sulphuric acid © examsnet.com"
CDS-2022-II-GK-041,2022,GK,Science & Tech,General Science & Emerging Technologies,Science & Tech | General Science | Applied Science | Physics | Chemistry | Biology,easy,Which one of the following pairs of enzymes do not work at acidic pH?,Trypsin and Pepsin,Chymotrypsin and Pepsin,Trypsin and Amylase,Pepsin and Amylase,C,"Solution: Concept: Digestive enzymes have optimal pH ranges; some work in acidic conditions, while others require neutral or alkaline pH. Explanation: The stomach secretes hydrochloric acid, creating an acidic pH (around 1.8 − 2.0 1.8 - 2.0 1.8 − 2.0 ). Pepsin, produced in the stomach, functions optimally at this acidic pH. Trypsin is produced in the pancreas and works in the small intestine at an alkaline pH (around 7.8 7.8 7.8 ). Amylase, found in saliva and pancreatic juice, works best at a neutral pH (around 7.0 7.0 7.0 ). Thus, trypsin and amylase do not work at acidic pH. The other options include pepsin, which does work at acidic pH. Therefore, the correct pair that do not work at acidic pH is trypsin and amylase. Answer: Option C (Trypsin and Amylase) © examsnet.com"
CDS-2022-II-GK-042,2022,GK,Defence & Security,"Defence, Military & Internal Security",Defence | Military Exercises | Armed Forces | Security Architecture,easy,Urea is produced by metabolism of,Proteins,Carbohydrates,Lipids,Both Proteins and Carbohydrates,A,"Solution: Concept: Urea is a nitrogenous waste product formed primarily from the breakdown of proteins in the liver. Explanation: Proteins are composed of amino acids. During protein metabolism, amino acids undergo deamination, releasing ammonia ( N H 3 \mathrm{NH}_3 NH 3 ​ ). Ammonia is highly toxic to the body. The liver converts ammonia into urea ( C H 4 N 2 O \mathrm{CH}_4\mathrm{N}_2\mathrm{O} CH 4 ​ N 2 ​ O , also called carbamide) through the ornithine cycle. This process combines ammonia with carbon dioxide ( C O 2 \mathrm{CO}_2 CO 2 ​ ). Urea is water‑soluble and less toxic. It dissolves in blood and is filtered by the kidneys. Finally, urea is excreted in urine. Carbohydrates and lipids do not contain nitrogen. Hence, they do not produce urea as a metabolic end product. Only the metabolism of proteins (which contain nitrogen) leads to urea formation. Answer: Proteins © examsnet.com"
CDS-2022-II-GK-043,2022,GK,General Knowledge,General Knowledge,General Knowledge | UPSC CDS | Prelims,easy,Deficiency of iron causes,Anaemia,Scurvy,Rickets,Cholera,A,"Solution: Concept: Iron is an essential nutrient required to form h a e m o g l o b i n \mathrm{haemoglobin} haemoglobin , the protein that carries oxygen in blood. Explanation: The body needs iron to make h a e m o g l o b i n \mathrm{haemoglobin} haemoglobin in red blood cells. Without enough iron, h a e m o g l o b i n \mathrm{haemoglobin} haemoglobin production decreases. Less h a e m o g l o b i n \mathrm{haemoglobin} haemoglobin means less oxygen is transported to tissues. This leads to tiredness, pale skin, and weakness — the main symptoms of anaemia. Anaemia is defined as a low red blood cell count or low h a e m o g l o b i n \mathrm{haemoglobin} haemoglobin level. In contrast, scurvy is caused by v i t a m i n C \mathrm{vitamin\ C} vitamin C deficiency, not iron. Rickets results from v i t a m i n D \mathrm{vitamin\ D} vitamin D , calcium, or phosphate deficiency. Cholera is a bacterial infection caused by V i b r i o c h o l e r a e \mathrm{Vibrio\ cholerae} Vibrio cholerae , not a nutritional deficiency. Therefore, iron deficiency specifically leads to anaemia. Answer: Anaemia. © examsnet.com"
CDS-2022-II-GK-044,2022,GK,General Knowledge,General Knowledge,General Knowledge | UPSC CDS | Prelims,easy,"If an object of mass 10 kg is moving with a uniform speed of 10 m/s, then the linear momentum and the kinetic energy of the object, respectively, are",100 N.s and 500 J,100 N.s and 1000 J,200 N.s and 500 J,200 N.s and 1000 J,A,"Solution: Concept: Linear momentum is the product of mass and velocity. Kinetic energy is half of the product of mass and the square of velocity. Explanation: Mass m = 10 k g m = 10\ \mathrm{kg} m = 10 kg and uniform speed v = 10 m / s v = 10\ \mathrm{m/s} v = 10 m/s . Linear momentum p = m v = 10 × 10 = 100 k g ⋅ m / s p = m v = 10 \times 10 = 100\ \mathrm{kg \cdot m/s} p = m v = 10 × 10 = 100 kg ⋅ m/s . Convert to N ⋅ s \mathrm{N \cdot s} N ⋅ s : 1 N = 1 k g ⋅ m / s 2 1\ \mathrm{N} = 1\ \mathrm{kg \cdot m/s^{2}} 1 N = 1 kg ⋅ m/ s 2 so 100 k g ⋅ m / s = 100 ( k g ⋅ m / s 2 ) ⋅ s = 100 N ⋅ s 100\ \mathrm{kg \cdot m/s} = 100\ (\mathrm{kg \cdot m/s^{2}}) \cdot \mathrm{s} = 100\ \mathrm{N \cdot s} 100 kg ⋅ m/s = 100 ( kg ⋅ m/ s 2 ) ⋅ s = 100 N ⋅ s . Kinetic energy K = 1 2 m v 2 = 1 2 × 10 × ( 10 ) 2 = 1 2 × 10 × 100 = 500 J K = \frac{1}{2} m v^{2} = \frac{1}{2} \times 10 \times (10)^{2} = \frac{1}{2} \times 10 \times 100 = 500\ \mathrm{J} K = 2 1 ​ m v 2 = 2 1 ​ × 10 × ( 10 ) 2 = 2 1 ​ × 10 × 100 = 500 J . Thus, linear momentum is 100 N ⋅ s 100\ \mathrm{N \cdot s} 100 N ⋅ s and kinetic energy is 500 J 500\ \mathrm{J} 500 J . Answer: Option A (100 N.s and 500 J). © examsnet.com"
CDS-2022-II-GK-045,2022,GK,Modern History,Indian National Movement,Modern History | Freedom Struggle | British Colonial Rule,easy,"An electrical circuit having combinations of resistances and capacitance is given below. The current, flowing through the circuit will be",1 A,2 A,1.5 A,0.5 A,D,"Solution: Concept: In a DC circuit, a fully charged capacitor blocks current flow (acts as an open circuit). Explanation: The given circuit has a DC source of 10 V 10\,\text{V} 10 V . When the capacitor is fully charged, no current passes through the branch containing R 1 R_1 R 1 ​ . Thus, R 1 R_1 R 1 ​ is effectively removed from the circuit. The remaining resistors R 2 R_2 R 2 ​ and R 3 R_3 R 3 ​ are in series. Equivalent resistance: R = R 2 + R 3 = 10 Ω + 10 Ω = 20 Ω R = R_2 + R_3 = 10\,\Omega + 10\,\Omega = 20\,\Omega R = R 2 ​ + R 3 ​ = 10 Ω + 10 Ω = 20 Ω . Using Ohm's law: V = I R V = I R V = I R . I = V R = 10 20 = 0.5 A I = \frac{V}{R} = \frac{10}{20} = 0.5\,\text{A} I = R V ​ = 20 10 ​ = 0.5 A . Answer: 0.5 A 0.5\,\text{A} 0.5 A (Option D). © examsnet.com"
CDS-2022-II-GK-046,2022,GK,Science & Tech,General Science & Emerging Technologies,Science & Tech | General Science | Applied Science | Physics | Chemistry | Biology,easy,The pitch of a sound wave depends upon which one of its following characteristics?,Speed,Loudness,Amplitude,Frequency,D,"Solution: Concept: Pitch refers to how high or low a sound is perceived, and it is directly determined by the frequency of the sound wave. Explanation: The pitch of a sound depends only on its frequency. Frequency is the number of vibrations per second (measured in hertz, Hz). A higher frequency produces a higher pitch (e.g., a whistle). A lower frequency produces a lower pitch (e.g., a drum). Pitch is not affected by amplitude, loudness, or speed of sound. Amplitude determines loudness, not pitch. Loudness is related to the intensity of sound, given by L 2 − L 1 = 10 log ⁡ 10 ( I I 0 ) L_2 - L_1 = 10 \log_{10}\left(\frac{I}{I_0}\right) L 2 ​ − L 1 ​ = 10 lo g 10 ​ ( I 0 ​ I ​ ) , where I I I is intensity and I 0 = 1 × 1 0 − 12 W m − 2 I_0 = 1 \times 10^{-12} \, \mathrm{Wm}^{-2} I 0 ​ = 1 × 1 0 − 12 Wm − 2 . Thus, pitch and loudness are different properties. The characteristic that governs pitch is frequency alone. Answer: Frequency © examsnet.com"
CDS-2022-II-GK-047,2022,GK,Science & Tech,General Science & Emerging Technologies,Science & Tech | General Science | Applied Science | Physics | Chemistry | Biology,easy,The device used for measuring electric current in a circuit is called,Ammeter,Motor,Voltmeter,Generator,A,"Solution: Concept: An ammeter is the device specifically designed to measure electric current flowing through a circuit. Explanation: Electric current is measured by connecting an ammeter in series with the circuit. A voltmeter, on the other hand, measures the potential difference (voltage) between two points. A motor converts electrical energy into mechanical energy, and a generator converts mechanical energy into electrical energy. Thus, among the options, only an ammeter directly measures current. Answer: Ammeter © examsnet.com"
CDS-2022-II-GK-048,2022,GK,Science & Tech,General Science & Emerging Technologies,Science & Tech | General Science | Applied Science | Physics | Chemistry | Biology,easy,A metal wire of length l and diameter d has a resistance R. What would be the resistance of another wire of the same metal and of the same length but having double the diameter?,R,R/4,R/2,2R,B,"Solution: Concept: The resistance of a wire depends on its length, material, and cross-sectional area. Explanation: Resistance R R R of a wire is given by R = ρ l A R = \rho \frac{l}{A} R = ρ A l ​ , where ρ \rho ρ is resistivity (constant for same material), l l l is length, and A A A is cross-sectional area. For a cylindrical wire, area A = π 4 d 2 A = \frac{\pi}{4} d^2 A = 4 π ​ d 2 , where d d d is diameter. So R = ρ l ⋅ 4 π d 2 R = \rho l \cdot \frac{4}{\pi d^2} R = ρl ⋅ π d 2 4 ​ , meaning R ∝ 1 d 2 R \propto \frac{1}{d^2} R ∝ d 2 1 ​ . If the diameter is doubled (new diameter = 2 d = 2d = 2 d ), the new area becomes A ′ = π 4 ( 2 d ) 2 = 4 ⋅ π 4 d 2 = 4 A A' = \frac{\pi}{4} (2d)^2 = 4 \cdot \frac{\pi}{4} d^2 = 4A A ′ = 4 π ​ ( 2 d ) 2 = 4 ⋅ 4 π ​ d 2 = 4 A . Since length and material are same, new resistance R ′ = ρ l 4 A = 1 4 ( ρ l A ) = R 4 R' = \rho \frac{l}{4A} = \frac{1}{4} \left( \rho \frac{l}{A} \right) = \frac{R}{4} R ′ = ρ 4 A l ​ = 4 1 ​ ( ρ A l ​ ) = 4 R ​ . Answer: R / 4 R/4 R /4 (Option B). © examsnet.com"
CDS-2022-II-GK-049,2022,GK,General Knowledge,General Knowledge,General Knowledge | UPSC CDS | Prelims,easy,"In India, which one of the following is responsible for the implementation of the Government of India's policy in all matters concerning telecommunications?",Digital Communications Commission,Telecom Regulatory Authority of India,Telecom Advisory Committee,Telecommunications Consultants India Limited,A,"Solution: Concept: The Digital Communications Commission is the apex body that implements the Government of India's telecom policies. Explanation: The Telecom Commission was established in 1989 to handle telecom matters with financial and administrative powers of the government. In 2018, it was re‑designated as the Digital Communications Commission. It comprises a Chairman (Secretary of the Department of Telecommunications), four full‑time members (ex‑officio Secretaries), and four part‑time members (Secretaries from other departments). The Commission’s key functions include: formulating the Department of Telecommunications’ policies for government approval, preparing its annual budget, and implementing the government’s telecom policy. Answer: Digital Communications Commission © examsnet.com"
CDS-2022-II-GK-050,2022,GK,General Knowledge,General Knowledge,General Knowledge | UPSC CDS | Prelims,medium,Consider the following statements about James Webb Space Telescope (JWST): 1. It is the largest observatory ever launched into space. 2. It has been developed by NASA in partnership with the European Space Agency and the Canadian Space Agency. Which of the statements given above is/are correct?,1 only,2 only,Both 1 and 2,Neither 1 nor 2,C,"Solution: Concept: The James Webb Space Telescope (JWST) is a large, powerful space observatory developed by an international collaboration. Explanation: Statement 1 says JWST is the largest observatory ever launched into space. This is correct because JWST is the biggest and most complex space telescope built and deployed to date. Statement 2 says JWST was developed by NASA together with the European Space Agency and the Canadian Space Agency. This is also correct, as these three agencies jointly led its design, construction, and operation. Both statements accurately describe the JWST. Answer: Both 1 and 2 © examsnet.com"
CDS-2022-II-GK-051,2022,GK,Geography,Physical and Indian Geography,Geography | Physical Geography | Indian Geography | Geomorphology,easy,India has achieved the 10 percent Ethanol blending much ahead of the targeted date. Which one among the following greatly benefits from this?,Cassava plantations,Maize farming,Sugar industry,Wine industry,C,"Solution: Concept: Ethanol blending in petrol primarily benefits the sugar industry because most of India's ethanol is produced from sugarcane. Explanation: India's ethanol is largely derived from sugarcane molasses. The sugar industry produces excess sugar, which can be diverted to ethanol production. This helps the industry monetise surplus sugar and reduce greenhouse gas emissions. With 10% blending achieved ahead of target, demand for ethanol rises, directly benefiting sugarcane-based ethanol producers. Cassava, maize, and wine are not major ethanol sources in India. Answer: C. Sugar industry © examsnet.com"
CDS-2022-II-GK-052,2022,GK,General Knowledge,General Knowledge,General Knowledge | UPSC CDS | Prelims,hard,"Consider the following statements e-RUPI prepaid digital vouchers : 1. The maximum amount of e-RUPI is rupees one lakh. 2. Beneficiaries can receive e-RUPI without having a bank account. 3. To receive e-RUPI on mobile phones, beneficiaries need a smart phone with Internet connection. Which of the statements given above is/are correct?",1 and 2,3 only,1 and 3,2 only,A,"Solution: Concept: e-RUPI is a prepaid digital voucher system for contactless payments without requiring a bank account or smartphone internet. Explanation: Statement 1 is correct because the RBI increased the maximum amount for e-RUPI vouchers from ₹10,000 to ₹1 lakh. Statement 2 is correct because beneficiaries can receive e-RUPI even without having a bank account. Statement 3 is incorrect because beneficiaries do not need a smartphone with an internet connection to receive e-RUPI; it can be delivered via SMS or QR code. Therefore, only statements 1 and 2 are correct. Answer: A. 1 and 2 © examsnet.com"
CDS-2022-II-GK-053,2022,GK,Science & Tech,General Science & Emerging Technologies,Science & Tech | General Science | Applied Science | Physics | Chemistry | Biology,easy,"Recently, India's first green hydrogen-based advanced fuel cell electric vehicle (FCEV) was launched. It has no tailpipe emissions other than",Hydrogen peroxide,Nitrogen,Oxygen,Water,D,"Solution: Concept: A hydrogen fuel cell electric vehicle (FCEV) produces electricity by combining hydrogen with oxygen, and its only tailpipe emission is water vapor. Explanation: Green hydrogen is produced using renewable energy sources. In a fuel cell, hydrogen gas ( H 2 \mathrm{H}_2 H 2 ​ ) reacts with oxygen ( O 2 \mathrm{O}_2 O 2 ​ ) from the air. This electrochemical reaction generates electricity to power the vehicle, with heat and pure water ( H 2 O \mathrm{H}_2\mathrm{O} H 2 ​ O ) as the only byproducts. Unlike conventional engines, no carbon dioxide, nitrogen oxides, or other pollutants are released. Hence, the vehicle is classified as a zero-emission vehicle, because the only substance emitted from the tailpipe is water. Other options like hydrogen peroxide, nitrogen, or oxygen are not produced as tailpipe emissions in an FCEV. Answer: Water (D) Water © examsnet.com"
CDS-2022-II-GK-054,2022,GK,Polity,Indian Constitution & Governance,Polity | Constitution of India | Governance | Constitutional Bodies,easy,Which one of the following languages was added to the Eighth Schedule by a Constitutional Amendment in 1967?,Khasi,Kashmiri,Sindhi,Urdu,C,"Solution: Concept: The Eighth Schedule of the Indian Constitution lists the official languages; amendments have added languages over time. Explanation: The Eighth Schedule originally included 14 languages. The 21st Constitutional Amendment in 1967 added Sindhi. Later amendments added other languages: Languages Amendment Year Sindhi 21st 1967 Kokani, Manipuri, Nepali 71st 1992 Bodo, Dogri, Maihtili, Samthali 92nd 2003 Thus, the language added by a Constitutional Amendment in 1967 is Sindhi. Answer: Sindhi © examsnet.com"
CDS-2022-II-GK-055,2022,GK,General Knowledge,General Knowledge,General Knowledge | UPSC CDS | Prelims,easy,What were Manigramam and Nanadesi in early medieval India?,Cluster of non-revenue paying villages,Village-level community groups,Guilds of Indian merchants,Literary societies in the capital towns,C,"Solution: Concept: Manigramam and Nanadesi were powerful trade guilds of Indian merchants in early medieval India. Explanation: Trade guilds were professional bodies of merchants, jewellers, weavers, and artisans. They regulated production, ensured business ethics, and controlled wages and prices. Each guild had its own chief and rules for apprenticeship and quality. Manigramam was a guild of itinerant Indian traders, mainly active in South India. Nanadesi was one of the largest trading associations during the Hoysala Empire. Both guilds traded extensively within the Indian peninsula and with Southeast Asia and China. They operated like chambers of commerce, managing trade in horses, slaves, and other goods. These guilds were not restricted to one location and often moved between towns. They played a key role in the economic life of early medieval India. Answer: Option 3: Guilds of Indian merchants. © examsnet.com"
CDS-2022-II-GK-056,2022,GK,General Knowledge,General Knowledge,General Knowledge | UPSC CDS | Prelims,easy,The Dutch were defeated by Marthanda varma of Travancore Kingdom in the battle of,Wandiwash,Rakshasi -Tangadi,Pullalur,Colachel,D,"Solution: Concept: The Battle of Colachel (1741) was a decisive victory of Travancore over the Dutch East India Company, ending Dutch colonial ambitions in India. Explanation: The Battle of Colachel was fought on 10 August 1741 between the Kingdom of Travancore under Marthanda Varma and the Dutch East India Company. The Dutch planned to capture Colachel and then march on the Travancore capital, Padmanabhapuram. They bombarded Colachel and forced its inhabitants to flee. In response, Marthanda Varma sent a force of 2000 soldiers to Colachel. On 5 August 1741, a cannonball from the Travancore army struck a barrel of gunpowder inside the Dutch garrison. This explosion destroyed the Dutch ammunition and food stores. With no supplies, the Dutch surrendered between 7 and 10 August 1741. This victory shattered Dutch colonial power in India and strengthened Travancore's position. Answer: Colachel © examsnet.com"
CDS-2022-II-GK-057,2022,GK,General Knowledge,General Knowledge,General Knowledge | UPSC CDS | Prelims,easy,To which one of the following schools of philosophy did Kumarila Bhatta and Prabhakara belong?,Lokayata,Madhyamika,Purva-Mimamsa,Uttara-Mimamsa,C,"Solution: Concept: Kumarila Bhatta and Prabhakara were renowned scholars of the Purva-Mimamsa school of Indian philosophy. Explanation: Purva-Mimamsa (also called Mimamsa) is one of the six orthodox ( astika ) schools of Hindu philosophy. It focuses on the exegesis of the early parts of the Vedas, particularly the ritualistic sections ( Brahmanas ). This school regards the Vedas as eternal and the supreme authority on dharma (moral duty). Purva-Mimamsa emphasizes sacrificial actions ( karma kanda ) as the central theme. Kumarila Bhatta (7th century CE) and Prabhakara (a little earlier) were prominent commentators of this school. They founded two major sub-schools (Bhatta and Prabhakara) within Purva-Mimamsa. Their works expound on Vedic rituals and the nature of dharma . The other options are incorrect: Lokayata is a materialist school, Madhyamika is a Buddhist school, and Uttara-Mimamsa (Vedanta) focuses on knowledge based on the Upanishads. Thus, Kumarila Bhatta and Prabhakara belonged to Purva-Mimamsa. Answer: Purva-Mimamsa (Option C). © examsnet.com"
CDS-2022-II-GK-058,2022,GK,Medieval History,Medieval Indian History,Medieval History | Delhi Sultanate | Mughal Empire | Administration,easy,The Tolkappiyam is,A work of grammar.,A Tamil poem in praise of Rajendra Chola.,An ancient didactic work in Tamil.,A drama composed by a Chera King.,A,"Solution: Concept: Tolkappiyam is the earliest known work on Tamil grammar and poetics. Explanation: It was authored by Tolkappiyar and is considered the oldest surviving Tamil literary work. Tolkappiyam is primarily a comprehensive treatise on Tamil grammar, but it also provides valuable insights into the social, political, and economic conditions of the Sangam period. The text is divided into three major parts, each containing nine sections. These three parts are: E z h u t t u Ezhuttu E z h u tt u (phonology and letters), C o l Col C o l (morphology and syntax), and P o r u l Porul P or u l (subject matter and poetics). The work covers a wide range of linguistic topics, including phonology, morphology, syntax, rhetoric, prosody, and poetics. It also references the five-fold division of landscapes: K u r i n j i Kurinji K u r inji (hilly regions), M u l l a i Mullai M u ll ai (pastoral lands), M a r u d a m Marudam M a r u d am (agricultural plains), N e y d a l Neydal N ey d a l (coastal areas), and P a l a i Palai P a l ai (desert tracts). Additionally, Tolkappiyam mentions four social classes: a r a s a r arasar a r a s a r (rulers), a n t h a n a r anthanar an t hana r (priests), v a n i g a r vanigar v ani g a r (traders), and v e l l a l a r vellalar v e ll a l a r (farmers). Answer: Option A: A work of grammar. © examsnet.com"
CDS-2022-II-GK-059,2022,GK,Geography,Physical and Indian Geography,Geography | Physical Geography | Indian Geography | Geomorphology,easy,On the banks of which one of the following rivers was the ancient Mahishmati located?,Sarayu,Son,Narmada,Godavari,C,"Solution: Concept: Ancient Mahishmati was located on the banks of the Narmada River. Explanation: Mahishmati was an ancient kingdom in central India, in present-day Madhya Pradesh. Its capital was located at modern Maheshwar, on the banks of the Narmada River. The city is mentioned in ancient texts like the Sutta Nipata and was ruled by the legendary Haihaya king Kartavirya Arjuna. Mahishmati lay south of Ujjayini and north of Pratishthana, along the trade route between them. Patanjali wrote that a traveler starting from Ujjayini would see the sunrise at Mahishmati. Several towns on the Narmada, such as Mandhata (Omkareshwar), Maheshwar, and Mandla, are believed to be the ancient site. Thus, the river associated with Mahishmati is the Narmada. Answer: Narmada. © examsnet.com"
CDS-2022-II-GK-060,2022,GK,Modern History,Indian National Movement,Modern History | Freedom Struggle | British Colonial Rule,easy,Which one of the following statements about the Public Accounts Committee (PAC) of the Parliament is not correct?,It examines the Finance Accounts of the Government of India.,Fifteen members of the Committee are elected by the Lok Sabha from amongst its members.,The Chairperson of the Committee is elected by its members.,"In case a member of any other Committee constituted by the Government is elected to the PAC, the Speaker of the Lok Sabha decides whether he should continue to be a member of the former Committee.",C,"Solution: Concept: The Public Accounts Committee (PAC) is a financial committee of the Parliament, and its chairperson is appointed by the Speaker of the Lok Sabha, not elected by its members. Explanation: The PAC consists of 22 members: 15 from the Lok Sabha elected by the Speaker, and 7 from the Rajya Sabha elected by the Chairman. Thus, option B is correct as it states 15 members are elected by the Lok Sabha from amongst its members. The Chairperson of the PAC is appointed by the Speaker of the Lok Sabha, not elected by the members of the committee. Hence, option C, which claims the Chairperson is elected by its members, is not correct. Option A is correct because the PAC examines the Finance Accounts of the Government of India laid before Parliament by the CAG. Option D is correct: if a member of another government committee is elected to the PAC, the Speaker decides whether that member may continue on the former committee. Answer: Option C is the incorrect statement. © examsnet.com"
CDS-2022-II-GK-061,2022,GK,Quantitative Aptitude,Basic Numeracy & Quantitative Aptitude,Aptitude | Mathematics | Quantitative Reasoning | Problem Solving,easy,Which one of the following is the first and the oldest Government-owned coal mining company in India?,Neyveli Lignite Corporation,Singareni Collieries Company Limited,Coal India Limited,Mahanadi Coalfields Limited,B,"Solution: Concept: The oldest government-owned coal mining company in India is identified by its date of incorporation and government control history. Explanation: Singareni Collieries Company Limited (SCCL) was incorporated on 23rd December 1920 under the Hyderabad Companies Act. In 1945, the State of Hyderabad purchased the majority shares, making it a government-controlled entity. After the reorganization of states in 1956, the controlling interest passed to the Government of Andhra Pradesh, and SCCL became a government company under the Companies Act. Thus, SCCL is the first and oldest government-owned coal mining company in India. In comparison, Neyveli Lignite Corporation was formed in 1956, Coal India Limited in 1975, and Mahanadi Coalfields Limited in 1973. These were established much later than SCCL. Answer: Singareni Collieries Company Limited © examsnet.com"
CDS-2022-II-GK-062,2022,GK,Geography,Physical and Indian Geography,Geography | Physical Geography | Indian Geography | Geomorphology,easy,Which one of the following is a tributary of Barak River in Manipur?,Dhaleswari,Subansiri,Dhansiri,Manas,A,"Solution: Concept: The Barak River originates in Manipur and has specific tributaries; only one listed option belongs to it. Explanation: The Barak River rises in the hill country of Manipur and flows through Mizoram and Assam before entering Bangladesh. It is part of the Surma-Meghna River System. The major north bank tributaries of Barak are Jiri, Siri, Madhura, Jatinga, and Larang. The major south bank tributaries are Sonai, Ghagra, Katakhal, Dhaleswari, Singla, and Longai. Among the given options, Dhaleswari is a south bank tributary of the Barak River. The other options – Subansiri, Dhansiri, and Manas – are all tributaries of the Brahmaputra River, not the Barak. Answer: Dhaleswari. © examsnet.com"
CDS-2022-II-GK-063,2022,GK,Environment & Ecology,"Ecology, Biodiversity & Climate Change",Environment & Ecology | Biodiversity | Conservation | Climate Change,easy,Which types of vegetation will you find on the way as you travel from Bikaner to Konark by road by shortest distance?,"Tropical thorny, Desert, Moist deciduous, Mangrove","Desert, Tropical thorny Moist deciduous, Mangrove","Moist deciduous, Tropical thorny, Mangrove, Desert","Desert, Tropical thorny, Mangrove, Moist deciduous",B,"Solution: Concept: The journey from Bikaner to Konark crosses India from west to east, passing through desert, dry scrub, wet forest, and coastal ecosystems, each with distinct vegetation. Explanation: Start in Bikaner, western Rajasthan. This is a hot desert with very little rainfall. Only drought‑resistant plants like cactus and thorny bushes survive here — this is Desert vegetation . Moving east into eastern Rajasthan, the climate becomes slightly less arid. Here you find Tropical thorny forests with small‑leaved trees like babool, ber, neem, and khejri that conserve water. Continue into Madhya Pradesh and Chhattisgarh. These states receive moderate rainfall (100–200 cm per year), supporting Moist deciduous forests . Trees like teak, sal, and mahua shed leaves in the dry season. Finally, reach Konark on the Odisha coast. The tidal estuaries here host Mangrove forests , such as the Bhitarkanika mangroves. Answer: Option B: Desert, Tropical thorny, Moist deciduous, Mangrove. © examsnet.com"
CDS-2022-II-GK-064,2022,GK,General Knowledge,General Knowledge,General Knowledge | UPSC CDS | Prelims,hard,"Consider the following statements about Karewas : 1. These are the lacustrine deposits of Pleistocene period. 2. These are found along the lower slopes of Pir Panjal. 3. Karewas are well known for the cultivation of saffron, almond and walnut. How many of the above statements is/are correct?",1,2,3,None,C,"Solution: Concept: Karewas are ancient lake deposits found in the Kashmir valley, known for their agricultural importance. Explanation: Statement 1 says Karewas are lacustrine deposits of the Pleistocene period. Lacustrine means formed in a lake. The Kashmir valley was once a large lake that was drained, leaving behind these deposits during the Pleistocene. So statement 1 is correct. Statement 2 says Karewas are found along the lower slopes of Pir Panjal. The rise of the Pir Panjal range impounded drainage, creating a lake that later deposited Karewas. These deposits occur as plateaus along the lower slopes of Pir Panjal and other ranges. So statement 2 is correct. Statement 3 says Karewas are well known for cultivation of saffron, almond, and walnut. The soils in Karewa formations are rich in sand, clay, silt, and lignite, ideal for horticulture. They support crops like Zafran (saffron), almonds, walnuts, and apples. So statement 3 is correct. Answer: 3 (All three statements are correct). © examsnet.com"
CDS-2022-II-GK-065,2022,GK,General Knowledge,General Knowledge,General Knowledge | UPSC CDS | Prelims,hard,Consider the following statements about an Indian State : 1. It is well known globally for its variety of rocks and minerals. 2. It has the largest deposits of Chrysotile Asbestos in the country. 3. The Neelam Sanjiva Reddy Sagar Hydel Project is located in this State. Identify the State from the following:,Jharkhand,Rajasthan,Andhra Pradesh,Chhattisgarh,C,"Solution: Concept: The question asks to identify the Indian state based on three given geographical and mineral features. Explanation: Statement 1: Andhra Pradesh is globally famous for its rich variety of rocks and minerals, earning the name ""Ratna Garbha"". Statement 2: It has the largest deposits of chrysotile asbestos (white asbestos) in the country. Statement 3: The Neelam Sanjiva Reddy Sagar Dam, also known as the Srisailam Hydel Project, is built across the Krishna River on the border of Telangana and Andhra Pradesh. These three facts uniquely point to Andhra Pradesh as the correct state. Answer: Andhra Pradesh © examsnet.com"
CDS-2022-II-GK-066,2022,GK,Modern History,Indian National Movement,Modern History | Freedom Struggle | British Colonial Rule,easy,"During 2020 - 21, when India was passing through the adverse effects of COVID-19, which one of the following sectors witnessed positive growth?",Mining and quarrying,"Electricity, gas, water supply, and other utility services","Financial, real estate and professional services","Public administration, defence and other services",B,"Solution: Concept: During the COVID-19 pandemic year 2020-21, only a few sectors of the Indian economy showed positive growth in Gross Value Added (GVA). Explanation: The question asks which sector had positive growth during 2020-21. The correct sector is Electricity, gas, water supply, and other utility services. This sector recorded a positive GVA growth of 1.8 % 1.8\% 1.8% in 2020-21. It was the only non-agricultural sector to grow during that period. Other sectors contracted or showed negative growth. For instance, Mining and quarrying saw a decline of − 9.2 % -9.2\% − 9.2% . Financial, real estate, and professional services declined by − 1.4 % -1.4\% − 1.4% . Public administration, defence, and other services declined by − 4.1 % -4.1\% − 4.1% . Therefore, only the utilities sector remained in positive territory. Answer: Electricity, gas, water supply, and other utility services. © examsnet.com"
CDS-2022-II-GK-067,2022,GK,Modern History,Indian National Movement,Modern History | Freedom Struggle | British Colonial Rule,easy,Which one of the following statements about a borrower from a Microfinance Company is not correct?,The borrower should not have annual income beyond a limit.,The borrower should not seek loan amount beyond a limit.,The borrower should not refuse to offer a collateral.,The borrower should not refuse to pay any rate of interest offered.,C,"Solution: Concept: Microfinance offers small loans to low-income individuals without requiring collateral, aiming to promote financial inclusion. Explanation: Microfinance institutions provide loans to poor households who lack access to traditional banking. The borrower's annual income must be below a certain limit (statement A is correct). The loan amount is also capped at a small value (statement B is correct). A key feature is that microfinance loans do not require any collateral or security, so the borrower cannot be forced to offer one (statement C is not correct). While interest rates on microloans are often higher than standard loans, the borrower is free to accept or reject the offered rate; they are not compelled to pay any rate (statement D is correct). Therefore, the statement ""The borrower should not refuse to offer a collateral"" is false because collateral is never a requirement in microfinance. Answer: Option C (The borrower should not refuse to offer a collateral) is the incorrect statement. © examsnet.com"
CDS-2022-II-GK-068,2022,GK,Modern History,Indian National Movement,Modern History | Freedom Struggle | British Colonial Rule,easy,Which one of the following statements about Non-Banking Financial Companies (NBFCs) is not correct?,NBFCs cannot accept demand deposits.,NBFCs cannot give loans.,NBFCs cannot issue cheques drawn on themselves.,NBFCs cannot offer deposit insurance facility of Deposit Insurance and Credit Guarantee Corporation.,B,"Solution: Concept: The incorrect statement among the given options about Non-Banking Financial Companies (NBFCs) must be identified. Explanation: NBFCs are registered under the Companies Act, 1956, and their principal business includes lending, investments, and other financial services. They can give loans, acquire securities, and engage in leasing, hire-purchase, and insurance. Therefore, statement B (""NBFCs cannot give loans"") is false. NBFCs cannot accept demand deposits (statement A is correct). They are not part of the payment and settlement system, so they cannot issue cheques drawn on themselves (statement C is correct). Deposits with NBFCs are not insured by the Deposit Insurance and Credit Guarantee Corporation (statement D is correct). Thus, the only incorrect statement is B. Answer: Option B – NBFCs cannot give loans. © examsnet.com"
CDS-2022-II-GK-069,2022,GK,Science & Tech,General Science & Emerging Technologies,Science & Tech | General Science | Applied Science | Physics | Chemistry | Biology,medium,The Department for Promotion of Industry and Internal Trade (DPIIT) has revised the base year index of Eight Core Industries having a combined weight of about 40.27 percent in the Index of Industrial Production. Which one of the following is not one of the Eight Core Industries?,Coal,Refinery products,Rubber products,Cement,C,"Solution: Concept: The Eight Core Industries are a set of key sectors that have a combined weight of about 40.27% in the Index of Industrial Production (IIP). Explanation: The Department for Promotion of Industry and Internal Trade (DPIIT) publishes the Index of Eight Core Industries (ICI). The eight core industries are: Coal, Crude Oil, Natural Gas, Refinery Products, Fertilizers, Steel, Cement, and Electricity. Rubber products are not included in this list. The ICI measures the combined and individual production performance of these industries. The base year for the IIP was revised by DPIIT to 2011‑2012. Among the given options – Coal, Refinery products, Rubber products, and Cement – the one that is not part of the eight core industries is Rubber products. Therefore, the correct option is the one that lists Rubber products. Answer: Rubber products © examsnet.com"
CDS-2022-II-GK-070,2022,GK,Geography,Physical and Indian Geography,Geography | Physical Geography | Indian Geography | Geomorphology,hard,"Consider the following statements about the Micro, Small and Medium Enterprises (MSMEs): 1. The MSMEs comprise a dynamic sector of the Indian economy providing large employment opportunities. 2. MSMEs require low capital cost and help industrialization of backward regions. 3. MSMEs contribute enormously to socio-economic development. How many of the above statements is/are correct?",None,1,2,3,D,"Solution: Concept: Micro, Small and Medium Enterprises (MSMEs) are a vital pillar of the Indian economy, driving employment, industrialization, and socio-economic growth with low capital needs. Explanation: MSMEs are defined under the MSMED Act, 2006 by investment and turnover limits (micro: up to R s . 1 c r o r e \mathrm{Rs.~1~crore} Rs. 1 crore investment, R s . 5 c r o r e \mathrm{Rs.~5~crore} Rs. 5 crore turnover; small: up to R s . 10 c r o r e \mathrm{Rs.~10~crore} Rs. 10 crore investment, R s . 50 c r o r e \mathrm{Rs.~50~crore} Rs. 50 crore turnover; medium: up to R s . 50 c r o r e \mathrm{Rs.~50~crore} Rs. 50 crore investment, R s . 250 c r o r e \mathrm{Rs.~250~crore} Rs. 250 crore turnover). Statement 1 is correct: MSMEs employ over 12 c r o r e \mathrm{12~crore} 12 crore people, making them the second-largest job provider after agriculture. Statement 2 is correct: They require relatively low capital cost compared to large industries and help industrialize rural and backward areas, reducing regional imbalances. Statement 3 is correct: They contribute significantly to socio-economic development — about 6.11 % 6.11\% 6.11% of manufacturing GDP, 24.63 % 24.63\% 24.63% of service GDP, and 45 % 45\% 45% of India’s total exports. All three given statements accurately describe the role and impact of MSMEs. Answer: D. 3 (All three statements are correct.) © examsnet.com"
CDS-2022-II-GK-071,2022,GK,Science & Tech,General Science & Emerging Technologies,Science & Tech | General Science | Applied Science | Physics | Chemistry | Biology,easy,Stinging hair of nettle leaves inject fluid in the human body causing burning pain. The fluid is,Methanoic acid,Tartaric acid,Hydrochloric acid,Sulphuric acid,A,"Solution: Concept: Nettle sting fluid contains methanoic acid (formic acid), which causes burning pain. Explanation: Nettle leaves have tiny stinging hairs filled with an irritant fluid. When touched, these hairs inject the fluid into the skin. The fluid contains methanoic acid, also known as formic acid ( H C O O H \mathrm{HCOOH} HCOOH ). Methanoic acid triggers a burning, tingling sensation and an itchy rash. Other acids listed are not responsible for nettle stings: • Tartaric acid is found in fruits like grapes and tamarind; it is not in nettle hairs. • Hydrochloric acid ( H C l \mathrm{HCl} HCl ) is present in stomach acid but not in nettle stings. • Sulphuric acid ( H 2 S O 4 \mathrm{H}_2\mathrm{SO}_4 H 2 ​ SO 4 ​ ) is used in industrial processes, not in plants. Thus, the correct fluid is methanoic acid. Answer: Methanoic acid (Option A). © examsnet.com"
CDS-2022-II-GK-072,2022,GK,Science & Tech,General Science & Emerging Technologies,Science & Tech | General Science | Applied Science | Physics | Chemistry | Biology,easy,Milk of Magnesia is used when people suffer from indigestion of food. It is a,Strong base,Mild base,Strong acid,Mild acid,B,"Solution: Concept: Milk of Magnesia is a weak or mild base used as an antacid. Explanation: Milk of Magnesia is a suspension of magnesium hydroxide, M g ( O H ) 2 \mathrm{Mg(OH)_2} Mg ( OH ) 2 ​ , in water. It is a base because it contains hydroxide ions ( O H − \mathrm{OH^-} O H − ). It is mild because its pH is about 10.5 — not extremely high. When people suffer from indigestion, excess stomach acid ( H C l \mathrm{HCl} HCl ) causes discomfort. Milk of Magnesia neutralizes this acid, acting as an antacid. The neutralization reaction: M g ( O H ) 2 + 2 H C l → M g C l 2 + 2 H 2 O \mathrm{Mg(OH)_2 + 2HCl \rightarrow MgCl_2 + 2H_2O} Mg ( OH ) 2 ​ + 2HCl → MgC l 2 ​ + 2 H 2 ​ O . Because it is not a strong base, it is safe for mild relief of acidity. Answer: Mild base. © examsnet.com"
CDS-2022-II-GK-073,2022,GK,Science & Tech,General Science & Emerging Technologies,Science & Tech | General Science | Applied Science | Physics | Chemistry | Biology,easy,Which one of the following pairs of metals are very good conductors of heat?,Silver and Copper,Silver and Lead,Copper and Mercury,Lead and Mercury,A,"Solution: Concept: Thermal conductivity is the measure of a material’s ability to transfer heat. Metals with high thermal conductivity are good conductors of heat. Explanation: Thermal conductivity depends on the motion of free electrons and lattice vibrations. From the data below, silver and copper have much higher thermal conductivity values than lead and mercury. Thus, silver and copper are the best heat conductors among the given pairs. Material Thermal Conductivity (Wm -1 K -1 ) Silver 406.0 Copper 385.0 Lead 34.7 Mercury 8.3 Answer: A. Silver and Copper © examsnet.com"
CDS-2022-II-GK-074,2022,GK,Science & Tech,General Science & Emerging Technologies,Science & Tech | General Science | Applied Science | Physics | Chemistry | Biology,easy,School bells are made of metals because metals are,Malleable,Sonorous,Ductile,Lustrous,B,"Solution: Concept: Metals are used for making school bells because they produce a loud, ringing sound when struck. Explanation: The property of metals to produce a ringing sound is called sonority. Sonorous metals vibrate and emit sound when hit. This makes them ideal for bells, gongs, and musical instruments. Other metallic properties like malleability (being beaten into sheets) and ductility (being drawn into wires) are not directly related to sound production. Lustre (shiny appearance) also does not affect sound. Hence, among the given options, ""sonorous"" is the correct reason. Non-metals are generally not sonorous; they produce a dull sound. Therefore, school bells are made of metals to utilise their sonorous property. Answer: B. Sonorous © examsnet.com"
CDS-2022-II-GK-075,2022,GK,Modern History,Indian National Movement,Modern History | Freedom Struggle | British Colonial Rule,hard,Consider the following statements about Tincture of Iodine : 1. It is an antiseptic solution. 2. lodine is kept in alcohol-water mixture. 3. Concentration of iodine is very low. How many of the above statements is/are correct?,1,2,3,None,C,"Solution: Concept: Tincture of iodine is a diluted antiseptic solution of iodine dissolved in a mixture of ethanol and water. Explanation: Statement 1: Tincture of iodine is used as an antiseptic to disinfect cuts and wounds. This is correct. Statement 2: Iodine ( I 2 \mathrm{I}_2 I 2 ​ ) is dissolved in a mixture of ethyl alcohol ( C 2 H 5 O H \mathrm{C}_2\mathrm{H}_5\mathrm{OH} C 2 ​ H 5 ​ OH ) and water. This is correct. Statement 3: A typical tincture contains only 2–3% iodine, making it a very low concentration solution. This is correct. Therefore, all three statements are accurate. Answer: 3 © examsnet.com"
CDS-2022-II-GK-076,2022,GK,General Knowledge,General Knowledge,General Knowledge | UPSC CDS | Prelims,easy,C I − \mathrm{CI}^{-} CI − is not isoelectronic with,K + \mathrm{K}^{+} K +,M g 2 + \mathrm{Mg}^{2+} Mg 2 +,S 2 − \mathrm{S}^{2-} S 2 −,P 3 − \mathrm{P}^{3-} P 3 −,B,"Solution: Concept: Isoelectronic species are atoms or ions that have the same number of electrons. Explanation: First, find the number of electrons in C l − \mathrm{Cl}^- Cl − . Chlorine atom (atomic number 17) has 17 electrons. Gaining one electron gives C l − \mathrm{Cl}^- Cl − with 17 + 1 = 18 17+1 = 18 17 + 1 = 18 electrons. Now count electrons for each option: K + \mathrm{K}^+ K + : Potassium atom (atomic number 19) has 19 electrons. Losing one electron gives 19 − 1 = 18 19-1 = 18 19 − 1 = 18 electrons. Isoelectronic with C l − \mathrm{Cl}^- Cl − . M g 2 + \mathrm{Mg}^{2+} Mg 2 + : Magnesium atom (atomic number 12) has 12 electrons. Losing two electrons gives 12 − 2 = 10 12-2 = 10 12 − 2 = 10 electrons. Not isoelectronic with C l − \mathrm{Cl}^- Cl − . S 2 − \mathrm{S}^{2-} S 2 − : Sulfur atom (atomic number 16) has 16 electrons. Gaining two electrons gives 16 + 2 = 18 16+2 = 18 16 + 2 = 18 electrons. Isoelectronic. P 3 − \mathrm{P}^{3-} P 3 − : Phosphorus atom (atomic number 15) has 15 electrons. Gaining three electrons gives 15 + 3 = 18 15+3 = 18 15 + 3 = 18 electrons. Isoelectronic. Thus, only M g 2 + \mathrm{Mg}^{2+} Mg 2 + has a different electron count (10) from C l − \mathrm{Cl}^- Cl − (18). Answer: Option B: M g 2 + \mathrm{Mg}^{2+} Mg 2 + © examsnet.com"
CDS-2022-II-GK-077,2022,GK,Science & Tech,General Science & Emerging Technologies,Science & Tech | General Science | Applied Science | Physics | Chemistry | Biology,easy,In plant cells,Nucleus does not need a membrane but chloroplasts are surrounded by their own membrane.,Nucleus and chloroplasts are surrounded separately by their own membrane.,Nucleus is surrounded by membrane but chloroplasts do not need membrane.,Both nucleus and chloroplasts are not surrounded by any membrane.,B,"Solution: Concept: Both the nucleus and chloroplasts are membrane-bound organelles in plant cells. Explanation: Plant cells are eukaryotic cells. The nucleus is enclosed by a double membrane called the nuclear envelope. It contains pores (nucleopores) to allow passage of proteins and nucleic acids. Chloroplasts are also surrounded by a double membrane envelope. They have an additional internal thylakoid membrane system. Chloroplasts contain their own extranuclear DNA, making them semiautonomous like mitochondria. Thus, both the nucleus and chloroplasts are separately enclosed by their own membranes. Option A is wrong because the nucleus does need a membrane. Option C is wrong because chloroplasts also have a membrane. Option D is wrong because both are membrane-bound. Answer: Option B is correct. © examsnet.com"
CDS-2022-II-GK-078,2022,GK,Science & Tech,General Science & Emerging Technologies,Science & Tech | General Science | Applied Science | Physics | Chemistry | Biology,easy,Which one of the following statements about starch and glycogen is correct?,Both starch and glycogen are found in plant cells.,Both starch and glycogen are found in animal cells.,Starch is present in plant cells and glycogen is present in animal cells.,Both starch and glycogen are present in plant cells as well as animal cells.,C,"Solution: Concept: Both starch and glycogen are storage polysaccharides, but starch occurs in plant cells while glycogen occurs in animal cells. Explanation: Starch is the main storage carbohydrate in plants, made of α \alpha α -glucose subunits linked by 1 , 4 1,4 1 , 4 and 1 , 6 1,6 1 , 6 glycosidic bonds. It contains two forms: unbranched amylose and branched amylopectin. Glycogen is the main storage carbohydrate in animals and fungi, stored in the liver, brain, and muscles. It is highly branched, with α \alpha α -glucose units joined by 1 , 4 1,4 1 , 4 and 1 , 6 1,6 1 , 6 bonds, similar to amylopectin. The critical difference is their source: starch is found in plants, glycogen in animals. The table below summarises the key distinctions: Starch Glycogen It is a polymer of 𝜶-glucose subunits. It is a polymer of 𝜶-glucose subunits It is the main storage carbohydrate in plants It is the main storage carbohydrate in animals and fungi Source: Plants Source: Animals The 𝜶-glucose subunits are joined by 1,4 glycosidic bonds in amylose and 1,4 and 1,6 glycosidic bonds in amylopectin The 𝜶-glucose subunits are joined by 1,4 and 1,6 glycosidic bonds It contains two types of polymers, amylose (unbranched and coiled) and amylopectin (branched) It is highly branched and similar to amylopectin Answer: Starch is present in plant cells and glycogen is present in animal cells. © examsnet.com"
CDS-2022-II-GK-079,2022,GK,Science & Tech,General Science & Emerging Technologies,Science & Tech | General Science | Applied Science | Physics | Chemistry | Biology,easy,Which one of the following statements about the process of photosynthesis is correct?,Light energy is directly converted to kinetic energy which oxidizes carbon dioxide.,Light energy is directly converted to chemical energy which causes reduction of water.,Chlorophyll absorbs the chemical energy of light which causes oxidation of carbon dioxide.,Chlorophyll absorbs light energy which causes splitting of water molecules and reduction of carbon dioxide.,D,"Solution: Concept: Photosynthesis uses light energy absorbed by chlorophyll to split water and reduce carbon dioxide into carbohydrates. Explanation: Light energy is not directly converted to kinetic energy; it is converted to chemical energy, but not to directly oxidize carbon dioxide. Hence option A is incorrect. Option B is incorrect because light energy is converted to chemical energy, but it causes oxidation of water (splitting) not reduction of water. Chlorophyll absorbs light energy, not chemical energy of light. Option C is wrong because chlorophyll's absorption leads to splitting of water and reduction of carbon dioxide, not oxidation. Option D is correct: Chlorophyll absorbs light energy, which causes splitting of water molecules ( H 2 O → 2 H + + 2 e − + 1 2 O 2 \mathrm{H_2O} \rightarrow 2\mathrm{H}^+ + 2e^- + \frac{1}{2}\mathrm{O_2} H 2 ​ O → 2 H + + 2 e − + 2 1 ​ O 2 ​ ) and provides electrons and protons for the reduction of carbon dioxide ( C O 2 \mathrm{CO_2} C O 2 ​ ) to carbohydrates. Thus, photosynthesis involves both light-dependent and light-independent reactions, where light energy drives the reduction of C O 2 \mathrm{CO_2} C O 2 ​ using electrons from water. Answer: Chlorophyll absorbs light energy which causes splitting of water molecules and reduction of carbon dioxide. © examsnet.com"
CDS-2022-II-GK-080,2022,GK,Defence & Security,"Defence, Military & Internal Security",Defence | Military Exercises | Armed Forces | Security Architecture,easy,"Kwashiorkor, a form of malnutrition, is caused by the deficiency of",Minerals,Vitamins,Fats,Proteins,D,"Solution: Concept: Kwashiorkor is a severe form of malnutrition caused by a deficiency of dietary protein \text{protein} protein . Explanation: Protein \text{Protein} Protein is essential for growth, repair, and fluid balance in the body. It is found in every cell and helps regenerate tissues. Children and pregnant women require extra protein \text{protein} protein for proper development. When the diet lacks protein \text{protein} protein , bodily functions slow down and kwashiorkor develops. A key symptom is fluid retention (edema) due to improper fluid balance across capillary walls. Protein \text{Protein} Protein molecules are complex chains of amino acids \text{amino acids} amino acids linked by peptide bonds \text{peptide bonds} peptide bonds . They form enzymes, hormones, and antibodies vital for life. Without enough protein \text{protein} protein , the body cannot maintain its structure or defend against disease. Answer: The deficiency of Proteins \text{Proteins} Proteins causes Kwashiorkor. Option D is correct. © examsnet.com"
CDS-2022-II-GK-081,2022,GK,Modern History,Indian National Movement,Modern History | Freedom Struggle | British Colonial Rule,easy,"The term ""Terminal High Altitude Area Defense"" sometimes mentioned in news, refers to",Anti-Missile system.,Air-launched cruise missile.,Aircraft navigation system.,Surface-to-air guided weapon.,A,"Solution: Concept: Terminal High Altitude Area Defense (THAAD) is an anti-ballistic missile system designed to intercept incoming ballistic missiles. Explanation: THAAD is a U.S. Army system that shoots down short, intermediate, and medium-range ballistic missiles during their terminal phase. It uses a hit-to-kill approach—no explosive warhead—relying on kinetic energy to destroy the target. The system is not a cruise missile, aircraft navigation system, or a general surface-to-air guided weapon (like the S-400). Therefore, the correct classification is an anti-missile system. Answer: Anti-Missile system. © examsnet.com"
CDS-2022-II-GK-082,2022,GK,Science & Tech,General Science & Emerging Technologies,Science & Tech | General Science | Applied Science | Physics | Chemistry | Biology,hard,"With reference to BrahMos missile, consider the following statements : 1. It has a flight range of up to 290 km. 2. It is capable of attaining a speed of 2.8 Mach. 3. Its cruising altitude could be up to 30 km. Which of the statements given above is/are correct?",1 and 2,2 only,1 and 3,3 only,A,"Solution: Concept: The BrahMos is a supersonic cruise missile jointly developed by India and Russia. Explanation: Statement 1 is correct because the BrahMos missile has a flight range of up to 290 km. Statement 2 is correct because the missile can reach speeds of Mach 2.8 to 3.0. Statement 3 is incorrect because its cruising altitude is up to 15 km, not 30 km. The terminal altitude can be as low as 10 meters. The missile launches from submarines, ships, aircraft, or land platforms. It carries a conventional warhead of 200–300 kg. Answer: Statements 1 and 2 are correct. Therefore, the correct option is A. © examsnet.com"
CDS-2022-II-GK-083,2022,GK,Polity,Indian Constitution & Governance,Polity | Constitution of India | Governance | Constitutional Bodies,easy,Which one of the following is not a category under which the President of India nominates Members of Parliament?,Literature,Science,Art,State Service,D,"Solution: Concept: The President of India can nominate 12 members to the Rajya Sabha under Article 80(3) based on their special knowledge or practical experience in specific fields. Those fields are listed in the Constitution. Explanation: Article 80(3) of the Constitution mentions the categories for nomination. These categories are Literature, Science, Art, and Social Service. The question asks which option is not one of these categories. Literature, Science, and Art are explicitly listed. Therefore, State Service is not a category for nomination. The field of ‘Social Service’ is present, but ‘State Service’ is not included anywhere in Article 80(3). Thus, State Service is the incorrect option among the given choices. This is a direct test of constitutional knowledge regarding Rajya Sabha nominations. Answer: State Service. © examsnet.com"
CDS-2022-II-GK-084,2022,GK,General Knowledge,General Knowledge,General Knowledge | UPSC CDS | Prelims,easy,India is still a young country as the median age of its population is,Less than 25 years,Between 25 to 30 years,Between 30 to 35 years,Between 35 to 40 years,B,"Solution: Concept: Median age divides a population into two equal halves by age; half are younger, half older. Explanation: India's median age in 2020 was approximately 28.43 28.43 28.43 years. The CIA World Factbook predicts India's median age to be 28 28 28 years in 2021. This means about half of India's population is under 28 28 28 years. India has one of the youngest populations globally, with 40 % 40\% 40% under age 18 18 18 . By comparison, the global average median age in 2021 was 30 30 30 years. Higher-income countries have higher median ages (e.g., Japan 48.4 48.4 48.4 years). India's median age falls in the range 25 25 25 to 30 30 30 years. Answer: Between 25 to 30 years. © examsnet.com"
CDS-2022-II-GK-085,2022,GK,General Knowledge,General Knowledge,General Knowledge | UPSC CDS | Prelims,easy,Blue Helmets are,United Nations Peacekeepers,Violent Non-State Actors,Civil Society Organisations,Environmental Organisations,A,"Solution: Concept: Blue Helmets refer to the United Nations military personnel deployed on peacekeeping missions around the world. Explanation: The term ""Blue Helmet"" comes from the distinctive light blue helmet or beret worn by these personnel. They are members of national armies who volunteer to serve under UN command. Over 70,000 military personnel from around the globe currently serve as Blue Helmets. They work alongside UN Police and civilian staff to promote stability, security, and lasting peace. Their duties include protecting civilians and property, supporting local communities, and assisting peace processes. The first UN peacekeeping mission began in 1948 with military observers sent to the Middle East. India is one of the largest contributors, having sent over 2,53,000 troops to 49 missions since 1948. Currently, about 5,500 Indian personnel are deployed in UN peacekeeping operations. Answer: United Nations Peacekeepers © examsnet.com"
CDS-2022-II-GK-086,2022,GK,Modern History,Indian National Movement,Modern History | Freedom Struggle | British Colonial Rule,easy,Which one of the following central features is not associated with Capitalist Economy?,There is generalised commodity production - it has market value.,Productive wealth is held predominantly in private hands.,Economic life is organised according to market principles.,"Economic organisation is based on planning, a supposedly rational process of resource allocation.",D,"Solution: Concept: Capitalist economy is defined by private ownership, market-based decisions, and commodity production. Economic planning is a feature of socialist economies, not capitalist ones. Explanation: Capitalist economy is built on private property, self‑interest, competition, and market mechanism. Generalised commodity production, where even labour becomes a commodity, is a key feature. Thus option A is correct. Productive wealth is predominantly held by private individuals or firms. Hence option B is correct. Economic life in capitalism is organised by market principles – prices set by demand and supply. So option C is correct. Economic planning, where resource allocation is done through a rational central process, is a characteristic of socialist economy, not capitalist. Therefore option D is not associated with capitalist economy. Answer: Option D © examsnet.com"
CDS-2022-II-GK-087,2022,GK,Polity,Indian Constitution & Governance,Polity | Constitution of India | Governance | Constitutional Bodies,easy,Which among the following is not the strength or chief benefit of Bicameralism?,Second chambers check the first chambers and prevent majoritarian rule.,It checks the powers of the executive.,The second chambers can act as a constitutional safeguard.,"It often acts as a check on democratic rule, particularly when their members are non-elected or indirectly elected.",D,"Solution: Concept: Bicameralism refers to a legislature with two houses. The question asks which listed statement is NOT a benefit of this system. Explanation: The main strengths of bicameralism include: • A second chamber checks hasty legislation and prevents majoritarian rule (Option A is a benefit). • It checks the powers of the executive and promotes executive independence (Option B is a benefit). • The second chamber can act as a constitutional safeguard by revising bills and protecting minority interests (Option C is a benefit). Option D states that bicameralism often acts as a check on democratic rule, especially when members are non-elected or indirectly elected. This is not a strength because it undermines democratic principles. Bicameralism is meant to enhance democracy, not obstruct it. Hence, Option D is the incorrect statement about benefits. Answer: Option D © examsnet.com"
CDS-2022-II-GK-088,2022,GK,General Knowledge,General Knowledge,General Knowledge | UPSC CDS | Prelims,easy,The Insolvency and Bankruptcy Board of India (IBBI) was established in the year,2014,2015,2016,2017,C,"Solution: Concept: The Insolvency and Bankruptcy Board of India (IBBI) was established under the Insolvency and Bankruptcy Code, 2016. Explanation: The IBBI was established on 1st October 2016. It was created under the Insolvency and Bankruptcy Code, 2016. The IBBI acts as the key regulator for insolvency and bankruptcy processes in India. It oversees insolvency professionals, agencies, and information utilities. The board ensures time-bound resolution to maximise asset value and promote credit availability. It also regulates the valuation profession under the Companies (Registered Valuers and Valuation Rules), 2017. The establishment year of IBBI is therefore 2016. Answer: C. 2016 © examsnet.com"
CDS-2022-II-GK-089,2022,GK,Modern History,Indian National Movement,Modern History | Freedom Struggle | British Colonial Rule,easy,Which one of the following is the other term used for 'Focus' in relation with an earthquake?,Hypocentre,Epicentre,Isocentre,Principal Point,A,"Solution: Concept: The point inside the Earth where an earthquake rupture originates is called the focus, and its scientific term is hypocenter. Explanation: Earthquake energy is released from a specific point deep within the Earth’s crust. This point is commonly referred to as the focus. The scientific term used for this focus is the hypocentre. It is the exact location where the fault slip or rupture begins. The epicentre, on the other hand, is the point directly above the focus on the Earth’s surface. Thus, the focus and the hypocentre are same. Answer: Hypocentre © examsnet.com"
CDS-2022-II-GK-090,2022,GK,General Knowledge,General Knowledge,General Knowledge | UPSC CDS | Prelims,easy,Which one of the following is not a mountain peak of the Andaman and Nicobar Islands?,Saddle Peak,Mount Thuillier,Lhotse Peak,Mount Diavolo,C,"Solution: Concept: Identify which mountain peak among the options is not located in the Andaman and Nicobar Islands. Explanation: Saddle Peak, at 732 732 732 m, is the highest peak in the entire Andaman and Nicobar Islands, located in Diglipur, North Andaman. Mount Thuillier, at 642 642 642 m, is the highest point on Great Nicobar Island and in the Nicobar Islands. Mount Diavolo, with an elevation of 295 295 295 m, is the highest point of Middle Andaman Island. All these are located within the Andaman and Nicobar archipelago in the Bay of Bengal. In contrast, Lhotse Peak is a major Himalayan peak situated on the border of Nepal and the Tibet Autonomous Region of China. It is the fourth highest mountain in the world, at 8 , 516 8,516 8 , 516 m, and is not part of the Andaman and Nicobar Islands. Thus, among the given options, Lhotse Peak is the only one that is not a mountain peak of the Andaman and Nicobar Islands. Answer: Lhotse Peak (Option C). © examsnet.com"
CDS-2022-II-GK-091,2022,GK,Polity,Indian Constitution & Governance,Polity | Constitution of India | Governance | Constitutional Bodies,hard,"Match List I with List II and select the correct answer using the code given below the Lists : List I List II (Cloud Form) (Characteristic) A. Cirrus 1. Storm clouds B. Cumulus 2. High- fog “Low Ceiling"" C. Nimbostratus 3. Fair-weather clouds D. Stratus 4. Entirely of ice particles","(A) - (2), (B) - (1), (C) - (3), (D) - (4)","(A) - (2), (B) - (3), (C) - (1), (D) - (4)","(A) - (4), (B) - (3), (C) - (1), (D) - (2)","(A) - (4), (B) - (1), (C) - (3), (D) - (2)",C,"Solution: Concept: This question tests the ability to correctly match each type of cloud with its primary characteristic or typical weather association. Explanation: Step 1: Identify the specific feature of each cloud form listed in List I. Step 2: Match Cirrus clouds with characteristic 4. Cirrus clouds are thin, wispy, and entirely composed of ice crystals at high altitudes. Step 3: Match Cumulus clouds with characteristic 3. Cumulus clouds are puffy, white, and often indicate fair weather with a flat base. Step 4: Match Nimbostratus clouds with characteristic 1. Nimbostratus clouds are thick, dark, and produce steady rain or snow, acting as storm clouds. Step 5: Match Stratus clouds with characteristic 2. Stratus clouds are low-lying, layered, and can appear as fog, creating a low ceiling. Answer: The correct matching is (A) - (4), (B) - (3), (C) - (1), (D) - (2). This corresponds to option 3. © examsnet.com"
CDS-2022-II-GK-092,2022,GK,Science & Tech,General Science & Emerging Technologies,Science & Tech | General Science | Applied Science | Physics | Chemistry | Biology,easy,Which one among the following planets has the largest number of known satellites?,Mars,Neptune,Jupiter,Saturn,D,"Solution: Concept: The number of known natural satellites (moons) varies by planet. Saturn currently has the highest count among all planets in our solar system. Explanation: The number of confirmed moons for each planet in the options is: Mars: 2 2 2 moons Neptune: 14 14 14 moons Jupiter: 95 95 95 moons Saturn: 146 146 146 moons Saturn has more moons than any other planet, including Jupiter. Thus, Saturn is the planet with the largest number of known satellites. Answer: Saturn © examsnet.com"
CDS-2022-II-GK-093,2022,GK,Ancient History,Ancient Indian History,Ancient History | Indian History | Archaeological Sources,easy,Who among the following usurped power in Kanyakubja after the death Harshavardhana?,Adityasena,Arunashva,Shashanka,Lalitaditya,B,"Solution: Concept: After Harshavardhana’s death in 647 AD, his minister Arunashva seized the throne of Kanyakubja (Kannauj) as Harsha had no heir. Explanation: Harshavardhana of the Pushyabhuti dynasty ruled from 606 AD to 647 AD. He was also known as Siladitya and was visited by the Chinese pilgrim Hiuen-Tsang. Harsha died heirless after a reign of about 41 years. Upon his death, his minister Arunashva (also called Aluonashun by the Chinese) usurped power in Kanyakubja. Arunashva ruled over Tirhut, Kannauj, and the surrounding area for a brief period. He is known for repulsing an invasion by Arab Muslims of the Rashidun Caliphate. Among the options, Adityasena was a later Gupta ruler, Shashanka was a contemporary enemy of Harsha (ruler of Gauda), and Lalitaditya was a Kashmiri king. Only Arunashva directly succeeded Harsha by usurpation. Answer: Arunashva (Option B). © examsnet.com"
CDS-2022-II-GK-094,2022,GK,General Knowledge,General Knowledge,General Knowledge | UPSC CDS | Prelims,easy,The legend of Prahlad and his father Hiranyakashyap was first set out in the,Bhagwat Purana,Vishnu Purana,Vamana Purana,Agni Purana,B,"Solution: Concept: The legend of Prahlad and his father Hiranyakashyap originates in a specific Purana, which is a key Hindu text containing stories of gods and kings. Explanation: The story of Prahlad, a devoted worshipper of Lord Vishnu, and his demon king father Hiranyakashyap is first described in the Vishnu Purana. In this Purana, Hiranyakashyap, after conquering the three worlds, became proud and indulged in pleasures. His son Prahlad, however, remained a steadfast devotee of Vishnu, declaring that God is the eternal teacher and protector. Hiranyakashyap ordered Prahlad to be killed, but every attempt failed because Vishnu protected him. This account is a key narrative within the Vishnu Purana, which is a major text of the Vaishnava tradition. The Vishnu Purana also includes genealogies of kings and stories of Vishnu's avatars like Krishna and Rama. Thus, the legend was first set out in the Vishnu Purana, not in the Bhagwat, Vamana, or Agni Puranas. Answer: B. Vishnu Purana © examsnet.com"
CDS-2022-II-GK-095,2022,GK,Economy,Indian Economy & Financial System,Economy | Macroeconomics | Banking & Finance | Public Finance,easy,Which one of the following statements on the issue of ownership according to Smriti literature is not correct?,The paternal estate was to be divided equally amongst sons.,Women were allowed to retain the gifts they received on the occasion of their marriage.,The gifts to women on the occasion of their marriage were known as Stridhana.,Stridhana was not inherited by the children without the permission of the husband.,D,"Solution: Concept: Smriti literature, particularly the Manusmriti, defined women's property rights through Stridhana. Explanation: According to the Manusmriti, the paternal estate was divided equally among sons after the parents' death, with a special share for the eldest. So statement A is correct. Women were allowed to retain gifts received at the time of their marriage. These gifts were known as Stridhana, meaning a woman's wealth. Hence statements B and C are correct. Stridhana could be inherited by her children, and the husband had no claim over it. Therefore statement D — that Stridhana was not inherited by children without the husband's permission — is false. The Manusmriti did warn women not to hoard family property without the husband's consent, but this rule did not apply to the inheritance of Stridhana. Answer: Option D is not correct. © examsnet.com"
CDS-2022-II-GK-096,2022,GK,General Knowledge,General Knowledge,General Knowledge | UPSC CDS | Prelims,easy,Who among the following was not a woman labour leader who organised workers in the strikes in the 1920s?,Sarala Devi Chaudhurani,Ushabai Dange,Prabhabati Devi,Anasuya Behn,A,"Solution: Concept: The question asks which woman was not a labour leader organising workers in strikes during the 1920s. Explanation: Sarala Devi Chaudhurani was a writer, educationalist, singer, and political activist who founded Bharat Stree Mahamandal in 1910 to promote women’s education. She promoted militant nationalism in Bengal but was not involved in labour union activities or worker strikes in the 1920s. Ushabai Dange was a pioneering woman participant in the trade union movement and was arrested for her role in workers’ struggles. She worked for the upliftment of women workers. Prabhabati Devi (also known as Prabhavati Dasgupta) led the scavengers’ strike in 1928 and the jute general strike of 1929. She was actively engaged in labour movements. Anasuya Behn addressed workers’ meetings, led strikes for better wages and working conditions in Ahmedabad, and played a major part in the Kheda satyagraha and opposition to the Rowlatt Bill. Answer: Sarala Devi Chaudhurani. © examsnet.com"
CDS-2022-II-GK-097,2022,GK,General Knowledge,General Knowledge,General Knowledge | UPSC CDS | Prelims,easy,"Among the following countries, where did the idea of 'Social Market Economy' emerge in 1950s?",Germany,France,United States of America,United Kingdom,A,"Solution: Concept: Social Market Economy is an economic model that combines free market principles with social welfare policies, aiming to balance economic freedom and social justice. Explanation: This model was first implemented in 1948 in West Germany (Federal Republic of Germany) under the leadership of Ludwig Erhard. It evolved from economic analyses of the 1930s and the political vision of West Germany's founders in the 1950s. The state actively regulates the market to ensure fair competition and social security, while allowing private initiative. Thus, the Social Market Economy is not a third way between capitalism and communism, but a distinct system that prioritizes both economic efficiency and social progress. It remains a key concept in European Union policy and has been influential in shaping modern mixed economies. Hence, the idea of Social Market Economy emerged in Germany in the 1950s. Answer: Germany © examsnet.com"
CDS-2022-II-GK-098,2022,GK,General Knowledge,General Knowledge,General Knowledge | UPSC CDS | Prelims,easy,Who among the following Indian thinkers first spoke of food-for-work programmes counteract the effects of famines?,Kautilya,Aryabhatta,Chandragomin,Prabhakara,A,"Solution: Concept: The idea of using food-for-work programmes as a famine relief measure was first proposed by the ancient Indian thinker Kautilya in his treatise on statecraft. Explanation: Kautilya’s work, written over two thousand years ago, is one of the earliest known treatises on government and public administration. He advised that when a famine threatens, the king should undertake public works such as building forts and water systems, and provide food to the people in exchange for their labour. These measures served as an early form of food-for-work programmes. Other Indian rulers later adopted similar methods of famine relief, including free grain distribution, opening of free kitchens, remission of taxes, and construction of canals, embankments, and wells. None of the other thinkers listed (Aryabhatta, Chandragomin, or Prabhakara) are associated with this specific concept. Aryabhatta was a mathematician-astronomer, Chandragomin a Buddhist scholar, and Prabhakara a Mimamsa ritual theorist. Answer: The correct answer is Kautilya. © examsnet.com"
CDS-2022-II-GK-099,2022,GK,Environment & Ecology,"Ecology, Biodiversity & Climate Change",Environment & Ecology | Biodiversity | Conservation | Climate Change,easy,The 'Ramsar Convention' relates to which one of the following areas?,Wetland preservation,Promote afforestation,Action plan on climate change,Combat desertification,A,"Solution: Concept: The Ramsar Convention is an international treaty focused on the conservation and sustainable use of wetlands. Explanation: The Convention was signed in 1971 in the Iranian city of Ramsar. It is the first modern intergovernmental treaty aimed at conserving natural resources, specifically wetlands. Its main goal is to halt the global loss of wetlands and to conserve remaining wetlands through wise use and management. This requires international cooperation, policy development, capacity building, and technology transfer. Ramsar sites are wetlands of international importance, especially as waterfowl habitats. As of 2024, India has 82 Ramsar sites, the highest in South Asia. These sites cover over 11,000 sq km, about 10% of India's total wetland area. The treaty does not deal with afforestation, climate change action plans, or combating desertification. Thus, the Ramsar Convention pertains exclusively to wetland preservation. Answer: A. Wetland preservation. © examsnet.com"
CDS-2022-II-GK-100,2022,GK,Current Affairs,Current Events of National & International Importance,Current Affairs | International Relations | Government Schemes | Awards,medium,Which one among the following reports defines Sustainable Development as development that meets the needs of the present generation without compromising the ability of future generations to meet their own needs?,Brundtland Report,United Nations Human Development Report,Agenda-21 of the Rio Earth Summit,OECD Policy Brief (2006),A,"Solution: Concept: This question tests which international report first gave the widely accepted definition of sustainable development. Explanation: The Brundtland Report, published in 1987 by the United Nations World Commission on Environment and Development, is the source of this exact wording. It states that sustainable development means meeting the needs of the present generation without reducing the ability of future generations to meet their own needs. The United Nations Human Development Report deals with human development indices, not this specific definition. Agenda-21, from the 1992 Rio Earth Summit, is an action plan for sustainable development but does not originate this definition. The OECD Policy Brief (2006) is a later document and not the original source. Answer: Brundtland Report © examsnet.com"
CDS-2022-II-GK-101,2022,GK,Science & Tech,General Science & Emerging Technologies,Science & Tech | General Science | Applied Science | Physics | Chemistry | Biology,easy,A patient's abdomen (alimentary canal) can be examined by X-ray after administering which one of the following metal salts in the patient's meal?,Barium sulphate,Barium chloride,Strontium sulphate,Magnesium chloride,A,"Solution: Concept: Barium sulphate is used as a radiocontrast agent for X-ray imaging of the gastrointestinal tract because it absorbs X-rays and is safe for ingestion. Explanation: Barium sulphate ( B a S O 4 \mathrm{BaSO}_4 BaSO 4 ​ ) is insoluble in water and non‑toxic, so it can be safely administered in a meal. When swallowed, it coats the inner lining of the oesophagus, stomach, and intestines. Barium absorbs X‑rays strongly, appearing white on the X‑ray film, making the digestive tract visible. Other salts like barium chloride or strontium sulphate are either toxic or less suitable for this purpose. Thus, barium sulphate is the standard choice for such diagnostic imaging. Answer: A. Barium sulphate © examsnet.com"
CDS-2022-II-GK-102,2022,GK,General Knowledge,General Knowledge,General Knowledge | UPSC CDS | Prelims,easy,"Storage of biological tissues such as blood, organs, semen requires low temperature which is achieved upon the usage of",Liquid nitrogen,Solid carbon dioxide,Liquid air,Helium,A,"Solution: Concept: Cryopreservation of biological tissues requires a coolant with an extremely low boiling point and chemical inertness. Explanation: Liquid nitrogen boils at − 19 6 ∘ C -196^\circ\text{C} − 19 6 ∘ C , making it ideal for storing blood, organs, and semen. It is non‑reactive and does not damage biological samples. Solid carbon dioxide (dry ice) at − 78. 5 ∘ C -78.5^\circ\text{C} − 78. 5 ∘ C is not cold enough for long‑term preservation. Liquid helium is extremely cold but very expensive and not commonly used for routine storage. Liquid air contains oxygen, which can cause oxidation and harm the tissues. Therefore, liquid nitrogen is the standard and most practical choice. Answer: Liquid nitrogen © examsnet.com"
CDS-2022-II-GK-103,2022,GK,Modern History,Indian National Movement,Modern History | Freedom Struggle | British Colonial Rule,easy,"In the joining of railway tracks, iron oxide is made to react with",Aluminium,Zinc,Copper,Tin,A,"Solution: Concept: The process uses an exothermic displacement reaction called the thermit reaction to weld railway tracks. Explanation: Iron(III) oxide ( F e 2 O 3 \mathrm{Fe}_2\mathrm{O}_3 Fe 2 ​ O 3 ​ ) is mixed with aluminium powder. Upon ignition, aluminium displaces iron because aluminium is more reactive than iron. The reaction is highly exothermic, producing molten iron and aluminium oxide ( A l 2 O 3 \mathrm{Al}_2\mathrm{O}_3 Al 2 ​ O 3 ​ ). The chemical equation is: F e 2 O 3 ( s ) + 2 A l ( s ) → 2 F e ( l ) + A l 2 O 3 ( s ) + Heat \mathrm{Fe}_2\mathrm{O}_3(s) + 2\mathrm{Al}(s) \rightarrow 2\mathrm{Fe}(l) + \mathrm{Al}_2\mathrm{O}_3(s) + \text{Heat} Fe 2 ​ O 3 ​ ( s ) + 2 Al ( s ) → 2 Fe ( l ) + Al 2 ​ O 3 ​ ( s ) + Heat The enormous heat melts the iron, which then flows into the gap between rails, solidifying to form a strong joint. Other metals like zinc, copper, or tin cannot produce enough heat or do not displace iron effectively under these conditions. Thus, aluminium is the correct reactant for this purpose. Answer: Aluminium © examsnet.com"
CDS-2022-II-GK-104,2022,GK,General Knowledge,General Knowledge,General Knowledge | UPSC CDS | Prelims,easy,What was a munjaniq in medieval period?,Cannon,Catapult,Gun carriage,Portable armoury,B,"Solution: Concept: The term ""munjaniq"" refers to a type of medieval siege engine used to hurl projectiles. Explanation: In medieval warfare, a munjaniq was a siege engine similar to a catapult. It used a long arm with a counterweight or torsion mechanism to throw stones, fire, or other objects at enemy fortifications. The Arabic and Persian term ""al-manjaniq"" specifically denoted a trebuchet, which was an advanced form of catapult. Trebuchets had greater range, accuracy, and could launch heavier projectiles than older catapult designs. They were widely used in Europe and the Islamic world until gunpowder weapons made them obsolete. Thus, ""munjaniq"" is best translated as a catapult (specifically a trebuchet). Answer: B. Catapult © examsnet.com"
CDS-2022-II-GK-105,2022,GK,General Knowledge,General Knowledge,General Knowledge | UPSC CDS | Prelims,hard,Match List I with List II and select the correct answer using the code given below the Lists : List I List II (Literary Work) (Author) A. Duta Ghatotkacha 1. Bhatti B. Mrichchhakatikam 2. Bhasa C. Kiratarjuniyam 3. Shudraka D. Ravanavadha 4. Bharavi,"(A) - (1), (B) - (3), (C) - (4), (D) - (2)","(A) - (1), (B) - (4), (C) - (3), (D) - (2)","(A) - (2), (B) - (3), (C) - (4), (D) - (1)","(A) - (2), (B) - (4), (C) - (3), (D) - (1)",C,"Solution: Concept: This question tests knowledge of classical Sanskrit literary works and their authors. Explanation: • ""Duta Ghatotkacha"" is a drama by Bhasa (match A-2). • ""Mrichchhakatikam"" (The Little Clay Cart) is a play by Shudraka (match B-3). • ""Kiratarjuniyam"" is a mahakavya (great epic) by Bharavi (match C-4). • ""Ravanavadha"" is another title for ""Bhattikavya"" authored by Bhatti (match D-1). Thus the correct pairing is A-2, B-3, C-4, D-1. Answer: Option (C): (A) - (2), (B) - (3), (C) - (4), (D) - (1) © examsnet.com"
CDS-2022-II-GK-106,2022,GK,Ancient History,Ancient Indian History,Ancient History | Indian History | Archaeological Sources,easy,At the banks of which of the following rivers was the Battle of Ten Kings fought in the Early Vedic Period?,Sarasvati,Drishadvati,Parushni,Shutudri,C,"Solution: Concept: The Battle of Ten Kings (Dasarajna) was a key conflict in the Early Vedic Period. Explanation: The battle was fought between King Sudas of the Bharata tribe and a confederation of ten tribes. It took place on the banks of the Parushni river. The battle resulted in a decisive victory for the Bharatas, establishing their dominance in the upper Gangetic basin. The conflict was partly instigated by a rivalry between sages Vashishta (priest of Bharatas) and Vishwamitra. Among the ten opposing tribes, five were Aryan and five were non-Aryan. The victory of the Bharatas marked a significant political shift in the Early Vedic period. Answer: C. Parushni © examsnet.com"
CDS-2022-II-GK-107,2022,GK,Economy,Indian Economy & Financial System,Economy | Macroeconomics | Banking & Finance | Public Finance,easy,The Bengal Famine of 1769 - 70 was worsened by,Locust attacks,Rat infestation,High levels of taxation,Smallpox epidemic,D,"Solution: Concept: The Bengal Famine of 1769–70 was primarily triggered by crop failure and worsened by an outbreak of smallpox. Explanation: The immediate cause was failure of the rice crop in 1768 due to lack of rainfall. This led to peasant migration and acute food shortage. A severe smallpox epidemic then broke out, killing about 10 million people (roughly one‑third of Bengal’s population). The epidemic compounded the scarcity, making the famine more deadly. Although high taxation by the East India Company aggravated the economic distress, the question specifically asks what *worsened* the famine — the epidemic is the correct factor among the given options. Answer: D. Smallpox epidemic © examsnet.com"
CDS-2022-II-GK-108,2022,GK,Ancient History,Ancient Indian History,Ancient History | Indian History | Archaeological Sources,easy,Which one of the following is not the work of Ashvaghosha?,Sariputraprakarana,Buddhacharita,Saundarananda,Manjushrimulakalpa,D,"Solution: Concept: Aśvaghoṣa was a renowned Buddhist poet and philosopher, but the text Mañjuśrīmūlakalpa is a later tantric work, not authored by him. Explanation: Aśvaghoṣa is known for his contributions to Sanskrit literature and Buddhism. His major works include: • Sariputraprakaraṇa – a Sanskrit drama about Śāriputra, a disciple of the Buddha. • Buddhacarita – a poetic biography of the Buddha, considered a masterpiece of Buddhist literature. • Saundarananda – a kāvya poem on the conversion of Nanda, the Buddha's half‑brother. The Ārya-Mañjuśrīmūlakalpa is a text of the Kriyātantra class, associated with the bodhisattva Mañjuśrī. It is often regarded as the earliest extant Indian Buddhist Tantra, and was later classified under Kriyātantra. This text is not attributed to Aśvaghoṣa; instead, it belongs to a later tantric tradition. Therefore, among the given options, Mañjuśrīmūlakalpa is not a work of Aśvaghoṣa. Answer: Manjushrimulakalpa © examsnet.com"
CDS-2022-II-GK-109,2022,GK,Science & Tech,General Science & Emerging Technologies,Science & Tech | General Science | Applied Science | Physics | Chemistry | Biology,easy,Fat in human body is stored in,Adipose tissue,Red blood cells,Muscle tissue,Epithelial tissue,A,"Solution: Concept: Fat in the human body is stored in a specialized type of connective tissue called adipose tissue. Explanation: Adipose tissue is a loose connective tissue found mainly beneath the skin. It is part of the integumentary system and accumulates in the subcutaneous layer. This tissue provides insulation against heat and cold. The cells of adipose tissue are specialized to store fats in the form of triglycerides. Excess nutrients that are not immediately used by the body are converted into fats and stored in adipose tissue. Adipose tissue also acts as a central metabolic organ, regulating the body's energy balance. During periods of starvation or prolonged fasting, adipose tissue breaks down to release energy. Other options like red blood cells, muscle tissue, and epithelial tissue do not store fat. Hence, the correct storage site for fat in the human body is adipose tissue. Answer: Adipose tissue © examsnet.com"
CDS-2022-II-GK-110,2022,GK,Defence & Security,"Defence, Military & Internal Security",Defence | Military Exercises | Armed Forces | Security Architecture,easy,Which one of the following is a feature of Membrane?,Bilayer of phospholipid molecule in which proteins and cholesterol are embedded,Bilayer of proteins molecule in which lipid and cholesterol are embedded,Bilayer of neutral lipid in which proteins and cholesterol are embedded,Bilayer of neutral lipid lacking cholesterol and proteins,A,"Solution: Concept: The cell membrane is a bilayer of p h o s p h o l i p i d s \mathrm{phospholipids} phospholipids with embedded p r o t e i n s \mathrm{proteins} proteins and c h o l e s t e r o l \mathrm{cholesterol} cholesterol . Explanation: The plasma membrane (cell membrane) encloses all cells. It consists mainly of p h o s p h o l i p i d s \mathrm{phospholipids} phospholipids arranged in a bilayer. The hydrophilic (water-loving) heads face outward, while the hydrophobic tails face inward. P r o t e i n s \mathrm{Proteins} Proteins are embedded as integral or peripheral components. C h o l e s t e r o l \mathrm{Cholesterol} Cholesterol is tucked between the hydrophobic tails to regulate fluidity. Option A correctly states: a bilayer of p h o s p h o l i p i d \mathrm{phospholipid} phospholipid molecules in which p r o t e i n s \mathrm{proteins} proteins and c h o l e s t e r o l \mathrm{cholesterol} cholesterol are embedded. Option B is wrong because p r o t e i n s \mathrm{proteins} proteins do not form the bilayer; l i p i d s \mathrm{lipids} lipids do. Option C is wrong because the lipids are p h o s p h o l i p i d s \mathrm{phospholipids} phospholipids , not neutral lipids. Option D is wrong because c h o l e s t e r o l \mathrm{cholesterol} cholesterol and p r o t e i n s \mathrm{proteins} proteins are indeed present in the membrane. Answer: Option A © examsnet.com"
CDS-2022-II-GK-111,2022,GK,General Knowledge,General Knowledge,General Knowledge | UPSC CDS | Prelims,easy,Which one of the following parts of human alimentary canal can be of maximum length?,Stomach,Small intestine,Large intestine,Rectum,B,"Solution: Concept: The small intestine is the longest segment of the human alimentary canal (digestive tract). Explanation: The alimentary canal is a continuous tube from the mouth to the anus. Its main parts include the mouth, oesophagus, stomach, small intestine, large intestine, and rectum. Among these, the small intestine has the maximum length. It measures about 6.7 6.7 6.7 meters, which is roughly 3.5 3.5 3.5 times the length of the human body. Although it is called ""small"" due to its narrower diameter, it is actually the longest part of the digestive tube. The small intestine is divided into three sections: duodenum, jejunum, and ileum. It is the primary site for digestion and absorption of nutrients. In contrast, the stomach is a J-shaped organ about 25 25 25 – 30 30 30 cm long. The large intestine is about 1.5 1.5 1.5 meters long and wider than the small intestine. The rectum is a short terminal part of the large intestine, only about 12 12 12 – 15 15 15 cm long. Therefore, the small intestine is the longest among the given options. Answer: Small intestine. © examsnet.com"
CDS-2022-II-GK-112,2022,GK,Quantitative Aptitude,Basic Numeracy & Quantitative Aptitude,Aptitude | Mathematics | Quantitative Reasoning | Problem Solving,medium,"While 'forming the 'Indo-Pacific Economic Framework for Prosperity', the member countries launched collective discussions towards future negotiations on four pillars. Which one of the following is not one of those pillars?","Clean energy, decarbonisation and infrastructure",Defence cooperation and intelligence sharing,Supply chain,Tax and anti-corruption,B,"Solution: Concept: The Indo-Pacific Economic Framework for Prosperity (IPEF) is a U.S.-led economic initiative with four specific pillars. Defence cooperation is not one of them. Explanation: The IPEF includes 14 member countries representing about 40% of global GDP. The four pillars of the IPEF are: 1. Trade: aims for high-standard, inclusive, free, and fair-trade commitments. 2. Supply chain resilience: secures access to critical raw materials, semiconductors, and clean energy tech. 3. Clean energy and decarbonisation: provides technical assistance and mobilises finance for sustainable infrastructure and renewable energy. 4. Tax and anti-corruption: enforces robust tax, anti-money laundering, and anti-bribery measures. All four pillars focus on economic, trade, and environmental issues. There is no pillar related to defence cooperation or intelligence sharing. Thus, ""Defence cooperation and intelligence sharing"" is not among the four pillars. Answer: Option B – Defence cooperation and intelligence sharing – is not one of the pillars. © examsnet.com"
CDS-2022-II-GK-113,2022,GK,General Knowledge,General Knowledge,General Knowledge | UPSC CDS | Prelims,easy,The regions known as Donetsk and Luhansk are sometimes mentioned in the news. They are the separatist regions of,Ethiopia,Sudan,Ukraine,Yemen,C,"Solution: Concept: Donetsk and Luhansk are breakaway regions within the country of Ukraine. Explanation: Donetsk and Luhansk are two states in eastern Ukraine, bordering Russia. In 2014, Russia-backed separatists declared independence from Ukraine, forming the Donetsk People’s Republic (DPR) and Luhansk People’s Republic (LPR). These two territories together are often referred to as the Donbas region. The conflict stems from Ukraine’s geopolitical position between Russia and the West, Ukraine’s NATO aspirations, and Russian interests in the Black Sea. Answer: Ukraine © examsnet.com"
CDS-2022-II-GK-114,2022,GK,Modern History,Indian National Movement,Modern History | Freedom Struggle | British Colonial Rule,easy,Recently which of the following countries were placed in the 'Grey List' of Financial Action Task Force?,Bolivia and Mozambique,Colombia and Ecuador,Iraq and Qatar,Turkey and UAE,D,"Solution: Concept: The Financial Action Task Force (FATF) grey list includes countries under increased monitoring for strategic deficiencies in combating money laundering and terrorist financing. Explanation: In March 2022, FATF added the United Arab Emirates (UAE) to its grey list for not doing enough to confront money laundering and terrorism financing activities. Similarly, Turkey was also placed on the same ""increased monitoring list"" for weaknesses in its regime to counter money laundering, terrorist financing, and proliferation financing. Both countries were assessed to have failed in meeting FATF's standards, leading to their inclusion alongside 22 other jurisdictions. Answer: Turkey and UAE. © examsnet.com"
CDS-2022-II-GK-115,2022,GK,Science & Tech,General Science & Emerging Technologies,Science & Tech | General Science | Applied Science | Physics | Chemistry | Biology,easy,"Which one of the following assists a country through 'Extended Fund Facility', often talked about in news?",International Fund for Agricultural Development,International Monetary Fund,International Bank for Reconstruction and Development,United Nations Development Programme,B,"Solution: Concept: The Extended Fund Facility is a lending program of the International Monetary Fund. Explanation: The Extended Fund Facility (EFF) was created by the IMF in 1974 to help countries with balance of payments problems caused by structural issues or slow growth. EFF loans have longer repayment periods (typically 3 to 4 years) to give time for deep economic reforms to work. Borrowing countries must commit to policies that correct structural imbalances over an extended period. Recent examples include IMF staff agreements with Sri Lanka and Pakistan under the EFF. Among the given options, only the International Monetary Fund provides the Extended Fund Facility. Answer: International Monetary Fund (IMF) © examsnet.com"
CDS-2022-II-GK-116,2022,GK,Science & Tech,General Science & Emerging Technologies,Science & Tech | General Science | Applied Science | Physics | Chemistry | Biology,easy,"The terms 'Ethereum, Solana, Polkadot and Tether', sometimes mentioned in the news, refer to",Cryptocurrencies,Earth Observation Satellites,Hypersonic Cruise Missiles,Virtual Private Network service providers,A,"Solution: Concept: Ethereum, Solana, Polkadot, and Tether are all types of digital currencies that operate on blockchain technology. Explanation: These terms are examples of cryptocurrencies, which are digital assets secured by cryptography. They do not rely on a central authority; instead, transactions are recorded on a decentralized peer-to-peer network called the blockchain. Ethereum is a platform for building decentralized apps and smart contracts, and its native currency is Ether. Solana is a high-speed blockchain that processes many transactions per second and uses a proof-of-history mechanism. Polkadot is designed to connect different blockchains, allowing them to share data and value. Tether is a stablecoin, meaning its value is pegged to a traditional currency like the US dollar. Answer: A. Cryptocurrencies © examsnet.com"
CDS-2022-II-GK-117,2022,GK,Polity,Indian Constitution & Governance,Polity | Constitution of India | Governance | Constitutional Bodies,easy,In which one of the following States has the President's Rule been imposed most number of times?,Bihar,Karnataka,Manipur,Punjab,C,"Solution: Concept: President's Rule under Article 356 is imposed when a state government cannot function as per the Constitution. The number of times it has been imposed varies across states. Explanation: President's Rule, also called State Emergency, allows the President to take control of a state. The Governor acts as the President's representative, and the Council of Ministers is dissolved. Among the given options, Manipur has faced President's Rule the most number of times. The exact count for Manipur is 8 + 2 8 + 2 8 + 2 , totalling 10 10 10 times. Other states in the list have lower counts: Uttar Pradesh 10 10 10 times, Punjab 9 9 9 times, Bihar 8 8 8 times, Karnataka 6 6 6 times. Thus, Manipur holds the highest frequency among the options provided. State No of time Manipur 8 + 2 8 + 2 8 + 2 Uttar Pradesh 10 10 10 Punjab 9 9 9 Bihar 8 8 8 Karnataka 6 6 6 Answer: Manipur © examsnet.com"
CDS-2022-II-GK-118,2022,GK,Polity,Indian Constitution & Governance,Polity | Constitution of India | Governance | Constitutional Bodies,easy,The use of 'Electors Photo Identity Cards (EPIC)' by the Election Commission of India was started in which one of the following years?,1992,1993,1995,2001,B,"Solution: Concept: The Election Commission introduced Electors Photo Identity Cards (EPIC) in 1993 to curb electoral malpractices. Explanation: In 1993, the Election Commission decided to issue photo identity cards to all registered voters across India. The primary goal was to prevent bogus voting and impersonation during elections. The EPIC is issued based on the electoral roll, which is updated every year with January 1 as the qualifying date. Any Indian citizen who is 18 years or older can register in the electoral roll and then apply for an EPIC. The process of issuing EPICs is continuous and ongoing. New voters become eligible every year upon turning 18, and the commission also works to cover those left out in previous campaigns. This system has made the electoral process simpler, smoother, and quicker. Answer: The use of EPIC by the Election Commission of India started in the year 1993. © examsnet.com"
CDS-2022-II-GK-119,2022,GK,Polity,Indian Constitution & Governance,Polity | Constitution of India | Governance | Constitutional Bodies,easy,Which one of the following best describes the electoral system to elect the President of India?,Proportional Representation,Proportional Representation and Single Transferable Vote System,First-Past-the-Post System,List System,B,"Solution: Concept: The President of India is elected using a system of proportional representation by means of the single transferable vote (STV) and secret ballot. Explanation: The election is conducted by the Election Commission of India. The electoral college consists of elected members of both Houses of Parliament (Lok Sabha and Rajya Sabha) and elected members of State Legislative Assemblies (including Delhi and Puducherry). Each voter receives one ballot paper and marks preferences (1, 2, 3, ...) against candidates. First, all first-preference votes are counted. If a candidate secures a fixed quota (absolute majority) in the first round, that candidate is declared elected. Otherwise, the candidate with the fewest first-preference votes is eliminated, and their second-preference votes are transferred to the remaining candidates. This transfer process continues until one candidate attains the required quota. This method ensures the winner enjoys broad support and is not merely a simple plurality winner. Answer: Option B: Proportional Representation and Single Transferable Vote System. © examsnet.com"
CDS-2022-II-GK-120,2022,GK,Modern History,Indian National Movement,Modern History | Freedom Struggle | British Colonial Rule,easy,Which one of the following statements about Money Bill is not correct?,Money Bill cannot be introduced in the Council of States.,The Council of States has no power to reject or amend the Money Bill.,The Speaker of the Lok Sabha has the sole and final power in deciding whether a Bill is a Money Bill or otherwise.,The Council of States has no power to discuss the Money Bill.,D,"Solution: Concept: The Constitution (Article 110) defines Money Bills and prescribes a special procedure with limited Rajya Sabha powers. Explanation: A Money Bill can only be introduced in the Lok Sabha (option A is correct). The Rajya Sabha cannot reject or amend it; it can only make recommendations (option B is correct). The Speaker's decision on whether a bill is a Money Bill is final (option C is correct). However, the Rajya Sabha has the power to discuss the Money Bill and make recommendations within 14 days. Thus, stating that the Council of States has no power to discuss the Money Bill is incorrect (option D is not correct). Answer: Option D. © examsnet.com"
