Id,Year,Paper,Subject,Topics,Tags,Difficulty,Question,Option_A,Option_B,Option_C,Option_D,Correct_Answer,Explanation
CDS-2015-I-GK-001,2015,GK,General Knowledge,General Knowledge,General Knowledge | UPSC CDS | Prelims,medium,"Statement I : India’s offshore and deep sea fish catch is very poor considering the marine potential. Statement II : Indian coast does not have many gulfs, bays, estuaries and backwaters. [2015 CDS-I]",Both the statements are individually true and Statement II is the correct explanation of Statement I.,"Both the statements are individually true, but Statement II is not the correct explanation of Statement I.","Statement I is true, but Statement II is false.","Statement I is false, but statement II is true.",A,"Solution: Both the statements are individually true and Statement II is the correct explanation of Statement I. Indian marine fish harvest mostly centres around coastal waters up to 100 metres depth and about 90 per cent of the catch comes from up to 50 m. In other words, India is presently harvesting about 12% of the potential and the balance can be optimally harvested using a judicious mix of technology, infrastructure and human resource development. The straight and regular coastline of India is the result of faultingof the Gondwanaland during the Cretaceous period. As such, thecoast of India does not offer many sites for gulfs, bays, estuaries and backwaters which are good fishing grounds. © examsnet.com"
CDS-2015-I-GK-002,2015,GK,Geography,Physical and Indian Geography,Geography | Physical Geography | Indian Geography | Geomorphology,medium,"Statement I : Tides are the rise and fall of sea levels caused by the combined effects of the gravitational forces exerted by the Moon and the Sun, and the. rotation of the Earth. Statement II : Earth rotates from the West towards the East once in 24 hours with respect to the Sun. [2015 CDS-I]",Both the statements are individually true and Statement II is the correct explanation of Statement I.,"Both the statements are individually true, but Statement II is not the correct explanation of Statement I.","Statement I is true, but Statement II is false.","Statement I is false, but statement II is true.",B,"Solution: Both the statements are individually true, but Statement II is not the correct explanation of Statement I. The periodical rise and fall of the sea level, once or twice a day, mainly due to the attraction of the sun and the moon, is called a tide. Change in position of the sun and moon in relation to the earth is one of the factors that influences tide (revolution). Earth rotates or spins towards the east, and that's why the Sun, Moon, planets, and stars all rise in the east and make their way westward across the sky. © examsnet.com"
CDS-2015-I-GK-003,2015,GK,Economy,Indian Economy & Financial System,Economy | Macroeconomics | Banking & Finance | Public Finance,easy,Statement I : Sideral day is shorter than Solar day. Statement II : The motion of the Earth in its orbit around the Sun is termed as revolution. [2015 CDS-I],Both the statements are individually true and Statement II is the correct explanation of Statement I.,"Both the statements are individually true, but Statement II is not the correct explanation of Statement I.","Statement I is true, but Statement II is false.","Statement I is false, but statement II is true.",B,"Solution: Both the statements are individually true, but Statement II is not the correct explanation of Statement I. A solar day is the timeit takes for the Earth to rotate about its axis so that the Sun appears in the same position in the sky. The sidereal day is the time it takes for the Earth to complete one rotation about its axis with respect to the 'fixed' stars. Sidereal day is 23 hours, 56 minutes and 4.1 seconds. The average solar day is defined as 24 hours long. Hence, the sidereal day is ~4 minutes shorter than the solar day. Statement II is factual as the motion of the Earth in its orbit around the Sun is termed as revolution. © examsnet.com"
CDS-2015-I-GK-004,2015,GK,General Knowledge,General Knowledge,General Knowledge | UPSC CDS | Prelims,medium,"Statement I : When a gun is fired it recoils, i.e., it pushes back, with much less velocity than the velocity of the bullet. Statement II : Velocity of the recoiling gun is less because the gun is much heavier than the bullet. [2015 CDS-I]",Both the statements are individually true and Statement II is the correct explanation of Statement I.,"Both the statements are individually true, but Statement II is not the correct explanation of Statement I.","Statement I is true, but Statement II is false.","Statement I is false, but statement II is true.",B,"Solution: When a bullet is fired from a gun, the gun exerts a force on thebullet in the forward direction. This is the action force. The bullet also exerts an equal force on the gun in the backward direction. This is the reaction force. Due to the large mass of the gun, it moves only a little distance backward by giving a jerk at the shoulder of the gunman. The backward movement of the gun is called the recoil of the gun. So, due to heavy mass of the gun, it recoils with lesser speed. Hence, both the statements are individually true, but Statement II is not the correct explanation of Statement I. © examsnet.com"
CDS-2015-I-GK-005,2015,GK,Modern History,Indian National Movement,Modern History | Freedom Struggle | British Colonial Rule,easy,"In an observation, α-particles, β-particles and γ-rays have same energies. Their penetrating power in a given medium in increasing order will be [2015 CDS-I]","α,β,γ","β,γ,α","α,γ,β","β,α,γ",A,Solution: Penetrating power in increasing order will be alpha < beta © examsnet.com
CDS-2015-I-GK-006,2015,GK,General Knowledge,General Knowledge,General Knowledge | UPSC CDS | Prelims,hard,The Earth without rotational movement would result into 1. no sun-rise and sun-set. 2. no occurrence of day and night cycle. 3. only one season. Select the correct answer using the code given below [2015 CDS-I],1 only,1 and 2 only,2 and 3 only,"1, 2 and 3",B,"Solution: Statements 1 and 2 are correct. Statement 3 is not correct as it isrevolution and not rotation, that provides us with different Sunintensities and, therefore, we get four different seasons. Rotationleads to day and night on earth. If earth stops rotating, then there will be only one phase (day or night). Both these phases will not occur together, i.e., there will be only day or only night. Also if the rotation stops, then it will also affect the revolution of the earth. So, no weather change will take place on the earth. © examsnet.com"
CDS-2015-I-GK-007,2015,GK,Defence & Security,"Defence, Military & Internal Security",Defence | Military Exercises | Armed Forces | Security Architecture,hard,"When hard water is evaporated completely, the white solid remains in the container. It may be due to the presence of 1. Carbonates of Ca and Mg 2. Sulphates of Ca and Mg 3. Chlorides of Ca and Mg Select the correct answer using the code given below : [2015 CDS-I]",1 and 2 only,"1, 2 and 3",3 only,1 and 3 only,B,"Solution: When hard water is evaporated completely, the white solid remains in the container. It may be due to the presence of all the three substances (given in the form of three options in the question) or, we can say, salts of Ca and Mg. They are: 1. Carbonates of Ca and Mg 2. Sulphates of Ca and Mg 3. Chlorides of Ca and Mg © examsnet.com"
CDS-2015-I-GK-008,2015,GK,Science & Tech,General Science & Emerging Technologies,Science & Tech | General Science | Applied Science | Physics | Chemistry | Biology,easy,Which one among the following statements is correct ? [2015 CDS-I],Prokaryotic cells possess nucleus.,Cell m embrane is present both in plant and animal cells.,Mitochondria and chloroplasts are not found in eukaryotic cells.,Ribosomes are present in eukaryotic cells only.,B,"Solution: Among the given items, statement 2 is correct because cell membrane is present both in plant and animal cells. Plant and animal cells are very similar because they are both eukaryotic cells. Ribosomes are non-membrane-bound organelles found in both eukaryotic as well as prokaryotic cells. The eukaryotes include all the protists, plants, animals and fungi. In eukaryotic cells there is an extensive compartmentalisation of cytoplasm through the presence of membrane-bound organelles. Mitochondria and chloroplasts are present in eukaryotic cells. Allprokaryotes have a cell wall surrounding the cell membrane except in mycoplasma. The fluid matrix filling the cell is thecytoplasm. There is no well-defined nucleus. © examsnet.com"
CDS-2015-I-GK-009,2015,GK,General Knowledge,General Knowledge,General Knowledge | UPSC CDS | Prelims,easy,A person standing 1 m in front of a plane mirror approaches the mirror by 40 cm. The new distance between the person and his image in the plane mirror is [2015 CDS-I],60 cm,1.2 m,1.4 m,2.0 m,B,"Solution: A man standing 1 m in front of a plane mirror approaches the mirror by 40 cm. It means now the man is standing 0.6 m in front of the mirror. For plane mirrors, the object distance is equal to the image distance, i.e., the image is the same distance behind the mirror as the object is in front of the mirror. If the man stands at a distance of 0.6 m from a plane mirror, then the man must focus at a location 0.6 metres behind the mirror in order to view his image. © examsnet.com"
CDS-2015-I-GK-010,2015,GK,General Knowledge,General Knowledge,General Knowledge | UPSC CDS | Prelims,medium,Match List I with List II and select the correct answer using the code given below the Lists : List I (Ocean current) List II (Location in Map) A. Guinea current B. Oyashio current C. Canaries current D. Kuroshio current A B C D (a) 4 3 1 2 (b) 2 3 1 4 (c) 2 1 3 4 (d) 4 1 3 2 [2015 CDS-I],(a),(b),(c),(d),B,"Solution: Guinea current is marked as 2 on the given map. Oyashio currentis marked as 3 on the given map. Canaries current is marked as 1 on the given map. Kuroshio current is marked as 4 on the given map.Hence, option (b) provides the correct code for the answer. © examsnet.com"
CDS-2015-I-GK-011,2015,GK,General Knowledge,General Knowledge,General Knowledge | UPSC CDS | Prelims,easy,Which one among the following compounds has same equivalent weight and molecular weight ? [2015 CDS-I],H 2 S O 4 H_2SO_4 H 2 ​ S O 4 ​,C a C l 2 CaCl_2 C a C l 2 ​,N a 2 S O 4 a_2SO_4 a 2 ​ S O 4 ​,NaCl,D,"Solution: NaCl has the same equivalent weight and molecular weight. The molecular weight of sodium chloride, NaCl, is [23 + 35 = 58]. Molecular weight divided by the valence of the compound gives equivalent weight. Valence refers to how many hydrogen atoms would bond with the compound. For NaCl, thevalence is 1 because only one hydrogen atom could bond with NaCl. Equivalent weight of NaCl is [5+8/1= 58]. Hence, for NaCl, molecular weight = 58 and equivalent weight = 58 © examsnet.com"
CDS-2015-I-GK-012,2015,GK,General Knowledge,General Knowledge,General Knowledge | UPSC CDS | Prelims,easy,Which one among the following statements is not true for Mammals ? [2015 CDS-I],They possess hair on the body.,Some of them lay eggs.,Their heart is three chambered.,Some are aquatic.,C,"Solution: Among the given items,statement 3 is not true for mammals. It is because heart in mammals is four-chambered.General characteristics of mammals are: 1. Mammals are endothermic vertebrates; 2. Mammals have hair and fur on the body; 3. Mammals have mammary glands; 4. Mammals have four-chambered hearts; 5. Mammals possess one single jaw bone; 6. Mammals have three small bones in the middle of the ear. © examsnet.com"
CDS-2015-I-GK-013,2015,GK,Geography,Physical and Indian Geography,Geography | Physical Geography | Indian Geography | Geomorphology,hard,Arrange the following layers of atmosphere vertically from the surface of the Earth : 1. Mesosphere 2. Troposphere 3. Stratosphere 4. Thermosphere Select the correct answer using the code given below : [2015 CDS-I],1-2-3-4,2-1-3-4,2-3-1-4,3-4-2-1,C,"Solution: The Earth's atmosphere is most commonly divided into fourisothermal layers or 'spheres': troposphere, stratosphere,mesosphere and thermosphere. Each layer is characterised by auniform change in temperature with increasing altitude. Hence, the third option gives the correct code for the sequence of layers of the atmosphere vertically from the surface of the Earth. © examsnet.com"
CDS-2015-I-GK-014,2015,GK,Science & Tech,General Science & Emerging Technologies,Science & Tech | General Science | Applied Science | Physics | Chemistry | Biology,medium,"A metallic plate sticks firmly on the mouth of a water vessel made from another metal. By way of heating, one can detach the plate from the vessel. This is because heat expands [2015 CDS-I]",the vessel only,both the vessel and the plate equally,the vessel more than the plate,the vessel and contracts the plate,C,"Solution: It is a known fact that on heating, metal expands. The amount of expansion depends on its thermal expansion coefficient. Since the vessel and plate are made from different metals, they would expand unequally and detach. Option (c) is the only answer which satisfies the given condition. © examsnet.com"
CDS-2015-I-GK-015,2015,GK,Science & Tech,General Science & Emerging Technologies,Science & Tech | General Science | Applied Science | Physics | Chemistry | Biology,easy,Electricity is produced through dry cell from [2015 CDS-I],chemical energy,therm al energy,mechanical energy,nuclear energy,A,"Solution: Electricity is produced through a dry cell from chemical energy. In a dry cell, battery converts chemical energy into electricity. The chemical reaction produces electrons, which then collect at the negative terminal of the battery. When there is a connection between the positive and negative terminals, the electrons flow to the positive terminal. This electron flow is what we experience as an electric current. © examsnet.com"
CDS-2015-I-GK-016,2015,GK,General Knowledge,General Knowledge,General Knowledge | UPSC CDS | Prelims,easy,"In human digestive system, the process of digestion starts in [2015 CDS-I]",Oesophagus,Buccal cavity,Duodenum,Stomach,B,"Solution: In a human digestive system, the process of digestion starts in Buccal cavity. The process of digestion begins from the mouth and is completed in the small intestine. When we consume food, it travels from our mouth and reaches our stomach through a long tube called an alimentary canal or the gastrointestinal tract. This alimentary canal or gastrointestinal tract begins from the mouth cavity and continues into the pharynx, stomach, large intestines, and finally stops at the anus. During the movement of food particles from the mouth to the stomach and to the small intestine, it gets digested gradually as they travel through various compartments of the gastrointestinal tract. The process ofdigestion begins from the mouth cavity and ends in the anus. © examsnet.com"
CDS-2015-I-GK-017,2015,GK,Geography,Physical and Indian Geography,Geography | Physical Geography | Indian Geography | Geomorphology,medium,Consider the contour plot given below : The above contours of an area indicate several relief features. Which one among the following relief features is not depicted here ? [2015 CDS-I],Steep slope,River valley,Conical hill,Gentle slope,C,"Solution: The contours of an area given in the question indicate several relief features. The Conical hill is the relief feature which is not depicted here. In Cartography, a contour line (often just called a ‘contour’) joins the points of equal elevation (height) from the mean sea level. A conical hill should be shown with the help of equally spaced almost concentric contours, which is not the case here. Widely spaced contour indicates flat surface. Closely spaced contour indicates steep slope ground. Equally spaced contour indicates uniform slope. Irregular contours indicate uneven surface. © examsnet.com"
CDS-2015-I-GK-018,2015,GK,General Knowledge,General Knowledge,General Knowledge | UPSC CDS | Prelims,easy,Which one among the following fuels is used in gas welding ? [2015 CDS-I],LPG,Ethylene,Methane,Acetylene,D,"Solution: Acetylene is used in gas welding. Despite propane being lessexpensive than acetylene, propane is not used as a fuel in gas welding. It is because of the following reasons: 1. There is far more oxygen being consumed when using propane. 2. Acetylene is lighter than air. If gas leaks out, it will raise higherin the atmosphere. Propane is heavier than air. Any propaneleak in an enclosed area will sink and become concentratedat the deck level, accumulate and sometimes avoid detection. Hence, acetylene is generally used as fuel in gas welding. © examsnet.com"
CDS-2015-I-GK-019,2015,GK,General Knowledge,General Knowledge,General Knowledge | UPSC CDS | Prelims,easy,"In respect of the difference of the gravitational force from electric and magnetic forces, which one of the following statements is true ? [2015 CDS-I]",Gravitational force is stronger than the other two.,"Gravitational force is attractive only, whereas the electric and the magnetic forces are attractive as well as repulsive.",Gravitational force has a very short range.,"Gravitational force is a long range force, while the other two are short range forces.",B,"Solution: In respect of the difference of the gravitational force from electric and magnetic forces, statement (b) is true. Gravitational force is attractive only, whereas the electric and the magnetic forces are attractive as well as repulsive. For example, like electric charges repel and opposite charges attract each other. Similarly, like magnetic poles repel and opposite magnetic poles attract each other. It should be noted that: Gravitational Force –Weakest force but of infinite range. Weak Nuclear Force – Next weakest force but of short range. Electromagnetic Force – Stronger with infinite range. Strong Nuclear Force – Strongest but with short range. © examsnet.com"
CDS-2015-I-GK-020,2015,GK,Geography,Physical and Indian Geography,Geography | Physical Geography | Indian Geography | Geomorphology,easy,Which one among the following is a micronutrient present in soil for various crops ? [2015 CDS-I],Calcium,Manganese,Magnesium,Potassium,B,"Solution: Among the given options, manganese is a micronutrient present in soil for various crops. And Calcium, Magnesium and Potassium are the macronutrients. Macronutrients: ‘Macro’ indicateslarge and ‘macronutrients’ are the nutrients required in large amounts. For example, C, H, N, O, P, K, Cs, Mg,S. Micronutrients: ‘Micro’ indicates small and ‘micronutrients’ are the nutrients required in small amounts. For example, Fe, Mn, Cu,Zn, Mo, B, Cl, Ni. © examsnet.com"
CDS-2015-I-GK-021,2015,GK,Geography,Physical and Indian Geography,Geography | Physical Geography | Indian Geography | Geomorphology,hard,Arrange the following tributaries of river Indus from North to South : 1. Chenab 2. Jhelum 3. Ravi 4. Sutlej Select the correct answer using the code given below : [2015 CDS-I],4-3-1-2,2-3-1-4,I -2-3-4,2-1-3-4,D,"Solution: Rivers from north to south are the Jhelum, the Chenab, the Raviand the Sutlej. The River Jhelum rises from its chief source Verinag at the foothills of Pir Panjal ranges in Jammu and Kashmir and flows through a long stretch across the Srinagar and Wular Lakes. The Chenab originates from near the Bara Lacha Pass in the Lahaul-Spiti part of the Zaskar Range. The Ravi has its source in Kullu Hills near theRohtang Pass in Himachal Pradesh.The Sutlej rises from theMansarovar-Rakas Lakes inwestern Tibet at a height of 4,570m within 80 km of the source of theIndus. © examsnet.com"
CDS-2015-I-GK-022,2015,GK,Geography,Physical and Indian Geography,Geography | Physical Geography | Indian Geography | Geomorphology,hard,Match List I with List II and select the correct answer using the code given below the Lists : List I (Industry ) List II (Location) A. Railway equipment 1. Kochi B. Automobile 2. Ludhiana C. Ship-building 3. Bhilai D. Bicycle 4. Jabalpur code : A B C D (a) 3 4 1 2 (b) 3 1 4 2 (c) 2 1 4 3 (d) 2 4 1 3 [2015 CDS-I],(a),(b),(c),(d),A,"Solution: Bicycle industry is located in Ludhiana. Ludhiana Bicycle Industryis the largest bicycle manufacturer in India. Bhilai EngineeringCorporation, established in 1960, manufactures hi-tech engineered equipment and machines for the railways, steel plants, mining solutions, power plants, and various other industries. Ship-building industry is located in Kochi. Cochin Shipyard Limited (CSL), a public sector company under the ministry of shipping, is engaged in the business of ship-building and ship repair. CSL is the largest shipbuilding and maintenance facility in India. Automobile industry is located in Jabalpur. Hence, option(a) provides the correct code for the answer. © examsnet.com"
CDS-2015-I-GK-023,2015,GK,Geography,Physical and Indian Geography,Geography | Physical Geography | Indian Geography | Geomorphology,hard,Match List I with List II and select the correct answer using the code given below the Lists : List I (Air Pollutant) List II (Effect) A. Chlorofluorocarbon 1. Acid rain B. Sulphur dioxide 2. Depletion in ozone layer in the atmosphere C. Lead compound 3. Harmful for human nervous system D. Carbon dioxide 4. Topmost contribution to greenhouse effect A B C D (a) 4 3 2 1 (b) 4 1 3 2 (c) 2 1 3 4 (d) 2 3 1 4 [2015 CDS-I],(a),(b),(c),(d),C,"Solution: Chlorofluorocarbon cause depletion of ozone layer in theatmosphere. Sulphur dioxide causes acid rain. Lead compound isharmful for the human nervous system. Carbon dioxide is the topmost contributor to greenhouse effect. Hence, option (c) provides the correct code for the answer © examsnet.com"
CDS-2015-I-GK-024,2015,GK,Quantitative Aptitude,Basic Numeracy & Quantitative Aptitude,Aptitude | Mathematics | Quantitative Reasoning | Problem Solving,easy,Creation of something from nothing is against the law of [2015 CDS-I],Constant proportions,Conservation of mass-energy,multiple proportions,conservation of momentum,B,"Solution: Creation of something from nothing is against the law of conservation of mass-energy. There is a scientific law called the Law of Conservation of Mass, discovered by Antoine Lavoisier in 1785. It states that matter is neither created nor destroyed. Creation of something from nothing is against the law of conservation of mass-energy. There is a scientific law called the Law of Conservation of Mass, discovered by Antoine Lavoisier in 1785. It states that matter is neither created nor destroyed. In 1842, Julius Robert Mayer discovered the Law of Conservation of Energy. In its most compact form, it is now called the First Law of Thermodynamics: energy is neither created nor destroyed. In 1907, Albert Einstein announced his discovery of the equation E = m c 2 E=mc^2 E = m c 2 and, as a consequence, the two laws above were merged into the Law of Conservation of Mass-Energy: the total amount of mass and energy in the universe is constant. © examsnet.com"
CDS-2015-I-GK-025,2015,GK,General Knowledge,General Knowledge,General Knowledge | UPSC CDS | Prelims,easy,Which one of the following diseases in humans can spread through air ? [2015 CDS-I],Dengue,Tuberculosis,HIV-AIDS,Goitre,B,"Solution: Tuberculosis disease in humans can spread through air. Dengue fever is a mosquito-borne disease spread by the Aedes Aegypti and Aedes Albopictus species of mosquito. HIV can only be transmitted from an infected person to another through direct contact of bodily fluids, such as blood (including menstrual blood); semen/cum/precum/ejaculate; vaginal secretions; and breast milk. Goitre is enlargement of the thyroid gland, resulting in a prominentswelling in the front of the neck. © examsnet.com"
CDS-2015-I-GK-026,2015,GK,General Knowledge,General Knowledge,General Knowledge | UPSC CDS | Prelims,easy,Seismic gaps are [2015 CDS-I],parts of plate boundaries in oceans where tsunamis occur frequently.,sections of plate boundaries that have ruptured repeatedly in the recent past.,sections of plate boundaries that have not ruptured in the recent past.,plate boundaries having no volcanic activity.,C,"Solution: Seismic gaps are sections of plate boundaries that have notruptured in the recent past. A seismic gap is a segment of anactive fault known to produce significant earthquakes that hasnot slipped in an unusually long time, compared with other segments along the same structure Seismic gaps are the places where faults are ‘locked’ and the fault has not moved for a while, strain has built up. The longer it is locked, the more strain is built up. © examsnet.com"
CDS-2015-I-GK-027,2015,GK,General Knowledge,General Knowledge,General Knowledge | UPSC CDS | Prelims,easy,"In the absence of Cold Labrador Current, which one among the following would happen ? [2015 CDS-I]",There will be no North-East Atlantic fishing grounds,There will be no North-West Atlantic fishing grounds,There will be no fishing ground in the North Atlantic Ocean,Semi-arid condition of the Atlantic coast of the USA and Canada would prevail,B,"Solution: In the absence of Cold Labrador Current, there will be no North-West Atlantic fishing grounds. The cold Labrador current mixes with the warm Gulf Stream which creates favourable conditions for the fishing ground in the North-West Atlantic because the mixing of warm and cold currents helps to replenish the oxygen and favour the growth of planktons, the primary food for fish population. The best fishing grounds of the world exist mainly inthese mixing zones. The cold Labrador Current mixes with thewarm waters of the Gulf Stream at the Grand Banks of Newfoundland – a group of underwater plateaus south-east of Newfoundland on the North American continental shelf. The mixing of these waters and the shape of the ocean bottom lifts thenutrients to the surface. These conditions helped to create one ofthe richest fishing grounds in the world. © examsnet.com"
CDS-2015-I-GK-028,2015,GK,Polity,Indian Constitution & Governance,Polity | Constitution of India | Governance | Constitutional Bodies,medium,"An electron and a proton are circulating with same speed in circular paths of equal radius. Which one among the following will happen, if the mass of a proton is about 2,000 times that of an electron ? [2015 CDS-I]","The centripetal force required by the electron is about 2,000 times more than that required by the proton","The centripetal force required by the proton is about 2,000 times more than that required by the electron",No centripetal force is required for any charged particle,Equal centripetal force acts on both the particles as they rotate in the same circular path,B,"Solution: F c = m v 2 r Fc=\frac{mv^2}{r} F c = r m v 2 ​ Centripetal force = (mass of the object) (velocity of the object) 2 ^2 2 /radius. Mass of proton = 2000 × mass of electron Velocity of proton = velocity of electron Radius of proton path = radius of electron path Hence, the centripetal force required by the proton is about 2,000 times more than that required by the electron © examsnet.com"
CDS-2015-I-GK-029,2015,GK,Modern History,Indian National Movement,Modern History | Freedom Struggle | British Colonial Rule,easy,Which one among the following metals is prominently used in mobile phone batteries ? [2015 CDS-I],Copper,Zinc,Nickel,Lithium,D,Solution: Lithium (Li) metal is prominently used in mobile phone batteries. LiPoly is the latest and most advanced technology for cell phonebatteries. This makes the batteries ultra-light weight. They do not suffer from memory effect and deliver up to 40 per cent more battery capacity than a Nickel Metal Hybrid (NiMH) of the same size. © examsnet.com
CDS-2015-I-GK-030,2015,GK,General Knowledge,General Knowledge,General Knowledge | UPSC CDS | Prelims,easy,Which one of the following is the most appropriate and correct practice from the point of view of a healthy environment ? [2015 CDS-I],Burning of plastic wastes to keep the environment clean,Burning of dry and fallen leaves in a garden or field,Treatment of domestic sewage before its release,Use of chemical fertilizers in agricultural fields,C,"Solution: Among the practices mentioned in the question, treatment ofdomestic sewage before its release is the most appropriate and correct practice from the point of view of a healthy environment because it is an environmentally sustainable and does not add to the pollution. The  first and second practices mentioned here will result in air pollution. The fourth practice will add to water pollution and affect the aquatic life. Besides, it will also disturb the food chain and food web. Hence, except the third practice, all are not the appropriate and correct practice from the point of view of a healthy environment. © examsnet.com"
CDS-2015-I-GK-031,2015,GK,Modern History,Indian National Movement,Modern History | Freedom Struggle | British Colonial Rule,hard,Match List I with List II and select the correct answer using the code given below the Lists : List 1 (Type of Grass) List II (Country) A. Llanos 1. Australia B. Prairies 2. Venezuela C. Pampas 3. USA D. Downs 4. Argentina Code : A B C D (a) 1 4 3 2 (b) 1 3 4 2 (c) 2 4 3 1 (d) 2 3 4 1 [2015 CDS-I],(a),(b),(c),(d),D,"Solution: Llanos is a vast tropical grassland plain situated to the eastof the Andes in Colombia and Venezuela, in north-western SouthAmerica. Prairies are ecosystems considered part of the temperate grasslands and found in North America (America in the question). The Pampas are fertile South American lowlands that cover the Argentine provinces of Buenos Aires, La Pampa, Santa Fe, Entre Ríos and Córdoba; all of Uruguay; and the southern most Brazilian State, Rio Grande do Sul. Downs is a temperate grassland found in Australia. Hence, option (d) provides the correct code for the answer. © examsnet.com"
CDS-2015-I-GK-032,2015,GK,Quantitative Aptitude,Basic Numeracy & Quantitative Aptitude,Aptitude | Mathematics | Quantitative Reasoning | Problem Solving,easy,Who among the following proposed that atom is indivisible ? [2015 CDS-I],Dalton,Berzelius,Rutherford,Avogadro,A,Solution: Dalton proposed that atom is indivisible. Dalton’s atomic theory is: (1) All matter is made of atoms. Atoms are indivisible and indestructible. (2) All atoms of a given element are identical in mass and properties. (3) Compounds are formed by a combination of two or more different kinds of atoms. (4) A chemical reaction is a rearrangement of atoms © examsnet.com
CDS-2015-I-GK-033,2015,GK,General Knowledge,General Knowledge,General Knowledge | UPSC CDS | Prelims,hard,Tank irrigation is commonly found in South-Central parts of India. What could be the reason ? 1. Insufficient shallow ground water 2. Rocky plateau with impervious surface depression 3. Undulating terrain helps in accumulation of rain water in depression or man-made tank Select the correct answer using the code given below : [2015 CDS-I],1 only,1 and 2 only,2 and 3 only,"1, 2 and 3",D,"Solution: Tank irrigation is commonly found in South-Central parts ofIndia. The tank irrigation is practised mainly in South-Central parts of India due to the following reasons: 1. The undulating relief and hard rock’s make it difficult to dig canals and wells. 2. There is little percolation of rain water due to hard rock structure and ground water is not available in large quantities. 3. Most of the rivers of this region are seasonal and dry up in the summer season. Therefore, they cannot supply water to the canals throughout the year. 4. There are several streams which become torrential during the rainy season. The only way to make the best use of this water is to impound it by constructing bunds and building tanks. Otherwise this water would go waste to thesea. 5. The scattered nature of population and agriculturalfields also favours tank irrigation. © examsnet.com"
CDS-2015-I-GK-034,2015,GK,Quantitative Aptitude,Basic Numeracy & Quantitative Aptitude,Aptitude | Mathematics | Quantitative Reasoning | Problem Solving,hard,Which of the following is/are the reason(s) behind Gujarat being the leading producer of Salt in India ? 1. The long length of coastline 2. Long duration of hot and dry conditions 3. Presence of gulf areas Select the correct answer using the code given below : [2015 CDS-I],1 and 2 only,2 only,"1, 2 and 3",1 and 3 only,B,"Solution: Long duration of hot and dry conditions is the reason behindGujarat being the leading producer of salt in India. The state of Gujarat accounts for 77% of the salt produced in the country. Saltproduction centres traditionally develop in areas with the followingconditions: 1. Obviously, proximity to sea. 2. Year-round sunshine. 3. A gentle continental shelf so that the salt piles are safe from the open sea. This protects the extracted saltfrom sudden disturbance in the sea. 4. An open coastal plain to heap the extracted salt and dry it. © examsnet.com"
CDS-2015-I-GK-035,2015,GK,Modern History,Indian National Movement,Modern History | Freedom Struggle | British Colonial Rule,medium,"An object is raised to a height of 3 m from the ground. It is then allowed to fall on to a table 1 m high from ground level. In this context, which one among the following statements is correct ? [2015 CDS-I]",Its potential energy decreases by two-thirds its original value of total energy.,Its potential energy decreases by one-third its original value of total energy.,"Its kinetic energy increases by two-thirds, while potential energy increases by one-third.","Its kinetic energy increases by one-third, while potential energy decreases by one-third.",A,"Solution: Statement (a) is correct. An object is raised to a height of 3 m from the ground. It is then allowed to fall on to a table 1 m high from the ground level. Total energy at 3 m = potential energy at 3 m + kinetic energy at 3 m Potential energy at 3 m = mass × g × 3 Kinetic energy at 3 m = 0 Total energy at 3 m = 3 mg + 0= 3 mg Total energy at 1 m = potential energy at 1 m + kinetic energy at 1 m Potential energy at 1 m = mass × g × 1 Kinetic energy at 1 m = 0 Total energy at 1 m = 1 mg + 0= 1 mg Hence, potential energy at 1 m decreases by two-thirds its original value of total energy. © examsnet.com"
CDS-2015-I-GK-036,2015,GK,Geography,Physical and Indian Geography,Geography | Physical Geography | Indian Geography | Geomorphology,easy,Ozone layer of the Earth’s atmosphere is important for living organisms because it [2015 CDS-I],prevents entry of ultra-violet rays,prevents entry of X-rays,maintains level of oxygen on Earth,prevents acid rain on Earth,A,"Solution: Ozone layer of the Earth’s atmosphere is important for the living organisms because it prevents entry of ultra-violet rays.The ozone-oxygen cycle is the process by which ozone is continually regenerated in the Earth's stratosphere, converting ultraviolet radiation (UV) into heat. This cycle keeps the ozone layer in a stable balance while protecting the lower atmosphere from UV radiation, which is harmful to most living beings. It is also one of the two major sources of heat in the stratosphere (the other being the kinetic energy released when O 2 O_2 O 2 ​ is photolysed into O atoms) © examsnet.com"
CDS-2015-I-GK-037,2015,GK,Geography,Physical and Indian Geography,Geography | Physical Geography | Indian Geography | Geomorphology,easy,"If 82° 30' east longitude (Allahabad) shows 6 : 00 am of Sunday (local time), what would be the local time of Florida (USA) located on 82° west longitude ? [2015 CDS-I]",6 : 58 pm of Saturday,7 : 02 pm of Sunday,6 : 58 am of Sunday,7 : 02 am of Saturday,A,"Solution: If 82° 30' east longitude (Allahabad) shows 6:00 a.m. ofSunday (local time), then local time of Florida (USA) located on 82° west longitude will have 6:58 pm of Saturday. The earth has 360 imaginary lines called longitudes or meridians running vertically between the poles. Each of these longitudes is called a degree. The time difference between each longitude (each degree) is 4 minutes. To calculate difference first, we need to know what longitude the two places are located in. Next, we would need to find the differences in longitude (in degrees) between the two places. If both the places are located on the same side of the Prime Meridian, then the numbers are just simply subtracted to find the difference. If they are on the opposite side of the Prime Meridian, then the two numbers should be added together to find the difference. © examsnet.com"
CDS-2015-I-GK-038,2015,GK,General Knowledge,General Knowledge,General Knowledge | UPSC CDS | Prelims,hard,Consider the following statements with regard to cold waves in winter season in northern India : 1. There is lack of maritime influence. 2. Northern India is nearer to the Himalayan region. 3. Air mass comes from polar regions to northern India. Which of the statements given above is/are correct ? [2015 CDS-I],1 only,2 and 3,1 and 3,1 and 2,D,"Solution: Statements 1 and 2 are correct with regard to the cold waves in the winter season in Northern India. Maritime type of climate isexperienced along the eastern coasts of tropical lands, receivingsteady rainfall from trade winds all the time. Statement 3 is factual. Air mass does not come from the polar regions to northern India as the Himalayas act as a barrier. © examsnet.com"
CDS-2015-I-GK-039,2015,GK,Quantitative Aptitude,Basic Numeracy & Quantitative Aptitude,Aptitude | Mathematics | Quantitative Reasoning | Problem Solving,easy,Which one among the following processes is not part of a chemical weathering ? [2015 CDS-I],Hydration,Exfoliation,Oxidation,Solution,B,"Solution: Exfoliation is not a part of chemical weathering. It is a form ofmechanical weathering in which curved plates of rock are stripped from the rock below. This results in exfoliation domes or dome-like hills and rounded boulders. Exfoliation domes occur along the planes of parting called joints, which are curved more or less parallel to the surface. Exfoliation domes are best developed in granitic rock. Rocks may break apart in layers and may also expand. Exfoliation is a result but not a process. It can occur due to expansion and contraction induced by temperature changes.Exfoliation domes and tors result due to unloading and thermalexpansion respectively. © examsnet.com"
CDS-2015-I-GK-040,2015,GK,Science & Tech,General Science & Emerging Technologies,Science & Tech | General Science | Applied Science | Physics | Chemistry | Biology,medium,Two pieces of conductor of same material and of equal length are connected in series with a cell. One of the two pieces has cross-sectional area double that of the other. Which one of the following statements is correct in this regard ? [2015 CDS-I],The thicker one will allow stronger current to pass through it.,The thinner one would allow stronger current to pass through it.,Same amount of electric current would pass through both the pieces producing more heat in the thicker one.,Same amount of electric current would pass through both the pieces producing more heat in the thinner one.,D,"Solution: Since both the conductors are connected in series with a cell, sothe same electric current will flow through both the conductors. And as two conductors are made up of the same material and have equal length, so, resistance is inversely proportional to the cross-sectional area. Thinner cross-sectional area will have more resistance and will produce more heat. Hence, option (d) is correct. © examsnet.com"
CDS-2015-I-GK-041,2015,GK,General Knowledge,General Knowledge,General Knowledge | UPSC CDS | Prelims,easy,How many elements are there in the 5 t h 5^{th} 5 t h period of modern periodic table ? [2015 CDS-I],2,8,18,36,C,Solution: There are 18 elements in the 5th period of the modern periodic table. The 5th period consists of 18 elements. It begins with Rubidium (Z = 37) with filling of 5s-orbital and ends at Xenon (Z = 54) with the filling up of the 5p-orbitals. This period also contains 10 elements of 4d transition series starting at Yttrium (Z = 39). © examsnet.com
CDS-2015-I-GK-042,2015,GK,Geography,Physical and Indian Geography,Geography | Physical Geography | Indian Geography | Geomorphology,easy,Which one of the following statements regarding water cycle is correct ? [2015 CDS-I],Transpiration by plants does not contribute to cloud formation.,Only evaporation of surface water of rivers and oceans is responsible for cloud formation.,Rainfall does not contribute in maintenance of underground water table.,Underground water may also be connected to surface water.,D,"Solution: Statement (d) is correct regarding water cycle. The process by which water continually changes its form and circulates betweenoceans, atmosphere and land is known as the water cycle. Thewater cycle is also known as the hydrological cycle or the hydrologic  cycle. It describes the continuous movement of water on, above and below the surface of the Earth. Water vapour discharged from plant leaves by a process called transpiration contributes in cloud formation. © examsnet.com"
CDS-2015-I-GK-043,2015,GK,General Knowledge,General Knowledge,General Knowledge | UPSC CDS | Prelims,hard,Match List I with List II and select the correct answer using the code given below the Lists : List I (Ocean current) List II (Coast) A. Humboldt 1. Namibia - Angola B. North Atlantic Drift 2. Chile - Peru C. Benguela 3. Mozambique - Madagascar D. Agulhas 4. United Kingdom - Norway code : A B C D (a) 2 1 4 3 (b) 2 4 1 3 (c) 3 4 1 2 (d) 3 1 4 2 [2015 CDS-I],(a),(b),(c),(d),B,"Solution: The Humboldt Current, also called the Peru Current, is a cold,low-salinity ocean current that flows north along the western coast of South America. North Atlantic Drift is the warm ocean current flowing north-east under the influence of the prevailing winds, from the Gulf of Mexico towards North-West Europe. Benguela Current flows northward off the coast of southwestern Africa along the western coasts of Namibia, and southern Angola. Agulhas Current flows south along the African east coast. © examsnet.com"
CDS-2015-I-GK-044,2015,GK,Science & Tech,General Science & Emerging Technologies,Science & Tech | General Science | Applied Science | Physics | Chemistry | Biology,hard,The horizontal wind circulation near the Earth’s surface is due to the 1. pressure gradient. 2. frictional force. 3. coriolis force. Select the correct answer using the code given below : [2015 CDS-I],1 only,2 and 3 only,1 and 3 only,"1, 2 and 3",D,"Solution: All the options are responsible for horizontal wind circulation nearthe Earth's surface. The horizontal winds respond to the combinedeffect of the three forces – the pressure gradient force, the frictional force and the Coriolis force. In addition, the gravitational force acts downward © examsnet.com"
CDS-2015-I-GK-045,2015,GK,Defence & Security,"Defence, Military & Internal Security",Defence | Military Exercises | Armed Forces | Security Architecture,easy,A wire-bound standard resistor uses manganin or constantan. It is because [2015 CDS-I],these alloys are cheap and available,they have high resistivity,they have low resistivity,they have resistivity which almost remains unchanged with temperature,D,Solution: A wire-bound standard resistor uses manganin or constantan. Itis because they have resistivity which almost remains equal withthe temperature. Manganin have virtually zero temperature coefficient and the length of the alloy material does not vary with the temperature. So the resistance offered by this alloy is constant at any condition. © examsnet.com
CDS-2015-I-GK-046,2015,GK,General Knowledge,General Knowledge,General Knowledge | UPSC CDS | Prelims,easy,Which one among the following is used in making lead pencils ? [2015 CDS-I],Charcoal,Graphite,Coke,Carbon black,B,"Solution: Graphite is used in making lead pencil. Graphite has a covalent structure made of carbon atoms. In graphite, each carbon atom is joined to three others, forming layers. The bonds between the layers are much weaker than the covalent bonds. This enables the layers to slide across each other, making graphite soft. As the pencil moves across the paper, layers of graphite rub off and leave marks on the paper. © examsnet.com"
CDS-2015-I-GK-047,2015,GK,Science & Tech,General Science & Emerging Technologies,Science & Tech | General Science | Applied Science | Physics | Chemistry | Biology,easy,Which one among the following structures or cells is not present in connective tissues ? [2015 CDS-I],Chondrocytes,Axon,Collagen fibre,Lymphocytes,B,"Solution: Among the given structures of cells, axon is not present in connective tissues. The axon is the part of a neuron that sends the signal. Axons are long, thin and tendril-like and carry an electrical signal from the cell body (soma) to the synapse. The cells of a connective tissue include fibroblasts, adipocytes, macrophages, mast cells and leucocytes. Three types of fibresare found in a connective tissue: collagen, elastic fibres, and reticular fibres. © examsnet.com"
CDS-2015-I-GK-048,2015,GK,Science & Tech,General Science & Emerging Technologies,Science & Tech | General Science | Applied Science | Physics | Chemistry | Biology,hard,Match List I with List II and select the correct answer using the code given below the Lists : List I (Sanctuary) List II (State) A. Sharavati Valley 1. Gujarat B. Satkosia Gorge 2. Goa C. Pirotan Island 3. Odisha D. Bhagwan Mahavir 4. Karnataka code: A B C D (a) 2 1 3 4 (b) 4 1 3 2 (c) 4 3 1 2 (d) 2 3 1 4 [2015 CDS-I],(a),(b),(c),(d),C,"Solution: Sharavathi Wildlife Sanctuary is in Shimoga District in Karnataka.Located near Jog Falls, the sanctuary is nourished by theSharavathi River. Linganamakki reservoir is a part of this sanctuary. Satkosia Tiger Reserve is a tiger reserve located in the Angul district of Odisha. It is located where the Mahanadi River passes through a 22 km-long gorge in the Eastern Ghat mountains. Satkosia Gorge Wildlife Sanctuary was created in 1976. Pirotan Island (also known as Pirotan) is an Arabian Sea island in the Marine National Park, Jamnagar District of Gujarat. Itconsists of mangroves and low-tide beaches. Of the 42 islands in the park, Pirotan Island is the most popular. The Bhagwan Mahavir Wildlife Sanctuary is located in the Goa town of Mollem. With a total area of 240 sq kms, this is the largest of Goa's four protected wildlife areas, and contains within it the Molem National Park. Therefore, option (c) provides the correct code for the answer. © examsnet.com"
CDS-2015-I-GK-049,2015,GK,Science & Tech,General Science & Emerging Technologies,Science & Tech | General Science | Applied Science | Physics | Chemistry | Biology,easy,Sodium metal should be stored in [2015 CDS-I],Alcohol,Kerosene oil,Water,Hydrochloric acid,B,"Solution: Sodium metal should be stored in kerosene oil. It is because sodium will react violently with water and tarnish in air, forming sodium oxide, N a 2 O Na_2O N a 2 ​ O , and a small amount of N a 2 O 2 Na_2O_2 N a 2 ​ O 2 ​ , sodium peroxide. The kerosene isolates the sodium sample from the air. It should be noted that kerosene and mineral oil are the only chemicals that make the sodium inert © examsnet.com"
CDS-2015-I-GK-050,2015,GK,Modern History,Indian National Movement,Modern History | Freedom Struggle | British Colonial Rule,easy,The word ‘vaccination’ has been derived from a Latin word which relates to [2015 CDS-I],Pig,Horse,Cow,Dog,C,"Solution: The word ‘vaccination’ has been derived from a Latin word whichrelates to a cow. The Latin word ‘vaccinae’ was formed from theadjective ‘vaccinus’ meaning ‘of or relating to cows’. This word, in turn, was based on the noun ‘vacca’, meaning ‘cow’. The cowpoxmaterial used for injections was then called vaccine. The injectionitself was called vaccination. A vaccination is a treatment whichmakes the body stronger against a particular infection. © examsnet.com"
CDS-2015-I-GK-051,2015,GK,Ancient History,Ancient Indian History,Ancient History | Indian History | Archaeological Sources,hard,Which of the following characteristic(s) describes the nature of religion according to the Rig Veda ? 1. Rig Vedic religion can be described as naturalistic polytheism. 2. There are striking similarities between the Rig Vedic religion and the ideas in the Iranian Avesta. 3. Vedic sacrifices were conducted in the house of the priest who was called yajaman. 4. Vedic sacrifices were of two kinds - those conducted by the householder and those that required ritual specialists. Select the correct answer using the code given below : [2015 CDS-I],3 only,1 and 2 only,"1, 2, 3 and 4","1, 2 and 4 only",D,"Solution: Statements 1, 2 and 4 describe the nature of religion according tothe Rig Veda. The Rig Veda itself contains some 1,028 hymns ofpraise to a predominantly male group of deities who seem to personify various powers of nature, such as fire, sky and rain.Zoroastrians have a similar ceremony called Navjot which is still practised by Parsis. Vedic sacrifices were conducted in the house of the priest who was called Yajnas (not Yajaman). So, statement (c) is not correct. © examsnet.com"
CDS-2015-I-GK-052,2015,GK,Modern History,Indian National Movement,Modern History | Freedom Struggle | British Colonial Rule,hard,"Which of the following statexnent(s) about caste movements in early 2 0 t h 20^{th} 2 0 t h century Kerala is/are false ? 1. Kerala’s first modern novel Indulekha attacked the social dominance of Nambudiri Brahmans in Kerala. 2. C.V. Raman Pillai’s novel Marthanda Varma was written against the exploitation of peasants by Nair landlords. 3. Sree Narayan a Guru was one of the founders of the Sree Narayana Dharma Paripalana Yogam that was engaged in the upliftment of the Ezhavas in Kerala. 4. Dr. Palpu, the first Ezhava graduate, was one of the founders of the Sree Narayana Dharma Paripalana Yogam that was engaged in the upliftment of the Ezhavas in Kerala. Select the correct answer using the code given below : [2015 CDS-I]",1 only,1 and 3,2 only,2 and 4,C,"Solution: Only statement (2) is false as C.V. Raman Pillai's novelMarthanda Varma recounts the adventures of Marthanda Varma(1706-1758), the crown prince of the State of Travancore; on how he eliminates his rivals, one after the other, to ascend to the throne of Travancore. Kerala's first modern novel Chander Menon's Indulekha attacked the Nambudiri social domination in Kerala. © examsnet.com"
CDS-2015-I-GK-053,2015,GK,Polity,Indian Constitution & Governance,Polity | Constitution of India | Governance | Constitutional Bodies,medium,"In which of the following cases did the Supreme Court rule that Constitutional Amendments were also laws under Article 13 of the Constitution of India, which could be declared void for being inconsistent with Fundamental Rights ? [2015 CDS-I]",Keshavanand Bharati Case,Golaknath Case,Minerva Mills Case,Maneka Gandhi Case,B,"Solution: In Golaknath case, the Supreme Court ruled that ConstitutionalAmendments were also laws under Article 13 of the Constitution of India, which could be declared void for being inconsistent with the Fundamental Rights. The Supreme Court in Sankari Prasad and Sajjan Singh case had upheld the power of the State to amend the Constitution, including the provisions relating to the Fundamental Rights, thus conferring wide powers on theParliament. In the subsequent case of Golaknath, the Supreme Court took a different stand and upheld the sanctity of the Fundamental Rights above the power of the State to amend the same. © examsnet.com"
CDS-2015-I-GK-054,2015,GK,Polity,Indian Constitution & Governance,Polity | Constitution of India | Governance | Constitutional Bodies,hard,Which of the following statement(s) is/are not correct for the Ninth Schedule of the Constitution of India ? 1. It was inserted by the first amendment in 1951. 2. It includes those laws which are beyond the purview of judicial review. 3. It was inserted by the 4 2 n d 42^{nd} 4 2 n d Amendment. 4. The laws in the Ninth Schedule are primarily those which pertain to the matters of national security. Select the correct answer using the code given below : [2015 CDS-I],1 and 2,2 and 3,3 and 4,3 only,C,"Solution: The Ninth Schedule of the Constitution of India was insertedby the first amendment in 1951. It includes those laws which arebeyond the purview of the judicial review. It was introduced by theNehru Government, on 10th May, 1951 to address the judicialdecisions and pronouncements especially about the chapter onfundamental rights. However, in 2007, the Supreme Court ruled that the laws included in this Schedule after 24th April, 1973 are now open to judicial review. Technically, option (b) is not correct. Hence, options (c) and (d) are more incorrect than others. © examsnet.com"
CDS-2015-I-GK-055,2015,GK,Quantitative Aptitude,Basic Numeracy & Quantitative Aptitude,Aptitude | Mathematics | Quantitative Reasoning | Problem Solving,easy,Which one among the following was the theme of the International Day of the Preservation of the Ozone Layer-2014 ? [2015 CDS-I],"Ozone Day - A healthy atmosphere, the future we want",Protecting our atmosphere for generations to come,HCFC phase out : a unique opportunity,Ozone Layer Protection : The Mission Goes On,D,"Solution: The theme of the International Day of the Preservation of theOzone Layer-2014 was Ozone Layer Protection: The Mission Goes On. 16th September was designated by the United Nations General Assembly as the International Day for the Preservation of the Ozone Layer. This designation had been made on 19th December, 2000, in commemoration of the date, in 1987, on which nations signed the Montreal Protocol on Substances that Deplete the Ozone Layer. © examsnet.com"
CDS-2015-I-GK-056,2015,GK,Polity,Indian Constitution & Governance,Polity | Constitution of India | Governance | Constitutional Bodies,easy,Which one of the following categories of persons is not treated at par so far as the availability of Fundamental Rights is concerned ? [2015 CDS-I],Members of the armed forces,Members of the forces charged with the responsibility of maintenance of public order,Members of the forces employed in connection with the communication systems set up in the country,Members of the forces employed in connection with the communication systems set up for maintenance of public order,C,"Solution: Members of the forces employed in connection with thecommunication systems set up in the country are not treated at par so far as the availability of Fundamental Rights is concerned.Article 33 of the Constitution of India empowers the Parliament (not state legislature) to restrict or abrogate the fundamental rights of the members of the armed forces, paramilitary forces and analogous forces. The main aim for this provision is to ensure the proper discharge of their duties and to maintain discipline amongst them. © examsnet.com"
CDS-2015-I-GK-057,2015,GK,Science & Tech,General Science & Emerging Technologies,Science & Tech | General Science | Applied Science | Physics | Chemistry | Biology,easy,Notification regarding commencement or cessation of a state of war is the responsibility of [2015 CDS-I],Ministry of Home Affairs,Ministry of Defence,Ministry of External Affairs,None of the above,C,"Solution: Notification regarding the commencement or cessation of astate of war is the responsibility of the Ministry of External Affairs.This ministry is responsible for all aspects of external relations.Territorial divisions deal with bilateral political and economicwork while functional divisions look after policy planning, multilateral organisations, regional groupings, legal matters, disarmament, protocol, consular, Indian Diaspora, press and publicity, administration and other aspects. © examsnet.com"
CDS-2015-I-GK-058,2015,GK,Modern History,Indian National Movement,Modern History | Freedom Struggle | British Colonial Rule,hard,"Which of the following statements about Mahatma Gandhi’s South African experiences (1893 - 1914) is/are true ? 1. Muslim merchants were actively involved in Gandhian political movements in South Africa. 2. In 1906, Gandhi led a campaign in Cape Town against the ordinance on compulsory registration and passes for Indians. 3. Gandhi began his political career with struggles against the imposition of excessive taxes on Indians in Cape Town. Select the correct answer using the code given below : [2015 CDS-I]",1 and 2 only,3 only,"1, 2 and 3",1 only,D,"Solution: Only statement (1) about Mahatma Gandhi’s South Africanexperiences (1893-1914) is true. In 1906, Gandhiji led a campaignin Transvaal (not in Cape Town) against the ordinance on compulsory registration and passes for Indians. He was instrumental in the formation of the Natal Indian Congress (NIC) on 22nd August, 1894, which marked the birth of the first permanent political organisation to strive to maintain and protect the rights of Indians in South Africa. © examsnet.com"
CDS-2015-I-GK-059,2015,GK,Geography,Physical and Indian Geography,Geography | Physical Geography | Indian Geography | Geomorphology,easy,Which of the following sets of newspapers reflected the concerns of educated Indian Muslims during the Khilafat Movement ? [2015 CDS-I],Comrade and Hamdard,Comrade and Hindustan Times,Comrade and Hindustan Times,"Comrade, Hamdard, Zamindar and Al Hilal",D,"Solution: Comrade, Hamdard, Zamindar and Al Hilal were the sets ofnewspapers that reflected the concerns of the educated IndianMuslims during the Khilafat Movement. The Comrade was aweekly English-language newspaper that was published and edited by Maulana Mohammad Ali. Zamindar was a newspaper in Urdu language. The founding editor of this newspaper was Maulana Zafar Ali Khan. The Al-Hilal was a weekly Urdu language newspaper established by the Indian leader Maulana Abul Kalam Azad. © examsnet.com"
CDS-2015-I-GK-060,2015,GK,General Knowledge,General Knowledge,General Knowledge | UPSC CDS | Prelims,medium,Which of the following statements is/are correct ? 1. The Marxist theory repudiates the idea of the atomised and alienated individual. 2. Marxism upholds the idea of the natural rights of men and individuals. Select the correct answer using the code given below : [2015 CDS-I],1 only,2 only,Both 1 and 2,Neither 1 nor 2,A,Solution: Only statement 1 is correct. The Marxist theory by Karl Marx is best known for his two unsparing critiques of capitalism. The first of these critiques maintains that capitalism is essentially alienating. The second of these critiques maintains that capitalism is essentially exploitative. Marxism never upholds the idea of the natural rights of men and individuals. © examsnet.com
CDS-2015-I-GK-061,2015,GK,Current Affairs,Current Events of National & International Importance,Current Affairs | International Relations | Government Schemes | Awards,easy,Which one among the following was not an outcome of the fifth BRICS summit held in Durban in South Africa in March 2013 ? [2015 CDS-I],Signing of two agreements on Extending Credit Facility in Local Currencies and BRICS Multilateral Letter of Credit Confirmation Facility,Proclamation of establishment of BRICS-led New Development Bank,Creation of a safety net through a Contingent Reserve Arrangement (CRA) among BRICS countries,Setting up of BRICS Business Council and BRICS Think Tank Council,A,"Solution: Statement (a) was not an outcome of the fifth BRICS summitheld in Durban in South Africa in March 2013. South Africa hostedthe fifth BRICS Summit from 26th to 28th March, 2013 at the Durban International Convention Centre (ICC). In this summit, BRICS countries agreed to establish the New Development Bank and creation of a financial safety net through the creation of aContingent Reserve Arrangement (CRA) amongst the BRICS countries. © examsnet.com"
CDS-2015-I-GK-062,2015,GK,Defence & Security,"Defence, Military & Internal Security",Defence | Military Exercises | Armed Forces | Security Architecture,easy,"Seeking to revive historic ties, the Indian Air Force has gifted a vintage Dakota Aircraft from its museum to (September 2014) [2015 CDS-I]",the Pakistan Air Force,the Bangladesh Air Force,the Chinese Air Force,the Sri Lankan Air Force,B,"Solution: Seeking to revive historic ties, the Indian Air Force has gifted avintage Dakota Aircraft from its museum (September 2014) to theBangladesh Air Force. The Dakota aircraft was given on a formalrequest from Bangladesh Air Force to review and revive the historic ties between the two countries. TheDakota aircraft played a crucial  role in the liberation of Bangladesh and the formation of Bangladesh Air Force. The aircraft was used for air dropping Army troops in Bangladesh’s Tangail during the 1971 war. It was also used for transporting troops in Srinagar during the 1947-48 war with Pakistan for protecting Kashmir Valley from the raiders from across the border. Dakota was the first transport aircraft to be landed at the heights of 11,500 feet in Leh by legendary pilot Wing Commander Mehar Singh. © examsnet.com"
CDS-2015-I-GK-063,2015,GK,Modern History,Indian National Movement,Modern History | Freedom Struggle | British Colonial Rule,easy,Which one of the following statements is incorrect ? [2015 CDS-I],"The Armed Forces Tribunal has the power to adjudicate disputes relating to conditions of service of persons subject to the Army Act, 1950.",Findings and sentences of court martial can be challenged before the Armed Forces Tribunal.,The Chairperson and members of the Armed Forces Tribunal shall be appointed only after consultation with the Chief Justice of India.,The Chairperson and members of the Armed Forces Tribunal can be removed only after consultation with the Chief Justice of India.,D,"Solution: According to the Armed Forces Tribunal Act, 2007, the Chairperson or a Member shall not be removed from his office except by an order made by the President on the ground of proved misbehaviour or incapacity after an inquiry made by a sitting Judge of the Supreme Court in which such Chairperson orother Member had been informed of the charges against him andgiven a reasonable opportunity of being heard in respect of thosecharges. Hence, statement (d) does not stand true to the provisions of the Act, and thus, it is incorrect. © examsnet.com"
CDS-2015-I-GK-064,2015,GK,Modern History,Indian National Movement,Modern History | Freedom Struggle | British Colonial Rule,hard,"In recent plans, certain words/phrases were used in the title of the plan along with ‘growth'. They are 1. Inclusive 2. Faster 3. More inclusive 4. Sustainable 5. More sustainable Which combination is true of the Twelfth Five Year Plan (2012-17)? [2015 CDS-I]","1, 2 and 3","1, 4 and 5","2, 3 and 4","1, 2 and 4",C,"Solution: The theme of the 12th Five-Year Plan (2012-2017) is ‘faster,sustainable and more inclusive growth’. Hence, option (c) providesthe correct set of combination as per the demand of the question.The 12th Five-Year Plan targeted GDP growth at 8%. © examsnet.com"
CDS-2015-I-GK-065,2015,GK,Ancient History,Ancient Indian History,Ancient History | Indian History | Archaeological Sources,easy,"Which of the following statements about the social reformer, Raja Rammohun Roy, is false ? [2015 CDS-I]",Ram Mohan Roy belonged to the gentry class whose power had been diminished because of the imposition of the Permanent Settlement.,He studied both Vedantic Monism and Christian Unitarianism.,He translated the Upanishads into Bengali.,"His first organization was the Atmiya Sabha, founded in Calcutta in 1815.",A,"Solution: Statement (a) is not correct regarding Ram Mohan Roy. He isconsidered as the pioneer of modern Indian Renaissance for theremarkable reforms he brought in the 19th century. He was born on 14th August, 1774 to Ramakanta  Roy and Tarini Devi in Radhanagar village of Hooghly district, Bengal Presidency. His first organisation was the Atmiya Sabha, founded in Calcutta in 1815. He was a great scholar and an independent thinker. He advocated the study of English, Science, Western Medicine and Technology. He translated the Upanishads into English andBengali. © examsnet.com"
CDS-2015-I-GK-066,2015,GK,Defence & Security,"Defence, Military & Internal Security",Defence | Military Exercises | Armed Forces | Security Architecture,hard,Which of the following characteristics about the state of Travancore in 18th century Kerala is/are correct ? 1. Travancore was ruled by Marthanda Varma from 1729 to 1758. 2. Travancore built a strong army and defeated the Dutch in 1741. 3. Travancore was an important centre of learning. Select the correct answer using the code given below : [2015 CDS-I],1 and 2 only,2 only,"1, 2 and 3",1 only,C,"Solution: Statements 1, 2 and 3 are characteristics of the state of Travancore in 18th century Kerala. The history of Travancore began with Marthanda Varma, who inherited the kingdom of Venad (Thrippappur), and expanded it into Travancore during his reign (1729- 1758). After defeating a union of feudal lords and establishing internal peace, he expanded the kingdom of Venad through a series of military campaigns from Kanyakumari in the south to the borders of Kochi in the north during his 29-year rule. In 1741,Travancore won the Battle of Colachel against the Dutch East India Company, resulting in the complete eclipse of Dutch power in the region. Travancore was also an important centre of learning. © examsnet.com"
CDS-2015-I-GK-067,2015,GK,Polity,Indian Constitution & Governance,Polity | Constitution of India | Governance | Constitutional Bodies,hard,A Parliamentry Democracy is one where 1. a balance of popular participation and elite rule takes place. 2. the government is responsible not to the public but to the elected representatives. 3. the parliamentarians are delegated the responsibility of thinking and acting on behalf of their constituents. Select the correct answer using the code given below : [2015 CDS-I],"1, 2 and 3",2 and 3 only,1 and 3 only,2 only,A,"Solution: A Parliamentary Democracy is the one where a balance of popularparticipation and elite rule takes place, where the government isresponsible not to the public but to the elected representatives and the Parliamentarians are delegated the responsibility of thinking and acting on behalf of their constituents. A Parliamentary system is a system of democratic governance of a state where the executive branch derives its democratic legitimacy from its ability to command the confidence of the legislative branch, typically aParliament, and is also held accountable to that Parliament. © examsnet.com"
CDS-2015-I-GK-068,2015,GK,General Knowledge,General Knowledge,General Knowledge | UPSC CDS | Prelims,easy,Which of the following is not a central tenet of Socialism ? [2015 CDS-I],Historical Materialism,Dialectical Materialism,Alienation and Class Struggle,Individual Freedom,D,"Solution: Individual Freedom is not a central tenet of socialism. Truesocialists advocate a completely classless society, where thegovernment controls all means of production and distribution of goods. Socialism is also characterised by the absence of private property. The idea is that if everyone works, everyone will reap the same benefits and prosper equally. © examsnet.com"
CDS-2015-I-GK-069,2015,GK,General Knowledge,General Knowledge,General Knowledge | UPSC CDS | Prelims,easy,‘And Then One Day : A Memoir’ is an autobiography of [2015 CDS-I],Kamal Hasan,Shahrukh Khan,Naseeruddin Shah,Karan Johar,C,"Solution: 'And Then One Day: A Memoir' is an autobiography of Naseeruddin Shah. The autobiography was released on 12th September, 2014. The autobiography depicts his extraordinary journey from a feuda l village near Meerut to Catholic schools in Nainital and Ajmer, and,finally, to stage and film fame in Mumbai. The Government of India has honoured him with the Padma Shri and the Padma Bhushan awards for his contributions to the  Indian cinema. © examsnet.com"
CDS-2015-I-GK-070,2015,GK,Modern History,Indian National Movement,Modern History | Freedom Struggle | British Colonial Rule,easy,Inclusion strategy does not focus on [2015 CDS-I],reduction of inequality,reduction of poverty,diversifying livelihood for tribal population,getting poorer countries closer,D,"Solution: Inclusion strategy does not focus on getting poorer countriescloser. Instead it focusses on, inter alia, reduction of inequality;reduction of poverty; diversifying livelihood for tribal population.Financial inclusion is the process of ensuring access to appropriate financial products and services needed by vulnerable groups, such as weaker sections and low-income groups at an affordable cost in a fair and transparent manner by mainstream institutional players. © examsnet.com"
CDS-2015-I-GK-071,2015,GK,Polity,Indian Constitution & Governance,Polity | Constitution of India | Governance | Constitutional Bodies,easy,"When martial law is imposed, Parliament cannot make law in respect of which one of the following matters ? [2015 CDS-I]",Indemnify any person in respect of any act done by him in connection with the maintenance of order in the area where martial law was in force,Parliament can by law validate any sentence passed when martial law was in force in the area,A law of Parliament can validate forfeiture ordered when martial law was in force in the area,Any act done under martial law can be validated by Parliament by law,D,"Solution: The Parliament cannot make law in respect of validation of anyact done under martial law. Article 34 provides that, notwithstanding anything in the foregoing provisions of Part III, the Parliament may by law indemnify any person in the service of the Union or of a State or any person in respect of any act done by him in connection with the maintenance or restoration or orderin any area within the territory of India where martial law was in force or validate any sentence passed, punishment inflicted, forfeiture ordered or other act done under martial law in such areas. © examsnet.com"
CDS-2015-I-GK-072,2015,GK,Medieval History,Medieval Indian History,Medieval History | Delhi Sultanate | Mughal Empire | Administration,easy,Upari refers to which one of the following ? [2015 CDS-I],A form of Marathi poetry that emerged during the Maratha period,A category of tenancy tenure held under the Maratha regime,A court official during Maratha rule,A group of peasants who rebelled against their oppressive landlords under Maratha rule,B,"Solution: Upari refers to a category of tenancy tenure held under the Maratha regime. The Uparis were tenant-at-will, of government land, held land on a renewable basis,called Kaulnama, also paid land revenue, but were tenants, rather than owners. They did not enjoy the advantage and the position of the Mirasdars © examsnet.com"
CDS-2015-I-GK-073,2015,GK,Modern History,Indian National Movement,Modern History | Freedom Struggle | British Colonial Rule,hard,"Which of the following is/are the characteristic(s) of the Sannyasi and Fakir uprisings ? 1. These uprisings refer to a series of skirmishes between the English East India Company and a group of sannyasis and fakirs. 2. One reason for the uprising was the ban on free movement of the sannyasis along pilgrimage routes. 3. In the course of the uprisings in 1773, Warren Hastings issued a proclamation banishing all sannyasis from Bengal and Bihar. 4. Are contemporaneous with the Non-Cooperation Movement. Select the correct answer using the code given below : [2015 CDS-I]",1 only,1 and 3 only,"1, 2 and 3",2 and 4 only,C,"Solution: Statements 1, 2 and 3 are the characteristics of the Sannyasi andFakir uprisings. The revolt was the activities of the sannyasis andfakirs (Hindu and Muslim ascetics,respectively) in Bengal against the East India Company rule in the 18th century (1763 onwards). It is also known as the Sannyasi rebellion which took place aroundMurshidabad and Baikunthpur forests of Jalpaiguri. Non-Cooperation Movement, in 1920- 1922, was organised by MahatmaGandhi, to induce the Britishgovernment to grant selfgovernment, or swaraj, to India.Hence, the uprisings are notcontemporaneous with the NonCooperation Movement. © examsnet.com"
CDS-2015-I-GK-074,2015,GK,Polity,Indian Constitution & Governance,Polity | Constitution of India | Governance | Constitutional Bodies,easy,Which among the following features of a federal system is not found in the Indian Political System ? [2015 CDS-I],Dual citizenship,Distribution of powers between the Federal and the State Governments,Supremacy of the Constitution,Authority of the Courts to interpret the Constitution,A,"Solution: Dual citizenship is a feature of a federal system not found in theIndian Political System. In spite of a dual polity, the Constitution of India, like that of Canada, adopted the system of single citizenship. There is only Indian Citizenship and no separate state citizenship. All citizens, irrespective of the state in which they are born or reside, enjoy the same rights all over the country. The other federal states, like US, Switzerland and Australia have dual citizenship, that is, national citizenship as well as state citizenship. © examsnet.com"
CDS-2015-I-GK-075,2015,GK,Polity,Indian Constitution & Governance,Polity | Constitution of India | Governance | Constitutional Bodies,easy,Which of the following is not true of Article 32 of the Indian Constitution ? [2015 CDS-I],It gives the Supreme Court and the High Courts the power to issue writs for the enforcement of Fundamental Rights.,It is included in Part III of the Indian Constitution and is therefore itself a Fundamental Right.,Dr. Ambedkar called it the ‘very soul of the Indian Constitution’.,An aggrieved person has no right to complain under Article 32 where a Fundamental Right has not been violated.,A,"Solution: Article 32 of the Indian Constitution provides the right tomove to the Supreme Court by appropriate proceedings for theenforcement of the fundamental rights conferred by Part III. Article226 empowers the High Courts to issue, to any person or authority, including the government, directions, orders or writs, including writs in the nature of Habeas Corpus, Mandamus, Prohibition, Quo Warranto, Certiorari or any of them. Hence, Option (a) is incorrect. © examsnet.com"
CDS-2015-I-GK-076,2015,GK,Geography,Physical and Indian Geography,Geography | Physical Geography | Indian Geography | Geomorphology,hard,"Which of the following statements is/are correct ? 1. Professor Kamal Bawa was conferred with the Midori Prize (2014) for biodiversity for his research on climate change in the Himalayas. 2. Midori Prize is an annual international prize given to an individual for outstanding contribution to the conservation and sustainable use of biodiversity at global, regional or local levels. Select the correct answer using the code given below : [2015 CDS-I]",1 only,2 only,Both 1 and 2,Neither 1 nor 2,A,"Solution: The Midori Prize , a biennial (not annual, as mentioned in question) international prize co-organised by the AEON Environmental Foundation and the Secretariat of the Convention on Biological Diversity (CBD), honours three individuals who have made outstanding contributions to the conservation and sustainable use at local and global levels, and who haveinfluenced and strengthened various biodiversity-related efforts, as well as raised awareness about biodiversity. Dr. Kamal Bawa, an Indian Scientist, on 8th September, 2014, won the Midori Prize in Biodiversity 2014. Bawa was honoured for his research that included climate change in the Himalayas. © examsnet.com"
CDS-2015-I-GK-077,2015,GK,Defence & Security,"Defence, Military & Internal Security",Defence | Military Exercises | Armed Forces | Security Architecture,easy,Which one of the following statements is not correct ? [2015 CDS-I],The Central Government is empowered to issue a notification to specify any service in a State as a service of vital importance to the community.,Such a notification remains valid for six months.,"Every command given by a superior officer casts a duty on all persons subject to the Army Act, 1950, the Air Force Act, 1950 or the Navy Act, 1957 to obey the command when such a notification is in force.","The provisions of the Armed Forces (Emergency Duties) Act, 1947 are applicable in connection with vital services imposed in an emergency on the armed forces.",B,"Solution: The Central Government is empowered to issue a notificationto specify any service in a State as a service of vital importance to the community. Such a notification remains valid for one month [not six months as given in statement (b)].Hence, statement (b) is incorrect. © examsnet.com"
CDS-2015-I-GK-078,2015,GK,Geography,Physical and Indian Geography,Geography | Physical Geography | Indian Geography | Geomorphology,easy,The Central Industrial Security Force is under the administrative control of which of the following ministries ? [2015 CDS-I],Ministry of Heavy Industries and Public Enterprises,Headquarters of the Integrated Joint Staff,Ministry of Home Affairs,PMO,C,"Solution: The Central Industrial Security Force (CISF) is under the administrative control of the Ministry of Home Affairs. The CISF is a Central Armed Police Force in India. It is directly under the Union Ministry of Home Affairs and its headquarters are in New Delhi. It was set up under an Act of the Parliament of India on 10th March, 1969. CISF was subsequently made an armed force of the Republic of India by another Act of the Parliament passed on 15th June, 1983. Among its duties are: guarding sensitive governmental buildings, the Delhi Metro, and providing airport security, etc. © examsnet.com"
CDS-2015-I-GK-079,2015,GK,General Knowledge,General Knowledge,General Knowledge | UPSC CDS | Prelims,hard,Which of the following features of the State of Arcot in 1 8 t h 18^{th} 1 8 t h century South India are correct ? 1. The founders of the dynasty th at ruled Arcot were Daud Khan Panni and Saadatullah Khan. 2. Arcot became the site of a protracted struggle between the English and Dutch East India Companies from the 1740s. 3. Decentralization was a key feature of the State of Arcot in the 1 8 t h 18^{th} 1 8 t h century. 4. The other major State to emerge in South India at this time w as Mysore. Select the correct answer using the code given below : [2015 CDS-I],1 and 2 only,"1, 2 and 4",3 and 4 only,2 and 4 only,B,"Solution: Statements 1, 2 and 4 were the features of the State of Arcotin the 18th century South India. The Mughal emperor of India,Aurangzeb established nawabdom in Arcot in the south during a period in which the Marathas were beginning to challenge his control of the areas of the sub-continent. The emperor made his general, Zulfikar Khan, the first nawab in 1690, midway through his long and successful reign. Daud Khan Panni (1703-1710) and Sa'adatullah Khan (1710-1732) were the prominent rulers of Arcot. Nawabs of Arcot ruled the Carnatic region of South India between about 1690 and 1801. © examsnet.com"
CDS-2015-I-GK-080,2015,GK,Science & Tech,General Science & Emerging Technologies,Science & Tech | General Science | Applied Science | Physics | Chemistry | Biology,hard,Which of the following statements about the musical culture in 1 8 t h 18^{th} 1 8 t h and 1 9 t h 19^{th} 1 9 t h century North India is/are not correct: 1. The period was marked by the growing eminence of Sadarang Neam at Khan who introduced the khayal form. 2. A large number of musicians moved out of regional centres to Delhi w here they hoped they would receive more employment and patronage. 3. The period was marked by the formation of specific region based gharanas. Select the correct answer using the code given below : [2015 CDS-I],1 only,"1, 2 and 3",2 only,2 and 3 only,C,"Solution: Statement (2) is not correct because the regional centres werecharacterised by their own unique musical culture and received the patronage of the respective rulers. Khyal or Khayal is the modern genre of classical singing in North India. It is thought to have developed out of Dhrupad introducing frequent taans and alankars in it. Khyal was popularised by Niyamat Khan and his nephew Firoz Khan, both musicians in the court of Muhammad Shah Rangile (1719- 1748). In Hindustani music, a gharana is a system of social organisation linking the musicians or dancers by lineage or apprenticeship, and by adherence to a particular musical style. It typically refers to the place where the musical ideology originated; for example, some of the gharanas well known for singing khayals are: Agra, Gwalior, Indore, Jaipur, Kirana and Patiala. © examsnet.com"
CDS-2015-I-GK-081,2015,GK,Quantitative Aptitude,Basic Numeracy & Quantitative Aptitude,Aptitude | Mathematics | Quantitative Reasoning | Problem Solving,hard,Which of the following is/are not the characteristic(s) of the First Past The Post System (FPTP) ? 1. It is a majoritarian system where minorities are likely to remain unrepresented. 2. A candidate may win an election even if he/she gets less th an the majority of the votes cast. 3. It generates proportionality between the votes cast and the seats won. 4. It always leads to a two party system and a stable and accountable government. Select the correct answer using the code given below : [2015 CDS-I],3 and 4,1 and 2,2 and 3,4 only,A,"Solution: First Past The Post System (FPTP) is a majoritarian systemwhere minorities are likely to remain unrepresented. FPTP votingmethod is one in which voters indicate on a ballot or votingmachine the candidate of their choice, and the candidate whoreceives the most votes wins: this is described as winner takes all.Here a candidate may win an election even if he/she gets lessthan the majority of the votes cast. In Proportional Representationelection system, the representation of all classes of people is ensured, as each party gets as many number of seats as the proportion of votes the candidate polls in the election. In this way, the parties with the small support base also get their representation in the legislature. Thus, statements 3 & 4 areincorrect about FPTP. © examsnet.com"
CDS-2015-I-GK-082,2015,GK,Polity,Indian Constitution & Governance,Polity | Constitution of India | Governance | Constitutional Bodies,hard,"Which of the following statements is/are not true for the category of the Overseas Citizens of India (OCI) inserted by the amendment to the Citizenship Act of India in 2003 ? 1. It gives dual citizenship to Persons of Indian Origin (PIO) who are citizens of another country. 2. It gives Persons of Indian Origin (PIO) who are citizens of another country, an OCI card without citizenship. 3. It permits the OCI to vote in general elections in India. 4. It allows the OCI to travel to India without visa. Select the correct answer using the code given below : [2015 CDS-I]",1 and 2,1 and 3,3 only,2 and 4,B,"Solution: Overseas Citizens of India (OCI) inserted by the amendment to the Citizenship Act of India in 2003 gives Persons of Indian Origin (PIO), who are citizens of another country, an OCT card without citizenship and it allows the OCI to travel to India without visa. It neither gives dual citizenship to Persons of Indian Origin (PIO) who are citizens of another country nor does it permit the OCI to vote in the general elections in India. © examsnet.com"
CDS-2015-I-GK-083,2015,GK,Modern History,Indian National Movement,Modern History | Freedom Struggle | British Colonial Rule,hard,"Which of the following is/are the objective(s) of National AYUSH Mission, approved by the Union Cabinet recently ? 1. Improvement of AYUSH education through enhancement in the number of upgraded educational institutions. 2. Better access to AYUSH services through increase in the AYUSH hospitals and dispensaries, availability of drugs and manpower. 3. Providing sustained availability of quality raw material for AYUSH system of medicine. Select the correct answer using the code given below : [2015 CDS-I]","1, 2 and 3",2 and 3 only,1 only,1 and 2 only,A,"Solution: All the three items are the objectives of National AYUSHMission, approved by the Union Cabinet recently. AYUSH stands for Ayurveda, Yoga and Naturopathy, Unani, Siddha and Homoeopathy. Its objectives: a. To provide cost-effective AYUSH services, with a universal access through upgrading AYUSH Hospitals and Dispensaries, co-location of AYUSH facilities at Primary Health Centres (PHCs), Community Health Centres (CHCs) and District Hospitals (DHs). b. To strengthen institutional capacity at the state level through upgrading AYUSH educational institutions, State Government Ayurveda, Siddha and Unani & Homoeopathy (ASU & H) Pharmacies, Drug Testing Laboratories and ASU & H enforcement mechanism. c. To support cultivation of medicinal plants by adopting Good Agricultural Practices (GAPs) so as to provide sustained supply of quality raw materials and support certification mechanism for quality standards, Good Agricultural/Collection/Storage Practices. d. To support setting up of clusters through convergence of cultivation,warehousing, value  addition and marketing and development of infrastructure for entrepreneurs. © examsnet.com"
CDS-2015-I-GK-084,2015,GK,General Knowledge,General Knowledge,General Knowledge | UPSC CDS | Prelims,hard,"Which of the following statement(s) with regard to the Armed Forces (Special Powers) Act, 1958 is/are correct ? 1. The Act is applicable only to the States of Manipur, Tripura and Nagaland. 2. A person taken into custody under the above Act must be handed over to the officer-in-charge of the nearest police station with least possible delay. 3. An area can be declared as a disturbed area under the above Act only when the State Government is of the opinion that the use of the armed forces in aid of civil power is necessary to contain a dangerous condition in the concerned area. Select the correct answer by using the code given below : [2015 CDS-I]","1, 2 and 3",1 and 2 only,3 only,2 only,D,"Solution: Armed Forces (Special Powers) Acts (AFSPA) are the Acts of theParliament of India that grant special powers to the Indian ArmedForces in the ‘disturbed areas’. The Armed Forces (Special Powers) Act was enacted in 1958 to bring under control what the government of India considered ‘disturbed areas’. At present, it is in force in Assam, Nagaland, Manipur (except the Imphal municipal area), Arunachal Pradesh (only the Tirap, Changlang and Longding districts plus a 20-km belt bordering Assam) and Jammu and Kashmir. Thus, only statement (2) is correct about AFSPA. In 2018, Centre has withdrawn AFSPA totally from Meghalaya. © examsnet.com"
CDS-2015-I-GK-085,2015,GK,Defence & Security,"Defence, Military & Internal Security",Defence | Military Exercises | Armed Forces | Security Architecture,easy,Indian Coast Guard is [2015 CDS-I],a branch of the Indian Navy,an organization under the Central Board of Excise and Customs,an organization under the Ministry of Defence,a para-military force under the Ministry of Home Affairs,C,"Solution: Indian Coast Guard (ICG) is an organisation under the Ministry ofDefence. The ICG protects India's maritime interests and enforcesmaritime law, with jurisdiction over the territorial waters of India,including its contiguous zone and exclusive economic zone. TheIndian Coast Guard was formally established on 18th August, 1978 by the Coast Guard Act, 1978 of the Parliament of India as an independent armed force of India. It operates under the Ministry of Defence. The Coast Guard works in close cooperation with the Indian Navy, the Department of Fisheries, the Department of Revenue (Customs) and the Central and State police forces. © examsnet.com"
CDS-2015-I-GK-086,2015,GK,Art & Culture,Indian Culture and Heritage,Art & Culture | Architecture | Performing Arts | Heritage Sites,hard,"Which of the following statements about the musical culture in 1 8 t h 18^{th} 1 8 t h and 1 9 t h 19^{th} 1 9 t h century South India is/are correct ? 1. Musical developments were spearheaded by the Arcot court. 2. Tanjavur replaced Madras as the cultural capital of classical music in the second half of the nineteenth century. 3. Three great composers, Tyagaraja, Diksitar and Syama Sastri experimented with the kriti form to set the foundations for modem Carnatic music. Select the correct answer using the code given below : [2015 CDS-I]",1 and 3 only,2 only,3 only,"1, 2 and 3",C,"Solution: Statement (3) is correct about the musical culture in 18th and19th century South India. Musical developments were notspearheaded by the Arcot court. Madras replaced Tanjavur (and not the vice versa, as given in the second item) as the cultural capital of classical music in the second half of the nineteenth century. Tyagaraja, Muthuswami Dikshitar and Syama Sastri are known as the Trinity of Carnatic music. Kriti is a format of musical composition typical to Carnatic music. Conventional Kritis typically contain three parts: 1. Pallavi, the equivalent of a refrain in Western music 2. Anupallavi, the second verse, which is sometimes optional 3. Charanam, the final (and longest) verse that wraps up the song © examsnet.com"
CDS-2015-I-GK-087,2015,GK,Modern History,Indian National Movement,Modern History | Freedom Struggle | British Colonial Rule,hard,"Which of the following statements about visual culture in 1 8 t h 18^{th} 1 8 t h and early 1 9 t h 19^{th} 1 9 t h century North India is/are correct ? 1. Painters from Patna and Murshidabad flocked to Calcutta and produced water colours in the English mode. 2. Landscape and portraiture became extremely important at this time. 3. The artists Zayan-al-Din, Bhawani Das and Ram Das were adopted by the English East India Company to produce albums of Indian birds and animals. 4. While Indians were influenced by European artistic styles, European artists did not visit regional courts. Select the correct answer using the code given below : [2015 CDS-I]","1, 2 and 3",2 and 3 only,"1, 3 and 4",4 only,A,"Solution: Statements 1, 2 and 3 are correct about visual culture in 18thand early 19th century North India. Water colours were produced in the English mode as painters from Patna and Murshidabad flocked to Calcutta to do this. Besides, landscape and portraiture became extremely important at this time. The three great Indian artists Zaynal-Din, Bhawani Das and Ram Das –adept in Mughal paintings – were adopted by the English East India Company to produce albums of Indian birds and animals. © examsnet.com"
CDS-2015-I-GK-088,2015,GK,Polity,Indian Constitution & Governance,Polity | Constitution of India | Governance | Constitutional Bodies,easy,The power to decide the date of an election to a State Legislative Assembly rests with the [2015 CDS-I],President of India,Chief Minister and his/her Cabinet,Election Commission of India,Parliament,C,"Solution: The power to decide the date of an election to a State LegislativeAssembly rests with the Election Commission of India. To notifydates and schedules of elections and to scrutinise nominationpapers is one of the many functions of the Commission. The Election Commission is a permanent and independent body established by the Constitution of India directly to ensure free and fair elections in the country. Article 324 of the Constitution provides that the power of superintendence, direction and control of elections to the Parliament, State Legislatures, the office of the President of India and the office of the Vice President of India shall be vested in the Election Commission © examsnet.com"
CDS-2015-I-GK-089,2015,GK,Modern History,Indian National Movement,Modern History | Freedom Struggle | British Colonial Rule,easy,Which among the following is not an aspect of Gender Mainstreaming (GM) ? [2015 CDS-I],GM was established as a global strategy for achieving gender equality by the United Nations.,It was adopted in 1995 in the Beijing Platform of Action.,It requires a review of government policy in all sectors for eliminating gender disparity.,GM was followed by the Convention on the Elimination of all forms of Discrimination Against Women (CEDAW).,D,"Solution: Gender Mainstreaming (GM) was established as a major globalstrategy for the promotion of gender equality in the Beijing Platform for Action from the Fourth United Nations World Conference on Women in Beijing in 1995. GM tries, among others, to ascertain a gender equality perspective across all policy areas. The Convention on the Elimination of all Forms of Discrimination against Women (CEDAW), adopted in 1979 by theUN General Assembly, is often described as an international bill ofrights for women. Hence, statement (d) is not an aspect of GenderMainstreaming. © examsnet.com"
CDS-2015-I-GK-090,2015,GK,Polity,Indian Constitution & Governance,Polity | Constitution of India | Governance | Constitutional Bodies,hard,"The 3 r d 3^{rd} 3 r d Meeting of the SAARC Culture Ministers, convened in New Delhi on September 25, 2014, unanimously resolved 1. to declare 2015 - 16 as the SAARC Year of Cultural Heritage. 2. that Bamiyan will be the SAARC cultural capital for 2015 - 16. 3. to promote SAARC culture online by launching a dedicated SAARC website on culture, with emphasis on digitization of rare manuscripts, rare books and other articles of intangible cultural value. Select the correct answer using the code given below : [2015 CDS-I]","1, 2 and 3",1 and 3 only,2 and 3 only,2 only,C,"Solution: The third meeting of Culture Ministers from the SAARC countrieswas held in New Delhi on 25th September, 2014 .They adoptedthe Delhi Resolution as a road map for cultural relations in the SAARC region for the period 2014-2017. The SAARC Culture Ministers unanimously resolved to declare 2016-2017 (and not 2015-2016 as given in statement 1) as the SAARC Year of Cultural Heritage. © examsnet.com"
CDS-2015-I-GK-091,2015,GK,Defence & Security,"Defence, Military & Internal Security",Defence | Military Exercises | Armed Forces | Security Architecture,easy,"Information under the RTI Act, 2005 can be provided in respect of [2015 CDS-I]",National Security Council Secretariat,Assam Rifles,Border Road Development Board,Border Road Organisation,D,"Solution: Information under the RTI Act, 2005 can be provided in respect ofBorder Road Organisation (BRO).BRO draws its workforce from two streams, i.e., Army and Civil. The personnel from Civil stream are called General Reserve Engineer Force (popularly known as GREF). The officers and subordinates from the Army are posted to BRO on Extra Regimental Employment (ERE) tenure for a period of two and-a-half to three years. BRO develops and maintains road networks in India's border areas and friendly neighbouring countries. © examsnet.com"
CDS-2015-I-GK-092,2015,GK,Polity,Indian Constitution & Governance,Polity | Constitution of India | Governance | Constitutional Bodies,easy,Who acts as the chairman of the Chiefs of Staff Committee ? [2015 CDS-I],The President of India in his capacity as the commander-in-chief,The Prime Minister,The Defence Minister,The senior-most Chief of Staff,D,Solution: The senior-most Chief of Staff acts as the chairman of the Chiefsof Staff Committee (COSC). COSC is the authority for advising theDefence Minister and normally through him the Cabinet Committee on Political Affairs on all military matters which require ministerial consideration. The COSC is composed of: (a) Chief of the Army Staff (COAS); (b) Chief of the Naval Staff (CNS); (c) Chief of the Air Staff (CAS); and (d) Chief of the Integrated Defence Staff (CIDS) (non-voting member). The Scientific Adviser to the Minister of Defence is invited to attend whenever needed. The senior-most member of COSC is appointed as its Chairman. © examsnet.com
CDS-2015-I-GK-093,2015,GK,Science & Tech,General Science & Emerging Technologies,Science & Tech | General Science | Applied Science | Physics | Chemistry | Biology,hard,Match List I with List II and select the correct answer using the code given below the Lists : List 1 (Editor) List II (Journal/ Newspaper) A. S.A. Dange 1. Labour-Kisan Gazette B. Muzaffar Ahmed 2. Inquilab C. Ghulam H ussain 3. Navayug D. M. Singaravelu 4. The Socialist code : A B C D (a) 4 3 2 1 (b) 4 2 3 1 (c) 1 2 3 4 (d) 1 3 2 4 [2015 CDS-I],(a),(b),(c),(d),A,"Solution: In December 1923, M. Singaravelu Chettiar started a fortnightly journal called ‘The Labour Kisan Gazette’. ‘Inquilab’ was started by Ghulam Hussain. ‘Navayug’ was started by Muzaffar Ahmed. ‘The Socialist’ was a fortnightly English magazine started by S.A. Dange in 1922. Therefore, option (a) provides the correct code for the answer. © examsnet.com"
CDS-2015-I-GK-094,2015,GK,General Knowledge,General Knowledge,General Knowledge | UPSC CDS | Prelims,medium,Which of the following was/were connected primarily to the communist ideology ? 1. Kirti Kisan Party 2. Labour Swaraj Party Select the correct answer using the code given below : [2015 CDS-I],1 only,2 only,Both 1 and 2,Neither 1 nor 2,C,"Solution: Kirti Kisan Party was organised in Punjab in 1926. It was headed by Sohan Singh Josh. The party was a mirror of the deliberative condition of the peasants, landless and suppressed classes of Punjab. Literally, the word 'Kirti' means 'the toiler'. It was connected to the communist ideology. The Labour Swaraj Party was founded in Bengal on 1st November, 1925 as the Labour Swaraj Party of the Indian National Congress. It remained with the INC till 1929. The founding leaders of the party were Kazi Nazrul Islam, Hemanta Kumar Sarkar, Qutubuddin Ahmad and Shamsuddin Hussain. At the All Bengal Praja Conference, held atKrishnanagar on 6th February, 1926, the name of the party waschanged to ‘Workers and Peasants Party of Bengal’. It became animportant front organisation for the Communist Party of India and an influential force in the Bombay labour movement. © examsnet.com"
CDS-2015-I-GK-095,2015,GK,Modern History,Indian National Movement,Modern History | Freedom Struggle | British Colonial Rule,easy,Which of the following statements is not true ? [2015 CDS-I],The General Agreement on Tariffs and Trade (GATT) had regulated global trade since 1947.,GATT was replaced by the World Trade Organisation (WTO) in 1995.,The Most Favoured Nation principle under GATT provided th a t preferential trading agreements reached with one country should be extended to other countries.,The WTO has been able to cover in its agreements the agriculture and textile sectors which are the principal concerns for the Least Developed Countries (LDCs).,D,"Solution: Statement (d) is not correct. General Agreement on Tariffs andTrade (GATT) was a legal agreement between many countries, whose overall purpose was to promote international trade by reducing or eliminating trade barriers such as tariffs or quotas. According to its preamble, its purpose was the ‘substantial reduction of tariffs and other trade barriers and the elimination of preferences, on a reciprocal and mutually advantageous basis’. GATT was signed by 23 nations in Geneva on 30th October, 1947, and took effect on 1st January, 1948. It remained in effect until the signature by 123 nations in Marrakesh on 14th April, 1994 of the Uruguay Round Agreements, which established the World Trade Organization (WTO) on 1st January, 1995. The WTO is a successor to GATT. Under the WTO agreements, countries cannotnormally discriminate between their trading partners. When a country grants someone a special favour (such as a lower customs duty rate for one of their products), they have to do the same for all other WTO members. © examsnet.com"
CDS-2015-I-GK-096,2015,GK,General Knowledge,General Knowledge,General Knowledge | UPSC CDS | Prelims,easy,Which of the following is n o t a p art of contemporary Indian foreign policy in relationships with its neighbours ? [2015 CDS-I],Look East policy for linking up with South-East Asia via Myanmar,Panchsheel,Non-alignment,SAARC,C,"Solution: Among the following, nonalignment is not a part of contemporary Indian foreign policy in relationships with its neighbours. The Non-Aligned Movement was formed during the Cold War as an organisation of States that did not seek to formally align themselves with either the United States or the Soviet Union, but sought to remain independent or neutral. ‘Non-Alignment’ means attempt by a nation to keep itself aloof from military blocks. Statements (a), (b) and (d) give a glimpse of the policies which are part of contemporary Indian foreign policy related with its neighbours. © examsnet.com"
CDS-2015-I-GK-097,2015,GK,General Knowledge,General Knowledge,General Knowledge | UPSC CDS | Prelims,medium,Consider the following statements : 1. The Nirmal Bharat Abhiyan is restructured into the Swachh Bharat Mission. 2. The Swachh Bharat Mission has two sub-Missions — Union Territories and States. Which of the statements given above is/are correct ? [2015 CDS-I],1 only,2 only,Both 1 and 2,Neither 1 nor 2,A,"Solution: Only statement (1) is correct. The Nirmal Bharat Abhiyan (NBA) was restructured into the Swachh Bharat Mission with two submissions – Swachh Bharat Mission (Gramin) and Swachh Bharat Mission (Urban). Budgetary provisions for the two sub-missions were provided separately in the demand for Grant of the Ministries of Drinking Water and Sanitation (for Gramin) and Ministry of Urban Development (for Urban). The Mission kick-started on 2nd October,2014. Nirmal Bharat Abhiyan was earlier known as Total Sanitation Campaign (TSC). Under this programme, projects had been launched in the entire rural India covering 607 districts in all states/union territories. © examsnet.com"
CDS-2015-I-GK-098,2015,GK,Polity,Indian Constitution & Governance,Polity | Constitution of India | Governance | Constitutional Bodies,easy,Which one of the following statements is correct ? [2015 CDS-I],The President cannot pardon a person sentenced by a Court Martial.,"The supreme command of the defence forces of the Union vests in the President, but its exercise has to be regulated by law.",A person awarded rigorous imprisonment cannot be compelled to do hard work as this would amount to violation of Article 23 of the Constitution of India.,"The Armed Forces Tribunal Act, 2007 excludes the powers of the High Courts under Article 226 of the Constitution of India in relation to service matters of persons in the armed forces.",B,"Solution: Statement (b) is correct. According to Article 53 (a), the executive power of the Union shall be vested in the President and shall be exercised by him either directly or through officers subordinate tohim in accordance with this Constitution. Without prejudice tothe generality of the foregoing provision, the supreme commandof the Defence Forces of the Union shall be vested in the President and the exercise thereof shall be regulated by law © examsnet.com"
CDS-2015-I-GK-099,2015,GK,General Knowledge,General Knowledge,General Knowledge | UPSC CDS | Prelims,easy,Demand for a commodity refers to [2015 CDS-I],Desire for that commodity,Need for that commodity,Quantity demanded of that commodity,Quantity demanded at certain price during any particular period of time,D,"Solution: Demand for a commodity refers to the quantity demanded at acertain price during any particular period of time. The demand for a commodity is its quantity which the consumers are able and willing to buy at various prices during a given period of time. So, for a commodity to have a demand, the consumer must possess willingness to buy it, the ability or means to buy it, and it must be related to per unit of time, i.e., per day, per week, per month orper year. © examsnet.com"
CDS-2015-I-GK-100,2015,GK,Modern History,Indian National Movement,Modern History | Freedom Struggle | British Colonial Rule,easy,The interest of the British Government of India in Afghanistan in the nineteenth century came about in order to [2015 CDS-I],make use of the natural resources of Afghanistan.,ensure that the Russian empire did not have an influence over Afghanistan.,increase the reach of the British Empire.,establish a monopoly over the markets of Afghanistan.,B,"Solution: The interest of the British Government of India in Afghanistan in the nineteenth century came about in order to ensure that theRussian empire did not have an influence over Afghanistan. TheBritish became the major power in the Indian subcontinent after the Treaty of Paris (1763) and began to show interest in Afghanistan as early as their 1809 treaty with Shuja Shah Durrani. It was the threat of the expanding Russian Empire beginning to push for an advantage in the Afghanistan region that placed pressure on British India, in what became known as the ‘Great Game’. The Great Game set in motion the confrontation of the British and Russian empires, whose spheres of influence moved steadily closer to one another until they met in Afghanistan. It also involved Britain's repeated attempts to impose a puppet government in Kabul. © examsnet.com"
CDS-2015-I-GK-101,2015,GK,Geography,Physical and Indian Geography,Geography | Physical Geography | Indian Geography | Geomorphology,easy,What was the common element among (i) G.D. Birla (ii) Ambalal Sarabhai and (iii) Walchand Hirachand ? [2015 CDS-I],They were leading members of the socialist movement in India,They were Indian industrialists,They were nationalist leaders,All of the above,B,"Solution: The common element among (i) G.D. Birla, (ii) Ambalal Sarabhai,and (iii) Walchand Hirachand was that they were the Indianindustrialists. Ghanshyam Das Birla was an Indian businessman and a member of the Birla Family. He was a close associate and a steady supporter of Mahatma Gandhi, whom he met for the first time in 1916. Ambalal Sarabhai was an Indian industrialist in Ahmedabad. He also participated in India's independence movements. He had been an ardent supporter of Mahatma Gandhi and Indian independence movement since 1916. Gandhi's Sabarmati Ashram was saved by him with generous donation. Walchand Hirachand Doshi was an Indian industrialist and the founder of the Walchand group © examsnet.com"
CDS-2015-I-GK-102,2015,GK,General Knowledge,General Knowledge,General Knowledge | UPSC CDS | Prelims,easy,Which of the following is not true for SAFTA (South Asian Free Trade Area) ? [2015 CDS-I],It is a step towards a South Asian customs union and common market.,The agreement came into effect in 2006.,The SAFTA is a trade liberalisation regime.,The SAFTA agreement takes precedence over any other agreement a member country may have with states outside SAFTA.,D,"Solution: Among the given items, option (d) is not true for the South AsianFree Trade Area (SAFTA). SAFTA is an agreement reached on6th January, 2004 at the 12th SAARC summit in Islamabad,Pakistan. It created a free trade area in Afghanistan, Bangladesh,Bhutan, India, Maldives, Nepal, Pakistan and Sri Lanka. It aimedto reduce customs duties of all the traded goods to zero by theyear 2016. The SAFTA agreement came into force on 1st January,2006, and is operational following the ratification of the agreementby the seven governments. The SAFTA agreement does not takeprecedence over any other agreement a member country mayhave with states outside SAFTA. © examsnet.com"
CDS-2015-I-GK-103,2015,GK,Modern History,Indian National Movement,Modern History | Freedom Struggle | British Colonial Rule,easy,Which of the following is not a laid down principle of the Panchsheel ? [2015 CDS-I],Mutual respect for each other’s territorial integrity,Mutual non-aggression,Mutual support for each other in world forum,Mutual non-interference in each other’s internal affairs,C,"Solution: Among the given statements, mutual support for each other inworld forum is not a laid down principle of the Panchsheel. The‘Panchsheel Agreement’ for peaceful coexistence was signed in1954 between China and India. It implies the five principles ofconduct in international relations. These principles were: (i) mutualrespect for each other’s territorial integrity and sovereignty; (ii) nonaggression; (iii) non-interference in each other’s internal affairs; (iv) equality and mutual benefit; and (v) peaceful co-existence. © examsnet.com"
CDS-2015-I-GK-104,2015,GK,Defence & Security,"Defence, Military & Internal Security",Defence | Military Exercises | Armed Forces | Security Architecture,medium,"Which of the following statements is/are correct ? 1. ‘Yudh Abhyas 2014’ was an India - USA military exercise. 2. ""Yudh Abhyas 2014’ was conducted in Himachal Pradesh. Select the correct answer using the code given below : [2015 CDS-I]",1 only,2 only,Both 1 and 2,Neither 1 nor 2,A,"Solution: The India-US Combined Military Training Exercise YUDH ABHYAS 2014 held from 17th September-30th September at Ranikhet and Chaubattia in Uttarakhand (not in Himachal Pradesh). Hence, statement B is not correct. It was the tenth exercise in the Yudh Abhyas series, which started in 2004 underUS Army Pacific partnership program. The exercise strengthensand broadens interoperability and cooperation between both theArmies and complements a number of other exchanges between the two forces. The exercise provided an ideal platform for the personnel of the two countries to share their experiences on Counter-Insurgency and Counter-Terrorist Operations, under UN-mandated operations. © examsnet.com"
CDS-2015-I-GK-105,2015,GK,General Knowledge,General Knowledge,General Knowledge | UPSC CDS | Prelims,easy,An exceptional demand curve is one that slopes [2015 CDS-I],downward to the right,upward to the right,horizontally,upward to the left,B,"Solution: An exceptional demand curve is the one that slopes upward to theright. The demand curve slopes from left to right upward if despitean increase in the price of the commodity, people tend to buymore due to reasons like fear of shortages or it may be an absolutely essential good. © examsnet.com"
CDS-2015-I-GK-106,2015,GK,Defence & Security,"Defence, Military & Internal Security",Defence | Military Exercises | Armed Forces | Security Architecture,easy,What was the claim to fame of Dr. Dwarka Nath Kotnis ? [2015 CDS-I],He provided succour to the poor,He set up hospitals in the difficult to reach regions of India,He was a leading Indian nationalist,He laid down his life providing medical help to the Eighth Route Army,D,"Solution: The claim to fame of Dr. Dwarka Nath Kotnis was that he laid down his life providing medical help to the Eighth Route Army. He was an Indian doctor who was sent to China in 1938 as part of an Indian medical mission after China was invaded by Japan. He served on the frontline and saved the lives of many Chinese soldiers. After four years in China, he fell ill and died at the age of 32. He is regarded as a symbol of Sino-Indian friendship. © examsnet.com"
CDS-2015-I-GK-107,2015,GK,Modern History,Indian National Movement,Modern History | Freedom Struggle | British Colonial Rule,easy,Which of the following is not true about the Convention on the Elimination of all forms of Discrimination Against Women (CEDAW) ? [2015 CDS-I],It defines what constitutes discrimination aganist women and sets up an agenda for national action,It was adopted in 1979 by the United Nations,It commits States to undertake measures to end discrimination in their legal system,India is not a ratifying country and is therefore not legally bound to put its provisions into practice,D,"Solution: Statement (d) is not true about the Convention on the Eliminationof all forms of Discrimination Against Women (CEDAW) becauseIndia signed CEDAW on 30th July, 1980 and ratified it on 9th July,1993 and entered into force on 8th August, 1993. CEDAW was adopted by the United Nations General Assembly in 1979. This treaty has been described as the International Bill of Rights for Women. It is a comprehensive treaty on the rights of women and establishes legally binding obligations on the State Parties to follow the legal standards set by it to end discrimination against women and its goal is to achieve equality between men andwomen. © examsnet.com"
CDS-2015-I-GK-108,2015,GK,Environment & Ecology,"Ecology, Biodiversity & Climate Change",Environment & Ecology | Biodiversity | Conservation | Climate Change,medium,Consider the following statements with regard to the First Renewable Energy Global Investors Meet and Expo (2015): 1. This is a follow-up to the ‘Make in India’ initiative. 2. The central theme of the meet is to attract large scale investments in the renewable energy sector in India. Which of the statements given above is/are correct ? [2015 CDS-I],1 only,2 only,Both 1 and 2,Neither 1 nor 2,C,"Solution: Both the statements with regard to the First Renewable EnergyGlobal Investors Meet and Expo (2015) are correct. As a follow-up to the ‘Make in India’ initiative launched by the Prime Minister, theMinistry of New and Renewable Energy (MNRE) had announcedorganisation of the First Renewable Energy Global Investors Meet & Expo (RE-INVEST) on 15th-17th February, 2015 in New Delhi. The central theme of the meet is to attract large-scale investments in the renewable energy sector in India. It was the first major platform for investment promotion in the renewable energy sector at the Government of India level to signal India’s commitment to the development and upscaling of renewable energy for meeting its energy requirement in a sustainable manner. Renewableenergy contributes about 6.5% in the electricity mix of the country. It is proposed that this would be taken to about 12% in the nextthree years. FDI up to 100% under the automatic route is permitted in the Renewable Energy Sector. © examsnet.com"
CDS-2015-I-GK-109,2015,GK,General Knowledge,General Knowledge,General Knowledge | UPSC CDS | Prelims,easy,"When two goods are completely interchangeable, they are [2015 CDS-I]",Perfect substitutes,Perfect complements,Giffen goods,Veblen goods,A,"Solution: When two goods are completely interchangeable, they are perfectsubstitutes. A perfect substitute is a product or service that can be used in exactly the same way as the good or service it replaces. This is where the utility of the product or service is pretty much identical. An example would be Coke or Pepsi, BP petroleum or Exxon petroleum, etc. A ‘substitute’ or ‘substitute good’ in economics and consumer theory is a product or service that aconsumer sees as the same or similar to another product.A substitute can be perfect or imperfect depending on whetherthe substitute completely or partially satisfies the consumer. If aconsumer sees a difference between these brands, he may seePepsi as an imperfect substitute for Coke, even if the economists might consider them perfect substitutes. © examsnet.com"
CDS-2015-I-GK-110,2015,GK,General Knowledge,General Knowledge,General Knowledge | UPSC CDS | Prelims,easy,Which would be the most appropriate description concerning the Punjab Naujaw an Bharat Sabha ? It aspired to [2015 CDS-I],"do political work among youth, peasants and workers.",spread the philosophy of revolution among students.,initiate discussions regarding anti-imperialism among workers.,help the formation of a Trade Union Movement in Punjab.,A,"Solution: Punjab Naujawan Bharat Sabha aspired to do political work among youth, peasants and workers. Bhagat Singh founded this Sabha to help foster revolution against the British Raj by gathering together the workers and peasant youth in 1926. The Punjab Naujawan Bharat Sabha declared the policy of developing the spirit of patriotism in the hearts of young men, helping the cause of the downtrodden labourers and peasants, revving the memories of the martyrs. © examsnet.com"
CDS-2015-I-GK-111,2015,GK,Polity,Indian Constitution & Governance,Polity | Constitution of India | Governance | Constitutional Bodies,medium,The Sixth Schedule of the Indian Constitution contains provisions for the administration of Tribal areas. Which of the following States is n o t covered under this Schedule ? [2015 CDS-I],Assam,Manipur,Meghalaya,Tripura,B,"Solution: The Sixth Schedule of the Indian Constitution contains provisionsrelating to the administration and control of the Tribal areas in thestates of Assam, Meghalaya, Tripura and Mizoram. Manipur isthe state which is not covered under this Schedule. The tribalareas in the four states of Assam, Meghalaya, Tripura and Mizoram have been constituted as autonomous districts. Eachautonomous district has a district council consisting of 30 members. The district and regional councils administer the areas under their jurisdiction. They can make laws on certain specified matters like land, forests, canal water, shifting cultivation, village administration, inheritance of property, marriage and divorce, social customs, and so on. But all such laws require the assent of the governor. © examsnet.com"
CDS-2015-I-GK-112,2015,GK,Current Affairs,Current Events of National & International Importance,Current Affairs | International Relations | Government Schemes | Awards,hard,"Which of the following statements is/are correct with regard to the Living Planet Report - 2014 (Species and Spaces, People and Places) released by World Wildlife Fund (WWF)? 1. The Living Planet Index (LPI), which measures more th an 10,000 representative populations of mammals, birds, reptiles, amphibians and fish, has declined by 52% since 1970. 2. The most dramatic regional LPI decrease occurred in Africa. Select the, correct answer using the code given below : [2015 CDS-I]",1 only,2 only,Both 1 and 2,Neither 1 nor 2,A,"Solution: World Wildlife Fund (WWF) on 30th September, 2014 released theLiving Planet Report, 2014. The theme of the report is Species and Spaces, People and Places. The report provides the data compiled on over 10,000 vertebrate species population from 1970 to 2010 through the Living Planet Index – a database maintained by the Zoological Society of London. According to this report, population of fish, birds, mammals, amphibians and reptiles hasdeclined by 52% since 1970. Hence, statement (1) is correct. Latin America suffered the most drastic losses with an overall decline of 83%. Hence, statement (2) is not correct. © examsnet.com"
CDS-2015-I-GK-113,2015,GK,General Knowledge,General Knowledge,General Knowledge | UPSC CDS | Prelims,easy,Rise in the price of a commodity means [2015 CDS-I],rise in the value of currency only,fall in the value of currency only,rise in the value of commodity only,fall in the value of currency and rise in the value of commodity,D,"Solution: Rise in the price of a commodity means fall in the value of currency and rise in the value of commodity. When the price of a commodity rises, it means that it is the case of inflation. Consequently, it reduces the purchasing power of a currency; and the value of commodity sees a rise. Currencies are moved by many factors, including supply and demand, politics, interest rates, speculation, and economic growth. © examsnet.com"
CDS-2015-I-GK-114,2015,GK,Medieval History,Medieval Indian History,Medieval History | Delhi Sultanate | Mughal Empire | Administration,easy,The Tungbhadra river provided sustenance to which empire ? [2015 CDS-I],Chola,Vijayanagara,Vakataka,Pandya,B,"Solution: The Tungabhadra River provided sustenance to Vijayanagara empire. The Vijayanagara empire was based in the Deccan Plateau region in South India. It was established in 1336 by Harihara I and his brother Bukka Raya I of Sangama Dynasty.The empire is named after its capital city of Vijayanagara, whoseruins surround the present-day Hampi, now a World Heritage Site in Karnataka. The writings of medieval European travellers, such as Domingo Paes, Fernao Nunes, and Niccolo de’ Conti, and the literature in local languages provides crucial information about its history. Vijayanagara was located on the banks of the Tungabhadra River. The river was the lifeline of the empire. This river starts and flows through the state of Karnataka during most of its course, before flowing along the border between Karnataka, Telangana and Andhra Pradesh and, ultimately, joining the Krishna River in Kurnool District of Andhra Pradesh. In the epicRamayana, the river was known by the name of Pampa. © examsnet.com"
CDS-2015-I-GK-115,2015,GK,Medieval History,Medieval Indian History,Medieval History | Delhi Sultanate | Mughal Empire | Administration,easy,"Which empire did Niccolo de Conti, Abdur Razzaq, Afanasy Nikitin and Fernao Nuniz visit ? [2015 CDS-I]",The empire of Kannauj,Vijayanagara empire,Hoysala empire,Rashtrakuta empire,B,"Solution: Niccolo de’ Conti, Abdur Razzaq,Afanasy Nikitin and Fernao Nuniz visited the Vijayanagara empire. Niccolo de’ Conti was an Italian traveller who visited during the time of Deva Raya I. Abdur Razzaq was an ambassador of Shah Rukh of Samarqand at the Court of the Zamorin of Calicut. He gives an account of the reign of Devaraya II, in his Matla-us-Sadain wa Majmaul-Bahrain. Afanasy Nikitin was a Russian merchant who described the conditions of the Bahamani kingdom under Muhammad III inhis Voyage to India. He visited parts of Vijayanagara as also Raichur and Golkonda. He described his trip in a narrative known as ‘The JourneyBeyond Three Seas’. Fernao Nunizwas a Portuguese writer of the 16thcentury who spent three years inVijayanagara (1535-1537). © examsnet.com"
CDS-2015-I-GK-116,2015,GK,Polity,Indian Constitution & Governance,Polity | Constitution of India | Governance | Constitutional Bodies,easy,The Supreme Court guidelines issued in the Vishaka Case pertain to [2015 CDS-I],domestic violence,rape and sexual violence,sexual harassment at the work place,trafficking in women,C,"Solution: The Supreme Court guidelines issued in the Vishaka Case pertain to sexual harassment at the 351 workplace. The Vishaka Guidelines were a set of procedural guidelines for use in cases of sexual harassment. The Vishaka judgement was an offshoot of a rape case involving a social worker in Rajasthan. It laid down the requirements for employers dealing with complaints of sexual assault and stipulated the formation of committees to dispose of complaints from the victims of harassment. They were promulgated by the Indian Supreme Court in 1997 and were superseded in 2013 by the Sexual Harassment of Women at Workplace (Prevention, Prohibition and Redressal) Act, 2013. The case is the manifestation of judicial activism that reached its pinnacle in Vishaka vs. State of Rajasthan case. © examsnet.com"
CDS-2015-I-GK-117,2015,GK,Modern History,Indian National Movement,Modern History | Freedom Struggle | British Colonial Rule,easy,Which one of the following statements is incorrect ? [2015 CDS-I],India does not have a Chief of Defence Staff.,"India does not have a Permanent Chairman, Chiefs of Staff Committee.","India has a Chairman, Chiefs of Staff Committee who functions as Chief of the Defence Staff.","India has a Chairman, Chiefs of Staff Committee who does not function as Chief of the Defence Staff.",C,"Solution: Among the given statement, statement (c) is incorrect. Thecurrent model that we have is of three services having their ownchiefs, while one of them officiates as the chairman, chiefs of staffcommittee (COSC) based on his seniority in the rank of chief (thechairman does not function as the Chief of the Defence Staff). Thechairman, COSC is served by Headquarters Integrated DefenceStaff (IDS). He, thus, wears two hats – his own service and that of the chairman COSC © examsnet.com"
CDS-2015-I-GK-118,2015,GK,Science & Tech,General Science & Emerging Technologies,Science & Tech | General Science | Applied Science | Physics | Chemistry | Biology,easy,"Which among the following teams won the Duleep Trophy Cricket Tournament, 2014 ? [2015 CDS-I]",East Zone,Central Zone,West Zone,South Zone,B,"Solution: Central Zone won the Duleep Trophy Cricket Tournament, 2014after beating South Zone by 9 runs in the finals in Delhi. 2014-2015 Duleep Trophy was the 54th season of the Duleep Trophy, a first-class cricket tournament contested by 5 zonal teams of India: Central Zone, East Zone, North Zone, South Zone and West Zone. The competition was started by the Board of Control for Cricket in India in the 1961- 1962 season. The inaugural tournament was won by West Zone who defeated South Zone. © examsnet.com"
CDS-2015-I-GK-119,2015,GK,Polity,Indian Constitution & Governance,Polity | Constitution of India | Governance | Constitutional Bodies,hard,"Which of the following statements is/are true with regard to the newly launched Vanbandhu Kalyan Yojana ? 1. Under the scheme, Centre will provide ₹ 10 crore each for every State and Union Territory of the country for the development of various facilities for the tribals. 2. The scheme mainly focuses on bridging infrastructural gaps and gap in human development indices between Scheduled Tribes and other Social Groups. Select the correct answer using the code given below : [2015 CDS-I]",1 only,2 only,Both 1 and 2,Neither 1 nor 2,B,"Solution: Only statement (2) is correct with regard to the newly launched Vanbandhu Kalyan Yojana. Union Ministry of Tribal Affairs on 28th October, 2014 launched Vanbandhu Kalyan Yojana (VKY) for the welfare of tribal people and particularly to lift human development indices of the tribal people.The scheme was launched on pilot basis in one block each of the States of Andhra Pradesh, Madhya Pradesh, Himachal Pradesh, Telangana, Odisha, Jharkhand, Chhattisgarh, Rajasthan, Maharashtra and Gujarat. Under the scheme, the Union Government will provide 10 crore rupees for each block for the development of various facilities for the tribal people. These blocks have been selected on the recommendations of the concerned States and have a very low literacy rate. Hence, statement (1) is not correct. The scheme mainly focuses on bridging infrastructural gaps and gap in human development indices between scheduled tribes and other social groups. © examsnet.com"
CDS-2015-I-GK-120,2015,GK,General Knowledge,General Knowledge,General Knowledge | UPSC CDS | Prelims,medium,Which of the following statements with regard to the proposed Asian Infrastructure Investment Bank is/are correct ? 1. India is one of the founding members of the Bank. 2. The Bank is to be headquartered in Shanghai. Select the correct answer using the code given below : [2015 CDS-I],1 only,2 only,Both 1 and 2,Neither 1 nor 2,A,"Solution: Only statement (1) is correct with regard to the proposed AsianInfrastructure Investment Bank (AIIB). India along with the other 20 member nations is the founding member of the AIIB and had signed agreement in this regard in October 2014. It should be noted that India is the second largest shareholder of AIIB (after China). The bank will lend designed finance to the infrastructure projects, like construction of roads, ports, railways, etc. in Asia. AIIB is a multilateral development bank proposed by China, which seeks to provide support to the infrastructure projects in Asia. TheBank is to be headquartered in Beijing (not Shanghai). Hence,statement (2) is not correct. © examsnet.com"
