ID,Year,Paper,Subject,Topics,Tags,Difficulty,Question,Option_A,Option_B,Option_C,Option_D,Correct_Answer,Explanation
"aaa21a48-a8cd-43f7-a3a2-735e2eeb05a0","2011","GS","Ancient History","Vedic Period","Vedic Civilization | Dharma | Rita | Ancient Indian Philosophy | Cosmic Order","medium","The “dharma” and “Rita” depict a central idea of ancient Vedic civilization of India. In this context, consider the following statements: 1. Dharma was a conception of obligations and of the discharge of one’s duties to oneself and to others. 2. Rita was the fundamental moral law governing the functioning of the universe and all it contained. Which of the statements given above is/are correct?","1 only","2 only","Both 1 and 2","Neither 1 nor 2","C","**Statement 1 is Correct:** In the Vedic tradition, Dharma refers to the moral and religious duties, obligations, and conduct expected of an individual to maintain social and cosmic harmony. **Statement 2 is Correct:** Rita represents the fundamental cosmic order and moral law that regulates the functioning of the universe, including the natural cycles and the ethical conduct of all beings."
"4cc4fdb2-2045-449b-830e-78c206f2a48e","2011","GS","Ancient History","Indus Valley Civilisation","Indus Valley Civilization | Harappan Civilization | Secularism in Ancient India | Ancient Indian Religion | Ancient Indian Economy | Cotton Production in Ancient India","medium","Regarding the Indus Valley Civilization, consider the following statements: 1. It was predominantly a secular civilization and the religious element, though present, did not dominate the scene, 2. During this period, cotton was used for manufacturing textiles in India. Which of the statements given above is/are correct?","1 only","2 only","Both 1 and 2","Neither 1 nor 2","C","**Statement 1 is Correct:** The Indus Valley Civilization is considered predominantly secular because, unlike contemporary civilizations in Mesopotamia and Egypt, no monumental religious structures like temples or grand royal tombs have been discovered. While religious elements existed—evidenced by the Pashupati seal, Mother Goddess figurines, and fire altars—they did not dominate the socio-political or administrative structure of the civilization. **Statement 2 is Correct:** The Harappans were the earliest people in the world to produce cotton. Archaeological evidence, including fragments of woven cotton cloth found at Mohenjo-Daro and the presence of numerous spindle whorls, confirms that cotton was widely used for manufacturing textiles during this period."
"75ff2fbd-82b8-47db-9a1c-88480ec41bbd","2011","GS","Ancient History","Gupta Empire | Satavahana Era | Early Cholas | Janapadas and Mahajanapadas | Harshavardhan's Period","Ancient Indian History | Maritime History | Bay of Bengal | Trade Routes | Cultural Exchange","hard","India maintained its early cultural contacts and trade links with Southeast Asia across the Bay of Bengal. For this preeminence of early maritime history of the Bay of Bengal, which of the following could be the most convincing explanation/explanations?","As compared to other countries, India had a better ship-building technology in ancient and medieval times.","The rulers of southern India always patronized traders, Brahmin priests and Buddhist monks in this context.","Monsoon winds across the Bay of Bengal facilitated sea voyages.","Both a and b are convincing explanations in this context.","C","Indians had knowledge of monsoon winds since ancient times, and these winds across the Bay of Bengal played a crucial role in facilitating sea voyages. The monsoon winds not only enabled the movement of large ships but also smaller boats, allowing people and traders to travel to neighboring countries even without promotion by rulers[1]. This natural phenomenon provided a consistent and reliable means of maritime transportation. The seasonally reversing winds in the Bay of Bengal are almost consistent during the monsoon period, creating predictable patterns that ancient mariners could utilize for navigation[3]. During the southwest monsoon (May through September), southwesterly winds prevail across the Bay of Bengal, while the northeast monsoon winds dominate during January[3]. These predictable wind patterns allowed sailors to time their voyages according to the seasons, making maritime trade possible and sustainable. While India did have advanced shipbuilding technology dating back to the Harappan Civilization (around 2600-1900 BCE)[2][4], and southern Indian rulers did patronize traders and religious figures[1], the monsoon wind patterns provided the fundamental natural mechanism that made regular maritime trade possible. Without these favorable wind conditions, even the best ships and strongest political support would not have been sufficient to maintain consistent trade routes. The maritime history of India shows that these trade routes were not controlled by a single power[4], suggesting that the natural advantage of monsoon winds was more important than political patronage in establishing and maintaining these connections. The monsoon winds created a natural highway across the Bay of Bengal that facilitated cultural exchange and trade relationships that lasted for centuries. Therefore, option (c) represents the most convincing explanation for India's maritime preeminence in the Bay of Bengal region."
"ffaa43d6-d5da-4985-a810-8a677e0fd0a1","2011","GS","Art & Culture","Religions in India","Jainism | Jain Philosophy | Dharma | Cosmology | Religious Beliefs","medium","The Jain philosophy holds that the world is created and maintained by -","Universal Law","Universal Truth","Universal Faith","Universal Soul","A","Jain philosophy maintains that the universe is eternal (Sasvata) and uncreated, explicitly rejecting the concept of a creator deity. The world is maintained by a **Universal Law** (natural order) through the interaction of six eternal substances (Dravyas): Jiva (soul), Pudgala (matter), Dharma (principle of motion), Adharma (principle of rest), Akasha (space), and Kala (time). These substances are uncreated and indestructible, and their constant interaction governs the functioning of the cosmos without any divine intervention. This natural order ensures that the universe exists and operates according to its own internal laws."
"e5dbb17c-470c-4be2-8572-257d21f512bd","2011","GS","Economy","Industry and Manufacturing","Disinvestment | CPSEs | Central Public Sector Enterprises | Government Finances | Fiscal Deficit","medium","Why is the Government of India disinvesting its equity in the Central Public Sector Enterprises (CPSEs)? 1. The Government intends to use the revenue earned from the disinvestment mainly to pay back the external debt. 2. The Government no longer intends to retain the management control of the CPSEs. Which of the statements given above is/are correct?","1 only","2 only","Both 1 and 2","Neither 1 nor 2","D","Statement 1 is incorrect: The revenue earned from disinvestment is not ""mainly"" used to pay back external debt. Historically, these proceeds were funneled into the National Investment Fund (NIF), where 75% was used for social sector schemes (like health and education) and 25% for the capital requirements of CPSEs. In recent years, disinvestment proceeds have been used to bridge the fiscal deficit and fund large-scale Capital Expenditure (Capex) in infrastructure. India's external debt is relatively small compared to its internal debt, and specific earmarking for external debt repayment is not a policy objective of disinvestment. Statement 2 is incorrect: This is a broad generalization that ignores the distinction between types of disinvestment. In Minority Disinvestment, the government sells a portion of its shares but retains at least 51% equity and full management control. Under the New PSE Policy (2021), CPSEs are divided into Strategic and Non-Strategic sectors. In strategic sectors (like Atomic Energy, Space, and Defense), the government intends to maintain a ""bare minimum"" presence, meaning it does intend to retain control in certain key areas. Management control is only transferred in cases of Strategic Disinvestment or privatization."
"71d8bab9-79bb-40d3-9445-a20771c8b4b8","2011","GS","Economy","Trade and External Sector","Current Account Deficit | Devaluation | Currency Exchange Rate | Export Subsidies | International Trade","medium","Consider the following actions which the Government can take: 1. Devaluing the domestic currency. 2. Reduction in the export subsidy. 3. Adopting suitable policies which attract greater FDI and more funds from FIIs. Which of the above action/actions can help in reducing the current account deficit?","1 and 2","2 and 3","3 only","1 and 3","D","**Statement 1 is correct:** Devaluation of a currency means a deliberate downward adjustment of the value of a country's currency relative to another currency. This makes domestic goods cheaper for foreigners (boosting exports) and foreign goods more expensive for domestic consumers (reducing imports). As exports increase and imports decrease, the trade balance improves, which directly helps in reducing the Current Account Deficit (CAD). **Statement 2 is incorrect:** Export subsidies are financial supports provided by the government to domestic exporters to make their products more competitive in the international market. Reduction in the export subsidy would make Indian goods more expensive abroad, leading to a fall in exports. A decline in exports would worsen the trade balance and, consequently, increase the CAD rather than reducing it. **Statement 3 is correct:** While Foreign Direct Investment (FDI) and Foreign Institutional Investment (FII) are technically recorded under the Capital Account, they play a crucial role in managing the CAD. Financing the Deficit: In the short term, these inflows provide the necessary foreign exchange to bridge the gap created by the CAD. Structural Improvement: In the long term, FDI (especially in manufacturing) promotes ""Import Substitution"" and enhances export capacity, which structurally reduces the CAD."
"99e2bd59-b98b-449b-a4d2-21a9ff3f7c15","2011","GS","Economy","Money, Banking and Monetary Policy | Finance and Financial Markets","Subprime Lending | Teaser Loans | Commercial Banking | Financial Risk | Economic Concerns","medium","Why is the offering of “teaser loans” by commercial banks a cause of economic concern? 1. The teaser loans are considered to be an aspect of subprime lending and banks may be exposed to the risk of defaulters in future. 2. In India, the teaser loans are mostly given to inexperienced entrepreneurs to set up manufacturing or export units. Which of the statements given above is/are correct?","Both 1 and 2","2 only","1 only","Neither 1 nor 2","C","**Statement 1 is Correct:** Teaser loans offer low fixed interest rates for an initial period which later reset to higher floating rates. They are considered an aspect of subprime lending because they can attract borrowers who may struggle with repayments once the rates rise, thereby exposing banks to potential defaults and systemic risk. **Statement 2 is Incorrect:** In India, teaser loans were primarily popularized in the home loan/housing sector (notably by State Bank of India in 2009-2010) to stimulate demand. They were not specifically targeted at inexperienced entrepreneurs or the manufacturing and export sectors."
"2ba46433-c07b-4e0b-9817-0b9f41f3d238","2011","GS","Economy","National Income Accounting | Services and Digital Economy","Indian Economy | GDP Growth Rate | Per Capita Income | Economic Indicators | Economic Trends","medium","In the context of Indian economy consider the following statements : 1. The growth rate of GDP has steadily increased in the last five years. 2. The growth rate in per capita income has steadily increased in the last five years. Which of the statements given above is/are correct?","1 only","2 only","Both 1 and 2","Neither 1 nor 2","D","Statement 1 is incorrect. In the five-year period preceding the time when this question was originally asked (around 2005–06 to 2009–10), India’s GDP growth rate did not increase steadily. It declined sharply during the 2008–09 global financial crisis and then recovered, showing a fluctuating trend rather than a steady increase. Statement 2 is also incorrect. The growth rate of per capita income followed a similar pattern, declining during the global financial crisis and recovering afterward. Hence, it also did not show a steady upward trend. Note for present-day learners: Even in the current context, India’s GDP growth rate and per capita income growth rate have not shown a steady year-on-year increase over any recent five-year period due to shocks such as COVID-19, global economic slowdown, and recovery cycles. Therefore, the core idea tested by this question remains relevant even today: these growth rates tend to fluctuate rather than rise monotonically. Therefore, the correct answer is (d) Neither 1 nor 2."
"f57aed7f-0468-49cc-ad01-526670051885","2011","GS","Economy","Inflation | Introduction to Economics","Inflation | Base Effect | Price Index | Economic Indicators | Year-on-Year Inflation","easy","A rapid increase in the rate of inflation is sometimes attributed to the “base effect”. What is “base effect”?","It is the impact of drastic deficiency in supply due to the failure of crops","It is the impact of the surge in demand due to rapid economic growth","It is the impact of the price levels of the previous year on the calculation of inflation rate","None of the statements a, b and c given above is correct in this context","C","The base effect is the distortion in a monthly inflation figure that results from abnormally high or low levels of inflation in the year-ago month. The inflation rate is calculated as the percentage change in prices compared to the previous year. If prices were unusually low or high in the previous year, it can significantly impact the calculated inflation rate, even if current price changes are moderate. This is known as the ""base effect"". For example, if prices increased by 5% in the current year, but fell by 10% in the previous year, the base effect would result in a very high calculated inflation rate, even though the current year's price increase was modest."
"c3984090-cee7-4f47-a62d-480dc7ffc03b","2011","GS","Economy","Inflation | Introduction to Economics | Agriculture and Allied Activities","Food Inflation | Food Supply Chain | Consumption Patterns | Agricultural Economics | India Economy","medium","India has experienced persistent and high food inflation in the recent past. What could be the reason? 1. Due to a gradual switchover to the cultivation of commercial crops, the area under cultivation of food grains has steadily decreased in the last five years by about 30%. 2. As a consequence of increasing incomes, the consumption patterns of the people have undergone a significant change. 3. The food supply chain has structural constraints. Which of the statements given above are correct?","1 and 2 only","2 and 3 only","1 and 3 only","1, 2 and 3","B","While a shift towards commercial crops impacts the production of food grains, causing a potential decrease in supply, 30% decrease seems exaggerated and not reflective of actual trends. Therefore, statement 1 is not correct. With rising incomes, the demand for high-value food items like fruits, vegetables, dairy, and meat has increased, outpacing the supply growth and contributing to food inflation. Therefore, statement 2 is correct. The food supply chain in India has structural constraints, which can lead to inefficiencies in the distribution of food products. These inefficiencies can cause an increase in food prices, thereby contributing to food inflation. Therefore, statement 3 is correct. Therefore, only statements 2 and 3 are correct."
"27730d1d-5996-40b1-b441-bc43a88c8829","2011","GS","Economy","Introduction to Economics","Crude Oil | Brent Crude Oil | Global Oil Prices | North Sea Oil | Oil Classification","hard","In the context of global oil prices, “Brent crude oil” is frequently referred to in the news. What does this term imply? 1. It is a major classification of crude oil. 2. It is sourced from the north sea. 3. It does not contain sulphur. Which of the statements given above is/are correct?","2 only.","1 and 2 only.","1 and 3 only.","1,2, and 3.","B","Brent crude oil is indeed a major classification of crude oil, which makes statement 1 correct. It serves as a benchmark for global oil prices and is used to set prices for a significant portion of global crude oil. Statement 2 is also correct. Brent crude oil is sourced from oil fields in the North Sea, between the Shetland Islands and Norway. However, statement 3 is incorrect. Brent crude oil does contain sulphur. It has a sulphur content of 0.37%, which is why it is considered less ""sweet"" compared to West Texas Intermediate (WTI) oil, which has a lower sulphur content of 0.24%."
"27fd7fe5-689f-48ee-b094-e429985df725","2011","GS","Economy","Trade and External Sector","Foreign Direct Investment (FDI) | Foreign Institutional Investor (FII) | Investment | Capital Markets | Economic Growth","easy","Both Foreign Direct Investment (FDI) and Foreign Institutional Investor (FII) are related to investment in a country. Which one of the following statements best represents an important difference between the two?","FII helps bring better management skills and technology, while FDI only brings in capital","FII helps in increasing capital availability in general, while FDI only targets specific sectors","FDI flows only into the secondary market, while FII targets primary market","FII is considered to be more stable than FDI","B","FDI involves direct investment in physical assets or a significant degree of control or influence in the management of a company in a foreign country. It often focuses on specific sectors, such as manufacturing or infrastructure. On the other hand, FII refers to investments made by foreign institutions, such as mutual funds, hedge funds, and pension funds, into the financial markets of a country. FIIs usually invest in a broader range of securities, and their investments can help increase capital availability across various sectors of the economy."
"369c472c-6822-40aa-ab07-a78bf4913b95","2011","GS","Economy","National Income Accounting | Introduction to Economics | Trade and External Sector","Closed Economy | International Trade | Exports and Imports | Economic Systems | Macroeconomics","easy","A “closed economy” is an economy in which -","the money supply is fully controlled","deficit financing takes place","only exports take place","neither exports nor imports take place","D","A closed economy is one that has no trade activity with outside economies. It is self-sufficient, which means no imports come into the country and no exports leave the country. A closed economy's intent is to provide domestic consumers with everything they need from within the country's borders."
"459a6abe-10f8-4125-9a2c-fdb1970231c3","2011","GS","Economy","Agriculture and Allied Activities","Micro-irrigation benefits | Dryland farming irrigation methods | Groundwater conservation through irrigation | Fertilizer use efficiency in micro-irrigation | Water management in agriculture","medium","With reference to micro-irrigation, which of the following statements is/are correct? 1. Fertilizer/nutrient loss can be reduced. 2. It is the only means of irrigation in dryland farming. 3. In some areas of farming, the receding of the groundwater table can be checked. Select the correct answer using the codes given below:","1 only","2 and 3 only","1 and 3 only","1, 2 and 3","C","**Statement 1 is Correct:** Micro-irrigation allows for 'fertigation,' where fertilizers are dissolved and applied directly to the root zone through the irrigation system. This targeted delivery significantly reduces nutrient loss through leaching or surface runoff compared to traditional flood irrigation. **Statement 2 is Incorrect:** Micro-irrigation is a highly efficient method for water-scarce areas, but it is not the 'only' means of irrigation in dryland farming. Dryland agriculture also relies on rain-fed farming, traditional surface irrigation, and various moisture conservation techniques like mulching and rainwater harvesting. **Statement 3 is Correct:** By improving water-use efficiency and reducing the overall quantity of water required for cultivation, micro-irrigation decreases the pressure on aquifers. This reduction in over-extraction helps in checking the receding groundwater table in many farming regions."
"42f3e7a8-8703-4ded-8c41-7a7e6a6248ce","2011","GS","Economy","Public Finance in India | Introduction to Economics","Fiscal Policy | Government Spending | Taxation | Economic Growth | Stimulus Package","easy","Which one of the following statements appropriately describes the “fiscal stimulus”?","It is a massive investment by the Government in the manufacturing sector to ensure the supply of goods to meet the demand surge caused by rapid economic growth","It is an intense affirmative action of the Government to boost economic activity in the country","It is the Government’s intensive action on financial institutions to ensure disbursement of loans to agriculture and allied sectors to promote greater food production and contain food inflation","It is an extreme affirmative action by the Government to pursue its policy of financial inclusion","B","A fiscal stimulus refers to a set of policy measures—specifically increased government spending or tax cuts—designed to ""kickstart"" a sluggish economy. - Why (B) is correct: It describes the government taking proactive (""affirmative"") steps to increase the total demand in the economy, thereby boosting overall economic activity. - Why others are incorrect: (A) focuses only on the manufacturing sector, whereas stimulus is broad-based. - (C) describes a targeted credit policy or monetary intervention, not a broad fiscal one. - (D) refers to ""Financial Inclusion"" (bringing the unbanked into the formal system), which is a long-term structural goal, not a short-term stimulus."
"a4c873d4-e4d5-4c65-907e-5cc397f65809","2011","GS","Economy","Trade and External Sector | Services and Digital Economy","International Trade | Exports | Tourism | Service Exports | WTO","medium","In terms of economy, the visit by foreign nationals to witness the XIX Common Wealth Games in India amounted to","Export","Import","Production","Consumption","A","The visit of foreign nationals to India for the XIX Commonwealth Games can be considered as an export in economic terms. This is because when these foreign nationals come to India, they bring foreign currency with them and spend it in India on various goods and services. This spending is equivalent to them buying Indian goods and services, which is why it is considered an export. This falls under the Mode 2 type of service under WTO norms, where consumption of a service happens in the territory of the service provider."
"a9cdf3f0-50be-407c-914e-17a6f857ede2","2011","GS","Economy","Agriculture and Allied Activities","Agriculture Credit | Priority Sector Lending (PSL) | Commercial Banks | Cooperative Banks | Regional Rural Banks | Microfinance Institutions","medium","In India, which of the following have the highest share in the disbursement of credit to agriculture and allied activities?","Commercial Banks","Cooperative Banks","Regional Rural Banks","Microfinance Institutions","A","In India, the sector of agriculture and its allied activities receive the highest amount of credit from Commercial Banks. This is due to the mandate by the Reserve Bank of India (RBI) for Priority Sector Lending (PSL), which includes domestic and foreign commercial banks. Commercial banks disburse around 60% of the credit to agriculture and allied activities, which is the highest share compared to Cooperative Banks, Regional Rural Banks, and Microfinance Institutions."
"dae7aad6-26f9-4535-971b-7178b8ee74eb","2011","GS","Economy","Money, Banking and Monetary Policy","Monetary Policy | Reserve Bank of India (RBI) | Bank Rate | Liquidity | Commercial Banks","medium","The lowering of Bank Rate by the Reserve Bank of India leads to -","More liquidity in the market","Less liquidity in the market","No change in the liquidity in the market","Mobilization of more deposits by commercial banks","A","A bank rate is the interest rate at which a nation's central bank lends money to domestic banks. Managing the bank rate is a method by which central banks affect economic activity. When the Reserve Bank of India (RBI) lowers the Bank Rate, it becomes cheaper for commercial banks to borrow from the RBI. This incentivizes commercial banks to borrow more funds from the RBI, leading to an increase in the liquidity available to them. With more liquidity available, commercial banks are likely to lend more to businesses and individuals, thereby increasing the overall liquidity in the market."
"cef13af6-b5ff-49c8-8777-7e05439e4da5","2011","GS","Economy","Finance and Financial Markets","Microfinance | Financial Inclusion | Financial Services | Microcredit | Savings Accounts","medium","Microfinance is the provision of financial services to people of low-income groups. This includes both the consumers and the self-employed. The service/services rendered under micro-finance is/are: 1. Credit facilities 2. Savings facilities 3. Insurance facilities 4. Fund Transfer facilities Select the correct answer using the codes given below the lists:","1 only","1 and 4 only","2 and 3 only","1, 2, 3 and 4","D","Microfinance refers to the provision of financial services to low-income individuals or groups who typically don't have access to traditional banking services. Microfinance institutions provide small loans or microcredit to the poor who do not have any collateral. This is one of the most common services provided under microfinance. Many microfinance institutions also offer savings accounts. Some microfinance institutions provide micro-insurance products to cover health, life, and other insurances for low-income individuals and families. Microfinance services also include fund transfers. These institutions provide remittance services to help individuals send and receive money, especially in areas where banking services are scarce. Therefore, all the services listed in the question are provided under microfinance."
"e6c1303f-be30-4f06-afa4-948ac1430bf0","2011","GS","Economy","Food Processing","Food Processing Industry | Mega Food Parks | Infrastructure Development | Perishable Goods | Food Wastage Reduction","medium","With what purpose is the Government of India promoting the concept of “Mega Food Parks”? 1. To provide good infrastructure facilities for the food processing industry 2. To increase the processing of perishable items and reduce wastage 3. To provide emerging and eco-friendly food processing technologies to entrepreneurs Select the correct answer using the codes given below:","1 only","1 and 2 only","2 and 3 only","1, 2 and 3","D","**Statement 1 is Correct:** The Mega Food Park scheme aims to provide modern infrastructure for food processing units through a cluster-based approach, creating a mechanism to link agricultural production to the market. **Statement 2 is Correct:** A primary objective of the scheme is to reduce the wastage of perishables and increase the shelf life of products by enhancing processing levels and providing cold chain facilities. **Statement 3 is Correct:** The scheme facilitates the adoption of modern, emerging, and eco-friendly food processing technologies by providing state-of-the-art shared infrastructure and support services to entrepreneurs."
"277d511b-d853-42a7-b0c6-68b40238ee3d","2011","GS","Economy","Taxation in India","Value Added Tax (VAT) | Indirect Taxation | State Government Taxation | Goods and Services Tax (GST) | Indian Tax System","easy","Which one of the following is not a feature of “Value Added Tax”?","It is a multi-point destination-based system of taxation","It is a tax levied on value addition at each stage of the transaction in the production-distribution chain","It is a tax on the final consumption of goods or services and must ultimately be borne by the consumer","It is basically a subject of the Central Government and the State Governments are only a facilitator for its successful implementation","D","Statement A is technically not a feature: The pre-GST VAT system in India was an origin-based tax. The ""destination-based"" system is the hallmark of the current GST regime. (Note: While globally VAT is often destination-based, in Indian tax history, this distinction is critical). Statement B is a feature: VAT is designed to be levied only on the value added at each stage of the production-distribution chain, which eliminates the cascading effect of taxes. Statement C is a feature: As an indirect tax on consumption, the total tax burden of VAT is shifted along the supply chain and is ultimately borne by the final consumer. Statement D is not a feature (Correct Answer): Under the Indian Constitution (Entry 54 of the State List), VAT was a State subject. The State Governments had full authority over its legislation, administration, and collection; they were the primary actors, not facilitators for the Central Government."
"2791ff7a-9c66-4671-ac24-19c0a382c579","2011","GS","Economy","Inflation | Introduction to Economics","Economic Growth | Inflation | Deflation | Stagflation | Hyperinflation","easy","Economic growth is usually coupled with -","Deflation","Inflation","Stagflation","Hyperinflation","B","Economic growth has inflation as a usual consequence as prices rise for goods with people having higher purchasing power and more money circulation in the system. But the contrary is not true i.e., inflation in the economy does not mean that growth is happening. It's a one-way causal relationship and not two-way."
"6e283d8c-8cd0-4cd5-9956-d30849809d08","2011","GS","Environment & Ecology","Wet Land Ecosystem | Institutional Measures for Environment Conservation","Mangrove Ecosystem | Coastal Hazards | Tsunami Mitigation | Natural Disasters | Environmental Protection","medium","The 2004 Tsunami made people realize that mangroves can serve as a reliable safety hedge against coastal calamities. How do mangroves function as a safety hedge?","The mangrove swamps separate the human settlements from the sea by a wide zone in which people neither live nor venture out","The mangroves provide both food and medicines which people are in need of after any natural disaster","The mangrove trees are tall with dense canopies and serve as an excellent shelter during a cyclone or tsunami","The mangrove trees do not get uprooted by storms and tides because of their extensive roots","D","Mangroves act as a reliable safety hedge against coastal calamities like tsunamis and cyclones primarily because of their extensive and complex root systems (such as prop roots and pneumatophores). These roots anchor the trees firmly into the muddy soil, ensuring they do not get uprooted even by high-velocity waves or strong storm surges. By standing firm, mangrove forests dissipate the energy of the waves and act as a physical buffer, significantly reducing the impact of the water on inland areas and human settlements."
"5df439b4-95e2-4cd0-a3f3-0c7832c47227","2011","GS","Environment & Ecology","Environmental Pollution","Ozone Layer Depletion | Stratospheric Ozone | Chlorofluorocarbons (CFCs) | Antarctic Ozone Hole | Polar Stratospheric Clouds","medium","The formation of the ozone hole in the Antarctic region has been a cause of concern. What could be the reason for the formation of this hole?","Presence of prominent tropospheric turbulence; and inflow of chlorofluorocarbons","Presence of prominent polar front and stratospheric clouds; and inflow of chlorofluorocarbons","The absence of polar front and stratospheric clouds; and inflow of methane and chlorofluorocarbons","Increased temperature in the polar region due to global warming","B","The formation of the ozone hole over the Antarctic is driven by unique meteorological and chemical conditions: 1. **Polar Vortex (Polar Front):** During the Antarctic winter, a strong circumpolar wind system known as the polar vortex develops. This isolates the air over the continent, preventing warmer, ozone-rich air from the tropics from mixing with the polar air. 2. **Polar Stratospheric Clouds (PSCs):** Within this isolated, extremely cold vortex (temperatures below -78°C), Polar Stratospheric Clouds form. These clouds provide a solid surface for chemical reactions that do not occur elsewhere in the atmosphere. 3. **Role of CFCs:** Chlorofluorocarbons (CFCs) transported to the stratosphere release chlorine atoms. On the surface of PSCs, inactive chlorine compounds are converted into highly reactive forms. 4. **Springtime Activation:** When sunlight returns in the Antarctic spring (September/October), UV radiation triggers the reactive chlorine to rapidly destroy ozone molecules in a catalytic cycle, leading to the 'hole'. Option B correctly identifies the combination of the polar front (vortex), stratospheric clouds, and the presence of CFCs as the primary causes."
"25b1ce29-85a1-446d-82b9-0eb3facda3f6","2011","GS","Environment & Ecology","","Bioasphalt | Renewable Resources | Sustainable Road Construction | Environmental Impact of Construction Materials | Union Budget","medium","In the Union Budget 2011-12, a full exemption from basic customs duty was extended to the bio-based asphalt (bioasphalt). What is the importance of this material? 1. Unlike traditional asphalt, bio-asphalt is not based on fossil fuels. 2. Bioasphalt can be made from non-renewable resources. 3. Bioasphalt can be made from organic waste materials. 4. It is eco-friendly to use bioasphalt for surfacing of the roads. Which of the statements given above are correct?","1, 2 and 3 only","1, 3 and 4 only","2 and 4 only","1, 2, 3 and 4","B","**Statement 1 is Correct:** Bio-asphalt is derived from biological sources such as plants and organic waste, unlike traditional asphalt (bitumen) which is a semi-solid form of petroleum, a fossil fuel. **Statement 2 is Incorrect:** Bio-asphalt is specifically characterized by its use of renewable resources (biomass) to reduce reliance on non-renewable petroleum-based products. **Statement 3 is Correct:** It can be produced from a wide variety of organic waste materials, including lignin, cellulose, palm oil waste, rice/corn starches, and even treated sewage effluent. **Statement 4 is Correct:** Using bio-asphalt for road surfacing is eco-friendly as it reduces the carbon footprint and environmental pollution associated with the heating and application of traditional petroleum-based bitumen."
"02b93a45-9799-4592-82c3-66c39d500222","2011","GS","Environment & Ecology","Aquatic Ecosystem | Biodiversity Basics","Marine Ecology | Upwelling | Ecosystem Productivity | Nutrient Cycling | Phytoplankton","hard","In the context of ecosystem productivity, marine upwelling zones are important as they increase the marine productivity by bringing the: 1. decomposer microorganisms to the surface. 2. nutrients to the surface. 3. bottom-dwelling organisms to the surface. Which of the statements given above is/are correct?","1 and 2","2 only","2 and 3","3 only","B","Marine upwelling zones are regions where deep, cold water rises towards the surface. This upwelling water is rich in nutrients that ""fertilize"" the surface waters, promoting the growth of phytoplankton, which forms the base of the marine food chain. Therefore, statement 2 is correct. However, upwelling does not necessarily bring decomposer microorganisms or bottom-dwelling organisms to the surface. Decomposer microorganisms are found throughout the water column, not just in deep waters, and bottom-dwelling organisms are typically adapted to life at the seafloor and do not rise to the surface. Therefore, statements 1 and 3 are not correct."
"3c7742a6-5fb4-4d6d-89d8-8cffb666cc25","2011","GS","Environment & Ecology","Institutional Measures for Environment Conservation | Important Reports and Indices | International Environmental Framework | Conservation Efforts","IUCN Red List | Threatened Species | Biodiversity Conservation | Endangered Species | International Union for Conservation of Nature","medium","The “Red Data Book” published by the International Union for Conservation of Nature and Natural Resources (IUCN) contains lists of - 1. Endemic plant and animal species present in the biodiversity hotspots, 2. Threatened plant and animal species. 3. Protected sites for conservation of nature and natural resources in various countries. Select the correct answer using the codes given below:","1 and 3","2 only","2 and 3","3 only","B","**Statement 1 is Incorrect:** The Red Data Book (IUCN Red List) assesses the global extinction risk of species rather than specifically listing endemic species within biodiversity hotspots. The concept of biodiversity hotspots was developed by Norman Myers and is maintained by Conservation International. **Statement 2 is Correct:** The primary objective of the IUCN Red List is to provide a comprehensive inventory of the conservation status of biological species. It categorizes species into groups such as Critically Endangered, Endangered, and Vulnerable based on their risk of extinction. **Statement 3 is Incorrect:** Protected sites for conservation are not listed in the Red Data Book. Information regarding protected areas is managed through the World Database on Protected Areas (WDPA), which is a joint initiative between IUCN and the United Nations Environment Programme (UNEP)."
"17142fa0-0d1f-4b66-8455-3001dd584217","2011","GS","Environment & Ecology","Environmental Pollution","Soil Salinity | Salinization Effects | Irrigation Impacts | Soil Degradation | Environmental Issues","medium","Salinization occurs when the irrigation water accumulated in the soil evaporates, leaving behind salts and minerals. What are the effects of salinization on the irrigated land?","It greatly increases the crop production","It makes some soils impermeable","It raises the water table","It fills the air spaces in the soil with water","B","Soil salinization occurs when water-soluble salts accumulate in the soil to a level that impacts on agricultural production, environmental health, and economics. - Salt at higher level causes soil aggregates to break down, collapsing soil pores and reducing the movement of water and air. This makes soil impermeable. - In the early stages, salinity affects the metabolism of soil organisms and reduces soil productivity, but in advanced stages it destroys all vegetation and other organisms living in the soil, consequently transforming fertile and productive land into barren and desertified lands."
"7b8ae10c-5564-48ae-924a-9f28e9458697","2011","GS","Environment & Ecology","Environmental Pollution","Microbial Fuel Cells (MFCs) | Sustainable Energy | Bioenergy | Wastewater Treatment | Environmental Biotechnology","hard","Microbial fuel cells are considered a source of sustainable energy. Why? 1. They use living organisms as catalysts to generate electricity from certain substrates. 2. They use a variety of inorganic materials as substrates. 3. They can be installed in wastewater treatment plants to cleanse water and produce electricity. Which of the following statements given above is/ are correct?","1 only.","2 and 3 only.","1 and 3 only.","1, 2, and 3","C","**Statement 1 is Correct:** Microbial Fuel Cells (MFCs) utilize living microorganisms, such as electroactive bacteria, as biocatalysts to oxidize organic matter and convert chemical energy directly into electrical energy. **Statement 2 is Incorrect:** MFCs primarily use organic substrates (such as glucose, acetate, or organic waste) to generate electricity. They do not use a variety of inorganic materials as substrates; the process specifically relies on the decomposition of organic compounds. **Statement 3 is Correct:** MFCs can be integrated into wastewater treatment processes where bacteria consume organic pollutants in the water, effectively purifying the water while simultaneously producing electricity as a byproduct."
"30e4ee46-f65d-4553-a99a-a63981ff0c59","2011","GS","Environment & Ecology","Climate Change Mitigation | Climate Change","Carbon Cycle | Oceanic Carbon Sink | Phytoplankton | Greenhouse Gases | Climate Change","hard","Human activities in the recent past have caused the increased concentration of carbon dioxide in the atmosphere, but a lot of it does not remain in the lower atmosphere because of : 1. its escape into the outer stratosphere. 2. the photosynthesis by phytoplankton in the oceans. 3. the trapping of air in the polar ice caps. Which of the statements given above is/are correct?","1 and 2","2 only","2 and 3","3 only","B","One of the significant processes that remove carbon dioxide from the atmosphere is photosynthesis by phytoplankton in the oceans. Phytoplankton, through photosynthesis, absorb carbon dioxide from the atmosphere and convert it into organic carbon, which can then be stored in the ocean or passed through the marine food web. Carbon dioxide does not typically escape into the outer stratosphere as a mechanism to reduce its concentration in the atmosphere. While trapping of air in the polar ice caps may occur, it is not a significant process for reducing the concentration of carbon dioxide in the atmosphere."
"e208916d-1c83-45af-be53-1ed9dd552d59","2011","GS","Environment & Ecology","Conservation Efforts","Bioremediation | Oil Spill Cleanup | Environmental Technology | Oil Sludge Remediation | Hydrocarbon Degradation","medium","Recently, ""oil zapper"" was in the news. What is it?","It is an eco-friendly technology for the remediation of oily sludge and oil spills.","It is the latest technology developed for under-sea oil exploration.","It is a genetically engineered high biofuel-yielding maize variety.","It is the latest technology to control the accidentally caused flames from oil wells.","A","Oilzapper is used to get rid of oil from a surface. Oil Zapping is a bio-remediation technique involving the use of oil zapping bacteria. Oilzapper feeds on hydrocarbon compounds present in crude oil and the hazardous hydrocarbon waste generated by oil refineries. It converts oil sludges into harmless CO2 and water."
"f855e173-f431-444c-80fb-d9089c17b6d2","2011","GS","Environment & Ecology","Climate Change Mitigation | Climate Change | International Environmental Framework","Carbon Credits | Kyoto Protocol | Greenhouse Gas Emissions | Climate Change Mitigation | Carbon Market","easy","Regarding “carbon credits”, which one of the following statements is not correct?","The carbon credit system was ratified in conjunction with the Kyoto Protocol","Carbon credits are traded at a price fixed from time to time by the United Nations Environment Programme","The goal of the carbon credit system is to limit the increase of carbon dioxide emission","Carbon credits are awarded to countries or groups that have reduced greenhouse gases below their emission quota","B","A carbon credit is a permit that allows the holder to emit one ton of carbon dioxide or an equivalent amount of a different greenhouse gas. - **Statement A is correct:** The carbon credit system was formalized under the Kyoto Protocol (1997) to provide a market-based mechanism for countries to meet their emissions targets. - **Statement C is correct:** The fundamental objective of the system is to reduce or limit the overall emission of greenhouse gases, particularly CO2, to mitigate climate change. - **Statement D is correct:** Credits are issued to entities that reduce their emissions below a specified quota or baseline. These credits can then be sold to others who exceed their limits. - **Statement B is incorrect:** The price of carbon credits is not fixed by the United Nations Environment Programme (UNEP) or any other international body. Instead, it is determined by market forces of supply and demand within carbon trading markets (such as the EU Emissions Trading System)."
"52f8468c-2835-4682-8668-46cc370c0ead","2011","GS","Environment & Ecology","Biodiversity Basics","Himalayan Biodiversity | Biogeographical Zones | Species Diversity | Environmental Factors | UPSC Environment & Ecology","medium","The Himalayan Range is very rich in species diversity. Which one among the following is the most appropriate reason for this phenomenon?","It has a high rainfall that supports luxuriant vegetative growth","It is a confluence of different biogeographical zones","Exotic and invasive species have not been introduced in this region","It has less human interference","B","The Himalayan Range is indeed very rich in species diversity. This is primarily due to the fact that it is a confluence of different biogeographical zones. Each of these zones has its unique features, which contribute to the differences in climate conditions. These varying climate conditions, in turn, support a wide variety of plants and animals, leading to high species diversity. While high rainfall, absence of exotic and invasive species, and less human interference can contribute to species diversity, they are not the primary reasons for the high species diversity in the Himalayan Range. Therefore, the most appropriate reason is that the Himalayan Range is a confluence of different biogeographical zones."
"34bb9113-e497-4e3d-9774-20a7046c9fb5","2011","GS","Environment & Ecology","Aquatic Ecosystem","Harmful Algal Blooms | Eutrophication | Nutrient Pollution | Coastal Ecology | Oceanographic Processes","medium","There is a concern over the increase in harmful algal blooms in the seawaters of India. What could be the causative factors for this phenomenon? 1. Discharge of nutrients from the estuaries. 2. Run-off from the land during the monsoon. 3. Upwelling in the seas. Select the correct answer from the codes given below:","1 only","1 and 2 only","2 and 3 only","1, 2 and 3","D","Nutrients such as nitrogen and phosphorus from agricultural run-off, sewage, and industrial waste can feed algal blooms, leading to their increase. The monsoon brings heavy rains that wash more nutrients from the land into the sea, further contributing to nutrient enrichment of coastal waters and stimulating algal blooms. Upwelling brings nutrient-rich cold water from the deep sea to the surface. These nutrients can fuel the growth of algae, leading to blooms. While upwelling is a natural process, its effects can exacerbate the conditions that lead to harmful algal blooms when combined with excessive nutrient levels from human activities. Therefore, all three factors mentioned in the options can contribute to the increase in harmful algal blooms in the seawaters of India."
"9a3cc95a-8217-43ac-8ea9-8aefafbedf63","2011","GS","Environment & Ecology","Contemporary Environmental Issues | Conservation Efforts | Protected Area Network","Indian Wild Ass | Wildlife Conservation | Habitat Loss | Endangered Species | Desert Ecology","hard","A sandy and saline area is the natural habitat of an Indian animal species. The animal has no predators in that area but its existence is threatened due to the destruction of its habitat. Which one of the following could be that animal?","Indian wild buffalo","Indian wild ass","Indian wild boar","Indian gazelle","B","The Indian wild ass, also known as the khur, is native to the sandy and saline deserts of India. This animal has adapted to the harsh conditions of its habitat, which includes sandy and saline areas where vegetation is sparse. One of the main threats to the existence of the Indian wild ass is the destruction of its habitat. The other options, Indian wild buffalo, Indian wild boar, and Indian gazelle, are not specifically adapted to sandy and saline habitats."
"ad221df8-daae-4319-9e11-0da3774eb83b","2011","GS","Environment & Ecology","Biodiversity Basics | Protected Area Network | Indian Biodiversity - Flora | Contemporary Environmental Issues | Important Reports and Indices","Biodiversity Hotspots | Western Ghats | Indo-Burma Region | Endemism | Threat Perception","medium","Three of the following criteria have contributed to the recognition of Western Ghats-Sri Lanka and Indo-Burma regions as hotspots of biodiversity: 1. Species richness 2. Vegetation density 3. Endemism 4. Ethno-botanical importance 5. Threat perception 6. Adaptation of flora and fauna to warm and humid conditions Which three of the above are the correct criteria in this context?","1, 2 and 6","2, 4 and 6","1, 3 and 5","3, 4 and 6","C","**Statement 1 is Correct:** Species richness is a fundamental aspect of the hotspot criteria, as a region must harbor at least 1,500 species of vascular plants (>0.5% of the world’s total) to qualify. **Statement 2 is Incorrect:** Vegetation density refers to the physical thickness of plant cover, which is not a criterion for hotspot designation; even sparsely vegetated areas can be hotspots if they meet endemism and threat levels. **Statement 3 is Correct:** Endemism is a primary criterion defined by Conservation International; the 1,500 vascular plants mentioned above must be endemic, meaning they are found nowhere else on Earth. **Statement 4 is Incorrect:** Ethno-botanical importance refers to the relationship between people and plants. While culturally significant, it is not a formal scientific criterion for identifying a biodiversity hotspot. **Statement 5 is Correct:** Threat perception is the second essential criterion; a region must have lost at least 70% of its original natural vegetation (retaining 30% or less) to be recognized as a hotspot. **Statement 6 is Incorrect:** Adaptation to warm and humid conditions is not a requirement. Biodiversity hotspots are found across various climatic zones, including Mediterranean and temperate regions, not just tropical ones."
"f3db1428-0b68-4220-9e67-518b5d1c7d91","2011","GS","Environment & Ecology","Institutional Measures for Environment Conservation","In-situ Conservation | Ex-situ Conservation | Biodiversity Conservation | Protected Areas | National Parks | Wildlife Sanctuaries | Biosphere Reserves | Botanical Gardens","medium","Which one of the following is not a site for the in-situ method of conservation of flora?","Biosphere Reserve","Botanical Garden","National Park","Wildlife Sanctuary","B","Botanical Gardens are a method of **ex-situ conservation**, which involves the protection and management of species outside their natural habitats in controlled environments. In contrast, Biosphere Reserves, National Parks, and Wildlife Sanctuaries are examples of **in-situ conservation**, where flora and fauna are protected within their original natural ecosystems. In-situ conservation focuses on maintaining the genetic diversity of species in their natural populations."
"d75261af-4f24-422e-aa3c-263cb5dadef5","2011","GS","Environment & Ecology","Functions of Ecosystem","Carbon Cycle | Photosynthesis | Respiration | Decomposition | Volcanic Activity","easy","Consider the following : 1. Photosynthesis. 2. Respiration. 3. The decay of organic matter. 4. Volcanic action. Which of the above add carbon dioxide to the carbon cycle on Earth?","1 and 4 only","2 and 3 only","2, 3 and 4 only","1,2,3 and 4","C","Photosynthesis actually consumes carbon dioxide, converting it into organic matter using sunlight, so it doesn't add CO2 to the atmosphere. Respiration by plants and animals converts organic matter back into carbon dioxide, releasing it into the atmosphere. The decay of organic matter by decomposers also releases carbon dioxide back into the atmosphere as part of the decomposition process. Volcanic action emits carbon dioxide directly into the atmosphere from the Earth's interior. Therefore, the processes that add carbon dioxide to the carbon cycle are 2, 3, and 4."
"ecb79511-47cb-4281-bb59-6a89ec7149e6","2011","GS","Environment & Ecology","National Environmental Legislations | Institutional Measures for Environment Conservation","Biodiversity Conservation | Environmental Laws in India | Import and Export Control Act | Mining and Mineral Development Act | Customs Act | Indian Forest Act","hard","With reference to India, consider the following Central Acts: 1. Import and Export (Control) Act, 1947 2. Mining and Mineral Development (Regulation) Act, 1957 3. Customs Act, 1962 4. Indian Forest Act, 1927 Which of the above Acts have relevance to/bearing on the biodiversity conservation in the country?","1 and 3 only","2, 3 and 4 only","1, 2, 3 and 4","None of the above Acts","C","Let's consider each Act one by one The Import and Export (Control) Act, 1947 regulates the import and export of certain goods. It can have an impact on biodiversity conservation as it can control the import and export of biodiversity-related goods. The Mining and Mineral Development (Regulation) Act, 1957 regulates the mining sector in India, which can have a significant impact on biodiversity through habitat destruction, pollution, etc. The Customs Act, 1962 regulates the import and export of goods into and out of India. It can also have an impact on biodiversity conservation as it can control the import and export of biodiversity-related goods. The Indian Forest Act, 1927 provides for the conservation of forests and for matters connected therewith or ancillary or incidental thereto. It directly relates to biodiversity conservation as it aims to preserve and improve the forest areas, which are rich in biodiversity. Therefore, all these Acts have relevance to/bearing on the biodiversity conservation in the country."
"de85c458-b8ab-4e10-ba53-036a0022cfbe","2011","GS","Environment & Ecology","Contemporary Environmental Issues","Biodiversity | Ecosystem Services | Soil Formation | Soil Erosion | Waste Recycling | Pollination","medium","Biodiversity forms the basis for human existence in the following ways : 1. Soil formation 2. Prevention of soil erosion 3. Recycling of waste 4. Pollination of crops Select the correct answer using the codes given below:","1, 2 and 3 only","2, 3 and 4 only","1 and 4 only","1, 2, 3 and 4","D","Biodiversity is crucial for human existence in numerous ways. It aids in soil formation by contributing to the organic matter and structure of the soil. It also helps in preventing soil erosion as different types of plants and their root systems hold the soil together. Biodiversity plays a significant role in the recycling of waste as various organisms are involved in the decomposition process. Lastly, biodiversity is essential for the pollination of crops. Many insects, birds, and other animals that are part of biodiversity help in the transfer of pollen from the male part of the flower to the female part, leading to the production of fruits and seeds. Therefore, all the four given options are correct."
"0c155438-1adf-40c2-9244-dbe5e01e84d8","2011","GS","Environment & Ecology","Environmental Pollution","Coal Combustion | Thermal Power Plants | Greenhouse Gases | Air Pollution | Environmental Impacts","medium","Consider the following: 1. Carbon dioxide 2. Oxides of Nitrogen 3. Oxides of Sulphur Which of the above is/are the emission/ emissions from coal combustion at thermal power plants?","1 only","2 and 3 only","1 and 3 only","1, 2 and 3","D","When coal is burned in thermal power plants, it releases several types of emissions. One of the primary emissions is Carbon dioxide (CO2), which is a result of the combustion of the carbon present in the coal. In addition to this, the combustion process also results in the formation of Oxides of Nitrogen (NOx) and Oxides of Sulphur (SOx). These are formed due to the reaction of nitrogen and sulphur present in the coal with oxygen in the air. Therefore, all three - Carbon dioxide, Oxides of Nitrogen, and Oxides of Sulphur - are emissions from coal combustion at thermal power plants."
"bb2b0484-d145-4caa-a21b-51e41448eea6","2011","GS","Environment & Ecology","Biodiversity Basics","Biodiversity | Latitudinal Biodiversity Gradient | Altitudinal Biodiversity Gradient | Environmental Factors Influencing Biodiversity | Ecology","medium","Consider the following statements: 1. Biodiversity is normally greater in the lower latitudes as compared to the higher latitudes. 2. Along the mountain gradients, biodiversity is normally greater in the lower altitudes as compared to the higher altitudes. Which of the statements given above is/are correct?","1 only","2 only","Both 1 and 2","Neither 1 nor 2","C","**Statement 1 is Correct:** Biodiversity generally increases from the poles toward the equator (lower latitudes). This is because tropical regions receive more solar energy, leading to higher primary productivity and more stable climatic conditions that support a wider variety of species. **Statement 2 is Correct:** Along mountain gradients, species richness typically decreases as altitude increases. Lower altitudes offer more favorable temperatures, higher oxygen levels, and more diverse habitats, whereas high-altitude environments are characterized by extreme cold and harsh conditions that limit the number of species that can survive."
"b2f1746e-d6dd-4e3d-ad8a-b7bab7aef4c3","2011","GS","Environment & Ecology","Institutional Measures for Environment Conservation","CFL | LED | Energy Efficiency | Environmental Impact | Lighting Technology","medium","What is the difference between a CFL and an LED lamp? 1. To produce light, a CFL uses mercury vapour and phosphor while an LED lamp uses semiconductor material. 2. The average lifespan of a CFL is much longer than that of an LED lamp. 3. A CFL is less energy-efficient as compared to an LED lamp. Which of the statements given above is/are correct?","1 only","2 and 3 only","1 and 3 only","1, 2 and 3","C","Statement 1 is correct. CFLs produce light through the ionization of mercury vapor which, when it collides with the phosphor coating of the bulb, generates visible light. On the other hand, LED lamps produce light using semiconductor material. Statement 2 is incorrect. The average lifespan of an LED lamp is much longer than that of a CFL. While the lifespan of a CFL is around 8,000-10,000 hours, an LED lamp can last up to 50,000 hours. Statement 3 is correct. LED lamps are more energy-efficient compared to CFLs. Despite their higher initial cost, LED bulbs are more cost-effective in the long run due to their higher energy efficiency. Therefore, statements 1 and 3 are correct."
"bd0fad83-4a6a-4915-b1a4-bd2e497e3f71","2011","GS","World Geography","Climatic Regions of the World","Tropical Rainforest Ecology | Soil Nutrient Deficiency | Forest Regeneration | Tropical Deciduous Forest | Biodiversity","medium","If a tropical rainforest is removed, it does not regenerate quickly as compared to a tropical deciduous forest. This is because -","the soil of rainforest is deficient in nutrients","propagules of the trees in a rainforest have poor viability","the rain forest species are slow-growing","exotic species invade the fertile soil of rainforest","A","The tropical rainforest is a complex ecosystem with a high level of biodiversity. When a tropical rainforest is removed, it does not regenerate quickly as compared to a tropical deciduous forest. This is primarily due to the fact that the soil of the rainforest is deficient in nutrients. The high rainfall in these areas washes away the nutrients from the soil, making it less fertile. The other options, such as poor viability of propagules, slow-growing species, and invasion by exotic species, may also contribute to the slow regeneration, but the primary reason is the nutrient-deficient soil."
"dd40b283-cb97-44e9-ae89-5c9c3acd98fb","2011","GS","World Geography","Climatic Regions of the World | Continents","Desert Formation | Subtropical High-Pressure Cells | Atmospheric Circulation | World Geography | Climate Zones","medium","What could be the main reason/reasons for the formation of African and Eurasian desert belt? 1. It is located in the sub-tropical high-pressure cells. 2. It is under the influence of warm ocean currents. Which of the statements given above is/are correct in this context?","1 only.","2 only.","Both 1 and 2.","Neither 1 nor 2.","A","The African and Eurasian desert belt is primarily formed due to its location in the sub-tropical high-pressure cells. These high-pressure areas are characterised by descending air, which is dry and leads to arid conditions, forming deserts. However, the influence of warm ocean currents is not a significant factor in the formation of these desert belts. Warm ocean currents generally increase the moisture content in the air, leading to more precipitation, not desert conditions. Therefore, the correct answer is that the desert belt is located in the sub-tropical high-pressure cells."
"32fcfa8b-f4ae-48b5-8490-95931f062eae","2011","GS","Indian Geography","Population and Settlement","Demographic Dividend in India | Working Age Population India (15-64 years) | Age Structure of Indian Population | Population Composition India | India Population Demographics","easy","India is regarded as a country with “Demographic Dividend”. This is due to:","Its high population in the age group below 15 years","Its high population in the age group of 15-64 years","Its high population in the age group above 65 years","Its high total population","B","India is regarded as a country with a ""demographic dividend"" due to its large working-age population compared to its dependent population (young and old). Working-age population This refers to the population segment that is traditionally in the workforce, typically between the ages of 15 and 64. Dependent population This includes children (usually below 15 years) and older adults (usually above 64 years) who are financially reliant on the working-age population. A large working-age population relative to the dependent population creates a potential for economic growth. This is because more people are contributing to the economy through their labour and taxes, while fewer are relying on social services."
"1afb6143-1ebe-454c-8db9-c9a4e585393c","2011","GS","Indian Geography","Major Physical Divisions of India","Brahmaputra River origin and course | Irrawaddy River origin and course | Mekong River origin and course | Himalayan syntaxial bend | River geomorphology of Himalayas","medium","The Brahmaputra, Irrawaddy and Mekong rivers originate in Tibet and flow through narrow and parallel mountain ranges in their upper reaches. Of these rivers, Brahmaputra makes a “U” turn in its course to flow into India. This “U” turn is due to -","Uplift of folded Himalayan series","Syntaxial bending of geologically young Himalayas","Geo-tectonic disturbance in the tertiary folded mountain chains","Both a and b above","B","The ""U"" turn made by the Brahmaputra River in its course to flow into India is primarily due to the geological phenomenon known as ""syntaxial bending"" of the geologically young Himalayas. Syntaxial bending refers to the bending or folding of rock layers that occurs as a result of the collision and convergence of tectonic plates. In the case of the Brahmaputra River, the collision of the Indian Plate with the Eurasian Plate has resulted in the uplift of the Himalayas and the bending of the river's course. The Brahmaputra River flows from Tibet into India, and as it encounters the geologically young Himalayas, it undergoes a sharp bend in its course, forming the characteristic ""U"" shape."
"4cc58726-b810-478f-832d-d87c819e3c6f","2011","GS","Indian Geography","Drainage System","Indian Rivers | River Systems of India | Odisha Geography | Jharkhand Geography | National Parks and Wildlife Sanctuaries in India","hard","Two important rivers — one with its source in Jharkhand (and known by a different name in Odisha), and another, with its source in Odisha — merge at a place only a short distance from the coast of the Bay of Bengal before flowing into the sea. This is an important site of wildlife and biodiversity and a protected area. Which one of the following could be this?","Bhitarkanika","Chandipur-on-sea","Gopalpur-on-sea","Simlipal","A","The First River: The South Koel originates in the Chota Nagpur Plateau of Jharkhand. It flows into Odisha and joins the Sankh river at Vedvyas (near Rourkela) to form the Brahmani river. The Second River: The Baitarani river originates in the Keonjhar district of Odisha. The Confluence: The Brahmani and Baitarani rivers merge near the coast before emptying into the Bay of Bengal. The Protected Area: This estuarine region forms a massive delta that is home to Bhitarkanika National Park. It is a Ramsar site and a crucial habitat for saltwater crocodiles and Olive Ridley turtles."
"62ec0014-063d-4bda-9957-2b3301d86997","2011","GS","Physical Geography","Atmosphere","Westerlies | Atmospheric Circulation | Southern Hemisphere | Northern Hemisphere | Landmass Distribution","medium","Westerlies in the southern hemisphere are stronger and persistent than in northern hemisphere. Why? 1. The Southern hemisphere has less landmass as compared to the Northern hemisphere. 2. Coriolis force is higher in Southern hemisphere as compared to the Northern hemisphere Which of the statements given above is/are correct?","1 only","2 only","Both 1 and 2","Neither 1 nor 2","A","The westerlies in the southern hemisphere are indeed stronger and more persistent than in the northern hemisphere. This is primarily due to the fact that the southern hemisphere has less landmass compared to the northern hemisphere. The vast expanses of open ocean in the southern hemisphere allow the westerlies to maintain their strength and persistence without being interrupted by landmasses. On the other hand, the Coriolis force, which is a result of Earth's rotation, is not stronger in the southern hemisphere compared to the northern hemisphere. The strength of the Coriolis force is not determined by the hemisphere, but by the latitude. The Coriolis force is strongest at the poles and weakest at the equator. Therefore, only Statement 1 is true."
"152f5a16-3077-4fae-ac49-94b32a982c6e","2011","GS","Physical Geography","Weather Phenomenon","El Nino Southern Oscillation (ENSO) | La Nina | El Nino | Ocean Currents | Climate Patterns","medium","La Nina is suspected to have caused recent floods in Australia. How is La Nina different from El Nino? 1. La Nina is characterised by unusually cold ocean temperature in the equatorial Indian Ocean whereas El Nino is characterised by unusually warm ocean temperatures in the equatorial Pacific Ocean. 2. El Nino has an adverse effect on south-west monsoon of India, but La Nina has no effect on monsoon climate. Which of the statements given above is/are correct?","1 only","2 only","Both 1 and 2","Neither 1 nor 2","D","La Nina and El Nino are both part of the El Nio-Southern Oscillation (ENSO) cycle, which affects weather patterns around the world. La Nina is characterized by unusually cold ocean temperatures in the Equatorial Pacific, not the Indian Ocean as stated in statement 1. Therefore, statement 1 is incorrect. On the other hand, El Nino is characterized by unusually warm ocean temperatures in the Equatorial Pacific. Regarding statement 2, both El Nino and La Nina have effects on the monsoon climate. El Nino tends to weaken the monsoon, leading to drought conditions in India, while La Nina tends to strengthen the monsoon, leading to above-normal rainfall. Therefore, statement 2 is also incorrect."
"6a3d9bdd-a3ae-4f92-a8fa-756ac5745ac2","2011","GS","Physical Geography","Atmosphere","Ionosphere | Earth's Atmosphere | Radio Communication | Electromagnetic Spectrum | Solar Radiation","medium","A layer in the Earth’s atmosphere called Ionosphere facilitates radio communication. Why? 1. The presence of ozone causes the reflection of radio waves to Earth. 2. Radio waves have a very long wavelength. Which of the statements given above is/are correct?","1 only","2 only","Both 1 and 2","Neither 1 nor 2","D","Statement 1 is incorrect: The reflection of radio waves is due to the presence of ions and free electrons in the Ionosphere (Thermosphere), not ozone. The Ozone layer is located in the Stratosphere and absorbs UV rays; it does not reflect radio waves. Statement 2 is incorrect: While radio waves have longer wavelengths than light, the reason they are reflected is due to the refractive index of the ionized plasma. The reflection depends on the Critical Frequency of the ionospheric layer. If a wave's frequency is higher than the critical frequency (even if it has a ""long"" wavelength relative to light), it will pass through into space. Thus, ""having a very long wavelength"" is not the scientific cause of the phenomenon."
"7f21642e-8301-47a8-9748-6c7a82abdc46","2011","GS","Indian Geography","Agriculture","Orchid Cultivation | Climatic Conditions for Agriculture | Indian Geography | Agriculture in India | Export-Oriented Industries","medium","Among the following States, which one has the most suitable climatic conditions for the cultivation of a large variety of orchids with minimum cost of production, and can develop an export-oriented industry in this field?","Andhra Pradesh","Arunachal Pradesh","Madhya Pradesh","Uttar Pradesh","B","Arunachal Pradesh is located in northeastern India and is known for its favourable climatic conditions, which make it an ideal place for orchid cultivation. The state is home to over 600 species of orchids, which account for about 52% of all orchid species in India. The state's abundant rainfall and suitable temperatures contribute to lower production costs compared to other states. Arunachal Pradesh has the potential to develop an export-oriented industry in orchid cultivation and tap into international markets by focusing on quality production and marketing strategies."
"ae6d0176-128f-4f41-a534-ccb10146b327","2011","GS","World Geography","Oceans","Geography of Southeast Asia | Straits and Canals | Malacca Strait | Kra Isthmus | Shipping Routes","easy","Between India and East Asia, the navigation-time and distance can be greatly reduced by which of the following? 1. Deepening the Malacca Straits between Malaysia and Indonesia. 2. Opening a new canal across the Kra isthmus between the Gulf of Siam and Andaman sea. Which of the statements given above is/are correct?","1 only","2 only","Both 1 and 2","Neither 1 nor 2","B","Statement 1 is Incorrect: The Malacca Strait is the main shipping channel between the Indian Ocean and the Pacific Ocean. Deepening the strait would allow ships with a deeper draft (heavier cargo) to pass through, which is currently an issue for very large vessels (""Malaccamax""). However, deepening the existing path does not shorten the geographical distance or reduce the time required to travel the route; the path remains the same length. Statement 2 is Correct: The Kra Isthmus is the narrowest part of the Malay Peninsula in Thailand. A proposed canal here (often called the Thai Canal) would link the Andaman Sea directly to the Gulf of Siam. This canal would allow ships to bypass the long detour through the Malacca Straits, reducing the navigation distance by approximately 1,200 km and the travel time by about 72 hours."
"070bfc23-6abd-4e19-9f58-9475968e0b4b","2011","GS","Indian Geography","Agriculture","Lower Gangetic Plain agriculture | Rice and Jute cultivation | Humid climate crop suitability | Indian agricultural geography | Crop requirements in India","medium","The lower Gangetic plain is characterized by a humid climate with high temperature throughout the year. Which one among the following pairs of crops is most suitable for this region?","Paddy and cotton","Wheat and Jute","Paddy and Jute","Wheat and cotton","C","The lower deltaic plains of the Ganges and Brahmaputra rivers are characterized by swamps and Sundarbans Paddy (rice) The lower Gangetic plain has a humid climate with high temperatures and fertile alluvial soil, which are ideal conditions for growing rice. Rice is a staple food crop in India and this region is a major producer. Jute Jute is a fiber crop that thrives in warm and humid climates with ample water. The riverine delta of the Ganges provides the necessary moisture and fertile land for jute cultivation. India is a leading producer of jute, and a significant portion comes from the lower Gangetic plain. Other crops like wheat and cotton might not be as suitable due to the year-round high temperatures. While wheat prefers cooler winters, cotton requires drier conditions."
"0a47f6e2-75c4-4896-9628-dd55ebf512b9","2011","GS","Indian Geography","Agriculture","Indian Geography | Gujarat Geography | Indian Agriculture | Cash Crops in India | Arid and Semi-Arid Regions of India","medium","A state in India has the following characteristics: 1. Its northern part is arid and semi-arid. 2. Its central part produces cotton. 3. Cultivation of cash crops is predominant over food crops. Which one of the following states has all of the above characteristics?","Andhra Pradesh","Gujarat","Karnataka","Tamil Nadu","B","The state in India with the characteristics described is Gujarat Northern Arid and Semi-Arid The northern part of Gujarat, bordering Rajasthan, experiences a dry climate. Central Cotton Production Gujarat is a major producer of cotton in India, and the central part of the state is known for its cotton cultivation. Cash Crop Predominance Gujarat's agricultural sector focuses heavily on cash crops like cotton, groundnut, and castor oilseed, compared to food crops like rice and wheat."
"daff5adb-1a04-4aa1-be3c-98edbd8ddf15","2011","GS","Physical Geography","Atmosphere","Stratosphere | Atmospheric Layers | Jet Streams | Aviation Meteorology | Wind Shear","hard","The jet aircraft fly very easily and smoothly in the lower stratosphere. What could be the appropriate explanation? 1. There are no clouds or water vapour in the lower stratosphere. 2. There are no vertical winds in the lower stratosphere. Which of the statements given above is/are correct in this context?","1 only","2 only","Both 1 and 2","Neither 1 nor 2","C","**Statement 1 is Correct:** The lower stratosphere is extremely dry and contains very little water vapor or dust. Consequently, it is almost entirely free of clouds and weather-related phenomena, which provides jet pilots with clear visibility and a stable environment. **Statement 2 is Correct:** In the stratosphere, temperature increases with altitude (temperature inversion), which creates a very stable atmospheric layer. This stability prevents the formation of strong vertical winds or convective currents, which are the primary cause of turbulence in the troposphere, thus allowing for a smoother flight."
"36bbdcf8-a783-43c1-9657-3f94a2ecf02c","2011","GS","Indian Polity","Urban Local Bodies","Metropolitan Planning Committee | MPC | Urban Planning | 74th Constitutional Amendment | Article 243ZE","medium","Consider the following statements : In India, a Metropolitan Planning Committee - 1. is constituted under the provisions of the Constitution of India. 2. prepares the draft development plans for the metropolitan area. 3. has sole responsibility for implementing Government sponsored schemes in the metropolitan area. Which of the statements given above is/are correct?","1 and 2 only","2 only","1 and 3 only","1, 2 and 3","A","**Statement 1 is Correct:** Article 243ZE of the Constitution of India, introduced by the 74th Amendment Act of 1992, mandates the constitution of a Metropolitan Planning Committee (MPC) in every metropolitan area. **Statement 2 is Correct:** Under Article 243ZE, the specific function assigned to the Metropolitan Planning Committee is to prepare a draft development plan for the metropolitan area as a whole. **Statement 3 is Incorrect:** The MPC is a planning body rather than an executive one; the responsibility for implementing government-sponsored schemes lies with the respective municipal bodies (Urban Local Bodies) and state government agencies, not solely with the MPC."
"75dd4e71-b5c9-4098-b8ea-dc30489713cb","2011","GS","Indian Polity","","Karl Marx | Class Struggle | Dialectical Materialism | Social Conflict | Historical Change","hard","Karl Marx explained the process of class struggle with the help of which one of the following theories?","Empirical liberalism.","Existentialism.","Darwin’s theory of evolution.","Dialectical materialism.","D","Karl Marx explained the process of class struggle with the help of Dialectical Materialism. - Dialectical materialism is a philosophical and sociological theory that emphasizes the role of social conflict in historical change. - It argues that history progresses through a series of clashes between opposing forces, such as the ruling class and the working class. - Marx believed that these conflicts would ultimately lead to a socialist revolution and a classless society. The other options are not as relevant to Marx's theory of class struggle - Empirical Liberalism focuses on individual rights and freedoms, not class conflict. - Existentialism is a philosophical movement that emphasizes individual freedom and responsibility. - Darwin's theory of evolution explains the development of species through natural selection, not social change."
"e4a6d4b9-e676-4e5d-a0bb-f12129060f5a","2011","GS","Indian Polity","Parliament","Consolidated Fund of India | Parliament of India | Article 266 of the Indian Constitution | Government Finance | Indian Polity","easy","The authorization for the withdrawal of funds from the Consolidated Fund of India must come from:","The President of India","The Parliament of India","The Prime Minister of India","The Union Finance Minister","B","The Consolidated Fund of India is the most important of all government accounts. Revenues received by the government and expenses made by it, excluding some items (like provident fund deposits, judicial deposits, saving bank deposits, departmental deposits), are part of the Consolidated Fund. This fund was constituted under Article 266 (1) of the Constitution of India. All revenues received by the government by way of direct taxes and indirect taxes, money borrowed, and receipts from loans given by the government flow into the Consolidated Fund of India. All government expenditure is made from this fund, except for some items which are met from the Contingency Fund or the Public Account. Importantly, no money can be withdrawn from this fund without the Parliament's approval."
"e1743935-84a0-4183-bc21-a433a6d4454a","2011","GS","Indian Polity","Panchayati Raj","Indian Polity | Constitution (Seventy-Third Amendment) Act, 1992 | Panchayati Raj Institutions | District Planning Committees | State Election Commission | State Finance Commissions","easy","The Constitution (Seventy-Third Amendment) Act, 1992, which aims at promoting the Panchayati Raj Institutions in the country, provides for which of the following? 1. Constitution of District Planning Committees. 2. State Election Commission to conduct all panchayat elections. 3. Establishment of State Finance Commissions. Select the correct answer using the codes given below:","1 only","1 and 2 only","2 and 3 only","1, 2 and 3","C","Statement 1 is incorrect: The District Planning Committee (DPC) is provided under Article 243ZD by the 74th Constitutional Amendment Act, 1992 (for municipalities), not under the 73rd Amendment. Statement 2 is correct: The 73rd Amendment mandates the creation of a State Election Commission to conduct panchayat elections (Article 243K). Statement 3 is correct: It also provides for a State Finance Commission every five years to review the financial position of panchayats (Article 243I)."
"0cf91fcb-d4f5-46de-a471-46631f82abfe","2011","GS","Indian Polity","Fundamental Duties","Fundamental Duties | Constitution of India | Indian Polity | Article 51A | Voting Rights","easy","Under the Constitution of India, which one of the following is not a fundamental duty?","To vote in public elections","To develop the scientific temper","To safeguard public property","To abide by the Constitution and respect its ideals","A","To vote in public elections is not a Fundamental Duty under Article 51A of the Indian Constitution. Although the Swaran Singh Committee recommended making voting a duty, it was not included in the 42nd Amendment Act, 1976. Voting is a constitutional right under Article 326, but not a duty. The other options are explicitly listed as Fundamental Duties: 'To abide by the Constitution and respect its ideals' is under Article 51A(a), 'To develop the scientific temper, humanism and the spirit of inquiry and reform' is under Article 51A(h), and 'To safeguard public property and to abjure violence' is under Article 51A(i)."
"d1f25374-b336-4864-8cdc-c06c45ad021f","2011","GS","Indian Polity","Fundamental Rights","Universal Declaration of Human Rights (UDHR) | Fundamental Rights | Right to Education | Right to Equal Access to Public Service | Right to Food","medium","Consider the following : 1. Right to education. 2. Right to equal access to public service. 3. Right to food. Which of the above is/are Human Right/Human Rights under “Universal Declaration of Human Rights”?","1 only","1 and 2 only","3 only","1, 2 and 3","D","According to the Universal Declaration of Human Rights (UDHR), the right to education (Statement 1) is a fundamental human right. Everyone has the right to education and it should be free, at least in the elementary and fundamental stages. The right to equal access to public service (Statement 2) is also a human right under the UDHR. Everyone has the right to take part in the government of his country, directly or through freely chosen representatives. Lastly, the right to food (Statement 3) is also a human right under the UDHR."
"30eb9250-8e21-4e8a-9f65-0d9c6e95ad01","2011","GS","Indian Polity","Parliament","Union Budget | Lok Sabha | Parliamentary Procedure | No Confidence Motion | Council of Ministers","easy","When the annual Union Budget is not passed by the Lok Sabha -","the Budget is modified and presented again","the Budget is referred to the Rajya Sabha for suggestions","the Union Finance Minister is asked to resign.","the Prime Minister submits the resignation of Council of Ministers","D","The annual Union Budget is treated as a Money Bill. According to the principle of Collective Responsibility enshrined in Article 75 of the Indian Constitution, the Council of Ministers is collectively responsible to the Lok Sabha. If the Lok Sabha fails to pass the Budget, it is seen as a clear indication that the government has lost the confidence of the House. Consequently, the Prime Minister must submit the resignation of the entire Council of Ministers, as the government cannot continue to function without the authority to spend public money."
"698373a2-5a63-4d73-8544-3ad66c88a21a","2011","GS","Indian Polity","Parliament","Indian Polity | Parliamentary Procedures | Budget | Vote-on-Account | Interim Budget","medium","What is the difference between “vote-on-account” and “interim budget”? 1. The provision of a “vote-on-account” is used by a regular Government, while an “interim budget” is a provision used by a caretaker Government. 2. A “vote-on-account” only deals with the expenditure in Government’s budget, while an “interim budget” includes both expenditure and receipts. Which of the statements; given above is/are correct?","1 only","2 only","Both 1 and 2","Neither 1 nor 2","B","A vote-on-account contains only the expenditure of the government's budget while an Interim Budget is a complete set of accounts i.e. it includes both expenditure and receipts. Hence, statement 2 is correct. Vote-on-account is passed every year and is used by both the regular and caretaker government. An interim budget essentially means the government seeks the approval of Parliament for meeting expenditure until a new government takes over and presents a full Budget. An Interim Budget gives a complete financial statement that is very similar to a full Budget. Interim Budgets also can be presented by all governments whether incumbent or regular or caretaker. Hence, statement 1 is incorrect."
"ef4815b4-87ce-4360-b31d-60a9ca0582c2","2011","GS","Indian Polity","Centre-State Relations","Finance Commission of India | Federal Fiscal System | Tax Revenue Distribution | Intergovernmental Fiscal Relations | Indian Polity","easy","With reference to the Finance Commission of India, which of the following statements is correct?","It encourages the inflow of foreign capital for infrastructure development","It facilitates the proper distribution of finances among the Public Sector Undertakings","It ensures transparency in financial administration","None of the statements a, b and c given above is correct in this context","D","The correct answer is D. None of the statements a, b and c given above is correct in this context. The Finance Commission of India is not directly responsible for A. Encouraging foreign capital inflow (This is more related to government policies and initiatives) B. Distribution of finances among Public Sector Undertakings (This is typically handled by the Ministry of Finance or relevant administrative ministries) C. Ensuring transparency in financial administration (While transparency is important in its work, the Finance Commission's primary focus is on resource allocation) The Finance Commission's main function is to recommend the distribution of tax revenue and other financial resources between the central government and the state governments, and also among the states themselves. It plays a crucial role in India's federal fiscal system."
"02efa16c-fff7-4fe3-ab53-e314d7518be1","2011","GS","Indian Polity","Parliament","Consolidated Fund of India | Article 266 | Union Government Revenue | Government Accounts | Indian Constitution","medium","All revenues received by the Union Government by way of taxes and other receipts for the conduct of Government business are credited to the:","Contingency Fund of India","Public Account","Consolidated Fund of India","Deposits and Advances Fund","C","The Consolidated Fund of India is the most important of all government accounts. This fund was constituted under Article 266 (1) of the Constitution of India. All revenues received by the government by way of direct taxes and indirect taxes, money borrowed and receipts from loans given by the government flow into the Consolidated Fund of India. All government expenditure is made from this fund, except for some items which are met from the Contingency Fund or the Public Account."
"05c41d94-0940-42c8-98ec-6bc2541139eb","2011","GS","Indian Polity","Fundamental Rights","National Minorities | Article 30 | Fundamental Rights | Right to Education | Minority Rights","medium","In India, if a religious sect/community is given the status of a national minority, what special advantages it is entitled to? 1. It can establish and administer exclusive educational institutions. 2. The President of India automatically nominates a representative of the community to Lok Sabha. 3. It can derive benefits from the Prime Minister’s 15-Point Programme. Which of the statements given above is/are correct?","1 only","2 and 3 only","1 and 3 only","1, 2 and 3","C","**Statement 1 is Correct:** Under Article 30(1) of the Constitution, all minorities, whether based on religion or language, have the right to establish and administer educational institutions of their choice. **Statement 2 is Incorrect:** There is no provision in the Indian Constitution for the President to automatically nominate a representative of a minority community to the Lok Sabha. The previous provision for the nomination of Anglo-Indians (which was not for all national minorities) was also discontinued by the 104th Constitutional Amendment Act, 2019. **Statement 3 is Correct:** Minority communities are entitled to derive benefits from the Prime Minister’s New 15-Point Programme for the Welfare of Minorities. This programme is designed to ensure that the benefits of various government schemes for education, economic activities, and living conditions reach the underprivileged sections of the notified minority communities."
"edeb8765-1dc8-4e87-a22a-5c176f5a7198","2011","GS","International Relations","India and South East Asia Relations","India's Look East Policy | India's Foreign Policy | Regional Cooperation in Asia | East Asian Relations | India's Strategic Partnerships","medium","With reference to look east policy of India, consider the following statements? 1. India wants to establish itself as an important regional player in East Asian affairs. 2. India wants to plug the vacuum created by the termination of the cold war. 3. India wants to restore the historical and cultural ties with its neighbours in the southeast and East Asia. Which of the statements given above is/are correct","1 only","1 and 3 only","3 only","1,2 and 3","B","Statement 1 is correct: Launched in 1991, the LEP aimed to integrate India with the rapidly growing economies of East Asia and ensure India played a significant role in regional security and economic architectures like ASEAN. Statement 2 is incorrect: Although the end of the Cold War forced India to re-evaluate its foreign policy (due to the loss of the Soviet Union as a partner), the policy was not designed to ""plug a vacuum."" It was driven by economic liberalization and the need for strategic diversification. Statement 3 is correct: A major pillar of the policy was leveraging India's ""soft power""—re-establishing civilizational, religious (Buddhism), and cultural links that had existed for centuries between India and Southeast Asian nations."
"c2f2bd78-b439-49b8-89f5-9b9b9e0e04e5","2011","GS","International Relations","India and South East Asia Relations","Geopolitics of Southeast Asia | Maritime Security | Strategic Location | International Trade Routes | Global Power Dynamics","medium","Southeast Asia has captivated the attention of the global community over space and time as a geostrategically significant region. Which among the following is the most convincing explanation for this global perspective?","It was the hot theatre during the second world war.","Its location between the Asian powers of China and India.","It was the arena of superpower confrontation during the cold war period.","Its location between the Pacific and Indian oceans and its preeminent maritime character.","D","Southeast Asia sits at a crossroads between the Indian and Pacific Oceans, acting as a vital maritime trade route. This strategic location makes it crucial for global commerce and energy transportation."
"37e41bbe-7f19-4e12-89bf-b4d91ef6e3f4","2011","GS","International Relations","Multilateral Groupings","International Monetary Fund (IMF) | International Financial Institutions | International Organizations | Global Governance | International Economics","easy","Regarding the international monetary fund, which one of the following statements is correct?","It can grant loans to any country.","It can grant loans to only developed countries.","It grants loans to only member countries.","It can grant loans to the central bank of a country.","C","The International Monetary Fund (IMF) is an international organization that promotes global economic growth and financial stability, encourages international trade, and reduces poverty. - **Statement C is correct:** The IMF provides financial assistance (loans) **only to its member countries** that are experiencing actual or potential balance-of-payments problems. This is a core requirement for receiving IMF support. - **Statement A is incorrect:** It cannot grant loans to 'any' country; the recipient must be a member of the IMF. - **Statement B is incorrect:** The IMF provides loans to any member country (developed, emerging, or developing) that faces balance of payments difficulties. - **Statement D is incorrect:** While the IMF works with central banks, the loans are provided to the member country's government/state to stabilize its economy and replenish international reserves, rather than being a loan specifically to the central bank as an independent entity."
"716e8e7d-a08f-47a4-9304-a84f90390d67","2011","GS","International Relations","Multilateral Groupings","International Relations | Export Control Regimes | Australia Group | Wassenaar Arrangement | Chemical and Biological Weapons Proliferation","medium","Recently, the USA decided to support India's membership in multilateral export control regimes called the ""Australia Group"" and the ""Wassenaar Arrangement"". What is the difference between them? 1. The Australia Group is an informal arrangement which aims to allow exporting countries to minimize the risk of assisting chemical and biological weapons proliferation, whereas the Wassenaar Arrangement is a formal group under the OECD holding identical objectives. 2. The Australia Group comprises predominantly of Asian, African and North American countries, whereas the member countries of the Wassenaar Arrangement are predominantly from the European Union and American continents. Which of the statements given above is/are correct?","1 only.","2 only.","Both 1 and 2.","Neither 1 nor 2.","D","**Statement 1 is Incorrect:** The Australia Group is an informal, multilateral export control regime aimed at preventing the proliferation of chemical and biological weapons. The Wassenaar Arrangement is also an informal regime, but its objective is to promote transparency and responsibility in the transfer of conventional arms and dual-use goods and technologies. It is not a formal group under the OECD. **Statement 2 is Incorrect:** Both the Australia Group and the Wassenaar Arrangement are predominantly composed of industrialized nations from Europe and North America, along with some countries from the Asia-Pacific region. They are not predominantly composed of Asian or African countries. While South Africa is a member of the Wassenaar Arrangement (joined in 2006), it is the only African member, and the Australia Group has no African members."
"873c331a-ff38-4f06-bf26-82d2123ed0ca","2011","GS","International Relations","Basics of International Relations","Nuclear Arms Control | International Treaties | US-Russia Relations | Strategic Arms Reduction Treaty | New START Treaty","medium","The “New START” treaty was in the news. What is this treaty?","It is a bilateral strategic nuclear arms reduction treaty between the US and the Russian Federation.","It is a multilateral energy security cooperation treaty among the members of the East Asia summit.","It is a treaty between the Russian Federation and the European Union for energy security cooperation.","It is a multilateral cooperation treaty among the BRICS countries for the promotion of trade.","A","The New START (Strategic Arms Reduction Treaty) is a nuclear arms reduction treaty between the United States of America and the Russian Federation with the formal name of Measures for the Further Reduction and Limitation of Strategic Offensive Arms. It was signed on 8 April 2010 in Prague, and, after ratification, entered into force on 5 February 2011. It is expected to last at least until 2021. New START replaced the Treaty of Moscow (SORT), which was due to expire in December 2012. In terms of name, it is a follow-up to the START I treaty, which expired in December 2009."
"b762d584-6b12-4868-88c4-33fb0eb73d1a","2011","GS","Modern History","Towards Freedom and Partition","Quit India Movement | Indian Independence Movement | Mahatma Gandhi | Non-violent Movement | Civil Disobedience","medium","Which one of the following observations is not true about the Quit India Movement of 1942?","It was a non-violent movement","It was led by Mahatma Gandhi","It was a spontaneous movement","It did not attract the labour class in general","D","**(a) It was a non-violent movement – Correct:** Gandhi called for a non-violent struggle; thus, the movement is said to be non-violent in nature. **(b) It was led by Mahatma Gandhi – Correct:** The Quit India call of 'Do or Die' was given by Gandhi at the Bombay session of the AICC in August 1942. **(c) It was a spontaneous movement – Correct:** After the immediate arrest of top leaders, the movement spread spontaneously across towns and villages without central coordination. **(d) It did not attract the labour class in general – Incorrect:** The labour class actively participated, organising strikes and protests in various industrial areas."
"db9e9f48-c1f4-4597-90cd-f64bbfeb9a76","2011","GS","Modern History","Personalities Associated with Specific Movements","Mahatma Gandhi | Unto This Last | John Ruskin | Social Justice | Philosophy of Non-Violence","hard","Mahatma Gandhi said that some of his deepest convictions were reflected in a book titled, “Unto this Last” and the book transformed his life. What was the message from the book that transformed Mahatma Gandhi?","Uplifting the oppressed and poor is the moral responsibility of an educated man","The good of the individual is contained in the good of all","The life of celibacy and spiritual pursuit are essential for a noble life","All the statements a, b and c are correct in this context","B","In his autobiography, 'The Story of My Experiments with Truth', Mahatma Gandhi identifies John Ruskin’s 'Unto This Last' as a book that brought about an instantaneous change in his life. He summarized the teachings of the book into three fundamental points: 1. The good of the individual is contained in the good of all. 2. A lawyer's work has the same value as the barber's, as all have the same right of earning their livelihood from their work. 3. A life of labour, i.e., the life of the tiller of the soil and the handicraftsman, is the life worth living. Gandhi later translated the book into Gujarati under the title 'Sarvodaya' (The Welfare of All). Option B directly reflects the first principle, which Gandhi considered the core message that transformed his philosophy."
"d484293c-43ee-424c-9294-484f88675aef","2011","GS","Modern History","Evaluation of British Policies in India","British Colonial Rule in India | Drain of Wealth from India | Home Charges | India Office | Salaries and Pensions of British Personnel","hard","With reference to the period of colonial rule in India, “Home Charges” formed an important part of the drain of wealth from India. Which of the following funds constituted “Home Charges”? 1. Funds used to support the India Office in London. 2. Funds used to pay salaries and pensions of British personnel engaged in India. 3. Funds used for waging wars outside India by the British. Select the correct answer using the codes given below:","1 only","1 and 2 only","2 and 3 only","1, 2 and 3","B","**""Home Charges""** refers specifically to the expenditure incurred in England by the Secretary of State for India on behalf of the Indian administration. These charges were a major component of the ""Drain of Wealth."" **The main components of Home Charges included:** 1. Interest on Public Debt raised in England. 2. Annuities on account of railway and irrigation works. 3. Payments in connection with Civil Departments in India. 4. India Office Expenses: This included the maintenance, salaries, and establishment costs of the India Office in London (Statement 1 is correct). 5. Army and Marine Charges: This included the pensions and furlough (leave) pay of British army and civil personnel (Statement 2 is correct). 6. Stores: The cost of military and other stores purchased in England. **Statement 3 is incorrect:** While the expenses for waging wars outside India (such as in Afghanistan, China, or Africa) were frequently and unfairly charged to Indian revenues, these were categorized under general military expenditure or ""Extraordinary Charges."" They were not technically classified under the specific accounting head of ""Home Charges,"" which primarily covered administrative, debt service, and pension-related transfers to London. Therefore, the correct answer is (b) 1 and 2 only."
"21670ea1-d8d6-4c61-872d-75a103c685df","2011","GS","Modern History","Evaluation of British Policies in India","Land Revenue System | Lord Cornwallis | Permanent Settlement | Zamindari System | Judicial Reforms in British India","hard","The tendency for increased litigation was visible after the introduction of the land settlement system of Lord Cornwallis in 1793. The reason for this is normally traced to which of the following provisions?","Making zamindar’s position stronger vis-à-vis the ryot.","Making east India company an overlord of zamindars.","Making the judicial system more efficient.","None of the a, b and c above.","D","The reforms of Cornwallis had increased the litigation after the introduction of the land settlement system, and the main reason for this was the removal of Court Fee, and now everybody could drag anybody to the courts. Also, the extension of the right to appeal made it easier for people to take their disputes to court."
"b8143d88-3887-4e5f-a354-779a51ef21ae","2011","GS","Modern History","Emergence of Gandhiji in National Movement","Mahatma Gandhi | Kheda Satyagraha | Indian National Movement | Satyagraha | Land Revenue System","medium","What was the reason for Mahatma Gandhi to organize a satyagraha on behalf of the peasants of Kheda? 1. The Administration did not suspend the land revenue collection in spite of the drought. 2. The Administration proposed to introduce Permanent Settlement in Gujarat. Which of the statements given above is/are correct?","1 only","2 only","Both 1 and 2","Neither 1 nor 2","A","The Kheda Satyagraha was organized by Mahatma Gandhi in 1918 on behalf of the peasants of Kheda, Gujarat. The main reason for this was that the administration did not suspend the land revenue collection despite a severe drought that year. This caused immense hardship to the peasants who were unable to pay the revenue due to crop failure. Therefore, statement 1 is correct. However, there is no historical evidence to suggest that the administration proposed to introduce Permanent Settlement in Gujarat during that time. Therefore, statement 2 is incorrect."
"637ab39f-750c-46bd-8c45-3216d2a5eabe","2011","GS","Modern History","Evaluation of British Policies in India","Tribal Insurrections in 19th Century India | Agrarian System in Colonial India | Land Revenue Policies in British India | Social and Economic Impact of Colonialism on Tribes | History of Tribal Communities in India","medium","Which amongst the following provided a common factor for tribal insurrection in India in the 19th century?","Introduction of a new system of land revenue and taxation of tribal products","Influence of foreign religious missionaries in tribal areas","Rise of a large number of money lenders, traders and revenue farmers as middlemen in tribal areas","The complete disruption of the old agrarian order of the tribal communities","D","The complete disruption of the old agrarian order is the common factor because it represents the fundamental structural shift that triggered tribal uprisings across India. Traditionally, many tribal communities practiced communal land ownership, such as the 'Khuntkatti' system among the Mundas. The British colonial administration dismantled these traditional systems by introducing the concept of private property, landlordism, and the commercialization of forest resources. This structural collapse was the root cause that facilitated the specific grievances mentioned in other options, such as the heavy taxation (Option A) and the influx of 'Dikus' or outsiders like moneylenders and traders (Option C). While missionaries and taxes were significant irritants, the overarching cause was the loss of their traditional socio-economic framework and control over their ancestral lands."
"8c562579-1105-47df-8668-3877cf7aa6f3","2011","GS","Modern History","National Movement Before Gandhi","Indian National Congress | British Parliament | Indian Political Reforms | Indian Parliamentary Committee | 19th Century Indian History","hard","What was the purpose with which Sir William Wedderburn and W. S. Caine had set up the Indian Parliamentary Committee in 1893?","To agitate for Indian political reforms in the House of Commons","To campaign for the entry of Indians into the Imperial Judiciary","To facilitate a discussion on India’s Independence in the British Parliament","To agitate for the entry of eminent Indians into the British Parliament","A","In 1893, Sir William Wedderburn and W. S. Caine established the **Indian Parliamentary Committee** in London. 1. **Purpose:** The primary objective of the committee was to agitate for **Indian political reforms** in the British House of Commons. It aimed to act as a pressure group within the British Parliament to draw attention to Indian grievances and advocate for administrative changes. 2. **Key Figures:** Sir William Wedderburn (a former ICS officer and twice President of the Indian National Congress) and W.S. Caine worked closely with **Dadabhai Naoroji**, who was then a member of the British House of Commons, and other British sympathizers of the Indian cause. 3. **Context:** During this period, the Indian National Congress sought to influence British public opinion and policy directly in London, leading to the formation of such committees to ensure Indian issues were debated in the imperial legislature. **Why other options are incorrect:** - **Option B & D:** While the Indian National Congress advocated for the Indianization of services and representation, the specific mandate of this 1893 committee was broader political reform in the House of Commons. - **Option C:** In 1893, the demand for complete 'Independence' had not yet emerged; the focus was on constitutional reforms and self-government within the British Empire."
"547f3b0b-371f-4866-b69a-47dc8c357185","2011","GS","Modern History","Towards Civil Disobedience Movement","Nehru Report | Indian Freedom Struggle | Dominion Status | Joint Electorates | Fundamental Rights","medium","With reference to the period of Indian freedom struggle, which of the following was/were recommended by the Nehru report? 1. Complete Independence for India. 2. Joint electorates for reservation of seats for minorities. 3. Provision of fundamental rights for the people of India in the Constitution. Select the correct answer using the codes given below:","1 only","2 and 3 only","1 and 3 only","1, 2 and 3","B","The Nehru Report was prepared by a committee headed by Motilal Nehru and presented in 1928. The report aimed to propose a constitution for India and had several recommendations related to the political and constitutional framework of the country. The Nehru Report did not recommend complete independence for India. Instead, it proposed dominion status for India within the British Empire, which is a semi-independent polity under the British Crown. The Nehru Report did recommend joint electorates with reservation of seats for minorities. The Nehru Report also recommended the provision of fundamental rights for the people of India in the Constitution."
"5cdffbd0-7440-4ae9-b853-05a8452ed7de","2011","GS","Modern History","Towards Freedom and Partition","Indian Freedom Struggle | Quit India Movement | Underground Radio | Congress Radio | Usha Mehta","easy","With reference to the Indian freedom struggle, Usha Mehta is well-known for:","Running the secret Congress Radio in the wake of Quit India Movement","Participating in the Second Round Table Conference","Leading a contingent of Indian National Army","Assisting in the formation of Interim Government under Pandit Jawaharlal Nehru","A","Usha Mehta is renowned for her role in running the secret Congress Radio during the Quit India Movement in 1942. The Congress Radio was an underground radio station that broadcasted news and messages of the freedom struggle, bypassing British censorship and crackdowns on Indian nationalist activities."
"3e5ea57e-ab36-41a5-91db-53f9dc18f879","2011","GS","Science & Technology","General Science in Everyday Life","Trans Fats | Hydrogenated Oils | Cardiovascular Health | Food Science | Nutrition","hard","A company marketing food products advertises that its items do not contain trans-fats. What does this campaign signify to the customers? 1. The food products are not made out of hydrogenated oils. 2. The food products are not made out of animal fats/oils. 3. The oils used are not likely to damage the cardiovascular health of the consumers. Which of the statements given above is/are correct?","1 only","2 and 3 only","1 and 3 only","1, 2 and 3","C","**Statement 1 is Correct:** Trans-fats are primarily produced through the industrial process of partial hydrogenation, where hydrogen is added to liquid vegetable oils to make them more solid; therefore, a ""no trans-fat"" claim signifies the absence of these hydrogenated oils. **Statement 2 is Incorrect:** The absence of trans-fats does not imply that animal fats are not used, as animal fats consist mainly of saturated fats; a product can be free of industrial trans-fats while still containing animal-derived ingredients. **Statement 3 is Correct:** Trans-fats are known to significantly increase the risk of cardiovascular disease by raising LDL (bad cholesterol) and lowering HDL (good cholesterol) levels; thus, avoiding them is beneficial for heart health."
"749ffe69-b430-412a-925f-62c08180f323","2011","GS","Science & Technology","General Science in Everyday Life","Artificial Sweeteners | Aspartame | Calorie Content | Food Chemistry | Metabolism","hard","Aspartame is an artificial sweetener sold in the market. It consists of amino acids and provides calories like other amino acids. Yet, it is used as a low-calorie sweetening agent in food items. What is the basis of this use ?","Aspartame is as sweet as table sugar, but unlike table sugar, it is not readily oxidized in human body due to lack of requisite enzymes.","When aspartame is used in food processing, the sweet taste remains, but it becomes resistant to oxidation.","Aspartame is as sweet as sugar, but after ingestion into the body, it is converted into metabolites that yield no calories.","Aspartame is several times sweeter than table sugar, hence food items made with small quantities of aspartame yield fewer calories on oxidation.","D","Aspartame is an artificial sweetener composed of two amino acids: aspartic acid and phenylalanine. While it provides approximately 4 calories per gram (the same as sugar and other amino acids), it is about 200 times sweeter than sucrose (table sugar). Due to this high intensity of sweetness, a very small amount of aspartame is needed to achieve the desired level of sweetness in food and drinks. This minute quantity results in a negligible caloric contribution to the final product, which is why it is marketed as a low-calorie sweetening agent. This justifies why small quantities yield fewer calories on oxidation compared to the large amounts of sugar required for the same effect."
"bbc79167-f591-4d8b-a303-a3e9864d373e","2011","GS","Science & Technology","Biotechnology","Genetic Mapping | Genome Sequencing | Animal Breeding | Disease Resistance | Livestock Pedigree","easy","At present, scientists can determine the arrangement or relative positions of genes or DNA sequences on a chromosome. How does this knowledge benefit us? 1. It is possible to know the pedigree of livestock. 2. It is possible to understand the causes of all human diseases. 3. It is possible to develop disease-resistant animal breeds. Which of the statements given above is/are correct?","1 and 2 only","2 only","1 and 3 only","1, 2 and 3","C","**Statement 1 is Correct:** Gene mapping and DNA sequencing allow scientists to identify specific genetic markers, which are used for parentage testing and tracing the ancestry or pedigree of livestock animals. **Statement 2 is Incorrect:** While gene mapping helps identify the basis of hereditary disorders, it cannot explain the causes of all human diseases. Many diseases are caused by external factors such as pathogens (viruses, bacteria), environmental exposure, and lifestyle choices, which are not encoded in the human DNA sequence. **Statement 3 is Correct:** By identifying the specific genes or DNA sequences responsible for immunity or susceptibility, scientists can use selective breeding or genetic engineering to develop animal breeds that are naturally resistant to certain diseases."
"7e9cb94b-1de8-4c54-8760-ecbc2187f1c2","2011","GS","Science & Technology","Life Sciences","Plant Physiology | Translocation | Phloem | Tree Anatomy | Photosynthesis","hard","When the bark of a tree is removed in a circular fashion all around near its base, it gradually dries up and dies because?","Water from soil cannot rise to aerial parts.","Roots are starved of energy.","The tree is infected by soil microbes.","Roots do not receive oxygen for respiration.","B","When the bark of a tree is removed in a circular fashion near its base, it damages the phloem, which is responsible for transporting sugars and other nutrients produced by photosynthesis in the leaves down to the roots for energy and growth. This process is called translocation. With the phloem damaged, the roots are starved of the energy they need for essential functions such as absorption of water and minerals from the soil, leading to their gradual drying up and eventual death."
"912b8c1f-a38d-42f2-9fb1-27b0a6009d78","2011","GS","Science & Technology","Emerging Technologies","Wireless Communication Technologies | Bluetooth | Wi-Fi | Radio Frequency Bands | Wireless Local Area Network (WLAN)","medium","What is the difference between Bluetooth and Wi-Fi devices?","Bluetooth uses a 2.4 GHz radio frequency band, whereas Wi-Fi can use 2.4 GHz or 5 GHz frequency band.","Bluetooth is used for Wireless Local Area Networks WLAN only, whereas Wi-Fi is used for Wireless Wide Area Networks WWAN only.","When information is transmitted between two devices using Bluetooth technology, the devices have to be in the line of sight of each other, but when Wi-Fi technology is used the devices need not be in the line of sight of each other","The statements a and b given above are correct in this context","A","Bluetooth and Wi-Fi are both wireless technologies but they serve different purposes and have different characteristics. Bluetooth uses a 2.4 GHz radio frequency band, whereas Wi-Fi can use 2.4 GHz or 5 GHz frequency band, so statement (a) is correct. Statement (b) is incorrect because Bluetooth is primarily used for connecting devices and creating a personal area network (PAN), not for Wireless Local Area Networks (WLAN). Wi-Fi, on the other hand, is used for WLAN and for internet access, not for Wireless Wide Area Networks (WWAN). Statement (c) is also incorrect. Both Bluetooth and Wi-Fi technologies do not require the devices to be in the line of sight of each other."
"bf5b5a18-f69b-46b8-b4c4-61da02339c7f","2011","GS","Science & Technology","Core Concepts and Foundational Science","Satellite Motion | Centripetal Force | Centrifugal Force | Newton's Law of Universal Gravitation | Orbital Mechanics","medium","An artificial satellite orbiting around the Earth does not fall down. This is so because of the attraction Of Earth -","does not exist at such a distance","is neutralized by the attraction of the moon","provides the necessary speed for its steady motion","provides the necessary acceleration for its motion","D","An artificial satellite orbiting the Earth is continuously falling toward the Earth due to gravitational attraction, but because it also has a tangential (sideways) velocity, it keeps missing the Earth — thus staying in orbit. The gravitational force of the Earth acts as the centripetal force, providing the necessary acceleration that keeps the satellite moving in its circular or elliptical path around the planet. Hence, the satellite doesn’t fall down; instead, it is in continuous free fall, balanced by its orbital motion."
"7e46b1bc-8566-4c64-bccf-6b8b55bfab6a","2011","GS","Science & Technology","Information and Communication Technology","Optical Storage | Blu-ray Disc (BD) | Digital Video Disc (DVD) | High Definition (HD) Video | Storage Capacity","medium","A new optical disc format known as the Blu-ray Disc (BD) is becoming popular. In what way is it different from the traditional DVD? 1. DVD supports Standard Definition video while BD supports High Definition video. 2. Compared to a DVD, the BD format has several times more storage capacity. 3. The thickness of BD is 2.4 mm while that of DVD is 1.2 mm. Which of the statements given above is/are correct?","1 only","1 and 2 only","2 and 3 only","1, 2 and 3","B","Statement 1 is correct: DVDs are designed for Standard Definition (SD) video, whereas Blu-ray Discs (BD) were developed to support High Definition (HD) video (up to 1080p) and higher audio quality. Statement 2 is correct: A standard single-layer DVD has a storage capacity of 4.7 GB, while a single-layer Blu-ray disc can hold 25 GB. This means BD offers more than five times the storage capacity of a standard DVD. Statement 3 is incorrect: Both Blu-ray Discs and DVDs have the exact same physical thickness of 1.2 mm. The primary physical difference is the protective layer; in a BD, the data is closer to the surface (0.1 mm) compared to a DVD (0.6 mm), but the total disc thickness remains the same."
"07b24809-2c8d-43fc-be01-e187ac87d17f","2011","GS","Science & Technology","Biotechnology","Genetically Modified Organisms (GMOs) | Biotechnology | Agriculture | Pest Resistance | Bacillus thuringiensis (Bt)","medium","A genetically engineered form of brinjal, known as the Bt-brinjal, has been developed. The objective of this is -","To make it pest-resistant","To improve its taste and nutritive qualities","To make it drought-resistant","To make its shelf-life longer","A","The Bt-brinjal is a genetically modified form of the traditional brinjal. The 'Bt' in Bt-brinjal stands for Bacillus thuringiensis, a bacterium that naturally produces a toxin that is harmful to certain pests. The gene from this bacterium is inserted into the brinjal, making it resistant to certain pests. This modification does not aim to improve its taste, make it drought-resistant, or extend its shelf-life. Therefore, the primary objective of developing Bt-brinjal is to make it pest-resistant."
"1c7785d0-5b60-4dfa-8297-edcdec7a95ac","2011","GS","Science & Technology","General Science in Everyday Life | Core Concepts and Foundational Science","Water Properties | Density of Water | Thermal Conductivity | Freezing Point of Water | Lake Ecology","hard","The surface of a lake is frozen in severe winter, but the water at its bottom is still liquid. What is the reason?","Ice is a bad conductor of heat","Since the surface of the lake is at the same temperature as the air, no heat is lost","The density of water is maximum at 4°C","None of the statements a, b and c given above is correct","C","The reason why the surface of a lake freezes in severe winter, but the water at its bottom is still liquid is due to the unique property of water. Water attains its maximum density at 4C. When a lake cools, the surface water loses heat, becomes denser and sinks. This process continues until all the water in the lake is at 4C. With further cooling, a stable, lighter layer of water forms at the surface. When this surface water freezes, it floats and stays at the surface of the lake until a solid sheet of ice is formed. The water at the bottom remains liquid because it is denser and hence, does not rise to the surface to freeze."
"d5d14ba6-abfd-45ef-8d4f-0f730be8c95d","2011","GS","Science & Technology","Space Technology","Geostationary Orbit | Geosynchronous Orbit | Satellite Orbits | Space Technology | Earth Science","medium","Satellites used for telecommunication relay are kept in a geostationary orbit. A satellite is said to be in such an orbit when: 1. The orbit is geosynchronous. 2. The orbit is circular. 3. The orbit lies in the plane of the Earth’s equator. 4. The orbit is at an altitude of 22,236 km. Select the correct answer using the codes given below:","1, 2 and 3 only","1, 3 and 4 only","2 and 4 only","1, 2,3 and 4","A","**Statement 1 is Correct:** A geostationary orbit is a specific type of geosynchronous orbit where the satellite's orbital period matches Earth's sidereal rotation period (approximately 23 hours, 56 minutes). **Statement 2 is Correct:** For a satellite to remain stationary relative to a point on Earth, the orbit must be circular; an elliptical orbit would cause the satellite's speed to vary according to Kepler's laws, making it appear to move. **Statement 3 is Correct:** The orbit must lie exactly in the plane of the Earth's equator; if it were inclined, the satellite would appear to oscillate north and south of the equator. **Statement 4 is Incorrect:** The altitude of a geostationary orbit is approximately 35,786 km. The value 22,236 in the statement refers to the altitude in miles, not kilometers."
"fc939ab2-ca34-41bb-afd5-51a777bd41c5","2011","GS","Science & Technology","Information and Communication Technology","Virtual Private Network (VPN) | Network Security | Data Encryption | Remote Access | Internet Security","easy","What is “Virtual Private Network”?","It is a private computer network of an organization where the remote users can transmit encrypted information through the server of the organization","It is a computer network across a public internet that provides users access to their organization’s network while maintaining the security of the information transmitted","It is a computer network in which users can access a shared pool of computing resources through a service provider.","None of the statements a, b and c given above is a correct description of Virtual Private Network","B","A Virtual Private Network, or VPN, is a technology that creates a secure, encrypted connection over the internet. It allows users to access their organization's network securely, even when they are not directly connected to it. This is done by transmitting data through a server, which encrypts the information to prevent unauthorized access. The VPN essentially extends a private network across a public network, like the internet, allowing remote users to send and receive data as if they were directly connected to the private network. Therefore, it provides users access to their organizations network while maintaining the security of the information transmitted."
"01c2473b-9e16-40fe-a76d-266653ef8ec6","2011","GS","Science & Technology","Energy and Clean Technology","Nuclear Reactors | Neutron Moderation | Heavy Water | Nuclear Fission | Science and Technology","medium","The function of heavy water in a nuclear reactor is to -","Slow down the speed of neutrons","Increase the speed of neutrons","Cool down the reactor","Stop the nuclear reaction","A","Heavy water ($D_2O$) acts as a moderator in a nuclear reactor. Its primary function is to slow down the high-speed neutrons produced during the nuclear fission process. By reducing the kinetic energy of these neutrons, they are converted into 'thermal neutrons,' which have a significantly higher probability of triggering further fission in the nuclear fuel (such as Uranium-235), thereby sustaining a controlled chain reaction."
"9507d9bb-b6e8-4c5b-89ec-25dd7cdcc57a","2011","GS","Science & Technology","Core Concepts and Foundational Science","Solar System | Asteroids | Comets | Space Objects | Astronomy","easy","What is the difference between asteroids and comets? 1. Asteroids are small rocky planetoids, while comets are formed of frozen gases held together by a rocky and metallic material. 2. Asteroids are found mostly between the orbits of Jupiter and Mars, while comets are found mostly between Venus and Mercury. 3. Comets show a perceptible glowing tail, while asteroids do not. Which of the statements given above is/are correct?","1 and 2 only.","1 and 3 only.","3 only.","1,2 and 3.","B","Statement 1 is correct: Asteroids are small, rocky objects that orbit the Sun. They are often referred to as minor planets or planetoids. Comets are composed of frozen gases (like carbon dioxide, methane, and water ice) mixed with dust and rocky material. Statement 2 is incorrect: While it is true that most asteroids are found in the Asteroid Belt between Mars and Jupiter, comets are not found between Venus and Mercury. Comets originate from the outer solar system, specifically the Kuiper Belt and the Oort Cloud, far beyond the orbit of Neptune. Statement 3 is correct: When a comet's orbit brings it close to the Sun, it heats up and releases gases and dust, creating a visible atmosphere (coma) and a characteristic glowing tail that points away from the Sun. Asteroids, being rocky and metallic with little volatile ice, do not develop such tails."
"20e4cefb-8d89-4b02-80e0-40b172791d8b","2011","GS","Science & Technology","General Science in Everyday Life","Antioxidants | Free Radicals | Cellular Damage | Metabolism | Health and Longevity","hard","Regular intake of fresh fruits and vegetables is recommended in the diet since they are a good source of antioxidants. How do antioxidants help a person maintain health and promote longevity?","They activate the enzymes necessary for vitamin synthesis in the body and help prevent vitamin deficiency.","They prevent excessive oxidation of carbohydrates, fats and proteins in the body and help avoid unnecessary wastage of energy.","They neutralize the free radicals produced in the body during metabolism.","They activate certain genes in the cells of the body and help delay the ageing process.","C","Antioxidants are substances that can prevent or slow damage to cells caused by free radicals, unstable molecules that the body produces as a reaction to environmental and other pressures. They are sometimes called free-radical scavengers"". They can protect against the cell damage that free radicals cause, reducing the risk of many non-communicable diseases. Therefore, the option that best describes the role of antioxidants is that they neutralize the free radicals produced in the body during metabolism."
"f84bbfe8-dad5-42ff-9602-62d7a1454e86","2011","GS","Science & Technology","Life Sciences","Blood Groups | Genetics | Inheritance | ABO Blood Group System | Rh Factor","hard","A married couple adopted a male child, A few years later; twin boys were born to them. The blood group of the couple is AB positive and O negative. The blood group of the three sons is A positive, B positive, and O positive. The blood group of the adopted son is -","O positive","A positive","B positive","Cannot be determined on the basis of the given data","A","The AB parent (IAIB) and the O parent (ii) can produce only A (IAi) or B (IBi) blood group children. They cannot produce an O blood group child (ii). Since the three sons have A+, B+, and O+ blood groups, the child with O+ must be the adopted child. Therefore, the adopted son’s blood group is O positive."
"76c99e66-bb9a-43a2-8f85-5a74f9a4dcc6","2011","GS","Social Issues & Schemes","Related to Vulnerable Sections","Persons with Disabilities Act, 1995 | Rights of Persons with Disabilities Act, 2016 | Disability Rights | Inclusive Education | Accessibility","medium","India is home to lakhs of persons with disabilities. What are the benefits available to them under the law? 1. Free schooling till the age of 18 years in government-run schools. 2. Preferential allotment of land for setting up business. 3. Ramps in public buildings. Which of the statements given above is/are correct?","1 only","2 and 3 only","1 and 3 only","1, 2 and 3","D","**Statement 1 is Correct:** Under Section 26 of the Persons with Disabilities (Equal Opportunities, Protection of Rights and Full Participation) Act, 1995, the government is mandated to ensure that every child with a disability has access to free education in an appropriate environment till they attain the age of 18 years. This provision is also reinforced under the Rights of Persons with Disabilities Act, 2016. **Statement 2 is Correct:** Section 43 of the Persons with Disabilities Act, 1995, provides for the preferential allotment of land at concessional rates for various purposes, including setting up business, construction of houses, and establishment of special schools. **Statement 3 is Correct:** Section 46 of the 1995 Act mandates that the appropriate governments and local authorities shall provide for ramps in public buildings, hospitals, and other medical care institutions to ensure barrier-free access for persons with disabilities."
"d0b2cafd-6a85-445c-bb18-4c07e9075a15","2011","GS","Social Issues & Schemes","Human Development","Inclusive Growth | Self-Help Groups (SHGs) | Micro, Small and Medium Enterprises (MSMEs) | Right to Education Act | Social Welfare Schemes","medium","Which of the following can aid in furthering the Government’s objective of inclusive growth? 1. Promoting Self-Help Groups 2. Promoting Micro, Small and Medium Enterprises 3. Implementing the Right to Education Act Select the correct answer using the codes given below:","1 only","1 and 2 only","2 and 3 only","1, 2 and 3","D","All three options can aid in furthering the Government's objective of inclusive growth Promoting Self-Help Groups (SHGs) SHGs empower women and marginalized communities, fostering financial inclusion and income generation at the grassroots level. This contributes to poverty reduction and broader participation in the economy. Promoting Micro, Small and Medium Enterprises (MSMEs) MSMEs create a significant number of jobs and contribute to industrial development. Supporting them through easier access to credit, skill development, and infrastructure can lead to wider economic opportunities. Implementing the Right to Education Act Education is crucial for breaking the cycle of poverty and improving social mobility. The Right to Education Act ensures access to education for all children, promoting inclusivity and empowering individuals to participate effectively in the economy."
"1478017d-0d49-4f00-9d37-fe49db7eaf93","2011","GS","Social Issues & Schemes","Health and Welfare | Human Development | Economy and Finance | Types of Schemes | Governance","Aam Admi Bima Yojana | Social Security Schemes | Rural Development | Government Schemes | Poverty Alleviation","medium","With reference to “Aam Admi Bima Yojana”, consider the following statements: 1. The member insured under the scheme must be the head of the family or an earning member of the family in a rural landless household. 2. The member insured must be in the age group of 30 to 65 years. 3. There is a provision for a free scholarship for up to two children of the insured who are studying between classes 9 and 12. Which of the statements given above is/are correct?","1 only","2 and 3 only","1 and 3 only","1, 2 and 3","C","The merged social security scheme renamed Aam Admi Bima Yojana came into effect from 01.01.2013. - The member should normally be the head of the family or one earning member of the below-the-poverty-line family (BPL) or marginally above the poverty line under an identified vocational group/rural landless household. - The members should be aged between 18 years completed and 59 years nearer birthday. - Scholarship as a Free Add-on benefit will be provided to a maximum of two children of the beneficiary studying between 9th to 12th Standard @ Rs.100 per month for each child payable half yearly on 1st July and on 1st January, each year. Hence, only statements 1 and 3 are correct."
"6456de16-de04-466b-a9fa-5f341e63d540","2011","GS","Social Issues & Schemes","Types of Schemes","Mahatma Gandhi National Rural Employment Guarantee Act (MGNREGA) | Rural Employment Schemes | Social Security Schemes | Poverty Alleviation | Labour Laws","medium","Among the following who are eligible to benefit from the “Mahatma Gandhi National Rural Employment Guarantee Act”?","Adult members of only the scheduled caste and scheduled tribe households","Adult members of below poverty line BPL households","Adult members of households of all backward communities","Adult members of any household","D","National Rural Employment Guarantee Act 2005, is an Indian labour law and social security measure that aims to guarantee the 'right to work'. It aims to enhance livelihood security in rural areas by providing at least 100 days of wage employment in a financial year to every rural household whose adult members volunteer to do unskilled manual work."