ID,Year,Paper,Subject,Topics,Tags,Difficulty,Question,Option_A,Option_B,Option_C,Option_D,Correct_Answer,Explanation
"1e267431-8604-4915-a47b-14511648612c","2012","GS","Ancient History","Gupta Empire","Ancient Indian Science | Sushruta Samhita | Aryabhata | Trigonometry | Sine Function | Brahmagupta | Cyclic Quadrilaterals","hard","With reference to the scientific progress of ancient India, which of the statements given below are correct? 1. Different kinds of specialized surgical instruments were in common use by the 1st century AD. 2. Transplant of internal organs in the human body had begun by the beginning of 3rd century AD. 3. The concept of the sine of an angle was known in 5th century AD. 4. The concept of cyclic quadrilaterals was known in 7th century AD. Select the correct answer using the codes given below:","1 and 2 only","3 and 4 only","1, 3 and 4 only","1, 2, 3 and 4","C","Ancient Indian texts such as the Sushruta Samhita, dating back to around the 6th century BCE, describe various surgical instruments and techniques used in surgeries. By the 1st century AD, specialized surgical instruments were indeed in common use in ancient India. There is no evidence to suggest that organ transplantation, as understood in modern medicine, was practised in ancient India by the beginning of the 3rd century AD. The concept of trigonometry, including the sine function, was known in ancient India. The Indian mathematician Aryabhata, who lived in the 5th century AD, made significant contributions to trigonometry and provided tables of trigonometric values in his work Aryabhatiya. The concept of cyclic quadrilaterals, along with other geometric concepts, was known in ancient India. The mathematician Brahmagupta, who lived in the 7th century AD, discussed cyclic quadrilaterals in his mathematical treatise Brahmasphutasiddhanta. Therefore, the correct answer is options 1, 3, and 4."
"33c520fe-06e5-4c6a-a548-b77811a9d78f","2012","GS","Ancient History","Janapadas and Mahajanapadas","Ancient Indian Economy | Guilds in Ancient India | Shreni | Economic Organization in Ancient India | Social and Economic History of Ancient India","hard","With reference to the guilds (Shreni) of ancient India that played a very important role in the country’s economy, which of the following statements is /are correct? 1. Every guild was registered with the central authority of the State and the king was the chief administrative authority on them. 2. The wages, rules of work, standards and prices were fixed by the guild. 3. The guild had judicial powers over its own members. Select the correct answer using the codes given below:","1 and 2 only","3 only","2 and 3 only","1, 2 and 3","C","**Statement 1 is Incorrect:** While the king exercised a general supervision to ensure guilds did not violate state laws, guilds were largely autonomous bodies. The king was not the chief administrative authority over them; instead, each guild was headed by a chief (Jetthaka or Pramukha) and assisted by an executive committee. **Statement 2 is Correct:** Shrenis (guilds) functioned as self-regulatory organizations that fixed the wages of workers, rules of work, quality standards for products, and the prices of commodities to maintain stability in the market. **Statement 3 is Correct:** Guilds possessed formal judicial authority over their members. They settled internal disputes according to their own customary laws, known as Shreni-dharma, and these decisions were generally recognized and upheld by the king."
"43af2abb-8997-4b96-bbea-b9c084059fe5","2012","GS","Ancient History","Vedic Period","Vedic Period | Early Vedic Religion | Rig Veda | Nature Worship | Yajnas","easy","The religion of early Vedic Aryans was primarily of -","bhakti","image worship and Yajnas","worship of nature and Yajnas","worship of nature and Bhakti","C","The religion of early Vedic Aryans was primarily worship of nature and Yajnas. Focus on Nature The Rig Veda, a key text of early Vedic Aryans, features numerous hymns dedicated to natural elements like the sun, sky, rivers, and fire. These elements were personified as deities and worshipped for their life-sustaining power. Yajnas (Sacrifices) Ritualistic sacrifices called Yajnas were a central aspect of Vedic religion. These elaborate ceremonies involved offerings to the gods, chants, and prayers seeking their favour and blessings."
"3e361f75-5ca7-417e-80dd-a2fc9a691d6b","2012","GS","Art & Culture","Religions in India","Buddhism | Jainism | Ancient India | Religious Beliefs | Vedic Authority","easy","With reference to the history of ancient India, which of the following was/were common to both Buddhism and Jainism? 1. Avoidance of extremities of penance and enjoyment 2. Indifference to the authority of the Vedas 3. Denial of the efficacy of rituals Select the correct answer using the codes given below:","1 only","2 and 3 only","1 and 3 only","1, 2 and 3","B","Buddhism advocated the middle path i.e. avoidance of extremities of penance and enjoyment. On the other hand, Jainism advocated extreme penance and asceticism. Hence, statement 1 is incorrect. Both Buddhism and Jainism rejected the authority of the Vedas, the sacred scriptures of Hinduism. They did not consider the Vedas as the ultimate source of religious authority and guidance. Denial of the efficacy of rituals. Thus, statement 2 is correct. Both Buddhism and Jainism emphasized inner spiritual development and moral conduct over external rituals and sacrifices. They taught that liberation (moksha) could be achieved through the right understanding, ethical behaviour, and mental discipline rather than ritualistic practices. Thus, statement 3 is also correct."
"f83d830e-4fe8-4b12-af37-24e0e9099d15","2012","GS","Art & Culture","Indian Dance","Classical Indian Dance | Kuchipudi | Bharatanatyam | Dance Forms | Art & Culture","hard","How do you distinguish between Kuchipudi and Bharatanatyam dances? 1. Dancers occasionally speaking dialogues is found in Kuchipudi dance but not in Bharatanatyam. 2. Dancing on the brass plate by keeping the feet on its edges is a feature of Bharatanatyam but Kuchipudi dance does not have such a form of movements. Which of the statements given above is/are correct?","1 only","2 only","Both 1 and 2","Neither 1 nor 2","A","**Statement 1 is correct:** Kuchipudi is a Classical Indian dance from Andhra Pradesh. It is also popular all over South India. Vachika abhinaya (use of words or dialogues) is a special feature of the Kuchipudi style. **Statement 2 is incorrect:** Bharatanatyam is a classical Indian dance form that originated in the temples of South India. Dancing on brass plates is a feature of Kuchipudi and not Bharatnatyam."
"30011bcf-9d11-4986-9d4c-42a7d1b58fed","2012","GS","Art & Culture","Indian Music","Dhrupad | Hindustani Classical Music | Indian Music Traditions | Musical Forms | Art and Culture","hard","With reference to Dhrupad, one of the major traditions of India that has been kept alive for centuries, which of the following statements are correct? 1. Dhrupad originated and developed in the Rajput kingdoms during the Mughal period. 2. Dhrupad is primarily devotional and spiritual music. 3. Dhrupad Alap uses Sanskrit syllables from Mantras. Select the correct answer using the codes given below:","1 and 2 only","2 and 3 only","1, 2 and 3","None of the above is correct","B","**Statement 1 is incorrect:** Dhrupad predates the Mughal period. It originated in the ancient chanting of Samaveda and developed significantly in temples under Hindu kings, especially during the Delhi Sultanate and early Mughal era. It was patronized by Rajput and Mughal courts but did not originate in that period. **Statement 2 is correct:** Traditionally sung in temples before idols. Highly spiritual in nature, emphasizing meditation, devotion, and introspection. **Statement 3 is correct:** The alap in Dhrupad often uses Sanskrit syllables such as: “Om, Ananta, Hari, Narayana”. This reflects its roots in Vedic chanting. Therefore, statements 2 and 3 are correct."
"e366f1f4-bc21-4f1c-9b4d-34d4dfe4bb46","2012","GS","Art & Culture","Sufi Movement","Sufism | Medieval India | Religious History | Mysticism | Sufi Practices","medium","With reference to the religious history of medieval India, the Sufi mystics were known to pursue which of the following practices? 1. Meditation and control of breath 2. Severe ascetic exercises in a lonely place 3. Recitation of holy songs to arouse a state of ecstasy in their audience Select the correct answer using the codes given below:","1 and 2 only","2 and 3 only","3 only","1, 2 and 3","D","Sufism emphasises self-purification and achieving a closer connection with God. Meditation and breath control techniques were used to attain inner peace and focus. Some Sufi mystics practised asceticism, which involved self-denial and austerities. This could involve seclusion or living a simple life with minimal possessions. However, it wasn't the sole or defining practice of Sufism. Sufi music (Sama) played a significant role in Sufi practice. Singing devotional songs and poems (qawwali) served to create a state of spiritual ecstasy (wajd) and connect with the divine. Therefore, all three statements are correct."
"9bc78fee-0ae5-42ea-bbee-d66080bf09cf","2012","GS","Art & Culture","Religions in India","Buddhism | Lord Buddha | Mudras | Bhumisparsha Mudra | Mara","hard","Lord Buddha’s image is sometimes shown with the hand gesture called ‘Bhumisparsha Mudra’. It symbolizes","Buddha’s calling of the Earth to watch over Mara and to prevent Mara from disturbing his meditation","Buddha’s calling of the Earth to witness his purity and chastity despite the temptations of Mara","Buddha’s reminder to his followers that they all arise from the Earth and finally dissolve into the Earth, and thus this life is transitory","Both the statements a and b are correct in this context","B","The 'Bhumisparsha Mudra' (Earth-touching gesture) represents the moment of Siddhartha Gautama's enlightenment at Bodh Gaya. According to Buddhist tradition, the demon Mara challenged Siddhartha's right to the seat of enlightenment, claiming it for himself. In response, Siddhartha touched the ground with his right hand, calling upon the Earth goddess (Sthavira or Vasudhara) to witness his accumulated merits and purity across countless past lives. The Earth's testimony confirmed his worthiness and defeated Mara's temptations. Option A is incorrect because the Earth was summoned as a witness to his spiritual authority, not as a guard to physically prevent Mara from disturbing his meditation."
"c8fbf728-bf78-4ef3-b47c-dc7ea6363f3b","2012","GS","Art & Culture","Temple Architecture","Indian Temple Architecture | Nagara Style | Dravida Style | Vesara Style | Art and Culture of India","easy","The Nagara, Dravida and the Vesara are the:","three main racial groups of the Indian subcontinent","three main linguistic divisions into which the languages of India can be classified","three main styles of Indian temple architecture","three main musical Gharanas prevalent in India","C","The three main styles of Indian temple architecture are - Nagara or the Northern style - Dravida or the Southern style - Vesara or Mixed style. These styles represent the diversity and cultural richness of India's temple architecture."
"0c3ffd86-6251-401d-9035-703f88ec4a43","2012","GS","Economy","Industry and Manufacturing","Index of Industrial Production (IIP) | Eight Core Industries | Industrial Growth | Economic Indicators | India's Economy","medium","In India, in the overall Index of Industrial Production, the Indices of Eight Core Industries have a combined weight of 37.90%. Which of the following is among those Eight Core Industries? 1. Cement 2. Fertilizers 3. Natural gas 4. Refinery products 5. Textiles Select the correct answer using the codes given below:","1 and 5 only","2, 3 and 4 only","1, 2, 3 and 4 only","1, 2, 3, 4 and 5","C","* Index of Eight Core Industries (ICI) refers to a production volume index that measures the collective and individual production performances of eight selected core industries. * The Eight Core Industries in India include **Cement, Fertilizers, Natural Gas, Refinery Products, Coal, Crude Oil, Electricity, and Steel**. * Textiles are not included in the list of the Eight Core Industries."
"5a82f56a-f52f-42cc-8cb3-7a912d3cfee8","2012","GS","Economy","Industry and Manufacturing","Manufacturing Sector | Industrial Policy | Investment Promotion | Government Initiatives | Single Window Clearance","medium","What is/are the recent policy initiative(s) of Government of India to promote the growth of the manufacturing sector? 1. Setting up of National Investment and Manufacturing Zones 2. Providing the benefit of ‘single window clearance’ 3. Establishing the Technology Acquisition and Development Fund Select the correct answer using the codes given below:","1 Only","2 and 3 Only","1 and 3 Only","1, 2 and 3","D","The Government of India has taken several initiatives to promote the growth of the manufacturing sector. These include the setting up of National Investment and Manufacturing Zones, which are designed to promote investment and boost manufacturing. **Hence, statement 1 is correct.** The government has also implemented a 'single window clearance' system to streamline the process of obtaining necessary approvals and clearances for businesses. **Hence, statement 2 is correct.** Additionally, the Technology Acquisition and Development Fund has been established to facilitate the acquisition of clean, green and energy-efficient technologies. Therefore, all three statements are correct. **Hence, statement 3 is correct.**"
"1bfd1111-501b-4a8a-a864-8276c9383565","2012","GS","Economy","Money, Banking and Monetary Policy","Reserve Bank of India (RBI) | Bankers' Bank | Central Bank Functions | Lender of Last Resort | Monetary Policy","easy","The Reserve Bank of India (RBI) acts as a bankers’ bank. This would imply which of the following? 1. Other banks retain their deposits with the RBI. 2. The RBI lends funds to the commercial banks in times of need. 3. The RBI advises the commercial banks on monetary matters. Select the correct answer using the codes given below :","2 and 3 only","1 and 2 only","1 and 3 only","1, 2 and 3","D","**Statement 1 is Correct:** As the bankers' bank, the RBI maintains the banking accounts of all scheduled commercial banks. Banks are required to keep a portion of their deposits with the RBI in the form of the Cash Reserve Ratio (CRR) to ensure financial stability. **Statement 2 is Correct:** The RBI acts as the 'Lender of Last Resort,' providing emergency liquidity and credit to commercial banks when they face a financial crisis or are unable to raise funds from the market. **Statement 3 is Correct:** In its capacity as the apex bank, the RBI performs a supervisory and advisory role, providing guidance to commercial banks on monetary matters, credit management, and policy implementation to ensure the smooth functioning of the banking system."
"bfe09129-edf8-41b5-80a7-d152a1694450","2012","GS","Economy","Sustainable and Inclusive Growth | Planning and Reform | Public Finance in India","Inclusive Governance | District Planning Committees | Public Health Spending | Mid-day Meal Scheme | Decentralization","medium","Which of the following can be said to be essentially the parts of Inclusive Governance? 1. Permitting the Non-Banking Financial Companies to do banking 2. Establishing effective District Planning Committees in all the districts 3. Increasing government spending on public health 4. Strengthening the Mid-day Meal Scheme Choose the correct answer:","1 and 2 only","3 and 4 only","2,3 and 4 only","1,2,3 and 4","C","**Statement 1 is Incorrect:** Permitting Non-Banking Financial Companies (NBFCs) to do banking is a regulatory and financial sector reform aimed at expanding credit; it is not considered an essential component of inclusive governance. **Statement 2 is Correct:** Establishing effective District Planning Committees (DPCs) as per Article 243ZD of the Constitution promotes decentralized and participatory decision-making, which is a core pillar of inclusive governance. **Statement 3 is Correct:** Increasing government spending on public health ensures that essential services are accessible to all segments of society, reducing inequalities and promoting social inclusion. **Statement 4 is Correct:** Strengthening the Mid-day Meal Scheme targets the nutritional and educational needs of children from marginalized backgrounds, directly contributing to inclusive development and governance."
"d9b0701b-6ea5-4108-8fd4-8a727e7d9cee","2012","GS","Economy","Taxation in India","Capital Gains | Income Tax | Capital Asset | Real Estate | Investment","medium","Under which of the following circumstances may ‘capital gains’ arise? 1. When there is an increase in the sales of a product 2. When there is a natural increase in the value of the property owned 3. When you purchase a painting and there is a growth in its value due to increase in its popularity Select the correct answer using the codes given below:","1 only","2 and 3 only","2 only","1, 2 and 3","B","**Statement 1 is Incorrect:** An increase in the sales of a product leads to higher business revenue or operating profit, whereas capital gains specifically refer to the profit realized from the sale of a capital asset. **Statement 2 is Correct:** Capital gains arise when there is an appreciation in the value of a capital asset, such as real estate or land, over its original purchase price. **Statement 3 is Correct:** Movable assets like paintings, jewelry, and archaeological collections are considered capital assets; an increase in their value due to factors like popularity results in a capital gain when the asset is sold."
"20a4d620-429a-40bd-89d7-6ea67b8c06f5","2012","GS","Economy","Money, Banking and Monetary Policy","Monetary Policy | Central Bank Operations | Money Supply | Government Securities | Reserve Bank of India (RBI)","medium","Which of the following measures would result in an increase in the money supply in the economy? 1. Purchase of government securities from the public by the Central Bank 2. Deposit of currency in commercial banks by the public 3. Borrowing by the government from the Central Bank 4. Sale of government securities to the public by the Central Bank Select the correct answer using the codes given below:","1 only","2 and 4 only","1 and 3","2, 3 and 4","C","1. Purchase of government securities from the public by the Central Bank This injects money into the economy. When the Central Bank buys securities, it pays for them with newly created money, effectively increasing the money supply. 2. Deposit of currency in commercial banks by the public This doesn't directly increase the money supply. While the public has less cash on hand, the banks now have more reserves. However, the total amount of money in circulation remains the same. 3. Borrowing by the government from the Central Bank This can increase the money supply. If the Central Bank creates new money to lend to the government, it injects new money into the system. 4. Sale of government securities to the public by the Central Bank This decreases the money supply. When the Central Bank sells securities, it absorbs money from the public in exchange for the securities, taking money out of circulation. Therefore, statements 1 and 3 are correct."
"b304a047-e37e-4076-a3cb-1e46d798746e","2012","GS","Economy","Trade and External Sector","Balance of Payments | International Economics | Economic Transactions | Foreign Trade | Macroeconomics","medium","The balance of payments of a country is a systematic record of","all economic transactions between the residents of a country and the rest of the world during a given period, normally a year","goods exported from a country during a year","the economic transaction between the government of one country to another","capital movements from one country to another","A","Statement (a) is correct: Balance of Payments (BoP) records all economic transactions (goods, services, capital, transfers) between residents of a country and the rest of the world over a year. Statement (b) is incorrect: This describes only the Balance of Trade, not the full BoP. Statement (c) is incorrect: BoP covers all residents (individuals, firms, institutions), not just governments. Statement (d) is incorrect: Capital account is only one component of BoP; it also includes current account and errors & omissions."
"efeef7c2-11e8-4b60-ae85-c3b6c3628203","2012","GS","Economy","Infrastructure and Investment Models in India","Coal Import | India's Coal Reserves | Coking Coal | Power Plants | Energy Sector","hard","Despite having large reserves of coal, why does India import millions of tonnes of coal? 1. It is the policy of India to save its own coal reserves for the future, and import it from other countries for the present use. 2. Most of the power plants in India are coal-based and they are not able to get sufficient supplies of coal from within the country. 3. Steel companies need a large quantity of coking coal which has to be imported. Which of the statements given above is/are correct?","1 Only","2 & 3 Only","1 & 3 Only","1,2, & 3","B","**Statement 1 is incorrect:** India does not have a policy of intentionally conserving its domestic coal reserves for the future and importing coal for current use. **Statement 2 is correct:** Most of the power plants in India are coal-based, and they are not able to get sufficient supplies of coal from within the country. This is due to various factors such as insufficient domestic production, logistical constraints, and quality issues. **Statement 3 is correct:** Steel companies need a large quantity of coking coal, which has to be imported. India's domestic reserves of coking coal are not sufficient to meet the demand of its steel industry, hence the need for imports. Therefore, the second and third statements are correct."
"6b2ab341-b2c6-46ee-bb48-75e328e0f5d8","2012","GS","Economy","Introduction to Economics","Demographic Transition Model | Economic Development | Population Growth | Birth Rate | Death Rate","easy","Consider the following specific stages of demographic transition associated with economic development: 1. Low birth rate with a low death rate 2. High birth rate with a high death rate 3. High birth rate with a low death rate Select the correct order of the above stages using the codes given below:","1, 2, 3","2, 1, 3","2, 3, 1","3, 2, 1","C","The demographic transition model describes the transition from high birth and death rates to low birth and death rates as a country develops from a pre-industrial to an industrialised economic system. High birth rate with a high death rate is the first stage of the demographic transition model. In this stage, both birth and death rates are high, leading to a low net population growth. High birth rate with a low death rate is the second stage of the demographic transition model. In this stage, improvements in healthcare, sanitation, and food supply lead to a decrease in the death rate while the birth rate remains high, leading to rapid population growth. Low birth rate with a low death rate is the final stage of the demographic transition model. In this stage, birth rates fall due to changes in social behavior and improvements in contraception, leading to a stable population."
"5993ae4d-5658-459a-98e4-adde277b39d8","2012","GS","Economy","Trade and External Sector","Currency Exchange Rate | Foreign Exchange Market | Demand and Supply of Currency | Economic Factors Affecting Currency Value | Government Stability and Currency","medium","Consider the following statements: The price of any currency in the international market is decided by the 1. World Bank 2. demand for goods/services provided by the country concerned 3. stability of the government of the concerned country 4. economic potential of the country in question Which of the statements given above are correct?","1, 2, 3 and 4","2 and 3 only","3 and 4 only","1 and 4 only","B","Statement 1 is incorrect: The World Bank is an international financial institution that provides loans to low and middle-income countries for capital projects. It does not intervene in the international market to ""decide"" or set the price of currencies. Statement 2 is correct: This is a fundamental of the Current Account. If there is high demand for a country’s exports (goods and services), international buyers must purchase that country’s currency to pay for them, driving up the currency's price. Statement 3 is correct: This is a fundamental of the Capital Account. Political stability attracts Foreign Direct Investment (FDI) and Foreign Portfolio Investment (FPI). If a government is unstable, investors pull out their capital, leading to a surplus of the currency in the market and a drop in its price. Statement 4 is considered a secondary factor: While ""economic potential"" attracts long-term investment, the UPSC official key for this question traditionally excludes it as a direct decider of the daily market price compared to the immediate impact of trade demand and political stability."
"749f6caa-6ee6-40a6-b2ba-d7ec5003f364","2012","GS","Economy","Trade and External Sector","Foreign Direct Investment (FDI) | Portfolio Investment | Investment in India | Types of Investment | Economic Concepts","easy","Which of the following would include Foreign Direct Investment in India? 1. Subsidiaries of companies in India 2. Majority of foreign equity holding in Indian companies 3. Companies exclusively financed by foreign companies 4. Portfolio investment Select the correct answer using the codes given below:","1, 2, 3 and 4","2 and 4 only","1 and 3 only","1, 2 and 3 only","D","**Statement 1 is Correct:** Foreign Direct Investment (FDI) includes the establishment of subsidiaries by foreign parent companies in India, as it represents a lasting interest and management control. **Statement 2 is Correct:** FDI involves acquiring a significant or majority stake in the equity of a domestic company to exercise control over its business operations. **Statement 3 is Correct:** Companies that are exclusively financed or 100% owned by foreign entities (Wholly Owned Subsidiaries) are a primary form of FDI. **Statement 4 is Incorrect:** Portfolio investment (FPI) refers to the purchase of financial assets like stocks and bonds for short-term gains without seeking long-term management control, which distinguishes it from FDI."
"bd362413-be15-4e98-b8c4-d78cde1ff62a","2012","GS","Economy","Industry and Manufacturing | Trade and External Sector","Rare Earth Metals | Global Supply Chain | China's Role in Economy | Electronics Manufacturing | Geopolitical Factors in Economy","medium","Recently, there has been a concern over the short supply of a group of elements called ‘rare earth metals’. Why? 1. China, which is the largest producer of these elements, has imposed some restrictions on their export 2. Other than China, Australia, Canada and Chile, these elements are not found in any country 3. Rare earth metals are essential for the manufacture of various kinds of electronic items and there is a growing demand for these elements","1 only","2 and 3","1 and 3","1,2,3","C","China, which is the largest producer of rare earth metals, has indeed imposed restrictions on their export. This has raised concerns about the global supply chain for these essential elements, particularly in industries such as electronics, renewable energy, and defence. Rare earth metals are found in various countries besides China. While China has a dominant position in rare earth production, other countries like Australia, Canada, the United States, and several others also have significant reserves and production capacities. Hence, statement 2 is incorrect. Rare earth metals are indeed essential for the manufacture of various electronic items, renewable energy technologies, and defence applications. The growing demand for these elements, coupled with supply chain disruptions and geopolitical factors, has contributed to concerns about their availability in the global market. So only statements 1 and 3 are correct."
"68215ff1-7a91-4f4a-a06c-e2f30860fc32","2012","GS","Economy","Money, Banking and Monetary Policy","Lead Bank Scheme | Rural Banking | Financial Inclusion | Reserve Bank of India (RBI) | Credit Growth","medium","The basic aim of the Lead Bank Scheme is that:","big banks should try to open offices in each district","there should be stiff competition among the various nationalized banks","individual banks should adopt particular districts for intensive development","all the banks should make intensive efforts to mobilize deposits","C","* The Lead Bank Scheme was introduced by the Reserve Bank of India in 1969 with the objective of ensuring adequate banking and credit facilities in rural areas. * Under this scheme, individual banks are assigned to particular districts where they are expected to promote banking activities and credit growth. * Therefore, the basic aim of the Lead Bank Scheme is that individual banks should adopt particular districts for intensive development."
"0959f407-f140-4597-9004-ec28c9657294","2012","GS","Economy","Services and Digital Economy","Consumer Protection Act | Consumer Rights | Consumer Forums | Legal Heirs | Food Safety and Standards Authority of India (FSSAI)","hard","With reference to consumers’ rights/ privileges under the provisions of law in India, which of the following statements is/are correct? 1. Consumers are empowered to take samples for food testing. 2. When a consumer files a complaint in any consumer forum, no fee is required to be paid. 3. In case of death of a consumer, his/her legal heir can file a complaint in the consumer forum on his / her behalf. Select the correct answer using the codes given below:","1 Only","2 and 3 Only","1 and 3 Only","1, 2 and 3","C","**Statement 1 is correct:** Under the provisions of the law in India, consumers are indeed empowered to take samples for food testing. This is part of the consumer's right to be informed about the quality, quantity, potency, purity, standard and price of goods or services. **Statement 2 is incorrect:** When a consumer files a complaint in any consumer forum, there is a nominal fee that needs to be paid. This fee is meant to cover administrative costs. **Statement 3 is correct:** In case of the death of a consumer, his/her legal heir can file a complaint in the consumer forum on his/her behalf. This is to ensure that the rights of the consumer are protected, even after their death. Therefore, the correct answer is statements 1 and 3 only."
"a1e32751-0205-4ddf-b2c5-24f59573c963","2012","GS","Environment & Ecology","Wet Land Ecosystem | Indian Biodiversity - Flora | Protected Area Network","Wetlands in India | Types of Wetlands | Coastal Wetlands | Inland Wetlands | Geographical Distribution of Wetlands","hard","With reference to the wetlands of India, consider the following statements : 1. The country’s total geographical area under the category of wetlands is recorded more in Gujarat as compared to other States. 2. In India, the total geographical area of coastal wetlands is larger than that of inland wetlands. Which of the statements given above is/are correct?","1 only","2 only","Both 1 and 2","Neither 1 nor 2","A","**Statement 1 is correct:** The country's total geographical area under the category of wetlands is recorded more in Gujarat as compared to other states. **Statement 2 is incorrect:** The area under inland wetlands accounts for 69%, coastal wetlands 27%, and other wetlands (smaller than 2.25 ha) 4%. So, the total geographical area of inland wetlands is larger than that of coastal wetlands."
"db8df22b-72d8-48c3-9610-3520a76d8b2c","2012","GS","Environment & Ecology","Contemporary Environmental Issues","Millennium Ecosystem Assessment | Ecosystem Services | Supporting Services | Nutrient Cycling | Pollination","hard","The Millennium Ecosystem Assessment describes the following major categories of ecosystem services: provisioning, supporting, regulating, preserving, and cultural. Which one of the following is a supporting service?","Production of food and water","Control of climate and disease","Nutrient cycling and crop pollination","Maintenance of diversity","C","According to the Millennium Ecosystem Assessment (MA), ecosystem services are classified into four main categories: **Supporting Services:** These are services necessary for the production of all other ecosystem services. Their impacts on people are often indirect or occur over a very long period. Examples include **nutrient cycling**, soil formation, and primary production. **Provisioning Services:** These are the products obtained from ecosystems, such as the production of food and water (Option A), timber, and fiber. **Regulating Services:** These are the benefits obtained from the regulation of ecosystem processes. Examples include the control of climate and disease (Option B), water purification, and **crop pollination**. **Cultural Services:** These are non-material benefits people obtain from ecosystems through spiritual enrichment, recreation, and aesthetic experiences. **Option C is the correct answer** because **Nutrient cycling** is a fundamental supporting service. While the official MA Synthesis Report (2005) classifies pollination as a regulating service, the inclusion of nutrient cycling makes Option C the only choice containing a primary supporting service."
"ac12c373-5f94-4d16-b6c5-d7ea813bddad","2012","GS","Environment & Ecology","Environmental Pollution","Ozone Depletion | Chlorofluorocarbons (CFCs) | Environmental Issues | Aerosol Cans | Plastic Foam Production","hard","Consider the following statements: Chlorofluorocarbons, known as ozone-depleting substances, are used 1. in the production of plastic foams 2. in the production of tubeless tyres 3. in cleaning certain electronic components 4. as pressurizing agents in aerosol cans Which of the statements given above is/are correct?","1, 2 and 3 only","4 only","1, 3 and 4 only","1, 2, 3 and 4","C","**Statement 1 is Correct:** Chlorofluorocarbons (CFCs) were extensively used as blowing agents in the manufacture of plastic foams, including expanded polystyrene and polyurethane foams used for thermal insulation and packaging. **Statement 2 is Incorrect:** CFCs are not used in the production of tubeless tyres. The manufacturing of tyres involves a process called vulcanization, which uses sulfur to create cross-links between rubber polymers; CFCs have no chemical role in this process. **Statement 3 is Correct:** CFCs, particularly CFC-113, were widely used as solvents for cleaning electronic components and circuit boards because they are non-flammable, stable, and leave no residue after evaporation. **Statement 4 is Correct:** CFCs were commonly used as propellants or pressurizing agents in aerosol spray cans for products such as hairsprays, deodorants, and insecticides before being phased out under the Montreal Protocol."
"64d20ced-82bd-4adf-89eb-3703bf569f78","2012","GS","Environment & Ecology","Aquatic Ecosystem","Ocean Acidification | Coral Reefs | Phytoplankton | Marine Ecology | Environmental Issues","hard","The acidification of oceans is increasing. Why is this phenomenon a cause of concern? 1. The growth and survival of calcareous phytoplankton will be adversely affected. 2. The growth and survival of coral reefs will be adversely affected. 3. The survival of some animals that have phytoplanktonic larvae will be adversely affected. 4. The cloud seeding and formation of clouds will be adversely affected.","1, 2, 3 and 4","2 only","1 and 3 only","1, 2 and 3 only","D","**Statement 1 is Correct:** Calcareous phytoplankton, such as coccolithophores, rely on carbonate ions to build their calcium carbonate shells. Ocean acidification reduces the availability of these ions, which adversely affects their ability to calcify, grow, and survive. **Statement 2 is Correct:** Coral reefs are primarily composed of calcium carbonate. Increased ocean acidity lowers the calcium carbonate saturation state, making it harder for corals to build their skeletons and potentially causing existing reef structures to dissolve. **Statement 3 is Correct:** Many marine invertebrates (like mollusks and echinoderms) have planktonic larvae that are highly sensitive to changes in seawater chemistry. Acidification can impair their development and shell formation during these vulnerable early life stages, leading to increased mortality. **Statement 4 is Incorrect:** While some scientific research suggests a complex link where acidification might reduce the production of dimethyl sulfide (DMS)—a gas that contributes to cloud condensation nuclei—this is considered an indirect climatic feedback rather than a primary direct impact. According to the official UPSC answer key, this statement is excluded from the correct causes of concern."
"bfff22ee-e5cf-457a-8c80-5f38db921dc0","2012","GS","Environment & Ecology","Indian Biodiversity - Fauna | Biodiversity Basics | Contemporary Environmental Issues | Protected Area Network | Conservation Efforts | Indian Biodiversity - Flora | Institutional Measures for Environment Conservation","Wildlife of India | Endangered Species | Fauna of Himalayas | Conservation Biology | Biodiversity","hard","Consider the following: 1. Black-necked crane 2. Cheetah 3. Flying squirrel 4. Snow leopard Which of the above are naturally found in India?","1, 2 and 3 only","1, 3 and 4 only","2 and 4 only","1, 2, 3 and 4","B","**1 is correct:** Black-necked crane is found in the Tibetan and trans-Himalayan regions of India. During the winter, they migrate to warmer regions of the country. So, this is naturally found in India. **2 is not correct:** Cheetahs were once found in India, but they have been declared extinct in the country since the last century. So, they are not naturally found in India now. **3 is correct:** There are several species of flying squirrels found in India, including the Indian Giant Flying Squirrel and the Red Giant Flying Squirrel. So, this is naturally found in India. **4 is correct:** Snow leopard is found in the Himalayan region of India. So, this is naturally found in India. So, the animals naturally found in India are the Black-necked crane, Flying squirrel, and Snow leopard."
"523622b7-fbb8-4889-acdd-363984f67120","2012","GS","Environment & Ecology","Indian Biodiversity - Fauna","Pollination | Pollinating Agents | Bats | Bees | Birds","medium","Consider the following kinds of organisms : 1. Bat 2. Bee 3. Bird Which of the above is/are pollinating agent/agents?","1 and 2 only","2 only","1 and 3 only","1, 2 and 3","D","Pollination is the transfer of pollen from the male parts of a flower to the female parts of a flower of the same species, which results in fertilization and the production of seeds. Bats are known to be pollinators, especially of tropical and desert plants. When they feed on the nectar of these plants, pollen sticks to their bodies and is transferred to other flowers as the bat moves around. Bees are perhaps the most well-known pollinators. They collect nectar and pollen for food, and in the process, they transfer pollen from the male anthers of a flower to the female stigma. Certain birds, like hummingbirds, also play a role in pollination. They feed on the nectar of certain flowers, and like bees and bats, pollen sticks to their bodies and is transferred to other flowers. Therefore, all three organisms listed - bats, bees, and birds - are pollinating agents."
"2cc42235-6ce4-41ca-9d63-357581a2a768","2012","GS","Environment & Ecology","Aquatic Ecosystem | Climate Change Mitigation","Phytoplankton | Ocean Carbon Sink | Marine Food Chain | Ocean Ecology | Environmental Impact","medium","What would happen if phytoplankton of an ocean is completely destroyed for some reason? 1. The ocean as a carbon sink would be adversely affected. 2. The food chains in the ocean would be adversely affected. 3. The density of ocean water would drastically decrease.","1, 2 and 3","2 only","3 only","1 and 2 only","D","Phytoplankton are microscopic, single-celled photosynthetic organisms that live suspended in water. They play a crucial role in the ocean's carbon cycle and food chains. Phytoplankton absorb carbon dioxide from the atmosphere and convert it into organic carbon, a process known as carbon sequestration. This makes the ocean a significant carbon sink. If phytoplankton were to be completely destroyed, this process would be disrupted, adversely affecting the ocean's ability to act as a carbon sink. Phytoplankton form the base of the marine food chain. They are consumed by small marine animals, which are in turn eaten by larger ones, and so on. If phytoplankton were to be completely destroyed, it would disrupt the food chains in the ocean. The density of ocean water is primarily determined by its temperature and salinity, not by the presence of phytoplankton."
"0edbf72f-ba2a-47ac-981a-519242cf6253","2012","GS","Environment & Ecology","Renewable Energy","Biomass Gasification | Renewable Energy | Sustainable Energy | Power Crisis | Syngas","hard","Biomass gasification is considered to be one of the sustainable solutions to the power crisis in India. In this context, which of the following statements is/are correct? 1. Coconut shells, groundnut shells and rice husk can be used in biomass gasification. 2. The combustible gases generated from biomass gasification consist of hydrogen and carbon dioxide only. 3. The combustible gases generated from biomass gasification can be used for direct heat generation but not in internal combustion engines.","1 only","2 and 3 only","1 and 3 only","1, 2 and 3","A","Biomass gasification is a process that converts organic materials like wood, agricultural residues, or waste into a combustible gas mixture known as synthesis gas or syngas. The resulting syngas can be used as a fuel for various applications, including electricity generation, heating, and as a feedstock for the production of biofuels and chemicals. Coconut shells, groundnut shells, and rice husk are examples of biomass that can be used in biomass gasification. The combustible gases generated from biomass gasification do not consist of hydrogen and carbon dioxide only. They also include other gases such as methane and carbon monoxide. The combustible gases generated from biomass gasification can be used for direct heat generation and also in internal combustion engines. Therefore, only statement 1 is correct."
"c6bffdee-86e3-40a1-aa3a-0087bf49248b","2012","GS","Environment & Ecology","Conservation Efforts","Vultures | Diclofenac | Wildlife Conservation | Endangered Species | Environmental Issues in India","easy","Vultures which used to be very common in the Indian countryside some years ago are rarely seen nowadays. This is attributed to","the destruction of their nesting sites by new invasive species","a drug used by cattle owners for treating their diseased cattle","the scarcity of food available to them","a widespread, persistent and fatal disease among them","B","The decline in vulture populations in India is primarily attributed to a drug used by cattle owners for treating their diseased cattle. The drug referred to here is diclofenac, which was commonly used to treat cattle but caused kidney failure in vultures that consumed the carcasses of treated animals. This led to a catastrophic decline in vulture populations across the Indian subcontinent."
"9c99b836-e5b1-4a50-bba0-497625c40f62","2012","GS","Environment & Ecology","Climate Change","Greenhouse Effect | Climate Change | Carbon Dioxide | Infrared Radiation | Atmospheric Warming","medium","The increasing amount of carbon dioxide in the air is slowly raising the temperature of the atmosphere because it absorbs -","the water vapour of the air and retains its heat","the ultraviolet part of the solar radiation","all the solar radiations","Infrared part of solar radiation","D","Carbon dioxide and other greenhouse gases in the atmosphere absorb and re-emit infrared radiation (heat) emitted by the Earth's surface. This process traps heat in the atmosphere, leading to the greenhouse effect and contributing to the warming of the Earth's surface temperature. Therefore, increasing levels of carbon dioxide result in the absorption of the infrared part of solar radiation, leading to the gradual warming of the atmosphere."
"a020434f-4209-46ba-b716-982e8431196d","2012","GS","Environment & Ecology","Institutional Measures for Environment Conservation | Biodiversity Basics | Indian Biodiversity - Fauna | Conservation Efforts | Contemporary Environmental Issues | Important Reports and Indices","Endangered Species | Wildlife Conservation | IUCN Red List | Animal Taxonomy | India Biodiversity","medium","Which one of the following groups of animals belongs to the category of endangered species?","Great Indian Bustard, Musk Deer, Red Panda and Asiatic Wild Ass","Kashmir Stag, Cheetal, Blue Bull and Great Indian Bustard","Snow Leopard, Swamp Deer, Rhesus Monkey and Saras Crane","Lion-tailed Macaque, Blue Bull, Hanuman Langur and Cheetal","A","The correct option is A. This group contains species that are either Endangered or Critically Endangered according to the IUCN Red List and are high-priority conservation species in India. - **Great Indian Bustard:** Critically Endangered. It is one of the heaviest flying birds and is found mainly in Rajasthan and Gujarat. - **Musk Deer (Himalayan Musk Deer):** Endangered. It is hunted for its musk pod and faces habitat loss in the Himalayan region. - **Red Panda:** Endangered. It is native to the eastern Himalayas and southwestern China. - **Asiatic Wild Ass (Khur):** Near Threatened (IUCN), but it is listed under Schedule I of the Wildlife Protection Act, 1972, and is considered a highly threatened species in the Indian context. Options B, C, and D are incorrect because they include species categorized as **'Least Concern'** by the IUCN, which disqualifies the entire group from being classified as 'endangered': - **Cheetal (Spotted Deer):** Least Concern (found in Options B and D). - **Blue Bull (Nilgai):** Least Concern (found in Options B and D). - **Rhesus Monkey:** Least Concern (found in Option C). - **Hanuman Langur:** Least Concern (found in Option D). - Additionally, species like the **Saras Crane** and **Swamp Deer** (Option C) are categorized as **Vulnerable**, not Endangered."
"74f02943-5cf3-463e-a310-c548de57fe8e","2012","GS","Environment & Ecology","Climate Change | Institutional Measures for Environment Conservation | Contemporary Environmental Issues | Conservation Efforts","Biodiversity Threats | Habitat Fragmentation | Alien Species Invasion | Climate Change Impact on Biodiversity | Environmental Conservation","easy","Which of the following can be threats to the biodiversity of a geographical area? 1. Global warming 2. Fragmentation of habitat 3. Invasion of alien species 4. Promotion of vegetarianism","1, 2 and 3 only","2 and 3 only","1 and 4 only","1, 2, 3 and 4","A","Global warming, fragmentation of habitat, and invasion of alien species are all threats to the biodiversity of a geographical area. Global warming increases the overall temperature of the atmosphere, which can lead to the extinction of certain species that cannot adapt to the change in temperature. Fragmentation of habitat refers to the division of large habitats into smaller ones. This can lead to a decrease in biodiversity as smaller, isolated habitats may not be able to support as many different species as a larger, connected habitat. Invasion of alien species can also threaten biodiversity. When a new species is introduced to a habitat, it can outcompete native species for resources, leading to a decrease in biodiversity. Promotion of vegetarianism, on the other hand, is not a threat to biodiversity. In fact, it can be argued that it helps biodiversity by reducing the demand for meat, which can lead to less habitat destruction for livestock farming."
"fe78d5e2-acca-4553-a15f-ecdfb3ac2ead","2012","GS","Environment & Ecology","Climate Change Mitigation | Climate Change | Agriculture","Carbon Sequestration | Soil Conservation | Agricultural Practices | Climate Change Mitigation | Sustainable Agriculture","hard","Consider the following agricultural practices: 1. Contour bunding 2. Relay cropping 3. Zero Tillage In the context of global climate change, which of the above helps/help in carbon sequestration/storage in the soil?","1 and 2 only","3 only","1, 2 and 3","None of them","C","Carbon sequestration is the process of capturing and storing atmospheric carbon dioxide. It is one method of reducing the amount of carbon dioxide in the atmosphere with the goal of reducing global climate change. Contour bunding is a method of farming that is practiced on the slopes of hills. It helps in reducing soil erosion and increasing the organic matter content in the soil. This in turn helps in carbon sequestration. Relay cropping is a method where a second crop is sown before the first crop is harvested. While it helps in maintaining soil cover and can contribute to carbon sequestration, it is not as direct a method as contour bunding or zero tillage. Zero tillage is a way of growing crops from year to year without disturbing the soil through tillage. It increases the amount of water that infiltrates into the soil and increases organic matter retention and cycling of nutrients in the soil. This helps in carbon sequestration. Therefore, all three practices help in carbon sequestration/storage in the soil."
"06970ae1-71f0-4be6-95b7-e2f2fdc2fa95","2012","GS","Environment & Ecology","Institutional Measures for Environment Conservation | National Environmental Legislations","National Biodiversity Authority (NBA) | Biological Diversity Act (2002) | Biopiracy | Indigenous and Traditional Genetic Resources | Intellectual Property Rights (IPR)","medium","How does the National Biodiversity Authority (NBA) help in protecting Indian agriculture? 1. NBA checks the biopiracy and protects indigenous and traditional genetic resources. 2. NBA directly monitors and supervises the scientific research on genetic modification of crop plants. 3. Application for Intellectual Property Rights related to genetic/biological resources cannot be made without the approval of the NBA.","1 only","2 and 3 only","1 and 3 only","1, 2 and 3","C","The National Biodiversity Authority (NBA) was established in 2003 to implement India's Biological Diversity Act (2002).The NBA is a statutory and autonomous body and it performs facilitative, regulatory and advisory functions for the Government of India on issues of conservation, sustainable use of biological resources and fair and equitable sharing of benefits arising out of the use of biological resources. The National Biodiversity Authority (NBA) plays a crucial role in protecting Indian agriculture by checking biopiracy and protecting indigenous and traditional genetic resources. While the NBA does have a regulatory role, it does not directly monitor and supervise scientific research on genetic modification of crop plants. This task is typically handled by other scientific and regulatory bodies. Any application for Intellectual Property Rights related to genetic or biological resources cannot be made without the approval of the NBA. This is a significant measure to prevent the exploitation of India's rich biodiversity without proper compensation and benefit sharing. Therefore, only statements 1 and 3 are correct."
"62cf7649-3a9a-4d35-a865-b3e452671d55","2012","GS","Environment & Ecology","Terrestrial Ecosystem","Sea Buckthorn | Soil Erosion | Desertification | Nutritional Value | High Altitude Plants","hard","Government of India encourages the cultivation of ‘sea buckthorn’. What is the importance of this plant? 1. It helps in controlling soil erosion and preventing desertification. 2. It is a rich source of biodiesel. 3. It has nutritional value and is well-adapted to live in cold areas of high altitudes. 4. Its timber is of great commercial value.","1 only","2, 3 and 4 only","1 and 3 only","1, 2, 3 and 4","C","Sea buckthorn is a plant that is known for its multiple benefits. **Statement 1 is correct:** It is indeed known for its ability to control soil erosion and prevent desertification. This is because it is a soil-binding plant that prevents soil erosion and checks siltation in rivers. **Statement 2 is incorrect:** Sea buckthorn is not primarily known as a source of biodiesel. While its berries can be used for various purposes, including medicinal and cosmetic products, it is not commonly cultivated for biodiesel production. **Statement 3 is correct:** It is also known for its nutritional value and its ability to adapt to cold areas of high altitudes. Its fruit and leaves are rich in vitamins, carotenoids, and omega fatty acids. It is found in the Himalayan region, generally in dry areas such as the cold deserts of Ladakh and Spiti. **Statement 4 is incorrect:** Sea buckthorn timber is not of great commercial value. It is primarily cultivated for its berries and leaves, which have various applications in food, medicine, and cosmetics."
"fea72331-59b1-488d-bd6b-64772afc48e6","2012","GS","Environment & Ecology","Protected Area Network","Protected Areas in India | National Parks | Biosphere Reserves | Wildlife Sanctuaries | Ramsar Convention","medium","In which one among the following categories of protected areas in India are local people not allowed to collect and use the biomass?","Biosphere Reserves","National Parks","Wetlands declared under Ramsar Convention","Wildlife Sanctuaries","B","In Biosphere Reserves, Wildlife Sanctuaries, and Wetlands declared under Ramsar Convention, local people are allowed to collect and use the biomass under certain restrictions. In National Parks in India, local people are generally not allowed to collect or use biomass. National Parks are areas set aside for the conservation and protection of wildlife and their habitats, with strict regulations in place to minimise human interference and maintain ecological balance. This includes restrictions on activities such as logging, hunting, grazing, and collection of biomass to ensure the preservation of biodiversity."
"15ac7ab8-fa50-48cd-92f0-7279f18d2765","2012","GS","Environment & Ecology","Contemporary Environmental Issues | Conservation Efforts","Antelope Species | Wildlife Conservation | Habitat Adaptation | Endangered Species | Animal Distribution","hard","What is the difference between the antelopes Oryx and Chiru?","Oryx is adapted to live in hot and arid areas whereas Chiru is adapted to live in steppes and semi-desert areas of cold high mountains","Oryx is poached for its antlers whereas Chiru is poached for its musk","Oryx exists in western India only whereas Chiru exists in north-east India only.","None of the statements a, b and c given above is correct","A","Oryx is a genus consisting of four large antelope species. They are adapted to live in hot and arid areas like Africa and Arabia. They are very striking in appearance and all have distinctive long horns (both male and female have horns). On the other hand, Chiru, also known as the Tibetan antelope, is adapted to live in steppes and semi-desert areas of cold high mountains of the Tibetan Plateau. They are a small, unique species related to goats and sheep. Therefore, the statement ""Oryx is adapted to live in hot and arid areas whereas Chiru is adapted to live in steppes and semi-desert areas of cold high mountains"" correctly describes the difference between the two species."
"23fe773e-1012-4784-9028-5036203ec10d","2012","GS","Environment & Ecology","Protected Area Network","Tiger Reserves | Project Tiger | National Tiger Conservation Authority | Wildlife Sanctuaries | Protected Areas in India","medium","Consider the following areas: 1. Bandipur 2. Bhitarkanika 3. Manas 4. Sunderbans Which of the above are Tiger Reserves?","1 and 2 only","1, 3 and 4 only","2, 3 and 4 only","1, 2, 3 and 4","B","The tiger reserves of India were set up in 1973 and are governed under Project Tiger, which is administered by the National Tiger Conservation Authority, Government of India. A Tiger Reserve is an area that is dedicated to the conservation and protection of the tiger population. It aims to provide a safe and secure environment for tigers to thrive by ensuring the preservation of their habitats and prey species. Bandipur is a Tiger Reserve located in Karnataka. Manas is a National Park, UNESCO Natural World Heritage site, a Project Tiger Reserve, an Elephant Reserve and a Biosphere Reserve in Assam. Sunderbans is a Tiger Reserve located in West Bengal. However, Bhitarkanika is a wetland famous for its bird diversity and is not a Tiger Reserve. Therefore, Bandipur, Manas, and Sunderbans are declared Tiger Reserves."
"6757d9c6-7d64-4cf5-ade7-6d82f16e4331","2012","GS","Environment & Ecology","Climate Change Mitigation","National Water Mission | Water Conservation | Wastewater Recycling | Desalination | National Action Plan on Climate Change (NAPCC)","medium","If the National Water Mission is properly and completely implemented, how will it impact the country? 1. Part of the water needs of urban areas will be met through recycling of wastewater. 2. The water requirements of coastal cities with inadequate alternative sources of water will be met by adopting appropriate technologies that allow for the use of ocean water. 3. All the rivers of Himalayan origin will be linked to the rivers of peninsular India. 4. The expenses incurred by farmers for digging bore-wells and for installing motors and pump sets to draw groundwater will be completely reimbursed by the Government. Select the correct answer using the codes given below:","1 only","1 and 2 only","3 and 4 only","1, 2, 3 and 4","B","National Water Mission is one of the missions established by Government of India to address the impact of climate change on water resources under The National Action Plan on Climate Change (NAPCC). The National Water Mission aims at conservation of water, minimizing wastage and ensuring its more equitable distribution. It does include plans to meet part of the water needs of urban areas through recycling of wastewater and to meet the water requirements of coastal cities with inadequate alternative sources of water by adopting appropriate technologies that allow for the use of ocean water. However, the mission does not include linking all the rivers of Himalayan origin to the rivers of peninsular India. Also, the mission does not include any provision for the reimbursement of expenses incurred by farmers for digging bore-wells and for installing motors and pump sets to draw groundwater. The mission's focus is more on promoting efficient use of water and conservation, rather than on subsidising water extraction. Therefore, only statements 1 and 2 are correct in the context of the National Water Mission."
"c9aa8109-aca7-415c-ac0f-1c2edf34e0c4","2012","GS","Physical Geography","Landforms","Himalayas | Young Fold Mountains | Geomorphology | Mountain Formation | Tectonic Activity","easy","When you travel to the Himalayas, you will see the following : 1. Deep gorges 2. U-turn river courses 3. Parallel mountain ranges 4. Steep gradients causing land-sliding Which of the above can be said to be the evidence for the Himalayas being young fold mountains?","1 and 2 only","1, 2 and 4 only","3 and 4 only","1, 2, 3 and 4","D","The Himalayas are young fold mountains, which are still rising under the influence of the earth's tectonic forces. This continuous vertical growth and the tectonic activity in the region result in certain characteristic features. **Statement 1 is correct:** Deep gorges are formed due to the erosional activity of rivers flowing through these mountains. The Kali Gandaki Gorge in the Himalayas is one of the deepest in the world. **Statement 2 is correct:** The rivers in the Himalayas often take sharp turns or U-turns due to the rugged and uneven topography. **Statement 3 is correct:** The Himalayas consist of a series of parallel mountain ranges such as the Greater Himalayas, Lesser Himalayas, and the Outer Himalayas. **Statement 4 is correct:** The steep slopes of the Himalayas, combined with the unstable nature of the young rocks, often result in landslides. Therefore, all of the given features can be said to be evidence for the Himalayas being young fold mountains."
"5cb6b0ad-173b-4f80-bf6b-adf0caba9a15","2012","GS","Physical Geography","Movement of Earth","Celestial Navigation | Polaris | North Star | Cardinal Directions | Desert Navigation","easy","A person stood alone in a desert on a dark night and wanted to reach his village which was situated 5 km east of the point where he was standing. He had no instruments to find the direction but he located the polestar. The most convenient way now to reach his village is to walk in the:","direction facing the polestar","a direction opposite to the polestar","direction keeping the polestar to his left","direction keeping the polestar to his right","C","The pole star, also known as Polaris, always lies in the northern direction. If the person is standing in the desert and wants to go east, he should keep the pole star to his left. This is because when we face towards the east, the north is on our left. Therefore, the person should walk in the direction keeping the polestar to his left."
"15692a0e-a1ab-4cd6-b825-651adb6a4341","2012","GS","Physical Geography","Ocean","Ocean Currents | Coriolis Effect | Wind-Driven Currents | Thermohaline Circulation | Density of Ocean Water","medium","Consider the following factors: 1. Rotation of the Earth 2. Air pressure and wind 3. The density of ocean water 4. Revolution of the Earth Which of the above factors influence the ocean currents?","1 and 2 only","1, 2 and 3","1 and 4","2, 3 and 4","B","**1. Rotation of the Earth:** The rotation of the Earth, also known as the Coriolis effect, influences the direction of ocean currents. In the Northern Hemisphere, currents are deflected to the right, while in the Southern Hemisphere, they are deflected to the left. **2. Air Pressure and wind:** Wind-driven currents, which are caused by the wind blowing across the surface of the ocean, are one of the primary types of ocean currents. Changes in air pressure can also affect ocean currents. **3. The density of ocean water:** Density-driven currents, also known as thermohaline currents, are caused by differences in the density of ocean water. The density of ocean water is influenced by temperature and salinity. **4. Revolution of the Earth:** The revolution of the Earth refers to the Earth's orbit around the Sun, which causes the change of seasons. However, it does not directly influence the ocean currents. Therefore, the factors that influence the ocean currents are the rotation of the Earth, air pressure and wind, and the density of ocean water."
"5f10e907-6053-46c5-ae4f-448fd1703d98","2012","GS","Physical Geography","Atmosphere","Atmospheric Temperature | Lapse Rate | Atmospheric Density | Atmospheric Moisture | Earth's Surface Heating","medium","Normally, the temperature decreases with the increase in height from the Earth’s surface, because 1. the atmosphere can be heated upwards only from the Earth’s surface 2. there is more moisture in the upper atmosphere 3. the air is less dense in the upper atmosphere Select the correct answer using the codes given below:","1 only","2 and 3 only","1 and 3 only","1, 2 and 3","C","The decrease in temperature with increasing altitude in the troposphere is known as the Normal Lapse Rate (roughly 6.5°C per 1,000 meters). This occurs because: Statement 1 is correct: The atmosphere is largely transparent to incoming short-wave solar radiation. It is primarily heated from below by long-wave terrestrial radiation (heat radiated back from the Earth’s surface). Therefore, layers closer to the ground are warmer. Statement 2 is incorrect: Most of the atmosphere's moisture (water vapor) and dust particles are concentrated in the lower layers. These elements are responsible for trapping terrestrial heat. The upper atmosphere is significantly drier and thinner. Statement 3 is correct: At higher altitudes, the air pressure is lower, making the air less dense. When air from the surface rises, it expands due to the lower pressure. This expansion requires work, which consumes the internal energy of the air parcel, causing its temperature to drop. This is known as adiabatic cooling. Additionally, thinner air has a lower capacity to absorb and retain heat."
"be5d2c49-11f6-4aef-80ff-38a27b85dc5c","2012","GS","Indian Geography","Agriculture","mixed farming characteristics | types of farming systems in India | agriculture types and practices | crop cultivation and animal rearing | Indian agricultural geography","medium","Which of the following is the chief characteristic of ‘mixed farming’?","Cultivation of both cash crops and food crops","Cultivation of two or more crops in the same field","Rearing of animals and cultivation of crops together","None of the above","C","Mixed farming is a type of agriculture which involves both crops and livestock. This is not to be confused with mixed cultivation, implying merely a series of different crops. Mixed farming is essentially associated with densely populated, urbanized, and industrialized societies, dependent upon high incomes for the sale of its products and the manufacturing industry for the provision of its inputs."
"b4fef306-fab8-4903-a3c9-1dbfb3edc848","2012","GS","Indian Geography","Forests | Land Resource in India","Indian Geography: State Location and Latitude | Indian Forest Cover by State | Protected Area Network in India | Forest Cover Percentage by State | Indian Geography: State Characteristics","medium","A particular State in India has the following characteristics : 1. It is located on the same latitude which passes through northern Rajasthan. 2. It has over 80% of its area under forest cover. 3. Over 12% of forest cover constitutes Protected Area Network in this State. Which one among the following States has all the above characteristics?","Arunachal Pradesh","Assam","Himachal Pradesh","Uttarakhand","A","Arunachal Pradesh Latitude Arunachal Pradesh is located in the northeastern part of India, roughly on the same latitude as northern Rajasthan. Forest Cover Arunachal Pradesh boasts over 80% forest cover, one of the highest in the country. Protected Area Network A significant portion of Arunachal Pradesh's forest area falls under protected areas like national parks and wildlife sanctuaries. Estimates suggest over 12% of the state's forest cover is part of this network."
"6fdd654c-6142-47a3-a771-87e65ab20125","2012","GS","World Geography","Climatic Regions of the World","Tropical Climates | Tropical Savannah Climate | Climate Zones | World Geography | Climate Characteristics","medium","Which one of the following is the characteristic climate of the Tropical Savannah Region?","Rainfall throughout the year","Rainfall in winter only","An extremely short dry season","A definite dry and wet season","D","The Tropical Savannah Region is characterised by a distinct wet and dry season. This region experiences a hot climate as it lies within the tropical latitudes. The wet season is usually warmer with temperatures ranging from 25 to 30 degrees Celsius, while the dry season is slightly cooler. The rainfall is not evenly distributed throughout the year, with a definite period of heavy rainfall (wet season) followed by a period of little to no rainfall (dry season)."
"e9825a69-a552-4bec-8ee4-132f70abae2d","2012","GS","Indian Geography","Agriculture","Indian Agriculture | Pulses in India | Fodder Crops | Green Manure | Leguminous Crops","hard","Consider the following crops of India : 1. Cowpea 2. Green gram 3. Pigeon pea Which of the above is/are used as pulse, fodder and green manure?","1 and 2 only","2 only","1 and 3 only","1, 2 and 3","D","**Statement 1 is Correct:** Cowpea (Lobia) is a versatile legume used as a pulse for human consumption, a high-protein fodder for livestock, and a green manure crop due to its rapid growth and excellent nitrogen-fixing ability. **Statement 2 is Correct:** Green gram (Moong) is widely consumed as a pulse, its plant residues are used as nutritious fodder after harvest, and it is frequently grown as a short-duration green manure crop to improve soil fertility. **Statement 3 is Correct:** Pigeon pea (Arhar/Tur) is a major pulse crop; its leaves and pods serve as quality fodder, and it is used as green manure to enhance soil structure and nitrogen content, especially in intercropping systems."
"12974cca-487d-4951-9132-8e81b053e38d","2012","GS","Physical Geography","Universe: Origin and Evolution","Origin of Life | Biochemistry | Organic Chemistry | Elements of Life | Early Earth","easy","Which one of the following sets of elements was primarily responsible for the origin of life on the Earth?","Hydrogen, Oxygen, Sodium","Carbon, Hydrogen, Nitrogen","Oxygen, Calcium, Phosphorus","Carbon, Hydrogen, Potassium","B","The origin of life on Earth is believed to have been initiated by the formation of complex organic molecules, which are primarily composed of carbon, hydrogen, and nitrogen. These elements are essential for the development of the fundamental building blocks of life, such as amino acids, nucleic acids (DNA and RNA), and other biomolecules. Carbon is the central element in organic chemistry and is the backbone of all living organisms, forming the complex structures of biomolecules. Hydrogen and nitrogen are also crucial elements that participate in the formation of these organic molecules, providing the necessary bonds and functional groups. The other sets of elements mentioned in the options are not the primary elements responsible for the origin of life. Oxygen, sodium, calcium, and phosphorus are important for other aspects of life, such as energy production and signal transduction, but they are not the key elements that initiated the formation of the first living organisms."
"019564f2-c4d7-4e89-bc7b-6b97d3ea46d0","2012","GS","Indian Geography","Agriculture","Rainfed agriculture in India | Groundnut cultivation in India | Sesamum cultivation in India | Pearl millet cultivation in India | Indian agriculture crop types","hard","Consider the following crops of India : 1. Groundnut 2. Sesamum 3. Pearl millet Which of the above is/are predominantly rainfed crop/crops?","1 and 2 only","2 and 3 only","3 only","1, 2 and 3","D","**Statement 1 is Correct:** Groundnut is a major oilseed crop in India where approximately 75-80% of the total cultivated area is rainfed, primarily grown during the Kharif season. **Statement 2 is Correct:** Sesamum (Til) is a drought-tolerant oilseed crop that is predominantly grown under rainfed conditions, especially in states like West Bengal, Rajasthan, and Madhya Pradesh. **Statement 3 is Correct:** Pearl millet (Bajra) is a hardy cereal crop exceptionally adapted to arid and semi-arid environments with low rainfall, making it a predominantly rainfed crop in India."
"94c2bbd1-d831-41c2-bf33-c201a44322ba","2012","GS","Indian Polity","Parliament","Lok Sabha Speaker | Indian Parliament | Office of the Speaker | Parliamentary Procedures | Indian Polity","medium","Regarding the office of the Lok Sabha Speaker, consider the following statements: 1. He/She holds the office during the pleasure of the President. 2. He/She need not be a member of the House at the time of his/her election but has to become a member of the House within six months from the date of his/her election. 3. If he/she intends to resign, the letter of his/her resignation has to be addressed to the Deputy Speaker. Which of the statements given above is /are correct?","1 and 2 only","3 only","1, 2 and 3","None","B","Statement 1 is incorrect: The Speaker is elected by the Lok Sabha from among its members. He/she does not hold office at the ""pleasure of the President"" (unlike a Minister or Governor). He/she can be removed only by a resolution passed by a majority of all the then members of the Lok Sabha. Furthermore, even when the Lok Sabha is dissolved, the Speaker continues in office until immediately before the first meeting of the new Lok Sabha. Statement 2 is incorrect: According to Article 93, the Lok Sabha must choose two of its members to be Speaker and Deputy Speaker respectively. Therefore, a person must be a member of the Lok Sabha at the time of their election. The ""six-month"" rule applies to Ministers (Article 75), not to the Speaker. Statement 3 is correct: Under Article 94(b), the Speaker may resign from his/her office by writing under his/her hand addressed to the Deputy Speaker. Conversely, the Deputy Speaker resigns by writing to the Speaker."
"0d81c29a-4b1c-41b0-a1e8-110451ee414d","2012","GS","Indian Polity","Supreme Court","Supreme Court of India | Original Jurisdiction | Article 131 | Inter-State Disputes | Union Government vs State Disputes","medium","Which of the following are included in the original jurisdiction of the Supreme Court? 1. A dispute between the Government of India and one or more States 2. A dispute regarding elections to either House of the Parliament or Legislature of a State 3. A dispute between the Government of India and a Union Territory 4. A dispute between two or more States Select the correct answer using the codes given below:","1 and 2","2 and 3","1 and 4","3 and 4","C","The original jurisdiction of the Supreme Court is the court's authority to hear and decide certain types of cases before they have been heard by any lower court. **Statement 1 is correct:** The Supreme Court under Article 131 has original jurisdiction over any dispute between the Government of India and one or more States. **Statement 2 is incorrect:** The Supreme Court does not have original jurisdiction over disputes regarding elections. These are usually handled by the Election Commission of India and the respective High Courts. **Statement 3 is incorrect:** Disputes between the Government of India and a Union Territory are not covered under the original jurisdiction of the Supreme Court. **Statement 4 is correct:** The Supreme Court has original jurisdiction over any dispute between two or more States. Therefore, only statements 1 and 4 are correct."
"280ec25d-10cc-4aa1-aa09-fc1309065ada","2012","GS","Indian Polity","Parliament | Basics of Federal System | Other Constitutional Dimensions | Centre-State Relations","Rajya Sabha Powers | Indian Constitution | Parliamentary Powers | State List | All India Services","easy","Which of the following special powers have been conferred on the Rajya Sabha by the Constitution of India?","To change the existing territory of a State and to change the name of a State","To pass a resolution empowering the Parliament to make laws in the State List and to create one or more All India Services","To amend the election procedure of the President and to determine the pension of the President after his/her retirement","To determine the functions of the Election Commission and to determine the number of Election Commissioners","B","The Constitution of India confers specific special powers on the Rajya Sabha that are not available to the Lok Sabha. These are primarily covered under Articles 249 and 312: **1. Power to Legislate on State List (Article 249):** The Rajya Sabha can pass a resolution, supported by not less than two-thirds of the members present and voting, declaring that it is necessary or expedient in the national interest that Parliament should make laws with respect to any matter enumerated in the State List. This empowers Parliament to legislate on that subject for the whole or any part of India. **2. Creation of All-India Services (Article 312):** The Rajya Sabha can pass a resolution supported by not less than two-thirds of the members present and voting, declaring that it is necessary or expedient in the national interest to create one or more All-India Services (including an All-India Judicial Service). Upon such a resolution, Parliament can create these services by law. **Why other options are incorrect:** * **Option A:** Changing the territory or name of a state (Article 3) is a power exercised by the Parliament as a whole (both Houses). It is not a special power exclusive to the Rajya Sabha. * **Option C:** Amending the election procedure of the President requires a Constitutional Amendment under Article 368, which involves both Houses of Parliament. The President's pension is determined by an Act of Parliament (both Houses). * **Option D:** Under Article 324(2), the **President** determines the number of Election Commissioners. While Parliament (both Houses) can regulate their conditions of service and tenure, it is not a special power of the Rajya Sabha."
"8e2fe6e3-924f-49aa-bb2f-ca5e3972b98c","2012","GS","Indian Polity","Directive Principles of State Policy","Directive Principles of State Policy | DPSP | Gandhian Principles | Panchayati Raj | Cottage Industries","medium","Consider the following provisions under the Directive Principles of State Policy as enshrined in the Constitution of India : 1. Securing for citizens of India a uniform civil code 2. Organizing village Panchayats 3. Promoting cottage industries in rural areas 4. Securing for all the workers reasonable leisure and cultural opportunities Which of the above are the Gandhian Principles that are reflected in the Directive Principles of State Policy?","1, 2 and 4 only","2 and 3 only","1, 3 and 4 only","1, 2, 3 and 4","B","**Statement 1 is Incorrect:** Article 44, which aims to secure a Uniform Civil Code for all citizens, is classified as a Liberal-Intellectual principle, not a Gandhian principle. **Statement 2 is Correct:** Article 40 directs the State to organize village panchayats and endow them with such powers and authority as may be necessary to enable them to function as units of self-government, which was a core Gandhian ideal. **Statement 3 is Correct:** Article 43 mandates the State to promote cottage industries on an individual or co-operative basis in rural areas, reflecting Mahatma Gandhi's vision for rural economic self-reliance. **Statement 4 is Incorrect:** Article 43 also mentions securing a decent standard of life and full enjoyment of leisure and social and cultural opportunities for all workers; however, these specific provisions are classified as Socialist principles."
"fc62ceea-5b84-443b-aafa-7a0be13a151b","2012","GS","Indian Polity","Union Executive","Prime Minister of India | Appointment of Prime Minister | Parliamentary System | Lok Sabha | Rajya Sabha","easy","The Prime Minister of India, at the time of his/her appointment:","need not necessarily be a member of one of the Houses of the Parliament but must become a member of one of the Houses within six months","need not necessarily be a member of one of the Houses of the Parliament but must become a member of the Lok Sabha within three months","must be a member of one of the Houses of the Parliament","must be a member of the Lok Sabha","A","According to Article 75(5) of the Constitution, a minister who for any period of six consecutive months is not a member of either House of Parliament shall at the expiration of that period cease to be a minister. Since the Prime Minister is the head of the Council of Ministers, this provision applies to the office. Furthermore, the Supreme Court ruled in 1997 that a person who is not a member of either House of Parliament can be appointed as Prime Minister for six months, within which he/she must become a member of either the Lok Sabha or the Rajya Sabha; otherwise, he/she ceases to be the Prime Minister."
"586ac216-37d7-4ef8-80ea-669a93e92685","2012","GS","Indian Polity","Basics of Federal System","Federalism in India | Distribution of Powers | Union List | State List | Concurrent List | Government of India Act 1935","easy","The distribution of powers between the Centre and the States in the Indian Constitution is based on the scheme provided in the -","Morley-Minto Reforms, 1909","Montagu-Chelmsford Act, 1919","Government of India Act, 1935","Indian Independence Act, 1947","C","The provisions of the Government of India Act 1935, though never implemented fully, had a great impact on the Constitution of India. The act had the provision of the division of powers into three lists - Federal, Provincial and Concurrent which inspired the current scheme of distribution of powers between the Centre and the States in Union, State and Concurrent List."
"ca3ed66c-bf07-482b-a9d5-2ac21154952d","2012","GS","Indian Polity","Non-Constitutional Bodies","Delimitation Commission | Indian Polity | Parliamentary System | Legislative Process | Judicial Review","medium","With reference to the Delimitation Commission, consider the following statements: 1. The orders of the Delimitation Commission cannot be challenged in a Court of Law. 2. When the orders of the Delimitation Commission are laid before the Lok Sabha or State Legislative Assembly, they cannot effect any modifications in the orders. Which of the statements given above is/are correct?","1 only","2 only","Both 1 and 2","Neither 1 nor 2","C","Both statements are correct regarding the Delimitation Commission in India. **Statement 1 is correct:** Under the provisions of the Delimitation Commission Act and Article 329 of the Constitution, the orders of the Delimitation Commission have the force of law and cannot be called into question in any court of law. This ensures that the electoral process is not delayed by litigation. **Statement 2 is correct:** When the orders of the Delimitation Commission are laid before the Lok Sabha or the respective State Legislative Assembly, these legislative bodies are not permitted to effect any modifications to the orders. The orders are final and binding to maintain the independence and integrity of the delimitation process, preventing political interference in the boundary-fixing exercise."
"23eaea35-c3e4-46bd-8096-4ae63929b33a","2012","GS","Indian Polity","Supreme Court","Supreme Court of India | Judicial Independence | Appointment of Judges | Consolidated Fund of India | Separation of Powers","easy","What is the provision to safeguard the autonomy of the Supreme Court of India? 1. While appointing the Supreme Court Judges, the President of India has to consult the Chief Justice of India. 2. The Supreme Court Judges can be removed by the Chief Justice of India only. 3. The salaries of the Judges are charged on the Consolidated Fund of India to which the legislature does not have to vote. 4. All appointments of officers and staff of the Supreme Court of India are made by the Government only after consulting the Chief Justice of India. Which of the statements given above is/are correct?","1 and 3 only","3 and 4 only","4 only","1, 2, 3 and 4","A","**Statement 1 is correct:** While appointing the Supreme Court Judges, the President of India has to consult the Chief Justice of India. This ensures that the judiciary has a say in its own composition. **Statement 2 is incorrect:** The judges of the Supreme Court can only be removed by the President of India on the grounds of proven misbehaviour or incapacity, and that too after an address by the Parliament has been supported by a majority of the total membership of that House and by two-thirds of the members present and voting. **Statement 3 is correct:** The salaries of the Judges are charged on the Consolidated Fund of India to which the legislature does not have to vote. This provision ensures the financial autonomy of the judiciary and protects it from any kind of legislative pressure or executive influence. **Statement 4 is incorrect:** All appointments of officers and staff of the Supreme Court of India are made by the Supreme Court itself."
"4d47c638-d07c-4d1f-a693-8702b9112f53","2012","GS","Indian Polity","Fundamental Duties | Concept and Salient Features of the Constitution","Fundamental Duties | Indian Constitution | Part IV-A | Article 51A | Citizenship","easy","Which of the following is/are among the Fundamental Duties of citizens laid down in the Indian Constitution? 1. To preserve the rich heritage of our composite culture 2. To protect the weaker sections from social injustice 3. To develop the scientific temper and spirit of inquiry 4. To strive towards excellence in all spheres of individual and collective activity Select the correct answer using the codes given below:","1 and 2 only","2 only","1, 3 and 4 only","1, 2, 3 and 4","C","**Statement 1 is Correct:** Article 51A(f) of the Constitution states that it is a Fundamental Duty to value and preserve the rich heritage of the country’s composite culture. **Statement 2 is Incorrect:** Protecting weaker sections, especially Scheduled Castes and Scheduled Tribes, from social injustice and all forms of exploitation is a Directive Principle of State Policy under Article 46, not a Fundamental Duty. **Statement 3 is Correct:** Article 51A(h) mandates citizens to develop the scientific temper, humanism, and the spirit of inquiry and reform. **Statement 4 is Correct:** Article 51A(j) requires citizens to strive towards excellence in all spheres of individual and collective activity so that the nation constantly rises to higher levels of endeavour and achievement."
"0c364aa7-4e22-476f-a517-976541a7576c","2012","GS","Indian Polity","Constitutional Bodies","President of India | Parliamentary Procedures | Union Finance Commission | Comptroller and Auditor General (CAG) | National Commission for Scheduled Castes","medium","According to the Constitution of India, it is the duty of the President of India to cause to be laid before the Parliament which of the following? 1. The Recommendations of the Union Finance Commission 2. The Report of the Public Accounts Committee 3. The Report of the Comptroller and Auditor General 4. The Report of the National Commission for Scheduled Castes Select the correct answer using the codes given below:","1 only","2 and 4 only","1, 3 and 4 only","1, 2, 3 and 4","C","**Statement 1 is correct:** The Recommendations of the Union Finance Commission is laid by the President (deals with the distribution of revenue between the centre and states). **Statement 2 is incorrect:** The Report of the Public Accounts Committee (PAC) is not laid by the President. The PAC is a parliamentary committee that scrutinizes the CAG report. **Statement 3 is correct:** The Report of the Comptroller and Auditor General (CAG) is laid by the President (audits government accounts). **Statement 4 is correct:** The Report of the National Commission for Scheduled Castes is laid by the President (works on upliftment of Scheduled Castes). The correct answer is 1, 3 and 4."
"d328abe6-6260-4e82-8623-6a6211482e25","2012","GS","Indian Polity","Constituents of Indian Constitution","Directive Principles of State Policy | Fundamental Rights | Education in India | Seventh Schedule | Local Government","medium","Which of the following provisions of the Constitution of India have a bearing on Education? 1. Directive Principles of State Policy 2. Rural and Urban Local Bodies 3. Fifth Schedule 4. Sixth Schedule 5. Seventh Schedule Select the correct answer using the codes given below:","1 and 2 only","3, 4 and 5 only","1, 2 and 5 only","1, 2, 3, 4 and 5","D","**Directive Principles of State Policy - Correct**: DPSPs have a direct bearing on education through Articles 21A, 41, and 45, which promote free, compulsory, and early childhood education. **Rural and Urban Local Bodies - Correct**: The Eleventh and Twelfth Schedules empower Panchayats and Municipalities to manage matters related to schools and education. **Fifth Schedule - Correct**: The Fifth Schedule concerns welfare and administration of Scheduled Areas and Scheduled Tribes, which includes educational advancement. **Sixth Schedule - Correct**: Autonomous District Councils under the Sixth Schedule can establish and manage primary schools and educational institutions. **Seventh Schedule - Correct**: Education is placed in the Concurrent List (Entry 25), allowing both Parliament and State Legislatures to legislate on it. Therefore, Option D is the correct answer."
"685aa22f-c8b5-47c6-bbe9-19d769b790ca","2012","GS","Indian Polity","Parliament","Parliamentary Procedure | Joint Sitting of Parliament | Lok Sabha | Rajya Sabha | Article 108 of the Indian Constitution","easy","A deadlock between the Lok Sabha and the Rajya Sabha calls for a joint sitting of the Parliament during the passage of: 1. Ordinary Legislation 2. Money Bill 3. Constitution Amendment Bill Select the correct answer using the codes given below:","1 only","2 and 3 only","1 and 3 only","1, 2 and 3","A","Article 108 of the Indian Constitution provides for a joint sitting of both Houses of Parliament to resolve a deadlock over the passage of a bill. **Conditions for Joint Sitting:** A joint sitting can be summoned by the President if a bill passed by one House is rejected by the other, or the Houses disagree on amendments, or more than six months elapse without the bill being passed. **Applicability to Bills:** 1. **Ordinary Legislation:** Joint sittings are applicable to Ordinary Bills and Financial Bills (Type I and II). If there is a deadlock between the two houses, the President can call a joint sitting. Hence, **Statement 1 is correct.** 2. **Money Bill:** Under Article 110, the Lok Sabha has overriding powers regarding Money Bills. The Rajya Sabha can only make recommendations and must return the bill within 14 days. If it doesn't, the bill is deemed passed. There is no provision for a joint sitting for Money Bills. Hence, **Statement 2 is incorrect.** 3. **Constitution Amendment Bill:** According to Article 368, a Constitution Amendment Bill must be passed by each House of Parliament by a special majority. In case of a disagreement between the two Houses, there is no provision for summoning a joint sitting. Hence, **Statement 3 is incorrect.** Therefore, a joint sitting is only used for ordinary legislation."
"cb6c4922-06fe-4d1b-9243-ec7e39e7c6e1","2012","GS","Indian Polity","Parliament","Parliamentary Procedures | Adjournment Motion | Urgent Public Importance | Indian Parliament | Legislative Process","easy","In the Parliament of India, the purpose of an adjournment motion is:","to allow a discussion on a definite matter of urgent public importance","to let opposition members collect information from the ministers","to allow a reduction of specific amount in demand for grant","to postpone the proceedings to check the inappropriate or violent behaviour on the part of some members","A","The Adjournment Motion is an extraordinary device available to members of the Lok Sabha (it is not used in the Rajya Sabha). Purpose: Its primary objective is to draw the attention of the House to a recent, definite matter of urgent public importance. If admitted, it leads to the interruption of the normal business of the House. Censure Element: Since it interrupts the government’s scheduled business, it is considered a tool of censure against the government. This is why it requires the support of at least 50 members to be admitted. Distinction from Option (d): Option (d) describes the Adjournment of the House, which is a power exercised by the Presiding Officer to suspend a sitting due to lack of quorum or disorder. It is not a ""motion"" moved by a member. Distinction from Option (c): Option (c) describes a Cut Motion, which is used during the discussion on the Budget."
"f5b43d0c-b0f0-4285-8929-273984f54064","2012","GS","Indian Polity","Constitutional Bodies","Comptroller and Auditor General (CAG) | Indian Polity | Parliamentary Committees | Public Accounts Committee (PAC) | Financial Audit","medium","In India, other than ensuring that public funds are used efficiently and for the intended purpose, what is the importance of the office of the Comptroller and Auditor General (CAG)? 1. CAG exercises exchequer control on behalf of the Parliament when the President of India declares national emergency/financial emergency. 2. CAG reports on the execution of projects or programmes by the ministries are discussed by the Public Accounts Committee. 3. Information from CAG reports can be used by investigating agencies to press charges against those who have violated the law while managing public finances. 4. While dealing with the audit and accounting of government companies, CAG has certain judicial powers for prosecuting those who violate the law. Which of the statements given above is/are correct?","1, 3 and 4 only","2 only","2 and 3 only","1, 2, 3 and 4","C","1. Incorrect The CAG does not exercise direct control over government spending. 2. Correct The CAG's reports are a crucial source of information for the Public Accounts Committee (PAC), a parliamentary committee that scrutinizes government spending. The PAC uses CAG reports to identify areas of inefficiency or waste and hold government departments accountable. 3. Correct CAG reports can uncover financial irregularities or misuse of funds. Law enforcement agencies can use this information to investigate and prosecute those responsible. 4. Incorrect The CAG does not have judicial powers to prosecute offenders. However, it can recommend disciplinary action or further investigation."
"892b63d2-4735-4e07-91c8-5b1137fddf99","2012","GS","Indian Polity","Panchayati Raj","Panchayat (Extension to the Scheduled Areas) Act, 1996 (PESA) | Gram Sabha | Scheduled Areas | Land Alienation | Minor Forest Produce | Mining Leases","hard","In the areas covered under the Panchayat (Extension to the Scheduled Areas) Act, 1996, what is the role/power of Gram Sabha? 1. Gram Sabha has the power to prevent alienation of land in the Scheduled Areas. 2. Gram Sabha has the ownership of minor forest produce. 3. Recommendation of Gram Sabha is required for granting prospecting licence or mining lease for any mineral in the Scheduled Areas. Which of the statements given above is/are correct?","1 Only","1 and 2","2 and 3 only","1, 2 and 3 Only","B","**Statement 1 is Correct:** Under Section 4(m)(iii) of the PESA Act, 1996, the Gram Sabha or the Panchayat at the appropriate level is specifically endowed with the power to prevent alienation of land in the Scheduled Areas and to take appropriate action to restore any unlawfully alienated land of a Scheduled Tribe. **Statement 2 is Correct:** Section 4(m)(ii) of the PESA Act explicitly endows the Gram Sabha or the Panchayats at the appropriate level with the ownership of minor forest produce. **Statement 3 is Incorrect:** Under Section 4(k) of the Act, the recommendation of the Gram Sabha or the Panchayats at the appropriate level is mandatory for the grant of prospecting licenses or mining leases for **minor minerals** in the Scheduled Areas, not for all minerals."
"70368ddc-383a-43c6-b77c-8ba884de0b46","2012","GS","Indian Polity","Constitutional Bodies","Finance Commission | Thirteenth Finance Commission | GST | Goods and Services Tax | Devolution of Taxes | Local Bodies | Grants-in-Aid | Federal Finance","medium","Which of the following is /are among the noticeable features of the recommendations of the Thirteenth Finance Commission? 1. A design for the Goods and Services Tax, and a compensation package linked to adherence to the proposed design 2. A design for the creation of lakhs of jobs in the next ten years in consonance with India’s demographic dividend 3. Devolution of a specified share of central taxes to local bodies as grants Select the correct answer using the codes given below:","1 only","2 and 3 only","1 and 3 only","1, 2 and 3","C","The Thirteenth Finance Commission was tasked with making recommendations on the distribution of tax revenues between the Union and the States for the five years from 2010 to 2015. **Statement 1 is correct:** The Thirteenth Finance Commission did make recommendations regarding the design and implementation of the Goods and Services Tax (GST) and suggested a compensation package for states to offset potential revenue losses from the transition to the GST system. **Statement 2 is incorrect:** The Finance Commission is not responsible for job creation. Its mandate is to define the financial relations between the central government and the individual state governments. **Statement 3 is correct:** One of the key functions of the Finance Commission is to recommend the principles governing the grants-in-aid to the states out of the Consolidated Fund of India. The Thirteenth Finance Commission also made recommendations for the devolution of a specified share of central taxes to local bodies. Therefore, 1 and 3 are correct statements."
"0b5bd5a2-fbae-46ac-9845-8bb6cdd01eda","2012","GS","Indian Polity","Fundamental Rights","National Green Tribunal Act, 2010 | Right to Life (Article 21) | Environmental Protection | Fundamental Rights | Constitution of India","medium","The National Green Tribunal Act, 2010 was enacted in consonance with which of the following provisions of the Constitution of India? 1. Right to a healthy environment, construed as a part of Right to life under Article 21 2. Provision of grants for raising the level of administration in the Scheduled Areas for the welfare of Scheduled Tribes under Article 275( 1) 3. Powers and functions of Gram Sabha as mentioned under Article 243(A) Select the correct answer:","1 Only","2 and 3 Only","1 and 3 only","1, 2 and 3","A","The National Green Tribunal Act, 2010 was indeed enacted in consonance with the Right to a healthy environment, which is construed as a part of the Right to life under Article 21 of the Constitution of India. The National Green Tribunal Act, 2010 does not have any direct relation with the provision of grants for raising the level of administration in the Scheduled Areas for the welfare of Scheduled Tribes under Article 275(1) of the Constitution of India. The National Green Tribunal Act, 2010 does not have any direct relation with the powers and functions of Gram Sabha as mentioned under Article 243(A) of the Constitution of India. Hence only statement 1 is correct."
"97e1e1a9-e01e-4922-b299-d9a09c0ae109","2012","GS","Indian Polity","Parliament","Union Territories | Rajya Sabha Representation | Election Disputes | Chief Election Commissioner | Parliament Composition | President of India","medium","Consider the following statements: 1. Union Territories are not represented in the Rajya Sabha. 2. It is within the purview of the Chief Election Commissioner to adjudicate the election disputes. 3. According to the Constitution of India, the Parliament consists of the Lok Sabha and the Rajya Sabha only. Which of the statements given above is/are correct?","1 only","2 and 3","1 and 3","None","D","Statement 1 is incorrect: Under Article 80 of the Constitution, the Rajya Sabha includes representatives from Union Territories. Currently, the Union Territories of Delhi, Puducherry, and Jammu & Kashmir have representation in the Rajya Sabha. Statement 2 is incorrect: Adjudicating election disputes is a judicial function. According to the Representation of the People Act, 1951, the High Court has the jurisdiction to try election petitions. The Election Commission may advise on certain matters, but it does not ""adjudicate"" or act as a court for these disputes. Statement 3 is incorrect: According to Article 79, the Parliament of the Union consists of the President and the two Houses (Rajya Sabha and Lok Sabha). The President is an integral part of Parliament because no bill can become an Act without the President's assent."
"80be7241-f2e9-4503-bc62-f532b134ad3c","2012","GS","Indian Polity","Parliament","Parliamentary Control over Finance | Indian Budget Process | Annual Financial Statement | Appropriation Bill | Consolidated Fund of India | Supplementary Grants | Vote-on-Account | Finance Bill","medium","Which of the following are the methods of Parliamentary control over public finance in India? 1. Placing Annual Financial Statement before the Parliament 2. Withdrawal of money from Consolidated Fund of India only after passing the Appropriation Bill 3. Provisions of supplementary grants and vote-on-account 4. A periodic or at least a mid-year review of the programme of the Government against macroeconomic forecasts and expenditure by a Parliamentary Budget Office 5. Introducing Finance Bill in the Parliament Select the correct answer using the codes given below:","1, 2, 3 and 5 only","1, 2 and 4 only","3, 4 and 5 only","1, 2, 3, 4 and 5","A","Placing Annual Financial Statement before the Parliament This ensures transparency and allows Parliament to analyze the government's proposed spending. Withdrawal of money from Consolidated Fund of India only after passing the Appropriation Bill This grants Parliament control over the release of funds. Provisions of supplementary grants and vote-on-account These mechanisms address unforeseen needs or temporary funding requirements, still requiring Parliamentary approval. Therefore, statements 1,2 and 3 are correct. There is no parliamentary budget office to review programs of Government. Hence, statement 4 is wrong. Parliament's approval of the Appropriation Bill and the Finance Bill together authorizes the government's spending plans and revenue-raising measures. Hence, statement 5 is correct."
"b1b6b393-2888-4159-80bb-02055831ad79","2012","GS","Modern History","Towards Civil Disobedience Movement","Indian National Congress | Lahore Session 1929 | Purna Swaraj | Complete Independence | Jawaharlal Nehru","easy","The Lahore Session of the Indian National Congress (1929) is very important in history, because 1. the Congress passed a resolution demanding complete independence 2. the rift between the extremists and moderates was resolved in that session 3. a resolution was passed rejecting the two-nation theory in that session Which of the statements given above is/are correct?","1 only","2 and 3","1 and 3","None of the above","A","**Statement 1 is Correct:** During the 1929 Lahore Session, presided over by Jawaharlal Nehru, the Indian National Congress passed the historic 'Purna Swaraj' resolution, declaring complete independence as its goal instead of dominion status. **Statement 2 is Incorrect:** The reconciliation between the Extremists and the Moderates occurred much earlier at the **Lucknow Session in 1916**, following their split at the Surat Session in 1907. **Statement 3 is Incorrect:** The two-nation theory was not a central theme of the 1929 session; it gained significant political prominence only in the late 1930s and was formally articulated in the Muslim League's Lahore Resolution of 1940."
"bce3fb8c-c735-4e73-a878-9e31ef1b947a","2012","GS","Modern History","National Movement Before Gandhi","Indian National Movement | Dadabhai Naoroji | Economic Exploitation of India | Drain of Wealth Theory | Moderates","easy","Consider the following statements : The most effective contribution made by Dadabhai Naoroji to the cause of Indian National Movement was that he - 1. Exposed the economic exploitation of India by the British 2. Interpreted the ancient Indian texts and restored the self-confidence of Indians 3. Stressed the need for eradication of all the social evils before anything else Which of the statements given above is/are correct?","1 only","2 and 3 only","1 and 3 only","1, 2 and 3","A","Statement 1 is correct: Dadabhai Naoroji’s most significant contribution was exposing the economic exploitation of India by the British through his “Drain of Wealth Theory”, explaining how Britain was draining India’s resources via trade imbalance, salaries, and pensions paid abroad. Statement 2 is incorrect: It was Swami Vivekananda and other reformers who primarily interpreted ancient Indian texts to revive national self-confidence, not Dadabhai Naoroji. Statement 3 is incorrect: Social reform was not Naoroji’s main focus; he emphasized political and economic reforms and the demand for Indian representation in governance."
"6cebcf14-5145-49fc-ae40-a61f76832948","2012","GS","Modern History","Socio-Religious Reform Movements","Brahmo Samaj | Socio-Religious Reform Movements | Raja Ram Mohan Roy | Hinduism | Monotheism","medium","Which of the following statements is/are correct regarding Brahmo Samaj? 1. It opposed idolatry. 2. It denied the need for a priestly class for interpreting the religious texts. 3. It popularized the doctrine that the Vedas are infallible. Select the correct answer using the codes given below:","1 only","1 and 2 only","3 only","1, 2 and 3","B","Brahmo Samaj was a socio-religious reform movement in India, which aimed at purifying Hinduism and promoting monotheism. It was founded by Raja Ram Mohan Roy. **Statement 1 is correct:** Brahmo Samaj opposed idolatry and promoted monotheism, believing in a single, formless, and infinite God. **Statement 2 is correct:** Brahmo Samaj denied the need for a priestly class for interpreting religious texts. It advocated for the individual interpretation of religious texts, emphasizing personal understanding over ritualistic observance. **Statement 3 is incorrect:** Brahmo Samaj did not popularize the doctrine that the Vedas are infallible. In fact, it believed in the infallibility of reason and conscience, not of any particular religious text. Therefore, the correct answer is (B) 1 and 2 only."
"b81731df-0595-4f4f-b2bb-e23168c8a348","2012","GS","Modern History","Evaluation of British Policies in India","Ryotwari System | Land Revenue System | British India | Land Ownership | Pattas","medium","With reference to Ryotwari Settlement, consider the statements : 1. The rent was paid directly by the peasants to the Government. 2. The Government gave Pattas to the Ryots. 3. The lands were surveyed and assessed before being taxed. Which of the statements given above is/are correct?","1 Only","1 and 2 Only","1, 2 and 3","None","C","The Ryotwari System was a land revenue system implemented by the British in India. **Statement 1 is correct:** Under this system, the rent was indeed paid directly by the peasants to the government. **Statement 2 is correct:** The government also gave pattas or legal documents to the ryots (peasants) as a form of land ownership. **Statement 3 is correct:** The lands under this system were surveyed and assessed before being taxed. Therefore, all three statements are correct."
"3328a378-eeb9-46e2-948e-dcba4a219ef2","2012","GS","Modern History","Evaluation of British Policies in India","Land Revenue System | Mughal Empire | Akbar | Military Technology | Agriculture in India","hard","Consider the following : 1. Assessment of land revenue on the basis of nature of the soil and the quality of crops 2. Use of mobile cannons in warfare 3. Cultivation of tobacco and red chillies Which of the above was/were introduced into India by the English?","1 only","1 and 2","2 and 3","None","D","**Statement 1 is incorrect:** The assessment of land revenue based on the nature of soil and quality of crops was introduced much earlier by Sher Shah Suri and later refined under the Mughal emperor Akbar during the Ain-i-Dahsala system (by Todar Mal). It was not introduced by the English. **Statement 2 is incorrect:** The use of mobile cannons in warfare was introduced to India by the Mughals, particularly Babur, during the First Battle of Panipat (1526), not by the English. **Statement 3 is incorrect:** The cultivation of tobacco and red chillies was introduced by the Portuguese in India after their arrival in the 16th–17th centuries, as these crops came from the Americas (New World)."
"bc8f0891-6d94-46bd-98b1-fdbf88b15c41","2012","GS","Modern History","Civil Disobedience Movement and Its Aftermath","Dr. B. R. Ambedkar | Indian National Movement | Dalit Movement | Political Parties in India | Social Reform Movements","medium","Which of the following parties were established by Dr B. R. Ambedkar? 1. The Peasants and Workers Party of India 2. All India Scheduled Castes Federation 3. The Independent Labour Party Select the correct answer using the codes given below:","1 and 2 only","2 and 3 only","1 and 3 only","1, 2 and 3","B","**Statement 1 is incorrect:** The Peasants and Workers Party of India was founded in 1947. The party was founded in Maharashtra by Tulsidas Jadhav, Keshavrao Jedhe, and others. **Statement 2 is correct:** All India Scheduled Castes Federation was founded by Dr. Ambedkar in 1942 to fight for the rights of the Dalit community. It was the successor organization of the Independent Labour Party led by Ambedkar. **Statement 3 is correct:** Established in 1936 by Ambedkar in Bombay. It contested the 1937 elections and performed strongly in Bombay Presidency."
"60f4da60-b88c-41fb-af9c-4358ddcb37f6","2012","GS","Modern History","National Movement Before Gandhi","Indian National Congress | Social Reform Movements in India | National Social Conference | M.G. Ranade | Pre-Independence India","medium","During the Indian freedom struggle, the National Social Conference was formed. What was the reason for its formation?","Different social reform groups or organizations of Bengal region united to form a single body to discuss the issues of larger interest and to prepare appropriate petitions/representations to the government.","Indian National Congress did not want to include social reforms in its deliberations and decided to form a separate body for such a purpose","Behramji Malabari and M. G. Ranade decided to bring together all the social reform groups of the country under one organization","None of the statements a, b and c given above is correct in this context","B","Indian National Congress did not want to include social reforms in its deliberations and decided to form a separate body for such a purpose. National Social Conference was founded by M.G. Ranade and Raghunath Rao. It was virtually the social reform cell of the Indian National Congress. The Conference met annually as a subsidiary convention of the Indian National Congress, at the same venue, and focused attention on social reform. The Conference advocated inter-caste marriages and opposed kulinism and polygamy ."
"bf621bf6-7fc4-41d8-b621-29d2987bfb2d","2012","GS","Modern History","Non-Cooperation and Khilafat Movements","Rowlatt Act | Anarchical and Revolutionary Crimes Act of 1919 | Indian Nationalism | British Raj | Civil Disobedience","easy","The Rowlatt Act aimed at:","compulsory economic support to war efforts","imprisonment without trial and summary procedures for trial","suppression of the Khilafat Movement","imposition of restrictions on freedom of the press","B","The Rowlatt Act, officially known as the Anarchical and Revolutionary Crimes Act of 1919, was a legislative measure passed by the British government in India. The primary aim of this act was to curb the rising nationalist sentiment in the country by implementing stringent measures. One of the key features of this act was that it authorized the government to imprison any person suspected of terrorist activities without a trial. This provision allowed for indefinite detention and imprisonment without any need for a trial or conviction in a court of law. Therefore, the Rowlatt Act primarily aimed at imprisonment without trial and summary procedures for trial."
"e39db25e-3d9d-44c8-b10c-9e45f86361f0","2012","GS","Modern History","Towards Quit India Movement","Indian National Congress | Indian Independence Movement | Second World War | Viceroy Lord Linlithgow | Congress Ministries Resignation 1939","easy","The Congress ministries resigned in the seven provinces in 1939, because:","the Congress could not form ministries in the other four provinces","emergence of a left-wing in the Congress made the working of the ministries impossible","there were widespread communal disturbances in their provinces","None of the statements a, b and c given above is correct","D","The Congress ministries resigned in the seven provinces in 1939 as a protest against Viceroy Lord Linlithgow's action of declaring India to be a belligerent in the Second World War without consulting the Indian people. This was a pivotal event that fueled India's push for autonomy and marked a turning point in the nationalist struggle. The reasons given in options (a), (b), and (c) are not the correct reasons for the resignation of the Congress ministries in 1939."
"f50d8e85-31a0-476e-af01-723dfe2ffbc9","2012","GS","Modern History","Legal Developments | Emergence of Gandhiji in National Movement","Government of India Act 1919 | Dyarchy | Communal Electorates | Indian National Congress | British Raj","easy","Which of the following is/are the principal feature(s) of the Government of India Act, 1919? 1. Introduction of dyarchy in the executive government of the provinces 2. Introduction of separate communal electorates for Muslims 3. Devolution of legislative authority by the centre to the provinces Select the correct answer using the codes given below:","1 only","2 and 3 only","1 and 3 only","1, 2 and 3","C","The Government of India Act, 1919 had several key features. One of these was the introduction of dyarchy in the executive government of the provinces, which meant that certain areas of government were controlled by elected Indian ministers, while others remained under the control of appointed British officials. This is represented in statement 1. Another feature was the devolution of legislative authority by the centre to the provinces, which is represented in statement 3. However, the introduction of separate communal electorates for Muslims, which is represented in statement 2, was not a feature of the Government of India Act, 1919. This was actually introduced in the Government of India Act, 1909. Therefore, the correct answer is (C) 1 and 3 only."
"e7d3fb89-221a-47d0-9723-0fc2bb680957","2012","GS","Modern History","Civil Disobedience Movement and Its Aftermath","Mahatma Gandhi | Indian National Movement | Communal Award | Round Table Conferences | Poona Pact","easy","Mahatma Gandhi undertook fast unto death in 1932, mainly because:","Round Table Conference failed to satisfy Indian political aspirations","Congress and the Muslim League had differences of opinion","Ramsay Macdonald announced the Communal Award","None of the statements a, b and c given above is correct in this context","C","Mahatma Gandhi undertook a fast unto death in September 1932 to protest against the Communal Award announced by British Prime Minister Ramsay MacDonald. The award provided for separate electorates for Muslims, Sikhs, Indian Christians, Anglo-Indians, Europeans, and the Depressed Classes. Gandhi specifically opposed the provision for the Depressed Classes, as he viewed it as an attempt to divide the Hindu community by treating the Depressed Classes as a separate political entity. He believed this would prevent their social integration. The fast ended following the Poona Pact (September 1932), an agreement between B.R. Ambedkar and Gandhi (represented by Madan Mohan Malaviya), which replaced separate electorates for the Depressed Classes with reserved seats within the general Hindu electorate."
"6357c0b8-c382-427c-a4bf-0e54b8569870","2012","GS","Science & Technology","Biotechnology","Lead Poisoning | Environmental Health | Toxic Metals | Industrial Pollution | Smelting","hard","Lead, ingested or inhaled is a health hazard. After the addition of lead to petrol has been banned, what still are the sources of lead poisoning? 1. Smelting units 2. Pens and pencils 3. Paints 4. Hair oils and cosmetics","1,2 and 3 only","1 and 3 only","2 and 4 only","1,2,3 and 4","B","**Statement 1 is Correct:** Smelting units are a major source of lead poisoning as the process of extracting lead from ores releases lead particles into the air and surrounding soil. **Statement 2 is Incorrect:** Pencils do not contain the element lead; the ""lead"" used in pencils is actually a non-toxic mixture of graphite (a form of carbon) and clay. **Statement 3 is Correct:** Lead-based paints are a significant source of exposure, especially when the paint deteriorates into dust or chips, which can be easily inhaled or ingested. **Statement 4 is Incorrect:** While some specific traditional eye cosmetics (like surma) may contain lead, standard hair oils and modern commercial cosmetics are not classified as primary or common sources of lead poisoning."
"ed44fe24-12d6-4fea-9709-501e2670e50f","2012","GS","Science & Technology","Core Concepts and Foundational Science","Earth's Magnetic Field | Solar Wind | Cosmic Rays | Auroras | Geomagnetic Protection","medium","Electrically charged particles from space travelling at speeds of several hundred km/sec can severely harm living beings if they reach the surface of the Earth. What prevents them from reaching the surface of the Earth?","The Earth’s magnetic field diverts them towards its poles","Ozone layer around the Earth reflects them back to outer space","Moisture in the upper layers of atmosphere prevents them from reaching the surface of the Earth","None of the statements a, b and c given above is correct","A","Electrically charged particles from space, such as those from the solar wind or cosmic rays, are indeed potentially harmful to living organisms. The Earth's magnetic field plays a crucial role in protecting the surface by diverting these charged particles toward its poles. This phenomenon is responsible for the creation of the auroras the Northern and Southern Lights (Aurora Borealis and Aurora Australis, respectively). When these charged particles are funneled toward the Earth's poles by its magnetic field, they interact with molecules in the Earth's atmosphere, creating the beautiful light displays rather than causing harm to living beings on the surface."
"6b399438-113e-4c1c-a63a-b6d2f751bd51","2012","GS","Science & Technology","Biotechnology | Core Concepts and Foundational Science","Water Purification | UV Radiation | Disinfection | Microorganisms | Water Treatment Technologies","medium","What is the role of ultraviolet (UV) radiation in the water purification systems? 1. It inactivates /kills the harmful microorganisms in water. 2. It removes all the undesirable odours from the water. 3. It quickens the sedimentation of solid particles, removes turbidity and improves the clarity of the water.","1 only","2 and 3 only","1 and 3 only","1, 2 and 3","A","**Statement 1 is correct:** UV radiation can effectively inactivate or kill various harmful microorganisms, such as bacteria, viruses, and protozoa, by damaging their genetic material. This makes it an effective method for disinfecting water and eliminating waterborne pathogens. **Statement 2 is incorrect:** UV radiation does not directly remove undesirable odours from water. Odour removal from water typically involves other treatment processes, such as activated carbon filtration, aeration, or chemical treatment. **Statement 3 is incorrect:** UV radiation does not have a direct effect on the sedimentation of solid particles, removal of turbidity, or improving the clarity of water. These aspects are typically addressed by other physical and chemical water treatment processes, such as coagulation, flocculation, and filtration."
"c23fe4ed-d7dd-47b3-b037-680418bf5c5b","2012","GS","Science & Technology","Biotechnology","Stem Cells | Regenerative Medicine | Drug Screening | Medical Therapies | Biotechnology","medium","With reference to ‘stem cells’, frequently in the news, which of the following statements is/are correct? 1. Stem cells can be derived from mammals only 2. Stem cells can be used for screening new drugs 3. Stem cells can be used for medical therapies","1 and 2","2 and 3","3 only","1,2,3","B","**Statement 1 is Incorrect:** Stem cells are not exclusive to mammals; they are found in all multicellular organisms, including plants and various other animals (both vertebrates and invertebrates). **Statement 2 is Correct:** Stem cells can be used to generate specific cell types to test the safety and efficacy of new pharmaceutical compounds in a controlled environment before clinical trials. **Statement 3 is Correct:** Stem cells have significant applications in regenerative medicine, such as bone marrow transplants for blood disorders and repairing damaged tissues or organs."
"8aa568cd-fc8d-4d01-8df8-c195c6690663","2012","GS","Science & Technology","Biotechnology","Biopesticides | Biological Control | Pesticide Types | Bacteria | Fungi | Flowering Plants","easy","Consider the following kinds of organisms : 1. Bacteria 2. Fungi 3. Flowering plants Some species of which of the above kinds of organisms are employed as biopesticides?","1 only","2 and 3 only","1 and 3 only","1, 2 and 3","D","Biopesticides are certain types of pesticides derived from natural materials such as animals, plants, bacteria, and certain minerals. Bacteria, fungi, and flowering plants all have species that are used as biopesticides. Bacteria like Bacillus thuringiensis produce proteins that are toxic to certain insects. Fungi can also be used as biopesticides as they can infect and kill insects. Flowering plants can produce compounds that are toxic to certain pests and can be used as biopesticides."
"1a75ab79-938d-4dea-825e-cbd74cf3da0b","2012","GS","Science & Technology","Biotechnology","Genetic Engineering | Biotechnology | Genetically Modified Organisms (GMOs) | Agriculture | Food Security","medium","Other than resistance to pests, what are the prospects for which genetically engineered plants have been created? 1. To enable them to withstand drought 2. To increase the nutritive value of the produce 3. To enable them to grow and do photosynthesis in spaceships and space stations 4. To increase their shelf life Select the correct answer using the codes given below:","1 and 2 only","3 and 4 only","1, 2 and 4 only","1, 2, 3 and 4","C","Genetically engineered plants have been created for various purposes beyond just resistance to pests. **Statement 1 is correct:** They have been developed to enable them to withstand drought by introducing genes that help the plants conserve water or tolerate dry conditions. This allows them to survive better in drought-prone areas. **Statement 2 is correct:** Another prospect is to increase the nutritive value of the produce. This can involve enhancing the plants with additional nutrients or higher protein content to improve the overall nutritional quality of the crop. **Statement 3 is incorrect:** While the idea of enabling plants to grow and do photosynthesis in spaceships and space stations is a futuristic concept, it is not a current application of genetically engineered plants. **Statement 4 is correct:** Increasing the shelf life of produce is also a common goal for genetic engineering to reduce food waste and improve storage capabilities. Therefore, the correct answer is 1, 2, and 4."
"d9ae4e51-e0f6-4cb7-a385-5f1ba36a957a","2012","GS","Science & Technology","Biotechnology","Genetically Modified Organisms (GMOs) | Bt Brinjal | Biotechnology | Food Safety | Biodiversity","medium","What are the reasons for the people’s resistance to the introduction of Bt brinjal in India? 1. Bt brinjal has been created by inserting a gene from a soil fungus into its genome. 2. The seeds of Bt brinjal are terminator seeds and therefore, the farmers have to buy the seeds before every season from the seed companies. 3. There is an apprehension that the consumption of Bt brinjal may have an adverse impact on health. 4. There is some concern that the introduction of Bt brinjal may have an adverse effect on biodiversity. Select the correct answer using the codes given below:","1, 2 & 3 Only","2 & 3 only","3 & 4 only","1,2,3 & 4","C","Statement 1 is incorrect: Bt brinjal is created by inserting a gene from a soil bacterium called Bacillus thuringiensis (Bt), not a fungus. Specifically, the Cry1Ac gene is used to provide resistance against the Brinjal Fruit and Shoot Borer (BFSB). Statement 2 is incorrect: Bt brinjal seeds are not ""terminator seeds."" While the developer (Mahyco) holds the intellectual property rights, the technology itself does not include a Genetic Use Restriction Technology (GURT) that prevents seeds from being reused. However, like many hybrids, the yield might decrease in subsequent generations, leading farmers to prefer buying new seeds. Statement 3 is correct: A major point of resistance from activists and health experts is the lack of long-term independent studies on human health. Apprehensions include potential allergenicity and changes in the nutritional profile. Statement 4 is correct: India is a center of origin and diversity for brinjal. Critics argue that cross-pollination between Bt brinjal and wild/local varieties could lead to genetic contamination, potentially wiping out indigenous biodiversity."
"ca0b83de-7ec8-4505-b866-d763bb3116c1","2012","GS","Science & Technology","Energy and Clean Technology","Nuclear Energy | Thorium | Uranium | Nuclear Fuel | Energy Resources","easy","To meet its rapidly growing energy demand, some opine that India should pursue research and development on thorium as the future fuel of nuclear energy. In this context, what advantage does thorium hold over uranium?","Thorium is far more abundant in nature than uranium","On the basis of per unit mass of mined mineral, thorium can generate more energy compared to natural uranium","Thorium produces less harmful waste compared to uranium","All of the above","D","Thorium fuel generates no new bomb-usable material in the waste profile; the waste consists of the radioisotope Uranium-233, or U233, which is virtually impossible to weaponize. Thorium fuel will generate more energy per unit of mass than uranium fuel by a factor of approximately 30. Thorium is four times more abundant in nature than uranium and is widely distributed throughout the Earth's crust. All the statements in this question are correct."
"f13992dd-3fa6-42bd-a562-b89851c3c2a0","2012","GS","Science & Technology","Core Concepts and Foundational Science","Cosmology | Redshift | Cosmic Microwave Background Radiation | Expansion of the Universe | Supernova","hard","Which of the following is /are cited by the scientists as evidence/evidences for the continued expansion of the universe? 1. Detection of microwaves in space 2. Observation of the redshift phenomenon in space 3. Movement of asteroids in space 4. The occurrence of supernova explosions in space","2 only","1 and 2","1, 2 and 4","None of the above","C","Statement 1 is correct: The cosmic microwave background radiation is relic radiation from the early universe and provides strong evidence supporting an expanding universe. Statement 2 is correct: Redshift of light from distant galaxies indicates that they are moving away from each other, directly evidencing the expansion of the universe (Hubble’s Law). Statement 3 is incorrect: Movement of asteroids is governed by local gravitational dynamics within solar systems and has no relevance to the large-scale expansion of the universe. Statement 4 is correct: Type Ia supernova observations are used as standard candles to measure cosmic distances and have provided evidence for the expansion (and accelerated expansion) of the universe."
"1e878692-d511-443a-9146-821854a8e2dc","2012","GS","Science & Technology","Core Concepts and Foundational Science","Antimatter | Astrophysics | Cosmology | Universe Evolution | Antimatter Stars and Galaxies","hard","A team of scientists at Brookhaven National Laboratory including those from India created the heaviest antimatter (anti-helium nucleus). What is/are the implication/implications of the creation of antimatter? 1. It will make mineral prospecting and oil exploration easier and cheaper. 2. It will help probe the possibility of the existence of stars and galaxies made of antimatter. 3. It will help understand the evolution of the universe. Select the correct answer using the code given below:","1 only","2 and 3 only","3 only","1, 2 and 3","B","The creation of the anti-helium-4 nucleus (the heaviest antimatter discovered at the time) by the STAR collaboration at Brookhaven National Laboratory has significant scientific implications: * **Statement 1 is incorrect:** Antimatter is extremely difficult and expensive to produce and store. It has no practical application in mineral prospecting or oil exploration, which primarily utilize geological, seismic, and remote sensing technologies. * **Statement 2 is correct:** The discovery provides a reference point for space-based experiments like the Alpha Magnetic Spectrometer (AMS). By understanding heavy antimatter nuclei, scientists can better search for them in cosmic rays, which helps investigate if distant galaxies or stars made entirely of antimatter exist. * **Statement 3 is correct:** A fundamental mystery in cosmology is why the universe is dominated by matter when the Big Bang should have produced equal amounts of matter and antimatter. Studying stable forms of heavy antimatter helps scientists understand this asymmetry and the early evolution of the universe."
"0598dd50-7320-43be-b1df-f6360d69822c","2012","GS","Science & Technology","Core Concepts and Foundational Science","Capillarity | Surface Tension | Fluid Mechanics | Plant Physiology | Kerosene Lamp","medium","Consider the following statements - If there were no phenomenon of capillarity 1. It would be difficult to use a kerosene lamp 2. One would not be able to use a straw to consume a soft drink 3. The blotting paper would fail to function 4. The big trees that we see around would not have grown on the earth","1,2 and 3 only","1,3 and 4 only","2 and 4","1,2,3 and 4","B","Capillarity, or capillary action, is the ability of a liquid to flow in narrow spaces without the assistance of, and in opposition to, external forces like gravity. Capillary action allows the kerosene to rise up the wick, where it can then be ignited. Drinking with a straw relies on the principle of air pressure rather than capillarity. When you suck the air out of the straw, you create a pressure difference that forces the drink into the straw. Blotting paper absorbs ink or any liquid due to capillary action, where the liquid is drawn into the small pores of the blotting paper. Capillary action is critical for transporting water from the roots to the leaves of tall trees against the force of gravity."
"bce37241-6429-43d5-8acc-22a2b1af3b66","2012","GS","Science & Technology","Emerging Technologies","Graphene | Nanomaterials | Material Science | Electrical Conductivity | Touch Screen Technology","easy","Graphene is frequently in the news recently. What is its importance? 1. It is a two-dimensional material and has good electrical conductivity 2. It is one of the thinnest but strongest materials tested so far 3. It is entirely made of silicon and has high optical transparency 4. It can be used as ‘conducting electrodes’ required for touch screens, LCDs and organic LEDs","1 and 2","3 and 4","1, 2 and 4","1, 2, 3 and 4","C","Graphene is renowned for its excellent electrical conductivity, which stems from its two-dimensional, one-atom-thick structure. Graphene is famously strong for its very thin structure, making it one of the strongest materials known. Graphene is made entirely of carbon, arranged in a hexagonal lattice. While it does have high optical transparency, its composition is carbon, not silicon. Its electrical conductivity, along with its optical transparency, makes graphene an excellent candidate for use in conducting electrodes for various display technologies. So, statements 1, 2 and 4 are correct."
"90840409-4d43-49f4-81c9-a364902bd04f","2012","GS","Social Issues & Schemes","Governance","District Rural Development Agencies (DRDAs) | Rural Poverty Reduction | Anti-Poverty Programmes | Panchayati Raj Institutions | Inter-sectoral Coordination","hard","How do District Rural Development Agencies (DRDAs) help in the reduction of rural poverty in India? 1. DRDAs act as Panchayati Raj Institutions in certain specified backward regions of the country. 2. DRDAs undertake the area-specific scientific study of the causes of poverty and malnutrition and prepare detailed remedial measures. 3. DRDAs secure inter-sectoral and inter-departmental coordination and cooperation for effective implementation of anti-poverty programmes. 4. DRDAs watch over and ensure effective utilization of the funds intended for anti-poverty programmes. Which of the statements given above is/are correct?","1, 2 & 3 Only","3 & 4 Only","4 Only","1, 2, 3 & 4","B","**Statement 1 is Incorrect:** DRDAs are registered societies under the Societies Registration Act and function as distinct administrative bodies; they do not act as Panchayati Raj Institutions (PRIs), although they work in coordination with them. **Statement 2 is Incorrect:** The mandate of DRDAs is the planning, implementation, and monitoring of anti-poverty programmes; they are not tasked with conducting scientific research or studies into the causes of poverty and malnutrition. **Statement 3 is Correct:** One of the primary functions of DRDAs is to secure inter-sectoral and inter-departmental coordination to ensure the effective delivery of various rural development schemes. **Statement 4 is Correct:** DRDAs are responsible for overseeing the flow of funds and ensuring that the financial resources intended for anti-poverty programmes are utilized effectively and transparently."
"31f7a063-5308-4d27-9918-196831345c26","2012","GS","Social Issues & Schemes","Human Development","National Rural Livelihood Mission (NRLM) | Rural Poverty Alleviation | Self-Help Groups (SHGs) | Skill Development | Livelihood Enhancement","medium","How does the National Rural Livelihood Mission seek to improve livelihood options of rural poor? 1. By setting up a large number of new manufacturing industries and agri-business centres in rural areas 2. By strengthening ‘self-help groups’ and providing skill development 3. By supplying seeds, fertilizers, diesel pump-sets and micro-irrigation equipment free of cost to farmers Select the correct answer using the codes given below:","1 & 2","2 Only","1 & 3 Only","1, 2 & 3","B","**Statement 1 is Incorrect:** The National Rural Livelihood Mission (NRLM) focuses on social mobilization and building strong institutional platforms for the rural poor, rather than directly establishing manufacturing industries or agri-business centres. **Statement 2 is Correct:** The core strategy of NRLM is to improve livelihoods by strengthening Self-Help Groups (SHGs), providing them with revolving funds and community investment funds, and offering skill development through initiatives like DDU-GKY. **Statement 3 is Incorrect:** NRLM does not provide agricultural inputs like seeds, fertilizers, or machinery free of cost; instead, it promotes sustainable agriculture through technical knowledge, financial inclusion, and credit linkages."
"2ff0be91-ab61-45c0-9326-a774472b5217","2012","GS","Social Issues & Schemes","Health and Welfare | Types of Schemes","National Rural Health Mission (NRHM) | ASHA Workers | Accredited Social Health Activists | Community Health Workers | Antenatal Care | Immunization | Nutrition","medium","With reference to National Rural Health Mission, which of the following are the jobs of ‘ASHA’, a trained community health worker? 1. Accompanying women to the health facility for antenatal care checkup 2. Using pregnancy test kits for early detection of pregnancy 3. Providing information on nutrition and immunization 4. Conducting the delivery of the baby Select the correct answer using the codes given below:","1, 2 and 3 only","2 and 4 Only","1 and 3 only","1, 2, 3 & 4","A","ASHA workers (Accredited Social Health Activists) play a vital role in the National Rural Health Mission (NRHM) by acting as a bridge between the community and healthcare services. Correct options - Accompanying women to the health facility for antenatal care checkups ASHA workers provide support and encouragement to pregnant women, ensuring they attend essential checkups and access healthcare services. - Providing information on nutrition and immunization Educating families about proper nutrition and the importance of immunization for children is a key responsibility of ASHA workers. - Using pregnancy test kits for early detection of pregnancy While not always the case, some ASHA workers might be trained and equipped to use pregnancy test kits for basic health screening. Incorrect option Conducting the delivery of the baby Delivering babies is a task typically performed by skilled medical professionals like doctors or midwives at healthcare facilities. While ASHA workers might play a supportive role during pregnancy, childbirth is not within their scope of practice. Therefore, the correct answer is a combination of 1, 2, and 3."
"0a4643df-718a-46f9-a354-5d62fb789017","2012","GS","Social Issues & Schemes","Health and Welfare","Janani Suraksha Yojana | JSY | Maternal Health | Institutional Deliveries | National Rural Health Mission | NRHM | Safe Motherhood | Maternal Mortality | Cash Assistance | Pradhan Mantri Matru Vandana Yojana","medium","The endeavour of ‘Janani Suraksha Yojana’ Programme is 1. to promote institutional deliveries 2. to provide monetary assistance to the mother to meet the cost of delivery 3. to provide for wage loss due to pregnancy and confinement Which of the statements given above is/are correct?","1 and 2 Only","2 Only","3 Only","1, 2, & 3","A","Janani Suraksha Yojana (JSY) - It is a safe motherhood intervention under the National Rural Health Mission (NRHM) being implemented to reduce maternal and neonatal mortality by promoting institutional delivery among poor pregnant women. Hence, statement 1 is correct. - JSY is a 100 % centrally sponsored scheme and it integrates cash assistance with delivery and post-delivery care. Hence statement 2 is correct. The Yojana has identified ASHA, the accredited social health activist as an effective the link between the Government and poor pregnant women. Pradhan Mantri Matru Vandana Yojana To provide compensation for the wage loss in terms of cash incentives so that the woman can take adequate rest before and after delivery of the first living child. Hence, statement 3 is not correct."
"b4949f30-00ed-44f2-888a-92208369b67e","2012","GS","Social Issues & Schemes","Economy and Finance","Employees' State Insurance Scheme (ESIC) | Social Security in India | Labor Laws in India | Employees' State Insurance Act, 1948 | Coverage of ESIC","hard","Consider the following: 1. Hotels and restaurants 2. Motor transport undertakings 3. Newspaper establishments 4. Private medical institutions The employees of which of the above can have the ‘Social Security’ coverage under “Employees’ State Insurance Scheme’?","Only 1, 2 & 3","4 Only","1, 3 & 4 Only","1, 2, 3 & 4","D","The Employees' State Insurance (ESI) Act, 1948, is a self-financing social security scheme that provides medical, cash, maternity, disability, and survivor benefits to workers. While initially applicable to non-seasonal factories, Section 1(5) of the Act empowers the 'Appropriate Government' to extend its provisions to any other establishment. **Statement 1 is Correct:** State governments have extended the ESI Scheme to hotels and restaurants employing a specified number of persons (usually 10 or more). **Statement 2 is Correct:** Road-motor transport undertakings are specifically included in the list of establishments covered under the ESI Act through government notifications. **Statement 3 is Correct:** Newspaper establishments (which are not already covered as factories) have been brought under the coverage of the ESI Scheme by various state governments. **Statement 4 is Correct:** The ESI Corporation has extended the scheme's coverage to include private medical institutions and educational institutions employing 10 or more persons in most states and Union Territories."
"fb3e9152-b49c-48b0-b40f-298db57f8245","2012","GS","Social Issues & Schemes","Related to Human Development and Dignity","Multidimensional Poverty Index (MPI) | Oxford Poverty and Human Development Initiative | UNDP | Household Deprivation | Poverty Measurement","easy","The Multi-dimensional Poverty Index developed by Oxford Poverty and Human Development Initiative with UNDP support covers which of the following? 1. Deprivation of education, health, assets and services at the household level 2. Purchasing power parity at the national level 3. The extent of the budget deficit and GDP growth rate at the national level Select the correct answer using the codes given below:","1 Only","2 & 3 Only","1 & 3 Only","1, 2 & 3","A","**Statement 1 is Correct:** The Multidimensional Poverty Index (MPI) identifies multiple deprivations at the household and individual level across three dimensions: Health, Education, and Standard of Living. It specifically measures indicators such as nutrition, child mortality, years of schooling, school attendance, and access to assets and services like cooking fuel, sanitation, drinking water, electricity, and housing. **Statement 2 is Incorrect:** Purchasing Power Parity (PPP) is a macroeconomic metric used to compare economic productivity and standards of living between different countries based on relative prices. It is not an indicator used in the calculation of the MPI. **Statement 3 is Incorrect:** Budget deficit and GDP growth rate are national-level macroeconomic indicators that reflect a country's fiscal health and economic expansion. The MPI focuses on micro-level deprivations experienced by individuals or households rather than national economic performance metrics."