ID,Year,Paper,Subject,Topics,Tags,Difficulty,Question,Option_A,Option_B,Option_C,Option_D,Correct_Answer,Explanation
"c6b37759-611c-4df1-b07e-c725eae22900","2019","GS","Ancient History","Indus Valley Civilisation","Indus Valley Civilization | Harappan Civilization | Harappan Sites | Ancient India | Prehistoric India","hard","Which one of the following is not a Harappan site?","Chanhudaro","Kot Diji","Sohgaura","Desalpur","C","Sohgaura is not a Harappan site and is situated in Uttar Pradesh. It is famous for its copper inscription written in Prakrit in the Brahmi script. It belongs to the Mahajanapad and Mauryan periods. All the other three are Harappan sites. Chanhudaro in Sindh, Pakistan, Kot Diji in Sindh, Pakistan, Desalpur in Gujarat, India."
"11d8053f-686e-44d7-b9f4-9f0cfae76548","2019","GS","Ancient History","Gupta Empire","Ancient India | Gupta Period | Forced Labour | Vishti | Social Structure","hard","With reference to forced labour (Vishti) in India during the Gupta period, which one of the following statements is correct?","It was considered a source of income for the State, a sort of tax paid by the people.","It was totally absent in the Madhya Pradesh and Kathiawar regions of the Gupta Empire.","The forced labourer was entitled to weekly wages.","The eldest son of the labourer was sent as the forced labourer.","A","During the Gupta period, Vishti (forced labor) was considered a legitimate source of income for the State and a form of tax paid by the subjects in the form of labor. Historical evidence, such as the Junagadh inscription, indicates that Vishti was listed alongside other taxes like Bali and Bhaga, signifying its status as a state resource. It was prevalent in various regions, including Madhya Pradesh and Kathiawar, contradicting the claim of its absence there. As it was a forced extraction of service, the laborers were not entitled to wages, and the obligation was not restricted to any specific family member like the eldest son."
"e5dc6696-b764-431e-b62b-5e72764069ee","2019","GS","Art & Culture","Religions in India","Mahayana Buddhism | Buddhist Philosophy | Buddhist Practices | Bodhisattva | Image Worship","easy","Consider the following: 1. Deification of the Buddha 2. Treading the path of Bodhisattvas 3. Image worship and rituals Which of the above is/are the feature/features of Mahayana Buddhism?","1 only","1 and 2 only","2 and 3 only","1, 2 and 3","D","All three statements (1, 2, and 3) are features of Mahayana Buddhism. **Deification of the Buddha:** While Theravada Buddhism emphasizes the Buddha as a human who attained enlightenment, Mahayana portrays the Buddha as a transcendent being who can exist in multiple forms. **Treading the path of Bodhisattvas Mahayana:** Buddhism emphasizes the Bodhisattva ideal, where individuals strive for enlightenment not just for themselves but for the benefit of all sentient beings. **Image worship and rituals:** Mahayana Buddhism incorporates elaborate rituals and devotional practices involving statues and images of the Buddha and Bodhisattvas. These practices are seen as a way to connect with the divine and progress on the path to enlightenment."
"e3388fa7-6a60-4623-b4f5-3ced3038fd14","2019","GS","Art & Culture","Art and Architecture","Ashoka | Rock Edicts | Buddhist Art | Ancient Indian History | Relief Sculpture","hard","In which of the following relief sculpture inscriptions is ‘Ranyo Ashoka’ (King Ashoka) mentioned along with the stone portrait of Ashoka?","Kanganahalli","Sanchi","Shahbazgarhi","Sohgaura","A","Kanganahalli, located near Sannati in Karnataka, is an archaeological site known for its Buddhist stupas, sculptures, and inscription slabs. One particular relief sculpture depicts a royal figure with attendants, identified through the Brahmi inscription as 'Ranyo Ashoka' (King Ashoka). This is the first and only known stone portrait of Emperor Ashoka with his name inscribed. - **Sanchi** (Madhya Pradesh): Famous for its Great Stupa, built under Ashoka's patronage, but it does not contain an inscribed stone portrait of the king. - **Shahbazgarhi** (Pakistan): Contains Ashokan Rock Edicts written in the Kharosthi script. These edicts promote Dhamma (moral law) but do not include a stone portrait. - **Sohgaura** (Uttar Pradesh): Known for a copper-plate inscription (Mauryan period) regarding famine relief measures, not a relief sculpture of Ashoka."
"b5ce0888-8de6-48ea-a3a2-d156f01e5e68","2019","GS","Art & Culture","Indian Paintings","Mughal Art | Mughal Emperors | Jahangir | Mughal Painting | Art History","medium","Who among the following Mughal Emperors shifted emphasis from illustrated manuscripts to album and individual portrait?","Humayun","Akbar","Jahangir","Shah Jahan","C","* Jahangir (reigned 1605-1627) was known for his keen interest in art and culture. While his predecessors valued illustrated manuscripts, Jahangir favoured a more personal approach to artistic expression. * He patronized artists like Bichitr, Mansur, and Abu’l Hasan, who excelled in portraiture. * He actively commissioned individual portraits and compiled albums showcasing a variety of subjects, including people, animals, and flora and fauna. This shift reflected a growing interest in realism and individual character studies within Mughal art during his reign."
"4ace6d75-ffef-467a-97ad-ae03abdfeecc","2019","GS","Art & Culture","Bhakti Movement","Bhakti Movement | Medieval Indian History | Saints and Philosophers | Religious Movements | Mughal Period","hard","Consider the following statements: 1. Saint Nimbarka was a contemporary of Akbar. 2. Saint Kabir was greatly influenced by Shaikh Ahmad Sirhindi. Which of the statements given above is/are correct?","1 only","2 only","Both 1 and 2","Neither 1 nor 2","D","**Statement 1 is incorrect.** Saint Nimbarka lived in the 13th or 14th century, while Akbar's reign was from 1556 to 1605. **Statement 2 is incorrect.** Saint Kabir lived in the 15th century, predating Shaikh Ahmad Sirhindi who belonged to the 16th-17th century."
"73b54554-7d55-4815-b82c-442d96571d06","2019","GS","Art & Culture","Temple Architecture","Vijayanagara Empire | Temple Architecture | Kalyana Mandapas | South Indian History | Art and Culture","medium","Building ‘Kalyaana Mandapas’ was a notable feature in the temple construction in the kingdom of","Chalukya","Chandela","Rashtrakuta","Vijayanagara","D","The Vijayanagara style of architecture is characterized by the addition of elaborate 'Kalyana Mandapas' (marriage halls) within the temple complex, intended for the ceremonial marriage of the deity. Other distinct features of this period include the 'Amman Shrine' (for the principal deity's consort), tall 'Raya Gopurams' (gateways), and highly decorated pillars featuring mythical animals like the 'Yali' or charging horses."
"a81873f4-f0f1-420d-950b-6aa319cb5bb7","2019","GS","Economy","Unemployment","Industrial Employment (Standing Orders) Central (Amendment) Rules, 2018 | Fixed-Term Employment | Temporary Workmen | Labour Laws | Employment Termination","medium","Consider the following statements : As per the Industrial Employment (Standing Orders) Central (Amendment) Rules, 2018 1. if rules for fixed-term employment are implemented, it becomes easier for the firms/companies to lay off workers 2. no notice of termination of employment shall be necessary in the case of temporary workman Which of the statements given above is/are correct?","1 only","2 only","Both 1 and 2","Neither 1 nor 2","C","**Statement 1 is correct:** The 2018 Amendment expanded Fixed-Term Employment (FTE) to all sectors. FTE allows an employer to hire a worker for a fixed period via a written contract. A key feature of FTE is that the ""termination of service of the workman as a result of non-renewal of the contract"" does not amount to retrenchment. Since retrenchment procedures (under the Industrial Disputes Act) are the primary hurdle to laying off workers in India, FTE makes it significantly easier for firms to reduce their workforce. **Statement 2 is correct:** Under the Industrial Employment (Standing Orders) Central Rules, a temporary workman is defined as a person engaged for work which is of an essentially temporary nature. The rules explicitly state that no notice of termination of employment shall be necessary for such a workman. Furthermore, for Fixed-Term workers, the 2018 rules specify that no notice is required if the employment ends due to the expiry of the contract."
"e42b9eb3-80b2-4a54-92cb-4dc95dc90abf","2019","GS","Economy","Money, Banking and Monetary Policy | Services and Digital Economy","Reserve Bank of India (RBI) | Payment System Data Localization | Data Security | Financial Regulation | Comptroller and Auditor General of India (CAG)","hard","Consider the following statements: The Reserve Bank of India’s recent directives relating to ‘Storage of Payment System Data’, popularly known as data diktat, command the payment system providers that 1. they shall ensure that entire data relating to payment systems operated by them are stored in a system only in India 2. they shall ensure that the systems are owned and operated by public sector enterprises 3. they shall submit the consolidated system audit report to the Comptroller and Auditor General of India by the end of the calendar year Which of the statements given above is/are correct?","1 only","1 and 2 only","3 only","1, 2 and 3","A","**Statement 1 is Correct (Data storage in India):** This is the core requirement of the directive. It mandates that the entire payment system data be stored in systems located only in India. This aims to improve data security and regulatory oversight. **Statement 2 is Incorrect (Public sector ownership):** The directive doesn't specify ownership requirements for the data storage systems. Private companies can also store data as long as the systems are located within India. **Statement 3 is Incorrect (Audit report submission):** The directive des not have reporting requirements for system audits to the Comptroller and Auditor General of India (CAG) which typically audits government entities."
"2169e934-4164-4399-a512-b11661bd69ee","2019","GS","Economy","Planning and Reform | Industry and Manufacturing | Services and Digital Economy","India's Five-Year Plans | Economic Planning in India | Industrial Development in India | Poverty Alleviation in India | Financial Sector in India","hard","With reference to India’s Five-Year Plans, which of the following statements is/are correct? 1. From the Second Five-Year Plan, there was a determined thrust towards substitution of basic and capital goods industries. 2. The Fourth Five-Year Plan adopted the objective of correcting the earlier trend of increased concentration of wealth and economic power. 3. In the Fifth Five-Year Plan, for the first time, the financial sector was included as an integral part of the Plan. Select the correct answer using the code given below.","1 and 2 only","2 only","3 only","1, 2 and 3","A","**Statement 1 is Correct:** The Second Five-Year Plan (1956-1961), based on the Mahalanobis Model, shifted the focus of Indian planning toward rapid industrialization. It placed a determined thrust on the development of basic and heavy capital goods industries to build a strong industrial base. **Statement 2 is Correct:** The Fourth Five-Year Plan (1969-1974) adopted the objective of ""growth with stability"" and the ""progressive achievement of self-reliance."" It specifically aimed at correcting the concentration of wealth and economic power through measures like the nationalization of 14 major commercial banks (1969) and the Monopolies and Restrictive Trade Practices (MRTP) Act. **Statement 3 is Incorrect:** The financial sector was not included as an integral part of the planning process during the Fifth Five-Year Plan. It was only from the Ninth Five-Year Plan (1997-2002) onwards that the financial sector was treated as an integral part of the plan to ensure efficient resource allocation."
"cffbe72f-7efe-4765-b11a-0b30e2094b54","2019","GS","Economy","Finance and Financial Markets | Money, Banking and Monetary Policy","Inter-Creditor Agreement (ICA) | Stressed Assets Resolution | Consortium Lending | Non-Performing Assets (NPAs) | Banking and Finance","medium","What was the purpose of Inter-Creditor Agreement signed by Indian banks and financial institutions recently?","To lessen the Government of India’s perennial burden of fiscal deficit and current account deficit","To support the infrastructure Projects of Central and State Governments","To act as independent regulator in case of applications for loans of Rs. 50 crore or more","To aim at faster resolution of stressed assets of Rs. 50 crore or more which are under consortium lending","D","The Inter-Creditor Agreement (ICA) was a key component of **Project Sashakt**, launched based on the recommendations of the **Sunil Mehta Committee** to fast-track the resolution of Non-Performing Assets (NPAs) in the Indian banking system. It specifically targets stressed assets of **₹50 crore or more** held under **consortium lending**. The agreement mechanism stipulates that if **66% of the lenders** (by value) agree to a resolution plan, it becomes binding on all other lenders in the consortium. This prevents individual dissenting banks from stalling the recovery process, ensuring a more efficient turnaround for bad loans."
"ac30b29f-45ab-452d-bb00-d83aa5b91dd9","2019","GS","Economy","Agriculture and Allied Activities","Rice Export | Global Trade | Agricultural Commodities | India Economy | International Trade","hard","Among the following, which one is the largest exporter of rice in the world in the last five years?","China","India","Myanmar","Vietnam","B","India has consistently been the world's largest exporter of rice since 2012. For the five-year period preceding 2019 (the year of the examination), India maintained its top position globally, followed by countries like Thailand and Vietnam. In 2018, India's rice exports were valued at approximately US$7.4 billion, representing about 30% of the total global rice exports. While China is the world's largest producer of rice, it is also a significant consumer and importer, whereas India dominates the global export market."
"f641d598-2f8a-482a-a84f-53fe5516f6d2","2019","GS","Economy","International Institutions","World Bank | Ease of Doing Business Index | Business Regulations | Economic Indicators | International Organizations","medium","Which one of the following is not a sub-index of the World Bank’s “Ease of Doing Business Index”?","Maintenance of law and order","Paying taxes","Registering property","Dealing with construction permits","A","The World Bank's Ease of Doing Business Index measured business regulations through 10 specific sub-indices: (1) Starting a business, (2) Dealing with construction permits, (3) Getting electricity, (4) Registering property, (5) Getting credit, (6) Protecting minority investors, (7) Paying taxes, (8) Trading across borders, (9) Enforcing contracts, and (10) Resolving insolvency. While maintenance of law and order is a fundamental requirement for economic stability, it was not one of the quantitative indicators used by the World Bank for this index. Options B, C, and D are all official sub-indices used in the ranking methodology."
"9eb52811-19f1-4b29-b022-d178b1511337","2019","GS","Economy","Public Finance in India","India's External Debt | Government Debt | Non-Government Debt | External Debt Composition | Currency Denomination of Debt","medium","Consider the following statements: 1. Most of India’s external debt is owed by governmental entities. 2. All of India’s external debt is denominated in US dollars. Which of the statements given above is/are correct?","1 only","2 only","Both 1 and 2","Neither 1 nor 2","D","The external debt of India is the total debt the country owes to foreign creditors. The debtors can be the Union government, state governments, corporations, or citizens of India. The debt includes money owed to private commercial banks, foreign governments, or international financial institutions such as the International Monetary Fund (IMF) and World Bank. - Commercial borrowings continued to be the largest component of external debt with a share of 37.4 per cent, followed by NRI deposits (24.1 per cent) and short-term trade credit (19.9 per cent). - **Statement 1 is incorrect:** Non-Government Debt - 416.7 (US$ billion), Government Debt 104.5 (US$ billion). - **Statement 2 is also incorrect:** US dollar-denominated debt continued to be the largest component of India's external debt with a share of 45.9 per cent at the end of December 2018, followed by the Indian rupee (24.8 per cent), SDR (5.1 per cent), yen (4.9 per cent) and euro (3.1 per cent)."
"e653c6c4-f1e3-48c1-b000-3fcc86d84db5","2019","GS","Economy","Money, Banking and Monetary Policy","Commercial Bank Assets | Banking in India | Financial Statements | Balance Sheet | Liabilities and Assets","medium","Which of the following is not included in the assets of a commercial bank in India?","Advances","Deposits","Investments","Money at call and short notice","B","Assets represent the resources a bank owns. For a commercial bank, these resources include: - **Advances (loans):** Money lent to businesses, individuals, and other borrowers. - Investments Securities like government bonds, treasury bills, or shares in other companies. - **Money at call and short notice:** Funds are lent to other banks for a very short period, usually overnight. - **Deposits** are liabilities for a bank. They represent the money that customers entrust to the bank, which the bank is obligated to repay."
"5b22aa8a-d286-4d2f-9c40-bbd103ab009f","2019","GS","Economy","Infrastructure and Investment Models in India","Petroleum and Natural Gas Regulatory Board (PNGRB) | Energy Sector Regulation | Independent Regulatory Bodies in India | Telecom Regulatory Authority of India (TRAI) | Appellate Tribunals for Electricity","medium","Consider the following statements : 1. Petroleum and Natural Gas Regulatory Board (PNGRB) is the first regulatory body set up by the Government of India. 2. One of the tasks of PNGRB is to ensure competitive markets for gas. 3. Appeals against the decisions of PNGRB go before the Appellate Tribunals for Electricity. Which of the statements given above are correct?","1 and 2 only","2 and 3 only","1 and 3 only","1, 2 and 3","B","**Statement 1 is Incorrect:** The Petroleum and Natural Gas Regulatory Board (PNGRB) was established under the PNGRB Act, 2006. It is not the first regulatory body in India; several others were established much earlier, such as the Securities and Exchange Board of India (SEBI), which was granted statutory status in 1992, and the Telecom Regulatory Authority of India (TRAI), established in 1997. **Statement 2 is Correct:** One of the primary mandates of the PNGRB, as defined in the PNGRB Act, 2006, is to protect the interests of consumers and entities engaged in activities relating to petroleum, petroleum products, and natural gas, and to promote competitive markets within the sector. **Statement 3 is Correct:** Under Section 30 of the PNGRB Act, 2006, the Appellate Tribunal established under Section 110 of the Electricity Act, 2003 (known as the Appellate Tribunal for Electricity or APTEL) acts as the appellate authority to hear appeals against the decisions or orders of the PNGRB."
"63a0b780-3704-4e2a-8f84-e25ece2ed2ab","2019","GS","Economy","Finance and Financial Markets | Money, Banking and Monetary Policy","Lead Bank Scheme | Service Area Approach | Rural Development | Financial Inclusion | Banking in India","medium","The Services Area Approach was implemented under the purview of","Integrated Rural Development Programme","Lead Bank Scheme","Mahatma Gandhi National Rural Employment Guarantee Scheme","National Skill Development Mission","B","* Service area approach (SAA) is an improved version of area approach of Lead Bank Scheme. * Under SAA plan, each commercial bank / RRB branch in the rural and semi-urban area is designated to serve 15 to 25 villages for the planned and orderly development of rural and semi-urban areas. * The designated branch of a bank has to meet the banking needs of its service area vis--vis forge effective linkages between bank credit, production, productivity, and increase in income levels of the villages."
"7dcbf8e1-dd5a-4f18-b9c1-4ec266ef193a","2019","GS","Economy","Industry and Manufacturing | Trade and External Sector","Global Competitiveness Report | World Economic Forum (WEF) | International Organizations | Economic Indicators | Competitiveness","easy","The Global Competitiveness Report is published by the","International Monetary Fund","United Nations Conference on Trade and Development","World Economic Forum","World Bank","C","The Global Competitiveness Report is published by the World Economic Forum (WEF). **Option A is incorrect.** The International Monetary Fund (IMF) primarily focuses on macroeconomic policies, financial stability, and global monetary cooperation, but it does not publish the Global Competitiveness Report. **Option B is incorrect.** The United Nations Conference on Trade and Development (UNCTAD) deals with trade, investment, and development issues but is not responsible for this report. **Option C is correct.** The World Economic Forum (WEF) releases the Global Competitiveness Report (GCR), which assesses the competitiveness of countries based on various economic indicators such as infrastructure, macroeconomic stability, health, education, market efficiency, and innovation. **Option D is incorrect.** The World Bank publishes reports related to economic development, poverty reduction, and business environments, such as the Ease of Doing Business Report, but it does not release the Global Competitiveness Report."
"09cb2caf-7e1e-4123-8bbf-9e33e556fffd","2019","GS","Economy","Money, Banking and Monetary Policy","Money Multiplier | Reserve Ratio | CRR (Cash Reserve Ratio) | SLR (Statutory Liquidity Ratio) | Banking Habits","medium","The money multiplier in an economy increases with which one of the following?","Increase in the cash reserve ratio","Increase in the banking habits of the population","Increase in the statutory liquidity ratio","Increase in the population of the country","B","**Money multiplier:** It refers to the extent to which commercial banks can create new money based on deposits. It's calculated as the reciprocal of the reserve ratio (required reserves divided by total deposits). **Cash Reserve Ratio (CRR) and Statutory Liquidity Ratio (SLR):** These are regulatory tools used by the central bank to control the money supply. **Higher CRR and SLR:** Banks are required to hold a larger portion of deposits as reserves with the central bank. This reduces the amount of money available for lending, thus decreasing the money multiplier. **Lower CRR and SLR:** Banks can lend out a larger portion of deposits, increasing the money multiplier. **Banking habit:** When people deposit more money in banks, it increases the pool of funds available for lending. This allows banks to create more new money through the lending process, leading to a higher money multiplier. **Population growth:** While population growth can lead to higher demand for money, it doesn't directly affect the money multiplier mechanism itself."
"2936963c-68d9-49ce-9f78-bb482a34472a","2019","GS","Economy","Agriculture and Allied Activities","Land Reforms in India | Land Ceiling Laws | Agricultural Land Distribution | Post-Independence India | Rural Development","medium","With reference to land reforms in independent India, which one of the following statements is correct?","The ceiling laws were aimed at family holdings and not individual holdings.","The major aim of land reforms was providing agricultural land to all the landless.","It resulted in cultivation of cash crops as a predominant form of cultivation.","Land reforms permitted no exemptions to the ceiling limits.","B","The primary objective of land reforms in independent India was to achieve social justice and 'equity' by redistributing land from large landowners to the landless and marginal farmers, thereby reducing the concentration of land ownership. - **Option B is correct:** The policy priority was to ensure that those who actually tilled the soil had ownership rights, aiming to provide agricultural land to the landless to reduce rural poverty and inequality. - **Option A is incorrect:** During the first phase of land reforms (1950s and 60s), ceiling laws were generally applied to individual holdings. It was only after the 1972 national guidelines that the basis for land ceilings shifted to family units. - **Option D is incorrect:** Land ceiling laws were not absolute and provided numerous exemptions. These typically included land used for plantations (tea, coffee, rubber), orchards, sugarcane farms, and land held by religious, educational, or charitable trusts. - **Option C is incorrect:** Land reforms were intended to improve productivity and equity; they did not specifically aim for, nor result in, cash crops becoming the predominant form of cultivation across the country."
"36616d66-6de2-4657-b503-f6d0c09545c9","2019","GS","Economy","Agriculture and Allied Activities","India's Agricultural Imports | Edible Oil Imports | Vegetable Oil Trade | India's Trade Deficit | Agricultural Commodity Prices","medium","Among the agricultural commodities imported by India, which one of the following accounts for the highest imports in terms of value in the last five years?","Spices","Fresh fruits","Pulses","Vegetable oils","D","* The country's vegetable oil imports for the first six months of the oil year during November 2018 to April 2019 stood at 75,41,689 tonne, up about 3% from 73,18,295 tonne reported in the same period last year. * Vegetable oils account for the highest import in terms of value in the last five years. India relies on imports for 70 percent of its edible oil consumption."
"a4c14858-06c9-4f60-b497-78c10d2a367f","2019","GS","Economy","Trade and External Sector | Money, Banking and Monetary Policy","Indian Rupee Depreciation | Monetary Policy | Exchange Rate Management | RBI Interventions | External Commercial Borrowings (ECBs)","easy","Which one of the following is not the most likely measure the Government/RBI takes to stop the slide of Indian rupee?","Curbing imports of non-essential goods and promoting exports","Encouraging Indian borrowers to issue rupee denominated Masala Bonds","Easing conditions relating to external commercial borrowing","Following an expansionary monetary policy","D","To stop the slide of the Rupee (depreciation), the RBI/Government needs to increase the inflow of foreign currency (USD) or decrease the outflow. Option (a), (b), and (c) are likely measures: They either increase the supply of dollars in the Indian market or reduce the demand for dollars, which helps stabilize the Rupee. Option (d) is NOT a likely measure: An expansionary monetary policy usually involves lowering interest rates. When interest rates fall, the ""carry trade"" becomes less attractive to foreign investors, leading to capital flight. This increases the supply of Rupee in the market and decreases its value further. To stop a slide, the RBI typically follows a contractionary (dear money) policy to attract capital and curb inflation."
"c75fd1d8-f086-4f36-b3d5-f78495124f58","2019","GS","Economy","Agriculture and Allied Activities","Food Corporation of India (FCI) | Minimum Support Price (MSP) | Procurement Cost | Distribution Cost | Food Security","medium","The economic cost of food grains to the Food Corporation of India is Minimum Support Price and bonus (if any) paid to the farmers plus","Transportation cost only","Interest cost only","Procurement incidentals and distribution cost","Procurement incidentals and charges for godowns","C","The correct answer is (C) procurement incidentals and distribution cost. Here's a breakdown of the economic cost of food grains to the Food Corporation of India (FCI): **Minimum Support Price (MSP) and bonus (if any):** This is the price paid by the FCI to farmers to procure food grains at a pre-determined level. It serves as a safety net for farmers and ensures some income stability. **Procurement incidentals:** These are the additional costs incurred by the FCI during the procurement process. They include expenses like - Commission to agents or societies involved in procurement - Bagging materials - Labor charges for procurement activities - Transportation from collection centers to storage depots **Distribution cost:** This refers to the expenses incurred by the FCI to distribute the procured food grains. It includes - Transportation costs from storage depots to fair price shops or other distribution channels - Handling and storage charges at fair price shops - Losses during storage and transportation ![Crops under MSP](https://d39jluplm5thpx.cloudfront.net//msp_b01479adc9.png)"
"d7f22c62-e8cd-4179-a166-bb4d153cdd76","2019","GS","Economy","Infrastructure and Investment Models in India | Industry and Manufacturing","Coal Sector Nationalization | Coal Block Allocation | Coal Production and Imports | Indian Economy | Energy Sector","easy","Consider the following statements: 1. CoaI sector was nationalized by the Government of India under Indira Gandhi. 2. Now, coal blocks are allocated on a lottery basis. 3. Till recently, India imported coal to meet the shortage of domestic supply, but now India is self- sufficient in coal production. Which of the statements given above is/arc correct?","1 only","2 and 3 only","3 only","1, 2 and 3","A","**Nationalisation:** Yes, the coal sector was nationalised by the Indira Gandhi government in phases during the 1970s. **Hence, Statement 1 is Correct.** **Coal block allocation:** Coal blocks are not allocated through a lottery system. They are currently allocated through auctions, a shift from the previous system of administrative allocation. **Hence, Statement 2 is Incorrect.** **Coal self-sufficiency:** India is not entirely self-sufficient in coal production. While domestic production has increased, there is still a gap that is met through imports. **Hence, Statement 3 is Incorrect.**"
"ec1427ba-d1ed-4afa-a6f5-dd5510bd3488","2019","GS","Economy","Trade and External Sector","Currency Crisis | Foreign Exchange Reserves | IT Sector | Remittances | Government Expenditure","medium","In the context of India, which of the following factors is/are contributor/contributors to reducing the risk of a currency crisis? 1. The foreign currency earnings of India’s IT sector 2. Increasing the government expenditure 3. Remittances from Indians abroad Select the correct answer using the code given below.","1 only","1 and 3 only","2 only","1, 2 and 3","B","**Statement 1 is correct:** Foreign currency earnings - The IT sector generates foreign exchange through exports of services. This increases the supply of foreign currency reserves, making it easier to defend the rupee's value in the foreign exchange market during times of stress. **Statement 2 is incorrect:** While government spending can stimulate economic growth, it can also lead to a higher budget deficit. If the deficit is financed by excessive borrowing, it can put pressure on the currency if investors lose confidence in the government's ability to repay its debts. **Statement 3 is correct:** Remittances from abroad - When Indians working abroad send money back home, it adds to the inflow of foreign currency. This strengthens the country's foreign exchange reserves and provides a buffer against external shocks. Therefore, the correct code is 1 and 3 only."
"3df73789-5e9f-4339-bcfa-a2e0b732207a","2019","GS","Economy","Poverty","Purchasing Power Parity (PPP) | Exchange Rates | International Economics | GDP Measurement | Indian Economy","easy","Consider the following statements: 1. Purchasing Power Parity (PPP) exchange rates are calculated by comparing the prices of the same basket of goods and services in different countries. 2. In terms of PPP dollars, India is the sixth largest economy in the world. Which of the statements given above is/are correct?","1 only","2 only","Both 1 and 2","Neither 1 nor 2","A","**Statement 1 is correct:** Purchasing Power Parity (PPP) exchange rates are calculated by comparing the prices of the same basket of goods and services in different countries. **Statement 2 is incorrect:** India is not the sixth-largest economy in the world in terms of PPP dollars. It is currently the third largest economy in terms of PPP dollars, after China and the United States."
"d0f8f1bc-281d-4213-8f3d-0e96c374f709","2019","GS","Economy","Finance and Financial Markets | Trade and External Sector","Foreign Portfolio Investors (FPIs) | Participatory Notes (P-Notes) | Indian Stock Market | Securities and Exchange Board of India (SEBI) | Financial Instruments","easy","Which of the following is issued by registered foreign portfolio investors to overseas investors who want to be part of the Indian stock market without registering themselves directly?","Certificate of Deposit","Commercial Paper","Promissory Note","Participatory Note","D","**Participatory Note (P-Note):** This is a financial instrument issued by registered foreign portfolio investors (FPIs) to overseas investors. It allows overseas investors to participate in the Indian stock market indirectly without directly registering with the Securities and Exchange Board of India (SEBI). The FPI holds the underlying Indian securities, and the P-Note represents ownership for the overseas investor. The other options are not used for this purpose: **Certificate of Deposit (CD):** Issued by banks to raise short-term funds, not related to stock markets. **Commercial Paper (CP):** Short-term debt instrument issued by companies, not related to foreign investment in stocks. **Promissory Note:** A written promise to repay a debt, not used in this context of stock market participation."
"d18b0c44-8db9-4565-b80b-2744421e405b","2019","GS","Economy","Money, Banking and Monetary Policy","Public Sector Banks | Banks Board Bureau | Appointment of Bank Chairmen | Financial Institutions | Nayak Committee Report","easy","The Chairman of public sector banks are selected by the","Banks Board Bureau","Reserve Bank of India","Union Ministry of Finance","Management of concerned bank","A","The Chairman of public sector banks in India are selected by the Banks Board Bureau (BBB). The Banks Board Bureau is an autonomous body responsible for selecting and appointing the Boards of Directors in Public Sector Banks (PSBs) and Financial Institutions. It was established based on the recommendations of the Nayak Committee Report (2014)."
"42e9b011-ada8-4d00-aa59-9cae982f1c5e","2019","GS","Environment & Ecology","National Environmental Legislations | Environmental Pollution","Solid Waste Management Rules 2016 | Waste Segregation | Waste Processing Facilities | Landfill Criteria | Urban Local Bodies","medium","As per the Solid Waste Management Rules, 2016 in India, which one of the following statements is correct?","Waste generator has to segregate waste into five categories.","The Rules are applicable to notified urban local bodies, notified towns and all industrial townships only.","The Rules provide for exact and elaborate criteria for the identification of sites for landfills and waste processing facilities.","It is mandatory on the part of waste generator that the waste generated in one district cannot be moved to another district.","C","Option C is correct: The Solid Waste Management Rules, 2016, include detailed guidelines under Schedule I regarding the 'Specifications for Sanitary Landfills'. This schedule provides exact and elaborate criteria for site selection, such as maintaining a distance of at least 100 meters from rivers, 200 meters from state and national highways, 500 meters from habitations, and 20 km from airports. Option A is incorrect: The rules mandate waste generators to segregate waste into three categories: Bio-degradable (wet waste), Non-biodegradable (dry waste), and Domestic Hazardous Waste (such as diapers, napkins, and cleaning agents). Option B is incorrect: The rules have a broad scope and apply to every urban local body, outgrowths in urban agglomerations, census towns, notified industrial townships, areas under the control of Indian Railways, airports, airbases, ports, special economic zones, and places of religious or historical importance. Option D is incorrect: There is no restriction in the rules prohibiting the movement of waste across district lines. In fact, the rules encourage the development of regional sanitary landfills to be shared by multiple local bodies for better waste management efficiency."
"8804a9d4-1322-44b6-9c93-1feafcbe973d","2019","GS","Environment & Ecology","Agriculture | Contemporary Environmental Issues","Pesticides | Agriculture | Environmental Hazards | Chemical Toxicity | India","hard","In India, the use of carbofuran, methyl parathion, phorate and triazophos is viewed with apprehension. These chemicals are used as","pesticides in agriculture","preservatives in processed foods","fruit-ripening agents","moisturising agents in cosmetics","A","Carbofuran, methyl parathion, phorate, and triazophos are highly toxic pesticides (specifically organophosphates and carbamates) used in agriculture. These chemicals are viewed with apprehension due to their acute toxicity and harmful effects on human health, non-target organisms, and the environment. Based on the recommendations of the Anupam Verma Committee, which reviewed 66 pesticides that were banned or restricted in other countries but continued to be used in India, the Ministry of Agriculture and Farmers Welfare issued notifications to ban or phase out these specific hazardous substances to ensure safety in the agricultural sector."
"d1e23555-313f-4b97-823e-31db9b9b2f4c","2019","GS","Environment & Ecology","National Environmental Legislations | Wet Land Ecosystem","Ramsar Convention | Wetlands Conservation | Wetlands (Conservation and Management) Rules, 2010 | Environmental Law in India | International Environmental Agreements","hard","Consider the following statements : 1. Under the Ramsar Convention, it is mandatory on the part of the Government of India to protect and conserve all the wetlands in the territory of India. 2. The Wetlands (Conservation and Management) Rules, 2010 were framed by the Government of India based on the recommendations of Ramsar Convention. 3. The Wetlands (Conservation and Management) Rules, 2010 also encompass the drainage area or catchment regions of the wetlands as determined by the authority. Which of the statements given above is/are correct?","1 and 2 only","2 and 3 only","3 only","1, 2 and 3","C","**Statement 1 is Incorrect:** The Ramsar Convention requires contracting parties to designate suitable wetlands for the List of Wetlands of International Importance and promote their conservation and ""wise use."" It does not impose a mandatory legal obligation to protect and conserve every single wetland within the entire territory of a country. **Statement 2 is Incorrect:** The Wetlands (Conservation and Management) Rules, 2010 were framed by the Central Government in exercise of the powers conferred by the Environment (Protection) Act, 1986. They were not framed based on specific recommendations of the Ramsar Convention, although they align with the general spirit of wetland conservation. **Statement 3 is Correct:** According to the Wetlands (Conservation and Management) Rules, 2010, the definition of a 'wetland' includes the drainage area or catchment regions of the wetlands as determined by the authority. This allows for a more comprehensive protection of the ecosystem's hydrological cycle."
"fcdbd155-d778-4ead-835e-7b451dc75f84","2019","GS","Environment & Ecology","Protected Area Network | Conservation Efforts | Institutional Measures for Environment Conservation | Contemporary Environmental Issues | Biodiversity Basics","Wildlife Conservation | Endangered Species | River Ecology | Indian Wildlife | Geographical Distribution","medium","Consider the following pairs: | Wildlife | Naturally found in | | :--- | :--- | | 1. Blue-finned Mahseer | Cauvery River | | 2. Irrawaddy Dolphin | Chambal River | | 3. Rusty-spotted Cat | Eastern Ghats | Which of the pairs given above are correctly matched?","1 and 2 only","2 and 3 only","1 and 3 only","1, 2 and 3","C","**Pair 1 is Correct:** The Blue-finned Mahseer is a freshwater fish species that is naturally found in the Cauvery River. This species is also found in other rivers of the Deccan Plateau. ![Blue-finned Mahseer](https://d39jluplm5thpx.cloudfront.net//Blue_Finned_Mahneer_e41b46e845.PNG) **Pair 2 is incorrect:** The Irrawaddy Dolphin is not found in the Chambal River, which is known for the Gangetic Dolphin. It is found in coastal areas in South and Southeast Asia, and in three rivers: the Ayeyarwady (Myanmar), the Mahakam (Indonesian Borneo) and the Mekong (Cambodia and Laos). In India, it is found in Lake Chilika (Odisha). ![Irrawaddy Dolphin](https://d39jluplm5thpx.cloudfront.net//Irrawady_Dolphins_3f3774cff8.PNG) **Pair 3 is correct:** The Rusty-spotted Cat is a small wild cat species that is found in the Eastern Ghats. It is also found in the Western Ghats, central India, and Sri Lanka. ![Rusty Spotted Cat](https://d39jluplm5thpx.cloudfront.net//Rusty_Spotted_Cat_9d6430f834.PNG) Therefore, option (C) 1 and 3 are correctly matched."
"b1ce1ee5-8eb3-4d70-9148-b660bdf02189","2019","GS","Environment & Ecology","Biodiversity Basics | Protected Area Network | Indian Biodiversity - Flora","Temperate Alpine Zone National Parks India | Valley of Flowers National Park | Indian National Parks Biogeography | Alpine Ecosystems India | National Park Altitude and Vegetation Zones","hard","Which one of the following National Parks lies completely in the temperate alpine zone?","Manas National Park","Namdapha National Park","Neora Valley National Park","Valley of Flowers National Park","D","**Manas National Park (Assam):** Situated on the banks of the Manas River, it encompasses a range of ecosystems including grasslands, tropical evergreen forests, and semi-evergreen forests. **Namdapha National Park (Arunachal Pradesh):** This park boasts diverse vegetation zones, ranging from tropical evergreen forests at lower elevations to sub-alpine meadows at higher altitudes. **Neora Valley National Park (West Bengal):** This park covers a range of elevations with subtropical broadleaf forests at lower levels and temperate forests at higher reaches. **The Valley of Flowers National Park (Uttarakhand):** On the other hand, is situated at a high altitude (3352 to 3658 metres above sea level) and falls entirely within the temperate alpine zone, known for its meadows, low-growing vegetation, and cooler climate. ![National Parks in Temperate Alpine Zone](https://d39jluplm5thpx.cloudfront.net//Alpine_zone_6373449c25.PNG) Hence, option D is the correct Answer."
"b87bc53b-7973-45c4-a412-7cb3d4e0fc66","2019","GS","Environment & Ecology","Indian Biodiversity - Flora","Himalayan Nettle | Girardinia diversifolia | Sustainable Textile Fibre | Plant-Based Textiles | Himalayan Biodiversity","hard","Recently, there was a growing awareness in our country about the importance of Himalayan nettle (Girardinia diversifolia) because it is found to be a sustainable source of","anti-malarial drug","biodiesel","pulp for paper industry","textile fibre","D","* The Himalayan nettle, also known as Girardinia diversifolia, is a plant species native to the Himalayan regions of India, Nepal, and parts of China. It grows at high altitudes and is known for its long fibres that can be extracted from the stem. * These fibres are some of the longest in the plant world and are used in the production of textiles. * Therefore, the Himalayan nettle is found to be a sustainable source of textile fibre."
"264e5bf3-0058-4a62-a59f-5458898989d6","2019","GS","Environment & Ecology","Environmental Pollution | Climate Change","Nitrogen Cycle | Agricultural Pollution | Livestock Emissions | Environmental Impact of Agriculture | Greenhouse Gases","medium","Consider the following statements: 1. Agricultural soils release nitrogen oxides into the environment. 2. Cattle release ammonia into the environment. 3. Poultry industry releases reactive nitrogen compounds into environment. Which of the statements given above is/are correct?","1 and 3 only","2 and 3 only","2 only","1, 2 and 3","D","All three statements (1, 2, and 3) are correct. **Statement 1 is correct:** Agricultural soils are a major source of nitrogen oxides (NOx) emissions, primarily nitrous oxide (NO). This occurs during microbial processes in the soil, such as nitrification and denitrification. **Statement 2 is correct:** Cattle release significant amounts of ammonia (NH) into the atmosphere through their urine and manure. This ammonia contributes to air pollution and can have negative environmental consequences. **Statement 3 is correct:** The poultry industry releases various reactive nitrogen compounds into the environment, including ammonia, nitrous oxide, and nitrogen oxides. These emissions come from poultry manure and the use of nitrogen-based fertilizers in feed production."
"5fcaf6c3-bf66-4132-94bd-14c0b267d3a0","2019","GS","Environment & Ecology","Renewable Energy","Waste Management | Waste-to-Energy Technologies | Pyrolysis | Plasma Gasification | Thermochemical Processes","easy","In the context of which one of the following are the terms ‘pyrolysis and plasma gasification’ mentioned?","Extraction of rare earth elements","Natural gas extraction technologies","Hydrogen fuel-based automobiles","Waste-to-energy technologies","D","* Pyrolysis and plasma gasification are both thermochemical processes used to convert waste materials (organic or inorganic) into usable products. * **Pyrolysis:** This process involves heating organic materials (like plastic, and biomass) in an oxygen-deficient environment, leading to decomposition into various products like syngas (a mixture of gases), bio-oil, and char. * **Plasma gasification:** This technology uses high-temperature plasma to break down waste materials into syngas rich in hydrogen and carbon monoxide. * Both processes offer a potential solution for waste management and energy generation. They can convert various waste streams into usable fuels or feedstock for further processing."
"269e159b-ea53-4c76-bba8-96f7069369bc","2019","GS","Environment & Ecology","Renewable Energy","Hydrogen Fuel | CNG (Compressed Natural Gas) | H-CNG (Hydrogen-enriched CNG) | Environmental Impact of Fuels | Public Transport","medium","In the context of proposals to the use of hydrogen-enriched CNG (H-CNG) as fuel for buses in public transport, consider the following statements : 1. The main advantage of the use of H-CNG is the elimination of carbon monoxide emissions. 2. H-CNG as fuel reduces carbon dioxide and hydrocarbon emissions. 3. Hydrogen up to one-fifth by volume can be blended with CNG as fuel for buses. 4. H-CNG makes the fuel less expensive than CNG. Which of the statements given above is/are correct?","1 only","2 and 3 only","4 only","1, 2, 3 and 4","B","**Statement 1 is incorrect:** While H-CNG significantly reduces carbon monoxide (CO) emissions, it does not eliminate them entirely. Burning hydrogen produces only water vapor, but since H-CNG is a blend of hydrogen and CNG, some CO is still emitted though at lower levels than conventional CNG. **Statement 2 is correct:** H-CNG is cleaner than CNG, leading to a reduction in carbon dioxide (CO₂) and hydrocarbon (HC) emissions. The reduction depends on the specific blend ratio and engine efficiency. **Statement 3 is correct:** As per Indian government guidelines, up to 18% hydrogen (by volume) can be blended with CNG for use in buses and other vehicles. This blend improves combustion efficiency and reduces emissions. **Statement 4 is incorrect:** H-CNG is not necessarily cheaper than CNG. The cost is influenced by Hydrogen production methods, Infrastructure development and Blending technology. Therefore, option (B) statements 2 and 3 are correct."
"bee83b5a-81ac-42d7-adde-b8b59aaf65a7","2019","GS","Environment & Ecology","Environmental Pollution","Air Pollution | Greenhouse Gases | Biomass Burning | Crop Residue Management | Environmental Chemistry","medium","Consider the following: 1. Carbon monoxide 2. Methane 3. Ozone 4. Sulphur dioxide Which of the above are released into the atmosphere due to the burning of crop/biomass residue?","1 and 2 only","2, 3 and 4 only","1 and 4 only","1, 2, 3 and 4","D","The burning of crop or biomass residue releases various pollutants into the atmosphere, contributing to air pollution and climate change. **Carbon Monoxide (CO):** Incomplete combustion of organic matter produces carbon monoxide, a colorless and toxic gas that affects air quality and human health. **Methane (CH₄):** Biomass burning can also release methane, a potent greenhouse gas that contributes to global warming. **Sulfur Dioxide (SO₂):** If the biomass contains sulfur compounds, its combustion releases sulfur dioxide, which can cause respiratory problems and contribute to acid rain. **Ozone (O₃) Formation:** Ozone is not directly emitted from biomass burning. However, it forms secondarily in the atmosphere when pollutants such as nitrogen oxides (NOₓ) and volatile organic compounds (VOCs) react in the presence of sunlight. Therefore, option (D) 1, 2, 3 and 4 is correct."
"28a79b3f-1cfb-4294-b705-763564a155fb","2019","GS","Environment & Ecology","National Environmental Legislations | Institutional Measures for Environment Conservation","Compensatory Afforestation Fund Act, 2016 | CAMPA (Compensatory Afforestation Fund Management and Planning Authority) | Forest Conservation | Environmental Law | People's Participation","hard","Consider the following statements: 1. As per law, the Compensatory Afforestation Fund Management and Planning Authority exists at both National and State levels. 2. People’s participation is mandatory in the compensatory afforestation programmes carried out under the Compensatory Afforestation Fund Act, 2016. Which of the statements given above is/are correct?","1 only","2 only","Both 1 and 2","Neither 1 nor 2","A","**Statement 1 is correct:** The Compensatory Afforestation Fund Management and Planning Authority (CAMPA) exists at both National and State levels. - National CAMPA Oversees the national-level administration of the Compensatory Afforestation Fund (CAF). It lays down broad guidelines and ensures proper utilisation of funds across states. - State CAMPA established in each state, manage funds allocated for compensatory afforestation activities within their jurisdiction. **Statement 2 is incorrect:** The Compensatory Afforestation Fund Act, 2016 does not explicitly mandate people's participation in the compensatory afforestation programmes carried out under the Act. The Act focuses on the management and utilisation of the Compensatory Afforestation Fund but does not have a specific provision for mandatory public participation."
"b32c5ac1-1125-4389-b532-172d3a12ad1f","2019","GS","Environment & Ecology","National Environmental Legislations | Environmental Impact Assessment (EIA)","Environment Protection Act, 1986 | Environmental Law in India | Public Participation in Environmental Decision Making | Environmental Pollution Control | Environmental Standards","hard","Consider the following statements : The Environment Protection Act, 1986 empowers the Government of India to 1. state the requirement of public participation in the process of environmental protection, and the procedure and manner in which it is sought 2. lay down the standards for emission or discharge of environmental pollutants from various sources Which of the statements given above is/are correct?","1 only","2 only","Both 1 and 2","Neither 1 nor 2","B","Statement 1 is incorrect: The Environment (Protection) Act, 1986, provides the Central Government with broad powers to take measures to protect and improve the environment. However, the Act itself does not explicitly mention the 'requirement of public participation' or the 'procedure and manner in which it is sought'. These requirements were later established through the Environmental Impact Assessment (EIA) Notifications (such as those in 1994 and 2006) issued under the authority of the Act. Statement 2 is correct: Section 3(2)(iv) of the Environment (Protection) Act, 1986, specifically empowers the Central Government to lay down standards for emission or discharge of environmental pollutants from various sources. This allows the government to regulate industrial and other activities to prevent environmental degradation."
"0aacea57-05f2-4e4d-b7de-c753e7675ea9","2019","GS","Environment & Ecology","Environmental Pollution","Extended Producer Responsibility (EPR) | E-Waste Management | Waste Management Rules | Environmental Regulations in India | Sustainable Consumption and Production","hard","In India, ‘extended producer responsibility’ was introduced as an important feature in which of the following?","The Bio-medical Waste Management and Handling Rules, 1998","The Recycled Plastic Manufacturing and Usage Rules, 1999","The e-Waste Management and Handling Rules, 2011","The Food Safety and Standard Regulations, 2011","C","Extended Producer Responsibility (EPR) in E-waste Management Rules, 2011 Makes producers of electrical and electronic equipment (EEE) responsible for the collection and channelization of e-waste after its end-of-life. This promotes responsible production and encourages proper e-waste disposal. EPR in Plastic Waste Management Rules, 2016 Extends the EPR principle to plastic waste. Producers, importers, and brand owners are accountable for managing plastic packaging waste after consumption."
"4689d3d1-100c-4bea-a001-b2c1b84d1ee9","2019","GS","Environment & Ecology","Protected Area Network | Biodiversity Basics","Biosphere Reserves in India | Agasthyamala Biosphere Reserve | Wildlife Sanctuaries in India | Tiger Reserves in India | Western Ghats","medium","Which of the following are in Agasthyamala Biosphere Reserve?","Neyyar, Peppara and Shendurney Wildlife Sanctuaries; and Kalakad Mundanthurai Tiger Reserve","Mudumalai, Sathyamangalam and Wayanad Wildlife Sanctuaries; and Silent Valley National Park","Kaundinya, Gundla Brahmeswaram and Papikonda Wildlife Sanctuaries; and Mukurthi National Park","Kawal and Sri Venkateswara Wildlife Sanctuaries; and Nagarjunasagar-Srisailam Tiger Reserve","A","The Agasthyamala Biosphere Reserve is a vital ecological hotspot located in the Western Ghats of southern India. It serves as a unique genetic reservoir of cultivated and wild plant species, including many rare, endemic, and medicinal plants. The biosphere reserve spans across Kerala and Tamil Nadu, covering diverse ecosystems from tropical forests to montane grasslands. It includes three wildlife sanctuaries Shendurney (Kerala), Peppara (Kerala) and Neyyar (Kerala), as well as the Kalakad Mundanthurai Tiger Reserve (Tamil Nadu)."
"8c3524a2-d00b-4d45-bb92-caadfbb7bcf9","2019","GS","Environment & Ecology","Climate Change | Climate Change Mitigation","Methane Hydrate | Climate Change | Greenhouse Gases | Arctic Tundra | Seafloor Deposits","medium","Which of the following statements are correct about the deposits of ‘methane hydrate’? 1. Global warming might trigger the release of methane gas from these deposits. 2. Large deposits of ‘methane hydrate’ are found in Arctic Tundra and under the seafloor. 3. Methane in atmosphere oxidizes to carbon dioxide after a decade or two. Select the correct answer using the code given below:","1 and 2 only","2 and 3 only","1 and 3 only","1, 2 and 3","D","**Statement 1 is correct:** Global warming poses a significant threat to methane hydrate deposits. These icy structures, found in permafrost and deep-sea sediments, can destabilize as temperatures rise, releasing methane into the atmosphere. Since methane is a potent greenhouse gas its release could create a positive feedback loop, further accelerating global warming. **Statement 2 is correct:** Large deposits of methane hydrate are primarily found in two locations: 1. Arctic Tundra: Permafrost soils in the Arctic hold significant methane hydrate reserves, which are at risk of melting due to rising temperatures. 2. Seafloor Deposits: Continental margins and deep ocean sediments contain vast methane hydrate reserves. Changes in ocean temperature and pressure fluctuations can trigger their release. **Statement 3 is correct:** After about 12 years, the methane is converted into carbon dioxide through hydroxyl oxidation. While CO₂ is a less potent greenhouse gas than methane, its longer atmospheric lifetime means it continues contributing to long-term climate change. Therefore, option (D) 1, 2 and 3 is correct."
"fff646fd-9d0d-4a14-9e9a-ebb631322f9f","2019","GS","Environment & Ecology","Conservation Efforts | Institutional Measures for Environment Conservation | Contemporary Environmental Issues","Wildlife Conservation | Endangered Species | Asiatic Lion | Double-humped Camel | One-horned Rhinoceros","medium","Consider the following statements 1. Asiatic lion is naturally found in India only. 2. Double-humped camel is naturally found in India only. 3. One-horned rhinoceros is naturally found in India only. Which of the statements given above is/are correct?","1 only","2 only","1 and 3 only","1, 2 and 3","A","**Statement 1 is Correct:** The Asiatic lion is naturally found only in India, with its wild population restricted to the Gir National Park and surrounding areas in Gujarat. It is currently listed as Endangered on the IUCN Red List. **Statement 2 is Incorrect:** The double-humped camel (Bactrian camel) is naturally found in the steppes of Central Asia, particularly in Mongolia and China. While a population exists in the Nubra Valley of Ladakh, India, its natural range extends across Central Asia. **Statement 3 is Incorrect:** The one-horned rhinoceros is naturally found in India (primarily in Assam, West Bengal, and Uttar Pradesh) and Nepal. Since it is native to both countries, it is not found naturally in India only."
"6cbe1bbf-cbd6-47cb-aad5-b7b4371f0007","2019","GS","Environment & Ecology","Indian Biodiversity - Fauna","Animal Kingdom | Herbivores | Viviparous | Turtles | Fish | Marine Mammals | Snakes","easy","Consider the following statements: 1. Some species of turtles are herbivores. 2. Some species of fish are herbivores. 3. Some species of marine mammals are herbivores. 4. Some species of snakes are viviparous. Which of the statements given above are correct?","1 and 3 only","2, 3 and 4 only","2 and 4 only","1, 2, 3 and 4","D","**Herbivorous turtles:** Many turtle species, such as the green sea turtle and the Galapagos tortoise, are primarily herbivores, feeding on leaves, fruits, and other plant material. **Herbivorous fish:** There are numerous herbivorous fish species, including surgeonfish, parrotfish, and tangs. These fish feed on algae and seaweed, playing a crucial role in maintaining healthy coral reef ecosystems. **Herbivorous marine mammals:** While many marine mammals are carnivorous, some, like manatees and dugongs, are herbivores, feeding on seagrasses and other underwater plants. **Viviparous snakes:** Not all snakes lay eggs; some, like boas, vipers, and sea snakes, are viviparous. This means they give birth to live young that have developed inside the mother's body."
"aadc052a-3b55-4334-8303-46993eca1505","2019","GS","Environment & Ecology","Environmental Pollution","Microbeads | Marine Pollution | Plastic Pollution | Environmental Impact of Plastics | Food Chain Contamination","easy","Why is there a great concern about the ‘microbeads’ that are released into the environment?","They are considered harmful to marine ecosystems.","They are considered to cause skin cancer in children.","They are small enough to be absorbed by crop plants in irrigated fields.","They are often found to be used as food adulterants.","A","Because of their small size, marine animals like fish, shellfish, and plankton can easily ingest microbeads. These plastic particles can block their digestive systems, leading to starvation or death. Additionally, microbeads might absorb pollutants and toxins present in the water, concentrating them in the food chain and potentially harming larger predators, including humans."
"58902fb8-cb79-461a-91b7-11efd85da1a3","2019","GS","Indian Geography","Forests","India State of Forest Report (ISFR) | Forest Cover by State (India) | Indian Geography: Forest Resources | Percentage of Forest Cover (State-wise) | Environmental Geography (India)","hard","Consider the following states: 1. Chhattisgarh 2. Madhya Pradesh 3. Maharashtra 4. Odisha With reference to the States mentioned above, in terms of percentage of forest cover to the total area of State, which one of the following is the correct ascending order?","2-3-1-4","2-3-4-1","3-2-4-1","3-2-1-4","C","To determine the ascending order (lowest to highest) of forest cover as a percentage of the total geographical area of the state, we refer to the ISFR 2021 data: 1. Maharashtra (3): 16.51% 2. Madhya Pradesh (2): 25.14% 3. Odisha (4): 33.50% 4. Chhattisgarh (1): 41.21% Ascending Order: 16.51% (Maharashtra) < 25.14% (Madhya Pradesh) < 33.50% (Odisha) < 41.21% (Chhattisgarh). Therefore, the correct sequence is 3-2-4-1. ![India State of Forest Report (ISFR)](https://d39jluplm5thpx.cloudfront.net//Indian_State_Forest_Report_2023_0a983f59f5.PNG)"
"f7f252f9-eae0-453e-bded-f79d073a57bb","2019","GS","Indian Geography","Drainage System","Indian River Valley Projects | Water Resources of India | Dams in India | Irrigation Projects in India | Aliyar Reservoir | Isapur Dam | Kangsabati Dam","hard","What is common to the places known as Aliyar, Isa pur and Kangsabati?","Recently discovered uranium deposits","Tropical rain forests","Underground cave systems","Water reservoirs","D","The common feature among the places Aliyar, Isapur and Kangsabati is that they are all known for their water reservoirs. - Aliyar Reservoir is located in Aliyar village, Tamil Nadu. - Isapur Dam is an irrigation project in Maharashtra. - Kangsabati Dam is located on the Kangsabati River in West Bengal. ![Dams](https://d39jluplm5thpx.cloudfront.net//Dams_7f00fc79c5.PNG)"
"5d57b627-a443-4e47-bb5e-6ab1f35e1b23","2019","GS","Physical Geography","Movement of Earth","Summer Solstice | Arctic Circle | Earth's Tilt | Solar Insolation | Seasons","medium","On 21st June, the Sun","does not set below the horizon at the Arctic Circle","does not set below the horizon at Antarctic Circle","shines vertically overhead at noon on the Equator","shines vertically overhead at the Tropic of Capricorn","A","* The summer solstice is the day with the longest period of daylight and the shortest night of the year. It occurs when one of the Earth's poles has its maximum tilt toward the Sun. ![Earth Revolution](https://d39jluplm5thpx.cloudfront.net//Earth_Revolution_1_6224c3eabe.jpg) * On 21st June, the summer solstice occurs in the Northern Hemisphere. This is the longest day of the year for that hemisphere. * The Arctic Circle, which is in the Northern Hemisphere, experiences continuous daylight throughout this day. This is because the tilt of the Earth's axis is such that the North Pole is facing towards the Sun. * Therefore, the Sun does not set below the horizon at the Arctic Circle on this day."
"e5dd74c2-3d7a-42ef-9742-ea144b560805","2019","GS","Indian Geography","Major Physical Divisions of India","Indian Geography: Himalayan Glaciers and Rivers | River Origins in India | Glacier Locations in India | Himalayan River Systems | Drainage Systems of India","hard","Consider the following pairs : | Glacier | River | |---------------|------------| | 1. Bandarpunch | Yamuna | | 2. Bara Shigri | Chenab | | 3. Milam | Mandakini | | 4. Siachen | Nubra | | 5. Zemu | Manas | Which of the pairs given above are correctly matched?","1, 2 and 4","1, 3 and 4","2 and 5","3 and 5","A","**Bandarpunch : Yamuna - This is correct.** Bandarpunch is a mountain massif of the Garhwal division of the Himalayas, in the Indian state of Uttarakhand. It is a source of the Yamuna River. **Bara Shigri : Chenab - This is also correct.** Bara Shigri is the second-longest glacier in the Himalayas and it feeds the Chenab River. **Milam : Mandakini - This is incorrect.** The Mandakini River originates from the Chorabari Glacier, not the Milam Glacier. **Siachen : Nubra - This is correct.** The Siachen Glacier, one of the world's longest mountain glaciers, lies in the Karakoram Range system of Kashmir and is the source for the Nubra River. **Zemu : Manas - This is incorrect.** The Zemu Glacier is in Sikkim and it feeds the Teesta River, not the Manas River. So, the correctly matched pairs are 1, 2, and 4."
"2ebf30d3-d3e6-48e4-94d4-fb833a8af5e4","2019","GS","World Geography","Continents","World Geography | Seas and Oceans | Countries and their Borders | Mediterranean Sea | Caspian Sea","medium","Consider the following pairs: | Sea Bordering | Country | |---------------------|------------| | 1. Adriatic Sea | Albania | | 2. Black Sea | Croatia | | 3. Caspian Sea | Kazakhstan | | 4. Mediterranean Sea | Morocco | | 5. Red Sea | Syria | Which of the pairs given above are correctly matched?","1, 2 and 4 only","1, 3 and 4 only","2 and 5 only","1, 2, 3, 4 and 5","B","* The Adriatic Sea is a body of water separating the Italian Peninsula from the Balkan peninsula, and Albania is one of the countries on its coast. ![Adriatic Sea](https://d39jluplm5thpx.cloudfront.net//Adriatic_sea_2bb2aade15.PNG) * Croatia does not border the Black Sea. The countries bordering the Black Sea are Bulgaria, Georgia, Romania, Russia, Turkey, and Ukraine. ![Black Sea](https://d39jluplm5thpx.cloudfront.net//Black_Sea_fd0fdcaea0.jpg) * Kazakhstan is one of the five countries (along with Russia, Turkmenistan, Iran, and Azerbaijan) that border the Caspian Sea. ![Caspian Sea](https://d39jluplm5thpx.cloudfront.net//Caspian_sea_63919588f6.PNG) * Morocco is one of the countries that border the Mediterranean Sea. ![Meditteranean Sea](https://d39jluplm5thpx.cloudfront.net//Mediterranean_Sea_0c360c91b2.PNG) * Syria does not border the Red Sea. The countries bordering the Red Sea are Saudi Arabia, Yemen, Egypt, Sudan, Eritrea, and Djibouti. ![Red Sea](https://d39jluplm5thpx.cloudfront.net//red_sea_fc1428275e.jpg) So, the correctly matched pairs are 1, 3, and 4."
"109f2349-823c-4528-bfa6-3453e0fff07e","2019","GS","Indian Geography","Major Physical Divisions of India","Indian Geography | Rivers of India | Pilgrimage Sites in India | Important Cities in India | Geography of Maharashtra | Geography of Tamil Nadu | Geography of Karnataka","hard","Consider the following pairs: Famous place : River 1. Pandharpur : Chandrabhaga 2. Tiruchirappalli : Cauvery 3. Hampi : Malaprabha Which of the pairs given above are correctly matched?","1 and 2 only","2 and 3 only","1 and 3 only","1, 2 and 3","A","**Pair 1 is correct:** Pandharpur is a well-known pilgrimage town on the banks of Chandrabhaga River in Solapur district, Maharashtra, India. **Pair 2 is correct:** Tiruchirapalli is located along the Kaveri River in Tamil Nadu, India. **Pair 3 is incorrect:** Hampi, also referred to as the Group of Monuments at Hampi, is a UNESCO World Heritage Site located in east-central Karnataka, India. It is located near the Tungabhadra River. Thus, only 1 and 2 are correct."
"751dcad3-0cd0-4768-81b0-09f231633167","2019","GS","Physical Geography","Atmosphere","Dew Formation | Radiation | Cloud Cover | Atmospheric Processes | Physical Geography","medium","Why are dewdrops not formed on a cloudy night?","Clouds absorb the radiation released from the Earth’s surface.","Clouds reflect back the Earth’s radiation.","The Earth’s surface would have low temperature on cloudy nights.","Clouds deflect the blowing wind to ground level.","B","Dewdrops are formed when the temperature drops to the dew point and the air becomes saturated with water vapour. On a clear night, the Earth's surface loses heat through radiation and can reach a temperature low enough to form dewdrops. However, on a cloudy night, the clouds act like a blanket, reflecting back the Earth's radiation. This keeps the temperature of the air near the ground warmer, preventing it from reaching the dew point and thus, dewdrops are not formed."
"6633eeb5-475b-45a9-91c4-8342595af860","2019","GS","Indian Geography","Agriculture","Kharif crops cultivation area trends India | Indian agriculture crop production statistics | Rice cultivation area India | Cotton vs Sugarcane cultivation area India | Jowar vs Oilseeds cultivation area India","hard","With reference to the cultivation of Kharif crop in India in the last five years, consider the following statements: 1. Area under rice cultivation is the highest. 2. Area under the cultivation of jowar is more than that of oilseeds. 3. Area of cotton cultivation is more than that of sugarcane. 4. Area under sugarcane cultivation has steadily decreased. Which of the statements given above are correct?","1 and 3 only","2 , 3 and 4 only","2 and 4 only","1, 2, 3 and 4","A","**Statement 1 is correct -** Area under rice cultivation is highest among the Kharif crops; for example, it was 441.10 (Lakh Hectare) in 2014-15, 433.88 (Lakh Hectare) in 2015-16, etc. **Statement 2 is incorrect -** Area under the cultivation of jowar is less than that of oilseeds. **Statement 3 is correct -** Area of cotton cultivation is more than double that of sugarcane. **Statement 4 is incorrect -** Area under sugarcane cultivation is fluctuating; it has not steadily decreased. ![Crops](https://d39jluplm5thpx.cloudfront.net//crops_72454ce2e4.png)"
"c827cb74-7cc6-499c-a8c8-58267a41eee5","2019","GS","Indian Polity","State Legislature | Parliament","Governor's Address | Legislative Assembly | State Legislature | Parliamentary Conventions | Indian Constitution","hard","With reference to the Legislative Assembly of a State in India, consider the following statements: 1. The governor makes a customary address to members of the house at the commencement of the first session of the year. 2. When a State Legislature does not have a rule on a particular matter, it follows the Lok Sabha rule on that matter. Which of the statements given above is/are correct?","1 only","2 only","Both 1 and 2","Neither 1 nor 2","C","**Statement 1 is correct:** Article 176(1) of the Indian Constitution mandates that the Governor shall address both Houses of the State Legislature at the commencement of the first session after each general election to the State Assembly and at the commencement of the first session of each year. The Governor's address outlines the government’s policies, legislative agenda, and key priorities. This address is similar to the President’s address to Parliament under Article 87. **Statement 2 is correct:** When there is no rule on a particular subject in the State Legislature, under a convention since colonial times, state legislatures follow the rules of the Lok Sabha."
"d410f227-bbb9-407b-8d3e-1476f64a2fcf","2019","GS","Indian Polity","Judicial Review | Supreme Court | High Court","Judicial Review | Supreme Court of India | High Courts | Constitution of India | Amendment Process","easy","With reference to the Constitution of India, consider the following statements: 1. No High Court shall have the jurisdiction to declare any central law to be constitutionally invalid. 2. An amendment to the Constitution of India cannot be called into question by the Supreme Court of India. Which of the statements given above is/are correct?","1 only","2 only","Both 1 and 2","None of the above","D","**Statement 1 is incorrect.** High Courts have the power to declare central laws unconstitutional. This power is derived from their inherent jurisdiction to uphold the Constitution. **Statement 2 is incorrect.** While the Supreme Court cannot question the amending power of the Parliament, it can review the constitutional validity of an amendment. The landmark case of Kesavananda Bharati v. State of Kerala established the doctrine of the 'basic structure' of the Constitution. Any amendment that violates this basic structure can be declared unconstitutional by the Supreme Court."
"7b9cc943-080e-4160-8acd-faa2e53ec74c","2019","GS","Indian Polity","Parliament","Parliament (Prevention of Disqualification) Act, 1959 | Office of Profit | Disqualification of Members of Parliament | Indian Constitution | Parliamentary System","medium","Consider the following statements: 1. The Parliament (Prevention of Disqualification) Act, 1959 exempts several posts from disqualification on the grounds of ‘Office of Profit’. 2. The above-mentioned Act was amended five times. 3. The term ‘Office of Profit’ is well-defined in the Constitution of India. Which of the statements given above is/are correct?","1 and 2 only","3 only","2 and 3 only","1, 2 and 3","A","**Statement 1 is Correct:** The Parliament (Prevention of Disqualification) Act, 1959 was enacted to specify certain offices of profit under the Government that do not disqualify their holders from being Members of Parliament (MPs). It lists several categories of posts, such as Ministers of State and Deputy Ministers, which are exempt from the disqualification criteria mentioned in Article 102(1)(a). **Statement 2 is Correct:** The Act has been amended five times since its enactment to expand the list of exempted offices. These amendments took place in 1960, 1993, 1999, 2000, and 2006. **Statement 3 is Incorrect:** The term 'Office of Profit' is mentioned in Article 102 (for MPs) and Article 191 (for MLAs) of the Constitution, but it is not defined in the Constitution of India or the Representation of the People Act, 1951. The definition and criteria for an 'Office of Profit' have evolved through various judicial interpretations and Supreme Court judgments."
"eb2b2779-3ea0-47fe-9b80-04b893d5bc4a","2019","GS","Indian Polity","Preamble of the Constitution","Liberty in Polity | Concept of Liberty | Individual Freedom | Political Philosophy | Fundamental Rights","medium","In the context of polity, which one of the following would you accept as the most appropriate definition of liberty?","Protection against the tyranny of political rulers","Absence of restraint","Opportunity to do whatever one likes","Opportunity to develop oneself fully","D","* Liberty is a fundamental concept in political philosophy and governance, ensuring that individuals have the freedom to act, think, and express themselves without undue restrictions while maintaining societal order. However, liberty does not mean absolute freedom but rather a balanced framework that allows personal development within the limits of law and respect for others' rights. * **Protection against tyranny:** While democratic institutions and laws protect individuals from oppression, liberty is not just about protection from tyranny; it also involves active freedom to pursue one's potential. * **Absence of restraint:** Absolute freedom can lead to anarchy and the violation of others' rights. Laws and regulations ensure that individual liberties do not infringe on the rights of others. * **Opportunity to do whatever one likes:** True liberty is not unrestricted freedom but freedom within legal and moral constraints. If everyone had complete freedom, conflicts would arise due to overlapping interests and lack of accountability. * **Opportunity to develop oneself fully:** This definition captures the essence of liberty in a polity. It implies the freedom to make choices, pursue goals, and express oneself without undue restrictions. This allows individuals to reach their full potential and contribute to society."
"2e028952-cff4-42ae-856a-bd7048087bd5","2019","GS","Indian Polity","Other Constitutional Dimensions","Mines and Minerals (Development and Regulation) Act, 1957 (MMDR Act) | Minor Minerals | State Government Powers | Mining Leases | Illegal Mining","hard","With reference to the management of minor minerals in India consider the following statements: 1. Sand is a ‘minor mineral’ according to the prevailing law in the country. 2. State Governments have the power to grant mining leases of minor minerals, but the powers regarding the formation of rules related to the grant of minor minerals lie with the Central Government. 3. State Governments have the power to frame rules to prevent illegal mining of minor minerals. Which of the statements given above is/are correct?","1 and 3 only","2 and 3 only","3 only","1, 2 and 3","A","**Statement 1 is correct:** As per Section 3(e) of the MMDR Act, 1957, sand is classified as a ‘minor mineral’ along with other minerals such as gravel, clay, marble, and limestone. **Statement 2 is incorrect:** The power to make rules regarding the grant of minor minerals lies with State Governments, not the Central Government. Under Section 15 of the MMDR Act, State governments can frame rules related to the extraction, leasing, and transportation of minor minerals. However, the central government regulates major minerals like coal, iron ore, and bauxite. **Statement 3 is correct:** The MMDR Act empowers state governments to make rules to regulate the grant of mining leases and other mineral concessions in respect of minor minerals, which includes the power to frame rules to prevent illegal mining of minor minerals."
"52f06a77-7a90-4aff-84e0-bb6e13da33d3","2019","GS","Indian Polity","Parliamentary Committees","Parliamentary Committees | Independent Regulators | Telecommunications | Insurance | Electricity | Department Related Standing Committees","medium","In India, which of the following review the independent regulators in sectors like telecommunications, insurance, electricity, etc.? 1. Ad Hoc Committees set up by the Parliament 2. Parliamentary Department Related Standing Committees 3. Finance Commission 4. Financial Sector Legislative Reforms Commission 5. NITI Aayog Select the correct answer using the code given below:","1 and 2","1, 3 and 4","3, 4 and 5","2 and 5","A","**Statement 1 is Correct:** Ad Hoc Committees are temporary committees established by Parliament for specific purposes, such as investigating irregularities or reviewing the functioning of specific regulatory bodies through Joint Parliamentary Committees (JPCs). **Statement 2 is Correct:** Parliamentary Department Related Standing Committees (DRSCs) ensure executive accountability by reviewing the annual reports, budgetary allocations, and overall performance of statutory regulators falling under their respective ministries. **Statement 3 is Incorrect:** The Finance Commission is a constitutional body under Article 280 primarily responsible for recommending the distribution of financial resources (tax proceeds) between the Union and the States. **Statement 4 is Incorrect:** The Financial Sector Legislative Reforms Commission (FSLRC) was an ad hoc body set up to review and rewrite the legal-institutional framework of the financial sector; it does not perform ongoing reviews of sectoral regulators. **Statement 5 is Incorrect:** NITI Aayog is a policy think tank that provides strategic and technical advice to the government; it lacks the statutory mandate to formally review or oversee the functioning of independent regulators."
"2c8fd554-56c1-4c90-9cb0-ca61004a79e5","2019","GS","Indian Polity","Supreme Court","Impeachment of Judges | Supreme Court of India | Judges (Inquiry) Act, 1968 | Indian Constitution | Parliamentary Procedure","medium","Consider the following statements : 1. The motion to impeach a Judge of the Supreme Court of India cannot be rejected by the Speaker of the Lok Sabha as per the Judges (Inquiry) Act, 1968. 2. The Constitution of India defines and gives details of what constitutes ‘incapacity and proved misbehaviour’ of the Judges of the Supreme Court of India. 3. The details of the process of impeachment of the Judges of the Supreme Court of India are given in the Judges (Inquiry) Act, 1968. 4. If the motion for the impeachment of a Judge is taken up for voting, the law requires the motion to be backed by each House of the Parliament and supported by a majority of the total membership of that House and by not less than two-thirds of total members of that House present and voting. Which of the statements given above is/are correct?","1 and 2","3 only","3 and 4 only","1, 3 and 4","C","**Statement 1 is incorrect:** The Judges (Inquiry) Act, 1968, explicitly gives the Speaker of the Lok Sabha (or the Chairman of the Rajya Sabha) the discretion to either admit or refuse to admit a motion for the removal of a judge. If the motion is not in order or is deemed frivolous, the Speaker can reject it at the initial stage itself. This power was notably exercised by the Chairman of the Rajya Sabha in 2018 when he rejected an impeachment motion against the then Chief Justice of India. **Statement 2 is incorrect:** The terms ""incapacity"" and ""proven misbehaviour"", which are grounds for the removal of a judge under Article 124(4) of the Constitution, are not explicitly defined in the Constitution. Their interpretation has evolved through judicial pronouncements and parliamentary discussions. **Statement 3 is correct:** The constitutional provisions related to the removal of judges are found in Articles 124(4), 124(5), 217, and 218. Additionally, the process is governed by the Judges (Inquiry) Act, 1968, which outlines the procedural framework for investigating misconduct and incapacity. **Statement 4 is correct:** As per Article 124(4) of the Constitution, for a motion seeking the removal of a Supreme Court or High Court judge to proceed, it must be passed by: - A majority of the total membership of the House, and - A majority of not less than two-thirds of the members present and voting."
"ab8bf4a0-a9f1-4089-9695-ff90eb1dc85f","2019","GS","Indian Polity","Constituents of Indian Constitution","Indian Constitution | Ninth Schedule | Constitution (First Amendment) Act, 1951 | Jawaharlal Nehru | Agrarian Reforms | Zamindari System | Fundamental Rights | Article 31B","easy","The Ninth Schedule was introduced in the Constitution of India during the prime ministership of","Jawaharlal Nehru","Lal Bahadur Shastri","Indira Gandhi","Morarji Desai","A","The Ninth Schedule was introduced by the First Constitutional Amendment Act, 1951 to protect certain laws, particularly those related to land reforms, from judicial review. ![Schedules in the Constitution](https://d39jluplm5thpx.cloudfront.net//Schedules_4269eea7d3.png) Prime Minister Jawaharlal Nehru introduced the Constitution (First Amendment) Bill in the Lok Sabha in 1951. This amendment aimed to safeguard progressive socio-economic legislation from being struck down by courts on the grounds of violating fundamental rights, particularly the right to property under Article 31 (which was later repealed by the 44th Amendment in 1978)."
"b2245fc0-bab0-4dde-880d-d34e8425f0b8","2019","GS","Indian Polity","State Executive","Governor | Appointment of Governor | State Politics | Indian Polity | Constitutional Commissions","easy","Which one of the following suggested that the Governor should be an eminent person from outside the State and should be a detached figure without intense political links or should not have taken part in politics in the recent past?","First Administrative Reforms Commission 1966","Rajamannar Committee 1969","Sarkaria Commission 1983","National Commission to Review the Working of the Constitution 2000","C","The Sarkaria Commission was established by the Government of India in 1983 to review Centre-State relations and recommend improvements. One of its key areas of focus was the appointment of Governors. Recommendations on the Appointment of Governor: - The Governor should be an eminent person with a distinguished record in public life. - The person must be from outside the State to ensure impartiality in administration. - The Governor should not have participated in active politics for some time prior to the appointment. - He should be a detached figure, not closely linked to local politics, to maintain neutrality. - The appointment process should involve wider consultation, including the Chief Minister of the State, the Vice President of India, and the Speaker of the Lok Sabha. These recommendations were aimed at ensuring that the Governor functions as an independent and neutral constitutional authority, rather than a political appointee of the ruling party at the Centre."
"35d1b55e-0184-4600-b96c-558dae381b5d","2019","GS","Indian Polity","Supreme Court | Judicial Review","Article 142 | Supreme Court Powers | Constitutional Powers | Judicial Review | Indian Constitution","medium","With reference to the Constitution of India, prohibitions or limitations or provisions contained in ordinary laws cannot act as prohibitions or limitations on the constitutional powers under Article 142. It could mean which one of the following?","The decisions taken by the Election Commission of India while discharging its duties cannot be challenged in any court of law.","The Supreme Court of India is not constrained in the exercise of its powers by laws made by the Parliament.","In the event of grave financial crisis in the country, the President of India can declare Financial Emergency without the counsel from the Cabinet.","State legislatures cannot make laws on certain matters without the concurrence of Union Legislature.","B","Article 142 of the Constitution grants the Supreme Court the **plenary power** to pass any decree or order necessary for doing 'complete justice' in any cause or matter pending before it. This power is unique because it is not subject to limitations or prohibitions contained in ordinary laws (statutes) enacted by Parliament. The Supreme Court has held (e.g., in the *Union Carbide* case) that while this power cannot be used to bypass express constitutional provisions, it is not restricted by statutory provisions. **Why other options are incorrect:** - **Option A:** Article 329 places certain restrictions on court interference in electoral matters (like delimitation), but it does not grant the Election Commission absolute immunity from judicial review, nor does it relate to Article 142. - **Option C:** Under Article 74, the President must act on the 'aid and advice' of the Council of Ministers. This requirement applies to the declaration of a Financial Emergency under Article 360; the President cannot act independently. - **Option D:** This describes the federal distribution of legislative powers under Articles 245 to 254 and the Seventh Schedule, which governs the relationship between the Union and State legislatures, not the judicial powers of the Supreme Court."
"81bc363c-7cab-4b91-8c37-14e7636e6d0a","2019","GS","Indian Polity","Fundamental Rights","Fundamental Rights | Right to Life and Personal Liberty | Article 21 | Right to Marry | Judicial Interpretation","easy","Which Article of the Constitution of India safeguards one’s right to marry the person of one’s choice?","Article 19","Article 21","Article 25","Article 29","B","**Article 21:** This article states that ""No person shall be deprived of his life or personal liberty except according to procedure established by law."" Over the years, the Supreme Court of India has expanded the scope of personal liberty to include various fundamental rights, including the right to marry a person of one's choice. **Shamima Begum vs. State of Assam (2018):** The court ruled that a woman has the right to marry a person of her choice, reinforcing that personal decisions related to marriage fall under individual autonomy and personal liberty as guaranteed by Article 21. **Hadiya's case (Shafin Jahan vs. Asokan K.M):** The Supreme Court upheld the right to marry as a fundamental right under Article 21. It ruled that an adult woman is free to make decisions regarding her marriage, rejecting attempts to interfere in personal choices. The court emphasized that state or societal disapproval cannot restrict an individual’s right to marry."
"2a76a74b-9253-4856-98a3-582df4668ec2","2019","GS","Indian Polity","Union Territories and Special Areas","Indian Constitution | Schedules of the Constitution | Fifth Schedule | Tribal Land Rights | Mining and Tribal Land","easy","Under which Schedule of the Constitution of India can the transfer of tribal land to private parties for mining be declared null and void?","Third Schedule","Fifth Schedule","Ninth Schedule","Twelfth Schedule","B","The Fifth Schedule of the Indian Constitution deals with the administration and governance of Scheduled Areas, which are regions with a significant tribal population. It aims to safeguard the rights, culture, and land of tribal communities while preventing their exploitation. Under this Schedule, the Governor of a state with Scheduled Areas has special powers, including the authority to: - Declare any law related to the transfer of tribal land as null and void if it is found to violate the interests of the tribal population. - Prohibit or regulate the transfer of tribal land to non-tribals, ensuring that tribal communities retain control over their ancestral land and resources. These provisions act as a protective mechanism, preventing tribal communities from being forced or manipulated into selling their land for activities like mining, industries, or large-scale projects without adequate safeguards."
"5973353a-33f3-40f9-bd95-c704da5ad602","2019","GS","Indian Polity","Constituents of Indian Constitution","Indian Constitution | Constitutional Amendments | Judicial Review | Supreme Court of India | National Judicial Appointments Commission (NJAC)","medium","Consider the following statements : 1. The 44th Amendment to the Constitution of India introduced an Article placing the election of the Prime Minister beyond judicial review. 2. The Supreme Court of India struck down the 99th Amendment to the Constitution of India as being violative of the independence of the judiciary. Which of the statements given above is/are correct ?","1 only","2 only","Both 1 and 2","Neither 1 nor 2","B","**Statement 1 is Incorrect:** The 44th Amendment actually aimed to reverse the provision introduced by the 39th Amendment, which had placed the elections of the President, Vice President, Prime Minister, and Speaker of the Lok Sabha beyond judicial review. The 44th Amendment restored the power of judicial review for these elections. **Statement 2 is Correct:** The Supreme Court of India struck down the 99th Constitutional Amendment Act, 2014, in 2015 in the case of Supreme Court Advocates-on-Record Association v. Union of India. This amendment sought to replace the Collegium system with the National Judicial Appointments Commission (NJAC) for appointing judges to the Supreme Court and High Courts. The Court held that the NJAC undermined judicial independence, a part of the basic structure doctrine, and was therefore unconstitutional."
"8445cd62-0eb4-40f7-94ce-4c71d579bf3b","2019","GS","International Relations","Multilateral Groupings","Asian Infrastructure Investment Bank (AIIB) | International Financial Institutions | Multilateral Development Banks | India's Foreign Policy | International Relations","easy","With reference to Asian Infrastructure Investment Bank (AIIB), consider the following statements : 1. AIIB has more than 80 member nations. 2. India is the largest shareholder in AIIB. 3. AIIB does not have any members from outside Asia. Which of the statements given above is/are correct?","1 only","2 and 3 only","1 and 3 only","1, 2 and 3","A","**Statement 1 is correct.** AIIB has more than 80 member nations. (Actually, as of April 2024, it has 109 members). **Statement 2 is incorrect.** India is not the largest shareholder in AIIB. China is the largest shareholder. **Statement 3 is incorrect.** While the focus is on Asia, several non-Asian countries are members, including some European and South American nations. ![AIIB vs ADB](https://d39jluplm5thpx.cloudfront.net//ADB_baadd5290f.png)"
"cd0c0214-2313-47f0-88f6-fd40981c985e","2019","GS","International Relations","The United Nations | Multilateral Groupings | Regional Groupings","United Nations Convention against Corruption (UNCAC) | United Nations Convention against Transnational Organized Crime (UNTOC) | UNODC | International Law | Anti-Corruption","hard","Consider the following statements: 1. The United Nations Convention against Corruption (UNCAC) has a ‘Protocol against the Smuggling of Migrants by Land, Sea and Air’. 2. The UNCAC is the ever-first legally binding global anti-corruption instrument. 3. A highlight of the United Nations Convention against Transnational Organized Crime (UNTOC) is the inclusion of a specific chapter aimed at returning assets to their rightful owners from whom they had been taken illicitly. 4. The United Nations Office on Drugs and Crime (UNODC) is mandated by its member States to assist in the implementation of both UNCAC and UNTOC. Which of the statements given above are correct?","1 and 3 only","2, 3 and 4 only","2 and 4 only","1, 2, 3 and 4","C","**Statement 1 is Incorrect:** The Protocol against the Smuggling of Migrants by Land, Sea and Air is one of the three protocols that supplement the United Nations Convention against Transnational Organized Crime (UNTOC), not the UNCAC. **Statement 2 is Correct:** The UNCAC is the first and only legally binding universal anti-corruption instrument. It was adopted by the UN General Assembly in 2003 and entered into force in 2005. **Statement 3 is Incorrect:** Asset recovery is a fundamental principle and a specific highlight (Chapter V) of the United Nations Convention against Corruption (UNCAC), not the UNTOC. **Statement 4 is Correct:** The UNODC is mandated by its member states to assist in the implementation of both the UNCAC and UNTOC. It also assists in the implementation of the three UN Drug Conventions of 1961, 1971, and 1988."
"a11ab68c-df04-45f2-8fc2-7970bab78c29","2019","GS","International Relations","India and Russia Relations","India-Russia Relations | Nuclear Cooperation Agreements | Bilateral Agreements | International Relations | Current Affairs","hard","Recently, India signed a deal known as ‘Action Plan for Prioritization and Implementation of Cooperation Areas in the Nuclear Field’ with which of the following countries?","Japan","Russia","The United Kingdom","The United States of America","B","* India signed the ‘Action Plan for Prioritization and Implementation of Cooperation Areas in the Nuclear Field’ with Russia. * India and Russia have a long-standing strategic partnership in the field of civil nuclear cooperation. * The agreement aims to enhance collaboration in areas such as nuclear fuel cycle management, nuclear power projects, and research in nuclear science and technology. * Russia has been a key partner in India's nuclear energy sector, particularly through Rosatom, which has been involved in building Kudankulam Nuclear Power Plant (KNPP) in Tamil Nadu. * Japan, the United Kingdom, and the United States have also engaged in nuclear cooperation with India but were not part of this specific agreement."
"c028a529-d6e4-4df3-933b-e1bcac6429ad","2019","GS","International Relations","Regional Groupings","General Data Protection Regulation (GDPR) | Data Protection and Privacy | European Union (EU) Law | International Law | International Relations","easy","Which of the following adopted a law on data protection and privacy for its citizens known as ‘General Data Protection Regulation’ in April 2016 and started implementation of it from 25th May, 2018?","Australia","Canada","The European Union","The United States of America","C","* The General Data Protection Regulation (GDPR) was adopted by the European Union (EU) in April 2016 and came into effect on 25th May 2018. * The GDPR is a landmark regulation aimed at strengthening data protection and privacy rights for individuals within the European Union (EU) and the European Economic Area (EEA). * It sets strict guidelines on how personal data is collected, stored, and processed, and applies to organizations handling the data of EU citizens, regardless of where they are based. * Australia, Canada, and the United States of America have their own data protection laws, but they are separate from GDPR."
"061e62d6-279c-42fb-9dd1-f994f2b7b322","2019","GS","Medieval History","Khilji Dynasty | Lodi Dynasty | Tughlaq Dynasty | Slave Dynasty | Sayyid Dynasty","Delhi Sultanate | Revenue Administration | Iqta System | Mir Bakshi | Medieval Indian History","hard","Consider the following statements: 1. In the revenue administration of Delhi Sultanate, the in-charge of revenue collection was known as ‘Amil’. 2. The Iqta system of Sultans of Delhi was an ancient indigenous institution. 3. The office of ‘Mir Bakshi’ came into existence during the reign of Khalji Sultans of Delhi. Which of the statements given above is/are correct?","1 only","1 and 2 only","3 only","1, 2 and 3","A","**Statement 1 is correct:** The 'Amil' was indeed the officer in charge of revenue collection in the revenue administration of the Delhi Sultanate. **Statement 2 is incorrect:** The Iqta system was not an ancient indigenous institution of India but was rather an administrative system borrowed from the Persianate world. It was introduced by the Delhi Sultanate, primarily under the rule of the Ghurid dynasty, to organize and administer their territories. **Statement 3 is incorrect:** The office of 'Mir Bakshi' was not established during the reign of the Khalji Sultans. It was introduced later during the Mughal period, under the reign of Emperor Akbar, as a military office responsible for managing the imperial army and its finances. Therefore, only statement 1 is correct."
"ec60b9ae-e984-47fa-8b26-34b1463641cd","2019","GS","Medieval History","Mughal Rule","Mughal Empire | Land Revenue System | Jagirdar | Zamindar | Mansabdari System","hard","With reference to Mughal India, what is/are the difference/differences between Jagirdar and Zamindar? 1. Jagirdars were holders of land assignments in lieu of judicial and police duties, whereas Zamindars were holders of revenue rights without obligation to perform any duty other than revenue collection. 2. Land assignments to Jagirdars were hereditary and revenue rights of Zamindars were not hereditary. Select the correct answer using the code given below:","1 only","2 only","Both 1 and 2","Neither 1 nor 2","D","**Statement 1 is Incorrect:** Jagirdars were Mughal officers (Mansabdars) who were assigned land (Jagirs) in lieu of cash salaries for their administrative and military services. Zamindars were local landed intermediaries who held hereditary rights to collect revenue; however, they were not limited to revenue collection and were often required to perform military duties and provide 'Khidmat' (service), such as supplying troops to the state. **Statement 2 is Incorrect:** Jagir assignments were generally non-hereditary and Jagirdars were frequently transferred from one region to another to prevent them from becoming too powerful locally. Conversely, the rights of Zamindars were typically hereditary and based on their historical and social standing in the rural structure."
"4ed920ac-604e-4da1-bfdf-115561970285","2019","GS","Medieval History","Mughal Rule","Mian Tansen | Mughal Music | Hindustani Classical Music | Dhrupad | Raga","hard","With reference to Mian Tansen, which one of the following statements is not correct?","Tansen was the title given to him by Emperor Akbar","Tansen composed Dhrupads on Hindu gods and goddesses.","Tansen composed songs on his patrons.","Tansen invented many Ragas.","A","* Tansen was the title given by Raja Vikramjit of Gwalior. Tansen was a court musician in the darbar of Raja Ramachandra of Bandhavgarh. Thus, option 'A' is not correct. * **Dhrupad Compositions:** Tansen is credited with composing Dhrupad, a classical Indian vocal form, and some of these compositions might have been dedicated to Hindu deities. * **Songs for Patrons:** As a court musician, it was common for Tansen to compose songs in praise of his patrons, including Emperor Akbar. * **Invention of Ragas:** While the exact number of Ragas invented by Tansen is debatable, he is credited with innovating and popularising several Ragas in Hindustani classical music."
"158b12c1-73d2-4788-8a2f-051b511a57b0","2019","GS","Modern History","Advent of Europeans in India","Plant Domestication | Columbian Exchange | New World Crops | Old World Crops | History of Agriculture","medium","Which one of the following groups of plants were domesticated in the ‘New World’ and introduced into the ‘Old World’?","Tobacco, cocoa and rubber","Tobacco, cotton and rubber","Cotton, coffee and sugarcane","Rubber, coffee and wheat","A","The phrase ""New World crops"" is usually used to describe crops, food and otherwise, that were native to the New World (mostly the Americas) before 1492 CE and not found anywhere else at that time. Many of these crops are now grown around the world and have often become an integral part of the cuisine of various cultures in the Old World. New World Food - corn, potato, tomato, bell pepper, chili pepper, vanilla, tobacco, Cocoa, rubber tree, beans, pumpkin, cassava root, avocado, peanut, pecans, cashews, pineapple, blueberries, sunflower, petunia, black-eyed susan, dahlia, marigold, quinine, wild rice, gourds, and squash."
"0c453b67-5be7-4a25-bfaa-6991d4d890c5","2019","GS","Modern History","Emergence of Gandhiji in National Movement","Mahatma Gandhi | Indian National Congress | Salt Satyagraha | Indentured Labour | British Colonial Rule in India","medium","With reference to the British colonial rule in India, consider the following statements: 1. Mahatma Gandhi was instrumental in the abolition of the system of ‘indentured labour’. 2. In Lord Chelmsford’s ‘War Conference’, Mahatma Gandhi did not support the resolution on recruiting Indians for World War. 3. Consequent upon the breaking of Salt Law by Indian people, the Indian National Congress was declared illegal by the colonial rulers. Which of the statements given above are correct?","1 and 2 only","1 and 3 only","2 and 3 only","1, 2 and 3","B","**Statement 1 is correct:** Mahatma Gandhi actively campaigned against the exploitative system of indentured labour, particularly during his time in South Africa. He recognized the hardships faced by indentured labourers and advocated for their rights. **Statement 2 is incorrect:** During World War I, Gandhi supported the resolution for recruiting Indians for the British war effort. He believed this would demonstrate Indian loyalty to the Empire and potentially lead to greater political concessions after the war. This position was controversial within the Indian independence movement. **Statement 3 is correct:** The Salt Satyagraha, led by Gandhi in 1930, involved the deliberate breaking of the British salt laws as a form of protest. In response to this non-violent civil disobedience movement, the British government declared the Indian National Congress illegal."
"bb67ae4c-bf44-4bf2-a16c-8b430d3785a4","2019","GS","Modern History","National Movement Before Gandhi","Swadeshi Movement | Indian National Movement | National Council of Education | Indigenous Crafts and Industries | Economic Nationalism","easy","With reference to Swadeshi Movement, consider the following statements: 1. It contributed to the revival of the indigenous artisan crafts and industries. 2. The National Council of Education was established as a part of Swadeshi Movement. Which of the statements given above is/are correct?","1 only","2 only","Both 1 and 2","Neither 1 nor 2","C","**Statement 1 is correct:** The Swadeshi had a great impact on the handloom industry. - There was a revival in handloom, silk weaving, and some other traditional artisan crafts. - Cotton mills were set up at this time. **Statement 2 is correct:** The National Council of Education (or NCE) was an organisation founded by Indian nationalists in Bengal in 1906 to promote science and technology as part of a swadeshi industrialization movement. Both statements 1 and 2 are correct."
"adb333f4-c8b8-4cb1-bb8e-bcaaede53bda","2019","GS","Modern History","Personalities Associated with Specific Movements","Indian National Movement | All India Liberal Federation | Constituent Assembly | Communist Party of India | Leaders of Indian Independence Movement","hard","With reference to Indian National Movement, consider the following pairs: | Person | Position Held | |--------------------------|------------------------------------------------| | 1. Sir Tej Bahadur Sapru | President, All India Liberal Federation | | 2. K.C. Neogy | Member of the Constituent Assembly | | 3. P.C. Joshi | General Secretary, Communist Party of India | Which of the pairs given above is/are correctly matched?","1 only","1 and 2 only","3 only","1, 2 and 3","D","**Sir Tej Bahadur Sapru:** He was an important leader of All India liberal federation and served as its President. **KC Neogy:** He was a member of the constituent Assembly from West Bengal. **Puran Chand Joshi (14 April 1907 - 9 November 1980):** He was one of the early leaders of the communist movement in India. He was the first general secretary of the Communist Party of India from 1935-47."
"b19a51ba-5498-43f3-850a-5fb16b3d4534","2019","GS","Modern History","Legal Developments","Charter Act of 1813 | British East India Company | Trade Monopoly | Sovereignty of British Crown | British Rule in India","medium","Consider the following statements about ‘the Charter Act of 1813’: 1. It ended the trade monopoly of the East India Company in India except for trade in tea and trade with China. 2. It asserted the sovereignty of the British Crown over the Indian territories held by the Company. 3. The revenues of India were now controlled by the British Parliament. Which of the statements given above are correct?","1 and 2 only","2 and 3 only","1 and 3 only","1, 2 and 3","A","**Statement 1 is Correct:** The Charter Act of 1813 abolished the trade monopoly of the East India Company in India, opening Indian trade to all British merchants. However, the Company's monopoly over trade in tea and trade with China was continued for another 20 years. **Statement 2 is Correct:** The Act explicitly asserted the sovereignty of the British Crown over the Indian territories held by the Company, marking a significant step in defining the constitutional position of British possessions in India. **Statement 3 is Incorrect:** While the Act of 1813 required the Company to maintain separate accounts for commercial and territorial revenues, the direct control of Indian revenues by the British Parliament was only established through the Government of India Act 1858, following the end of the Company's rule."
"cb8067f5-224d-42d8-a4d1-f134fdff768d","2019","GS","Modern History","Resistance to British Rule | Socio-Religious Reform Movements","Indian National Movement | Social Reform Movements | Anti-Caste Movements | Leaders of Indian Independence Movement | All India Kisan Sabha","medium","Consider the following pairs: | Movement/Organization | Leader | |----------------------------------|----------------------------| | 1. All India Anti-Untouchability League | Mahatma Gandhi | | 2. All India Kisan Sabha | Swami Sahajanand Saraswati | | 3. Self-Respect Movement | E.V. Ramaswami Naicker | Which of the pairs given above is/are correctly matched?","1 only","1 and 2 only","2 and 3 only","1, 2 and 3","D","**Pair 1 is correct:** All India Anti Untouchability League: It was formed by Mahatma Gandhi then later renamed as Harijan Sewak Sangh. **Pair 2 is correct:** All India Kisan Sabha: It was formed by Sahajanand Saraswati in the Lucknow Session of 1936. **Pair 3 is correct:** Self-Respect Movement: EV Ramaswamy Naicker was an important leader of self respect movement in 1925. It was an anti-caste movement against Brahmanism."
"ac02a516-40fb-4718-bfa9-1d0a547f49c7","2019","GS","Science & Technology","Biotechnology","Synthetic Biology | Genetic Engineering | Chromosome Structure | DNA Replication | Cell Culture","hard","With reference to the recent developments in science, which one of the following statements is not correct?","Functional chromosomes can be created by joining segments of DNA taken from cells of different species.","Pieces of artificial functional DNA can be created in laboratories.","A piece of DNA taken out from an animal cell can be made to replicate outside a living cell in a laboratory.","Cells taken out from plants and animals can be made to undergo cell division in laboratory petri dishes.","A","**Option A is the incorrect statement:** While synthetic biology has enabled the creation of synthetic genomes (such as the synthetic bacterium *Mycoplasma mycoides*), creating a fully functional chromosome by joining DNA segments from different species is not currently feasible. Chromosomes are highly complex structures requiring specific regulatory elements and structural proteins that are often species-specific. **Option B is a correct statement:** Synthetic biology and genetic engineering allow for the chemical synthesis of artificial DNA sequences with specific functions in a laboratory. **Option C is a correct statement:** Polymerase Chain Reaction (PCR) is a standard laboratory technique used to replicate or amplify specific DNA segments outside of a living cell (in vitro). **Option D is a correct statement:** Cell culture and tissue culture techniques allow cells extracted from plants and animals to be grown and undergo cell division in laboratory petri dishes using artificial nutrient media."
"be17e798-3731-4e0d-b4a0-04c3dc191ff6","2019","GS","Science & Technology","Biotechnology","Human Evolution | Paleoanthropology | Archaic Humans | Denisovans | Ancient DNA Analysis","hard","The word ‘Denisovan’ is sometimes mentioned in the media in reference to -","fossils of a kind of dinosaurs","an early human species","a cave system found in North-East India","a geological period in the history of Indian subcontinent","B","* The word 'Denisovan' is mentioned in the media about ancient humans (or an extinct human relative). * Denisovans were a mysterious group of archaic humans who lived in Asia tens of thousands of years ago. They are most known for being discovered through genetic analysis of fossils, rather than complete skeletal remains."
"6d5e9c3b-a81d-4acd-afd9-4f697dfddcbe","2019","GS","Science & Technology","Emerging Technologies | Biotechnology | Energy and Clean Technology","Climate Engineering | Geo-engineering | Climate Change Mitigation | Cirrus Cloud Thinning | Stratospheric Aerosol Injection","easy","In the context of which of the following do some scientists suggest the use of cirrus cloud thinning technique and the injection of sulphate aerosols into the stratosphere?","Creating the artificial rains in some regions","Reducing the frequency and intensity of tropical cyclones","Reducing the adverse effects of solar wind on the Earth","Reducing global warming","D","* Cirrus clouds do not reflect a lot of solar radiation into space. As they form at high altitudes and cold temperatures, they trap long-wave radiation and have a climate impact similar to greenhouse gases. Thus, thinning cirrus clouds would reduce the absorption of infrared radiation and are proposed as a form of climate engineering to reduce global warming. ![Cirrus Cloud Thinning](https://d39jluplm5thpx.cloudfront.net//cirrus_cloud_b3654356e2.jpg) * Another proposed Geo-engineering technique involves injecting reflective sulphate aerosol particles into Earth's lower stratosphere to cast a small proportion of the inbound sunlight back into space and cool the planet off. Thus, both are climate engineering/ Geo-engineering techniques to reduce global warming."
"9f1cb6bf-b8c0-4777-8340-befc38c05818","2019","GS","Science & Technology","Space Technology","Remote Sensing | Satellite Imagery | Chlorophyll Estimation | Greenhouse Gas Emissions | Land Surface Temperature","medium","For the measurement/estimation of which of the following are satellite images/remote sensing data used? 1. Chlorophyll content in the vegetation of a specific location 2. Greenhouse gas emissions from rice paddies of a specific location 3. Land surface temperatures of a specific location Select the correct answer using the code given below.","1 only","2 and 3 only","3 only","1, 2 and 3","D","Remote sensing is the process of detecting and monitoring the physical characteristics of an area by measuring its reflected and emitted radiation at a distance from the targeted area. **Statement 1 is correct.** Satellite images and remote sensing data can indeed be used to estimate the chlorophyll content in vegetation. This is done by measuring the reflectance of light from the vegetation. The chlorophyll in plants absorbs light for photosynthesis, and the amount of light reflected back can give an estimate of the chlorophyll content. **Statement 2 is correct.** Satellite images and remote sensing data can also be used to estimate greenhouse gas emissions. This is done by detecting the radiations emitted by the substances in the rice paddies. **Statement 3 is correct.** Satellite images and remote sensing data can be used to measure land surface temperatures as well. This is done by detecting the infrared radiation emitted by the land surface. Therefore, all three parameters can be measured or estimated using satellite images or remote sensing data."
"03bf8bb8-615b-4d09-9fa2-a67d3fd49e9a","2019","GS","Science & Technology","Life Sciences","Hepatitis B | Hepatitis C | HIV | Viral Transmission | Vaccines","medium","Which one of the following statements is not correct?","Hepatitis B virus is transmitted much like HIV.","Hepatitis B, unlike Hepatitis C, does not have a vaccine.","Globally, the number of people infected with Hepatitis B and C viruses are several times more than those infected with HIV.","Some of those infected with Hepatitis B and C viruses do not show the symptoms for many years.","B","**Option A is correct.** Both Hepatitis B virus and HIV (Human Immunodeficiency Virus) can be transmitted through blood-to-blood contact, sexual contact, and from mother to child during childbirth. **Option B is incorrect.** Unlike Hepatitis C, there is a vaccine available for Hepatitis B. The Hepatitis B vaccine is highly effective in preventing Hepatitis B virus infection. **Option C is correct.** According to global health statistics, the number of people infected with Hepatitis B and C viruses combined is indeed several times more than those infected with HIV. **Option D is correct.** Many individuals infected with Hepatitis B and C viruses may not show any symptoms for years or even decades. This is known as chronic hepatitis, and it can lead to severe liver damage if left untreated. ![Hepatitis ](https://d39jluplm5thpx.cloudfront.net//hep_0290539a96.jpg)"
"4b90647f-eee9-4c9c-8385-fb4c9fe6a37c","2019","GS","Science & Technology","Information and Communication Technology","LTE | VoLTE | Mobile Communication Technologies | 4G Technology | Data and Voice Communication","medium","With reference to communication technologies, what is/are the difference/differences between LTE (Long-Term Evolution) and VoLTE (Voice over Long-Term Evolution)? 1. LTE is commonly marketed as 3G and VoLTE is commonly marketed as advanced 3G. 2. LTE is data-only technology and VoLTE is voice-only technology. Select the correct answer using the code given below.","1 only","2 only","Both 1 and 2","Neither 1 nor 2","D","**Statement 1 is incorrect:** LTE is actually marketed as 4G, not 3G. VoLTE is not marketed as advanced 3G, but rather as an advancement over 4G LTE, allowing for voice calls over the 4G network. **Statement 2 is incorrect:** LTE does primarily focus on providing high-speed data services, but it's not a data-only technology. VoLTE, on the other hand, is not a voice-only technology. It allows for voice calls to be made over the 4G LTE network, but it doesn't exclude data services. Therefore, both statements are incorrect."
"321026ad-9d02-4889-9792-b88629cd201b","2019","GS","Science & Technology","Emerging Technologies","Augmented Reality (AR) | Virtual Reality (VR) | Digital Technologies | Entertainment Technology | Immersive Technologies","medium","In the context of digital technologies for entertainment, consider the following statements: 1. In Augmented Reality (AR), a simulated environment is created and the physical world is completely shut out. 2. In Virtual Reality (VR), images generated from a computer are projected into real-life objects or surroundings. 3. AR allows individuals to be present in the world and improves the experience using the camera of smart-phone or PC. 4. VR closes the world, and transposes an individual, providing complete immersion experience. Which of the statements given above is/are correct?","1 and 2 only","3 and 4","1, 2 and 3","4 only","B","**Statement 1 is incorrect.** AR enhances the real world, not shuts it out. Augmented reality (AR) overlays digital elements on top of the real world, allowing users to see both simultaneously. **Statement 2 is incorrect.** Virtual Reality (VR) creates a completely immersive and simulated environment that replaces the real world. Users wear a headset that blocks out their surroundings and projects a computer-generated world they can interact with. **Statement 3 is correct.** AR often utilises the camera on a smartphone or PC to overlay digital elements onto the real world you see through the camera. This can enhance experiences in gaming, education, and even product visualisation. **Statement 4 is correct.** VR creates a closed world, shutting out the physical environment and transporting the user entirely into a simulated one. This provides a highly immersive experience, often used for gaming, entertainment, and even training simulations."
"8e5f7822-3ac0-442a-b97d-dbb519640ce2","2019","GS","Science & Technology","Life Sciences","Antibiotic Resistance | Microbial Pathogens | Drug Resistance | Livestock Farming | Public Health","medium","Which of the following are the reasons for the occurrence of multi-drug resistance in microbial pathogens in India? 1. Genetic predisposition of some people 2. Taking incorrect doses of antibiotics to cure diseases 3. Using antibiotics in livestock farming 4. Multiple chronic diseases in some people Select the correct answer using the code given below:","1 and 2","2 and 3 only","1, 3 and 4","2, 3 and 4","B","**Statement 1 is incorrect.** While genetic factors can contribute to susceptibility to infections, they are not directly related to the occurrence of multi-drug resistance in microbial pathogens. **Statement 2 is correct.** Incorrect use of antibiotics, including taking incorrect doses or not completing the full course of treatment, can contribute to the development of drug resistance in microbial pathogens. **Statement 3 is correct.** The widespread use of antibiotics in livestock farming can lead to the development of drug-resistant pathogens that can affect both animals and humans. **Statement 4 is incorrect.** While individuals with chronic diseases may be more susceptible to infections, this factor is not directly related to the occurrence of multi-drug resistance in microbial pathogens."
"d566f6ce-60c9-4fb0-9b03-f0eaa36890d2","2019","GS","Science & Technology","Information and Communication Technology","Digital Signature | Cryptography | Cybersecurity | Information Technology | Electronic Authentication","hard","Consider the following statements: A digital signature is 1. an electronic record that identifies the certifying authority issuing it 2. used to serve as a proof of identity of an individual to access information or server on Internet 3. an electronic method of signing an electronic document and ensuring that the original content is unchanged Which of the statements given above is/are correct?","1 only","2 and 3 only","3 only","1, 2 and 3","C","**Statement 1 is incorrect.** A digital signature doesn't directly identify the certifying authority that issued it. It uses a complex cryptographic process involving a public-key infrastructure (PKI) where a trusted third party (Certificate Authority) verifies the signer's identity and issues a digital certificate used for creating the signature. **Statement 2 is incorrect.** While digital signatures can be used for authentication purposes in certain scenarios, they are not the primary method for user identification when accessing information or servers on the internet. Usernames, passwords, and other credentials are more commonly used. **Statement 3 is correct.** It ensures the integrity of an electronic document by creating a unique digital fingerprint that is linked to the content. Any alteration to the document would invalidate the signature."
"9aa484ed-f746-4d97-804e-1a6e2c5d5ad1","2019","GS","Science & Technology","Biotechnology","RNA interference | Gene silencing | Biotechnology | Therapeutic applications | Cancer treatment","medium","‘RNA interference (RNAi)’ technology has gained popularity in the last few years. Why? 1. It is used in developing gene silencing therapies. 2. It can be used in developing therapies for the treatment of cancer. 3. It can be used to develop hormone replacement therapies. 4. It can be used to produce crop plants that are resistant to viral pathogens. Select the correct answer using the code given below:","1, 2 and 4","2 and 3","1 and 3","1 and 4 only","A","RNA interference (RNAi) or Post-Transcriptional Gene Silencing (PTGS) is a conserved biological response to double-stranded RNA that mediates resistance to both endogenous parasitic and exogenous pathogenic nucleic acids, and regulates the expression of protein-coding genes. **Statement 1 is correct.** RNAi is a powerful tool for developing gene-silencing therapies. It allows researchers to target specific genes and reduce their expression, which can be beneficial in treating various diseases. **Statement 2 is also correct.** RNAi is being actively explored for cancer therapy. By targeting genes involved in cancer cell growth and proliferation, RNAi has the potential to be a novel approach for cancer treatment. **Statement 3 is incorrect.** RNAi is not typically used in developing hormone replacement therapies. Hormone replacement therapies introduce hormones into the body, while RNAi focuses on silencing gene expression within cells. **Statement 4 is correct.** RNAi can be used to develop crop plants resistant to viral pathogens. By introducing specific RNA molecules that target the virus, plants can be made more resistant to viral infections, improving agricultural yields."
"f5cf801f-820a-48ca-b364-09c2025a2895","2019","GS","Science & Technology","Science and Technology Policy, IPR, and Achievements | Emerging Technologies","Atal Innovation Mission | AIM | NITI Aayog | National Institution for Transforming India | Government of India Initiatives","easy","Atal Innovation Mission is set up under the","Department of Science and Technology","Ministry of Labour and Employment","NITI Aayog","Ministry of Skill Development and Entrepreneurship","C","Atal Innovation Mission (AIM) is set up under the NITI Aayog (National Institution for Transforming India), which is the premier policy 'Think Tank' of the Government of India. The Atal Innovation Mission was launched by the Government of India in 2016 to promote innovation and entrepreneurship across the country. The key objectives of the Atal Innovation Mission are : 1. To create and promote an ecosystem of innovation and entrepreneurship across the country. 2. To establish Atal Tinkering Laboratories (ATLs) in schools across India to foster a culture of innovation from a young age. 3. To set up Atal Incubation Centres (AICs) to support entrepreneurs and startups. 4. To provide mentorship and funding support to innovative startups and entrepreneurs."
"177e465d-beb7-4689-96bf-29924a917959","2019","GS","Science & Technology","Biotechnology","CRISPR-Cas9 | Gene Editing | Genetic Engineering | Biotechnology | Molecular Scissors","easy","What is Cas9 protein that is often mentioned in the news?","A molecular scissors used in targeted gene editing","A biosensor used in the accurate detection of pathogens in patients","A gene that makes plants pest-resistant","A herbicidal substance synthesized in genetically modified crops","A","* Cas9 protein is a revolutionary tool in the field of genetic engineering. ![Crisper](https://d39jluplm5thpx.cloudfront.net//crispr_46e036dcb4.jpg) * Cas9 is an RNA-guided endonuclease, an enzyme. It acts like molecular scissors, capable of cutting DNA at specific locations within a cell's genome. * Cas9 plays a crucial role in the CRISPR-Cas9 (Clustered Regularly Interspaced Short Palindromic Repeats) technique, a powerful gene editing tool."
"eaf77eea-8dfe-4e1b-89d6-5e80e60b9dd4","2019","GS","Science & Technology","Emerging Technologies","Wearable Technology | Smartwatches | Fitness Trackers | Hearing Aids | GPS Technology","easy","In the context of wearable technology, which of the following tasks is/are accomplished by wearable devices? 1. Location identification of a person 2. Sleep monitoring of a person 3. Assisting the hearing impaired person Select the correct answer using the code given below:","1 only","2 and 3 only","3 only","1, 2 and 3","D","**Statement 1 is correct.** Wearable devices can perform several tasks, and out of given options, all three are achievable. Many smartwatches and wearables with GPS functionality can track a person's location. This can be helpful for navigation, fitness tracking, or safety purposes. **Statement 2 is correct.** Wearable sleep trackers can monitor sleep patterns, including sleep duration, sleep stages (deep sleep, light sleep, REM sleep), and sleep quality. **Statement 3 is correct.** Some wearables can function as hearing aids, amplifying sounds and improving hearing for people with hearing loss. Therefore, the correct answer is 1, 2, and 3."
"4ed0027b-b4cb-4aa3-a1a9-ef81978415b4","2019","GS","Science & Technology","Core Concepts and Foundational Science","Gravitational Waves | Black Holes | Astrophysics | LIGO (Laser Interferometer Gravitational-Wave Observatory) | Spacetime","easy","Recently, scientists observed the merger of giant ‘blackholes’ billions of light-years away from the Earth. What is the significance of this observation?","‘Higgs boson particles’ were detected.","‘Gravitational waves’ were detected.","Possibility of intergalactic space travel through ‘wormhole’ was confirmed.","It enabled the scientists to understand ‘singularity’.","B","The merger of black holes is expected to generate powerful gravitational waves. Gravitational waves are ripples in spacetime caused by accelerating massive objects. Detecting these waves with instruments like LIGO (Laser Interferometer Gravitational-Wave Observatory) allows us to study these events even when they are too far away or obscured to observe directly. This opens a new window for astronomical observations."
"1b132228-e856-42b7-b914-576aee20dc9a","2019","GS","Science & Technology","Science and Technology Policy, IPR, and Achievements","Indian Patents Act | Intellectual Property | Plant Variety Protection | Biological Processes | Intellectual Property Appellate Board (IPAB)","medium","Consider the following statements : 1. According to the Indian Patents Act, a biological process to create a seed can be patented in India. 2. In India, there is no Intellectual Property Appellate Board. 3. Plant varieties are not eligible to be patented in India. Which of the statements given above is/are correct?","1 and 3 only","2 and 3 only","3 only","1, 2 and 3","C","**Statement 1 is incorrect.** According to the Indian Patents Act (specifically Section 3(j)), biological processes for the production or propagation of plants and animals are not eligible for patents. This means creating a seed through a biological process cannot be patented. **Statement 2 is incorrect.** The Intellectual Property Appellate Board (IPAB) was established in India in 2003. It deals with appeals against decisions of the patent office and trademark registry. **Statement 3 is correct.** Plant varieties themselves are not patentable in India. However, the Protection of Plant Varieties and Farmers' Rights Act (PPVFR Act) provides a system for protecting the rights of plant breeders by granting them exclusive rights to sell propagating material of new varieties. _Note: the Tribunal Reforms Act, 2021 abolished various Tribunals including India's Intellectual Property Appellate Board (IPAB) and assigned their functions to the country's Commercial Courts and High Courts. However, UPSC asked this question in 2019 when an Appellate Board existed for intellectual property. Therefore correct answer is 3 only._"
"e9f002ea-4c01-4bbc-abc7-0c530a5c7b5f","2019","GS","Social Issues & Schemes","Health and Welfare | Related to Vulnerable Sections","Maternity Benefit (Amendment) Act, 2017 | Maternity Leave | Pregnant Women | Crèche Facilities | Social Welfare Schemes","medium","Which of the following statements is/are correct regarding the Maternity Benefit (Amendment) Act, 2017? 1. Pregnant women are entitled for three months pre-delivery and three months post-delivery paid leave. 2. Enterprises with crèches must allow the mother minimum six crèche visits daily. 3. Women with two children get reduced entitlements. Select the correct answer using the code given below:","1 and 2 only","2 only","3 only","1, 2 and 3","C","**Statement 1 is Incorrect:** Under the Maternity Benefit (Amendment) Act, 2017, pregnant women are entitled to 26 weeks of paid leave. However, the maximum period for which a woman can avail of pre-delivery leave is 8 weeks, not 3 months (12 weeks). **Statement 2 is Incorrect:** The Act mandates that every establishment with 50 or more employees must provide a crèche facility. The employer is required to allow the woman 4 visits a day to the crèche, which includes the interval for rest allowed to her, not 6 visits. **Statement 3 is Correct:** The Act provides reduced entitlements for women who have two or more surviving children. In such cases, the paid maternity leave is limited to 12 weeks (6 weeks pre-delivery and 6 weeks post-delivery) instead of the 26 weeks provided for the first two children."
"25436ebf-c33d-42f2-bc30-75aaa84dbfdb","2019","GS","Social Issues & Schemes","Related to Human Development and Dignity","Poverty Line | Cost of Living | Price Levels | State-wise Variations | India's Poverty Measurement","medium","In a given year in India, official poverty lines are higher in some States than in others because","poverty rates vary from State to State","price levels vary from State to State","Gross State Product varies from State to State","quality of public distribution varies from State to State","B","* The poverty line is determined by the cost of a basket of essential goods and services needed for a person to meet their basic needs. * If the price of these essentials varies significantly between states, the poverty line needs to be adjusted to reflect the different costs of living. * So, even if poverty rates might be similar, states with higher prices for essential goods will have a higher official poverty line. Therefore, the correct answer is B) Price levels vary from State to State."
"685e2d6b-0ba5-41a7-91b6-19f6880197b9","2019","GS","Social Issues & Schemes","Related to Society and Its Fabric | Related to Human Development and Dignity","Social Capital | Social Issues | Community Development | Trust and Harmony | Intangible Assets","easy","In the context of any country, which one of the following would be considered as part of its social capitals?","The proportion of literates in the population","The stock of its buildings, other infrastructure and machines","The size of population in the working age group","The level of mutual trust and harmony in the society","D","**Option A is incorrect:** Proportion of literates in the population While education is important, it's an individual skill, not a measure of social interaction or trust. **Option B is incorrect:** Stock of buildings This falls under physical capital, which refers to tangible assets like buildings and infrastructure. **Option C is incorrect:** Size of population in the working age group This is a demographic factor and doesn't tell us anything about social connections or trust. **Option D is correct:** Social capital refers to the intangible assets of a community or society. It's not about physical resources or demographics, but rather the quality of relationships and connections between people. Option D, the level of mutual trust and harmony, directly reflects this concept."
"f0ae1d5d-bbb3-4050-be91-2bae9fc5c150","2019","GS","Social Issues & Schemes","Related to Vulnerable Sections","Particularly Vulnerable Tribal Groups (PVTGs) | Scheduled Tribes | Tribal Development | India's Tribal Population | Social Welfare Schemes","hard","Consider the following statements about Particularly Vulnerable Tribal Groups (PVTGs) in India : 1. PVTGs reside in 18 States and one Union Territory. 2. A stagnant or declining population is one of the criteria for determining PVTG status. 3. There are 95 PVTGs officially notified in the country so far. 4. Irular and Konda Reddi Tribes are included in the list of PVTGs. Which of the statements given above are correct?","1, 2 and 3","2, 3 and 4","1, 2 and 4","1, 3 and 4","C","During the fourth Five-Year Plan, a sub-category was created within Scheduled Tribes, known as Particularly Vulnerable Tribal Groups, to identify groups that are considered to be at a lower level of development. **Statement 1 is correct:** PVTGs are spread over 18 states and one Union Territory (Andaman & Nicobar Islands) in India. **Statement 2 is correct:** The criteria for determining PVTG status include a pre-agricultural level of technology, a stagnant or declining population, extremely low literacy, and a subsistence-level of economy. **Statement 3 is incorrect:** As of now, there are 75 PVTGs officially notified in the country, not 95. **Statement 4 is correct:** Both Irular and Konda Reddi tribes are included in the list of PVTGs. So, the correct statements are 1, 2, and 4."
"4e508f6a-d230-4492-ae4b-eaf1bd724522","2019","GS","Social Issues & Schemes","Related to Vulnerable Sections","Forest Rights Act 2006 | Scheduled Tribes and Other Traditional Forest Dwellers (Recognition of Forest Rights) Act, 2006 | Forest Dwellers Rights | Minor Forest Produce | Indian Forest Act 1927","medium","Consider the following statements: 1. As per recent amendment to the Indian Forest Act, 1927, forest dwellers have the right to fell the bamboos grown on forest areas. 2. As per the Scheduled Tribes and Other Traditional Forest Dwellers (Recognition of Forest Rights) Act, 2006, bamboo is a minor forest produce. 3. The Scheduled Tribes and Other Traditional Forest Dwellers (Recognition of Forest Rights) Act, 2006 allows ownership of minor forest produce to forest dwellers. Which of the statements given above is/are correct?","1 and 2 only","2 and 3 only","3 only","1, 2 and 3","B","**Statement 1 is incorrect.** The recent amendment to the India Forest Act,1927 does not provide for the right of forest dwellers to fell the bamboos grown on the forest areas. **Statement 2 is correct.** As per the Scheduled Tribes and Other Traditional Forest Dwellers (Recognition of Forest Rights) Act, 2006, bamboo is classified as a minor forest produce. **Statement 3 is correct.** The Scheduled Tribes and Other Traditional Forest Dwellers (Recognition of Forest Rights) Act, 2006 allows forest dwellers to own, collect, use and dispose of minor forest produce which includes bamboo, tendu leaves, honey, and other forest produce."