ID,Year,Paper,Subject,Topics,Tags,Difficulty,Question,Option_A,Option_B,Option_C,Option_D,Correct_Answer,Explanation
"f8c929a6-1ede-4ba7-aef2-d2073a90b3a3","2025","GS","Ancient History","Indus Valley Civilisation","Ancient Indian irrigation techniques | Medieval Indian water management systems | Araghatta irrigation technology | History of irrigation in India | Traditional water lifting devices in India","easy","The irrigation device called 'Araghatta' was","a water bag made of leather pulled over a pulley","a large wheel with earthen pots tied to the outer ends of its spokes","a larger earthen pot driven by bullocks","a large water bucket pulled up by rope directly by hand","B","The Araghatta was an ancient Indian irrigation device consisting of a large wheel with earthen pots fixed around its rim. As the wheel rotated—usually powered by animals or humans—the pots dipped into a water source and lifted water for irrigation. This mechanism is distinct from leather bags or simple buckets pulled by hand and represents early mechanical water-lifting technology. ![Araghatta](https://d39jluplm5thpx.cloudfront.net//araghatta_0957471c3a.jpg)"
"a5621541-d88f-4cac-bc0f-8e554c1d0a7f","2025","GS","Ancient History","Mauryan Empire","Ashokan Administration | Mauryan Empire Administration | Pradesika Rajuka Yukta Officers | Ancient Indian Administration | Mauryan Empire Officers","medium","Ashokan inscriptions suggest that the 'Pradesika', 'Rajuka' and 'Yukta' were important officers at the","village-level administration","district-level administration","provincial administration","level of the central administration","B","✅ Ashokan inscriptions mention 'Pradesika', 'Rajuka', and 'Yukta' as important officers at the district (Pradesa) level. * 'Pradesika' managed the district administration. * 'Rajuka' handled revenue and judicial matters. * 'Yukta' was a subordinate official involved in administration and record-keeping."
"2e3b1c75-6dc4-470a-ba88-df266c7339f2","2025","GS","Ancient History","Gupta Empire","Fa-Hien (Faxian) India visit | Chandragupta II reign | Ancient Indian History | Chinese Buddhist Pilgrims India | Gupta Dynasty","easy","Fa-hien (Faxian), the Chinese pilgrim, travelled to India during the reign of","Samudragupta","Chandragupta II","Kumaragupta I","Skandagupta","B","The correct answer is **B. Chandragupta II**. Fa-hien (Faxian), the Chinese Buddhist pilgrim, visited India during the reign of Chandragupta II (also known as Chandragupta Vikramaditya) of the Gupta dynasty. He arrived around the early 5th century CE, seeking Buddhist texts and studying the practices of Buddhism in India. His travel accounts provide valuable information about Gupta India’s society, administration, and Buddhism. The other rulers listed do not align with the period of Fa-hien’s visit."
"b721a3b6-825e-4826-b1c0-8b46c5be57dd","2025","GS","Ancient History","Early Cholas","Rajendra I Chola Srivijaya invasion | Chola dynasty maritime expeditions | Srivijaya kingdom history | Medieval Indian military history | Rajendra Chola Southeast Asia campaigns","easy","Who among the following led a successful military campaign against the kingdom of Srivijaya?","Amoghavarsha (Rashtrakuta)","Prataparudra (Kakatiya)","Rajendra I (Chola)","Vishnuvardhana (Hoysala)","C","The correct answer is **C. Rajendra I (Chola).** Rajendra Chola I, son of Rajaraja Chola I, led a famous naval expedition against the Srivijaya kingdom around 1025 CE. Srivijaya was a powerful maritime empire controlling the Malay Peninsula, Sumatra, Java, and nearby islands. Rajendra I’s campaign asserted Chola naval dominance in the region and secured control over important sea trade routes. The other rulers listed did not conduct campaigns against Srivijaya: * Amoghavarsha (Rashtrakuta) focused mainly on the Deccan region. * Prataparudra (Kakatiya) ruled much later and was centered in the Deccan. * Vishnuvardhana (Hoysala) focused on South Indian affairs."
"60be59ef-69b4-433f-a4b5-5e514f8bc131","2025","GS","Ancient History","Janapadas and Mahajanapadas","Ancient Indian History (600-322 BC) | Mahajanapadas Geography | Ancient India Rivers | Asmaka Mahajanapada | Kamboja Mahajanapada | Avanti Mahajanapada | Kosala Mahajanapada","hard","With reference to ancient India (600–322 BC), consider the following pairs: Territorial region – River flowing in the region I. Asmaka : Godavari II. Kamboja : Vipas III. Avanti : Mahanadi IV. Kosala : Sarayu How many of the pairs given above are correctly matched?","Only one","Only two","Only three","All the four","B","**Pair 1 is correct:** Asmaka (or Assaka) was the southernmost Mahajanapada, located in the Deccan region on the banks of the Godavari river. **Pair 2 is incorrect:** Kamboja was located in the extreme **north-west** (modern-day Afghanistan and Kashmir). The Vipas (Beas) river flows through Punjab, which is geographically distinct and east of the Kamboja region. **Pair 3 is incorrect:** Avanti was in western Madhya Pradesh (Malwa region). The main rivers flowing through it were the **Kshipra** and **Vetravati**, not the Mahanadi (which flows through Odisha and Chhattisgarh). **Pair 4 is correct:** Kosala was a Mahajanapada in present-day eastern Uttar Pradesh. Its capital, Ayodhya, is situated on the banks of the Sarayu river."
"1bf10f03-5d6a-4020-a5ab-906524da00b8","2025","GS","Art & Culture","Art and Architecture","Indus Valley Civilization Art and Architecture | Mohenjo-daro Archaeological Site | Bronze Casting Techniques in Ancient India | Dancing Girl of Mohenjo-daro | Ancient Indian History","easy","The famous female figurine known as 'Dancing Girl', found at Mohenjo-daro, is made of","Carnelian","Clay","Bronze","Gold","C","The **'Dancing Girl'** of Mohenjo-daro is a celebrated example of **Indus Valley Civilization art**, reflecting high craftsmanship in metalwork. The **Dancing Girl** is made of **bronze**, created using the **lost-wax casting method**. ![DG](https://d39jluplm5thpx.cloudfront.net//Dancing_girl_statue_8b83edd652.png)"
"7e597927-65b3-49de-900b-0a18df7810df","2025","GS","Art & Culture","Indian Music","Gandharva Mahavidyalaya | Vishnu Digambar Paluskar | Indian classical music history | Music education in India | Historical music institutions in India","hard","The first Gandharva Mahavidyalaya, a music training school, was set up in 1901 by Vishnu Digambar Paluskar in","Delhi","Gwalior","Ujjain","Lahore","D","The first Gandharva Mahavidyalaya was established in Lahore in 1901 by Pandit Vishnu Digambar Paluskar, a pioneer of Hindustani classical music. His aim was to democratize music education, taking it out of the gharana tradition (restricted to hereditary families) and making it accessible to the general public through institutional training. Later, branches were opened in other cities like Bombay and Delhi, greatly influencing the spread of classical music in modern India."
"d995b433-f6f0-451d-8b6a-f04c0aef1196","2025","GS","Economy","Infrastructure and Investment Models in India","Petroleum and Natural Gas Regulatory Board (PNGRB) Act | Regulation of petroleum and natural gas sector in India | Downstream petroleum sector regulation | Natural gas regulation in India | Energy sector regulatory bodies in India","hard","Consider the following activities: I. Production of crude oil II. Refining, storage and distribution of petroleum products III. Marketing and sale of petroleum products IV. Production of natural gas How many of the above activities are regulated by the Petroleum and Natural Gas Regulatory Board in our country?","Only one","Only two","Only three","All the four","B","The Petroleum and Natural Gas Regulatory Board (PNGRB) regulates **downstream activities** like storage, distribution, and marketing—not **upstream activities** like production. ❌ **I. Production of crude oil – Not regulated** * This is an upstream activity regulated by the Ministry of Petroleum & Natural Gas and Directorate General of Hydrocarbons (DGH), not PNGRB. ✅ **II. Refining, storage and distribution – Partially regulated** * **Storage** and **distribution** are regulated by PNGRB. * **Refining** is generally **not directly regulated**, though PNGRB may set standards affecting it. ✅ **III. Marketing and sale of petroleum products – Regulated** * PNGRB **authorizes entities** to market notified petroleum products and natural gas. ❌ **IV. Production of natural gas – Not regulated** * Like crude oil, it’s an **upstream activity**, **not under PNGRB**."
"7453ee58-645c-4349-8d09-1c0a355c5024","2025","GS","Economy","Public Finance in India","15th Finance Commission recommendations | Finance Commission of India (Article 280) | Fiscal federalism in India | Union-State financial relations | Tax devolution to states","hard","Which of the following statements with regard to recommendations of the 15th Finance Commission of India are correct? I. It has recommended grants of ₹4,800 crores from the year 2022–23 to the year 2025–26 for incentivizing States to enhance educational outcomes. II. 45% of the net proceeds of Union taxes are to be shared with States. III. ₹45,000 crores are to be kept as performance-based incentive for all States for carrying out agricultural reforms. IV. It reintroduced tax effort criteria to reward fiscal performance. Select the correct answer using the code given below.","I, II and III","I, II and IV","I, III and IV","II, III and IV","C","The **15th Finance Commission** made recommendations to promote better fiscal discipline, education, and agriculture reforms, while adjusting tax devolution among states. ✅ **Statement I: Correct** 4,800 crores were recommended (2022–23 to 2025–26) to **incentivize states for improving educational outcomes**. ❌ **Statement II: Incorrect** The Commission recommended **41%** of Union taxes to be shared with states, **not 45%**. ✅ **Statement III: Correct** It proposed a ₹45,000 crore performance-based incentive for states to implement agricultural reforms. ✅ **Statement IV: Correct** It **reintroduced the 'tax effort' criterion**, rewarding states that better **mobilize revenue** in relation to their GSDP."
"25ea0c3a-4429-4c69-98e6-baccc3ac22df","2025","GS","Economy","","Ethanol production by country | Ethanol feedstock comparison (Brazil vs USA) | Brazil ethanol production | United States of America ethanol production | Biofuel production","hard","Consider the following statements: Statement I: Of the two major ethanol producers in the world, i.e., Brazil and the United States of America, the former produces more ethanol than the latter. Statement II: Unlike in the United States of America where corn is the principal feedstock for ethanol production, sugarcane is the principal feedstock for ethanol production in Brazil. Which of the statements given above are correct?","Both Statement I and Statement II are correct and Statement II explains Statement I","Both Statement I and Statement II are correct but Statement II does not explain Statement I","Statement I is correct but Statement II is not correct","Statement I is not correct but Statement II is correct","D","Ethanol is a biofuel produced mainly by fermenting sugars found in crops like **corn** and **sugarcane**, with the USA and Brazil being the top global producers—each using a different primary feedstock. ❌ **Statement I: Incorrect** * The **United States** is the **largest ethanol producer**, not Brazil. ✅ **Statement II: Correct** * **USA** uses **corn**; **Brazil** uses **sugarcane** as the primary feedstock for ethanol."
"7e2b0436-a033-4df5-b181-285390bd1fd1","2025","GS","Economy","Public Finance in India","Fiscal Deficit Calculation | Primary Deficit Calculation | Non-Debt Creating Capital Receipts | Government Budgeting | Indian Economy","hard","A country’s fiscal deficit stands at ₹50,000 crores. It is receiving ₹10,000 crores through non-debt creating capital receipts. The country’s interest liabilities are ₹1,500 crores. What is the gross primary deficit?","₹48,500 crores","₹51,500 crores","₹58,500 crores","None of the above","A","**Fiscal Deficit** represents the government's total borrowing requirement, while the **Primary Deficit** shows how much the government is borrowing excluding interest payments on past debt. ✅ **Formula:** **Primary Deficit = Fiscal Deficit − Interest Payments** **Given:** * Fiscal Deficit = ₹50,000 crores * Interest Liabilities = ₹1,500 crores * Non-debt capital receipts are already factored into the fiscal deficit, so no need to adjust further. **Calculation:** Primary Deficit = ₹50,000 − ₹1,500 = ₹48,500 crores"
"e2eed1d3-66dc-453d-8a0b-4b55a8ed644b","2025","GS","Economy","Finance and Financial Markets | Services and Digital Economy | Money, Banking and Monetary Policy","Unified Payments Interface (UPI) international payments | India's digital payment system | Financial technology (FinTech) international expansion | International merchant payments | Digital economy and cross-border transactions","medium","Consider the following countries: I. United Arab Emirates II. France III. Germany IV. Singapore V. Bangladesh How many countries amongst the above are there other than India where international merchant payments are accepted under UPI?","Only two","Only three","Only four","All the five","B","Unified Payments Interface (UPI) is expanding internationally, but only a few countries currently support **international merchant payments** under UPI. ✅ **I. United Arab Emirates – Correct** * UPI is accepted at **select merchants** in the UAE via NPCI partnerships. ✅ **II. France – Correct** * France allows UPI merchant payments at **select tourist locations**, like the Eiffel Tower. ❌ **III. Germany – Incorrect** * No official rollout of UPI for **merchant payments** in Germany as of now. ✅ **IV. Singapore – Correct** * UPI is live for both **P2P remittances** and **merchant payments** in Singapore. ❌ **V. Bangladesh – Incorrect** * UPI is **not yet operational** for merchant payments in Bangladesh. International merchant payments are accepted under UPI in seven countries outside of India: **Bhutan, France, Mauritius, Nepal, Singapore, Sri Lanka, and the UAE**."
"f81c04b6-3249-4b46-9ce8-043469cc41ac","2025","GS","Economy","International Institutions","International Bank for Reconstruction and Development (IBRD) | World Bank Group | Development economics | International financial institutions | Post World War II reconstruction","medium","Consider the following statements in respect of the International Bank for Reconstruction and Development (IBRD): I. It provides loans and guarantees to middle income countries. II. It works single-handedly to help developing countries to reduce poverty. III. It was established to help Europe rebuild after the World War II. Which of the statements given above are correct?","I and II only","II and III only","I and III only","I, II and III","C","The **International Bank for Reconstruction and Development (IBRD)** is a key arm of the World Bank Group, originally created for post-war reconstruction and now focused on development in middle-income nations. ✅ **Statement I: Correct** The IBRD **provides loans and guarantees** to **middle-income and creditworthy low-income countries**. ❌ **Statement II: Incorrect** The IBRD does **not work single-handedly**; it collaborates with other arms of the **World Bank Group** like IDA, IFC, etc. ✅ **Statement III: Correct** It was **established in 1944** to help **Europe rebuild after World War II**."
"e25f49db-ab80-4c30-84e9-1b9f4b750a02","2025","GS","Economy","Public Finance in India","Government Budgeting | Revenue Deficit | Fiscal Deficit | Primary Deficit | Indian Economy","hard","Suppose the revenue expenditure is ₹80,000 crores and the revenue receipts of the Government are ₹60,000 crores. The Government budget also shows borrowings of ₹10,000 crores and interest payments of ₹6,000 crores. Which of the following statements are correct? I. Revenue deficit is ₹20,000 crores. II. Fiscal deficit is ₹10,000 crores. III. Primary deficit is ₹4,000 crores. Select the correct answer using the code given below.","I and II only","II and III only","I and III only","I, II and III","D","**Revenue Deficit, Fiscal Deficit, and Primary Deficit** are key indicators used to assess a government's financial health. ✅ **I. Revenue Deficit = ₹20,000 crores – Correct** * **Definition:** Revenue Deficit = Revenue Expenditure − Revenue Receipts * **Calculation:** ₹80,000 crores − ₹60,000 crores = ₹20,000 crores ✅ **II. Fiscal Deficit = ₹10,000 crores – Correct** * **Definition:** Fiscal Deficit = Total Expenditure − Total Receipts (excluding borrowings) * Alternatively, it reflects **total borrowings needed to meet the gap** * **Given:** Borrowings = ₹10,000 crores ⇒ Fiscal Deficit = ₹10,000 crores ✅ **III. Primary Deficit = ₹4,000 crores – Correct** * **Definition:** Primary Deficit = Fiscal Deficit − Interest Payments * **Calculation:** ₹10,000 crores − ₹6,000 crores = ₹4,000 crores"
"cc54db70-361b-4b44-880a-842aa0e09ad2","2025","GS","Economy","Industry and Manufacturing | Food Processing","Government organization and ministry mapping | National Automotive Board function and parent ministry | Coir Board function and parent ministry | National Centre for Trade Information function and parent ministry | Indian government organizations and their administrative ministries","hard","With reference to India, consider the following pairs: | Organization | Union Ministry | |------------------------------------------|-------------------------------------------------| | I. The National Automotive Board | Ministry of Commerce and Industry | | II. The Coir Board | Ministry of Heavy Industries | | III. The National Centre for Trade Information| Ministry of Micro, Small and Medium Enterprises | How many of the above pairs are correctly matched?","Only one","Only two","All the three","None","D","❌ **Pair I: The National Automotive Board – Ministry of Commerce and Industry** * **Incorrect**. It functions under the **Ministry of Heavy Industries**, not Commerce and Industry. ❌ **Pair II: The Coir Board – Ministry of Heavy Industries** * **Incorrect**. The Coir Board is under the **Ministry of Micro, Small and Medium Enterprises**. ❌ **Pair III: National Centre for Trade Information – Ministry of MSME** * **Incorrect**. NCTI is linked to the **Ministry of Commerce and Industry**, not MSME."
"fedffcb1-144d-46ee-9f05-b2cb485d61d1","2025","GS","Economy","Money, Banking and Monetary Policy | Services and Digital Economy | Finance and Financial Markets","Real Time Gross Settlement (RTGS) | National Electronic Funds Transfer (NEFT) | RTGS vs NEFT | Digital Payment Systems in India | Reserve Bank of India (RBI) Payment Systems","medium","Consider the following statements in respect of RTGS and NEFT: I. In RTGS, the settlement time is instantaneous while in case of NEFT, it takes some time to settle payments. II. In RTGS, the customer is charged for inward transactions while that is not the case for NEFT. III. Operating hours for RTGS are restricted on certain days while this is not true for NEFT. Which of the statements given above is/are correct?","I only","I and II","I and III","III only","A","**RTGS (Real Time Gross Settlement)** and **NEFT (National Electronic Funds Transfer)** are two major electronic payment systems in India, differing mainly in **settlement speed and mechanism**. ✅ **Statement I: Correct** **RTGS** processes transactions **instantly in real time**, while **NEFT** settles in **hourly batches**, causing a **time lag**. ❌ **Statement II: Incorrect** **Inward transactions (receiving money)** are **not charged** in either RTGS or NEFT as per **RBI guidelines**. ❌ **Statement III: Incorrect** Both **RTGS and NEFT are available 24x7x365**, including on holidays."
"576c1b11-0dc8-4721-935f-e89a14e0e439","2025","GS","Economy","Industry and Manufacturing","Minerals Security Partnership (MSP) | Critical Minerals in India | Mines and Minerals (Development and Regulation) Act, 1957 Amendment 2023 | Mineral Resources of India | Mining Lease Auction by Central Government","medium","Consider the following statements: I. India has joined the Minerals Security Partnership as a member. II. India is a resource-rich country in all the 30 critical minerals that it has identified. III. The Parliament in 2023 has amended the Mines and Minerals (Development and Regulation) Act, 1957 empowering the Central Government to exclusively auction mining lease and composite license for certain critical minerals. Which of the statements given above are correct?","I and II only","II and III only","I and III only","I, II and III","C","Critical minerals are essential for modern technologies and clean energy, but many countries, including India, depend on imports for several of them. To strengthen supply chains, India has joined international partnerships and reformed mining laws. ✅ **Statement I: Correct** India **joined the Minerals Security Partnership (MSP)** in 2023 to ensure reliable access to **critical minerals**. ❌ **Statement II: Incorrect** India is **not resource-rich in all 30** critical minerals it has identified and remains **import-dependent** for several, like **cobalt** and **nickel**. ✅ **Statement III: Correct** In 2023, Parliament amended the **Mines and Minerals Act**, giving the **Central Government power** to auction leases for **critical minerals**."
"2b87b145-b91d-435f-9831-0f483be6d178","2025","GS","Economy","Finance and Financial Markets","Indian stock market growth | Equity options trading in India | Financial regulation in India | Investor protection in India | Comparative stock market analysis (India vs. Hong Kong)","medium","Consider the following statements: I. India accounts for a very large portion of all equity option contracts traded globally thus exhibiting a great boom. II. India’s stock market has grown rapidly in the recent past even overtaking Hong Kong’s at some point of time. III. There is no regulatory body either to warn the small investors about the risks of options trading or to act on unregistered financial advisors in this regard. Which of the statements given above are correct?","I and II only","II and III only","I and III only","I, II and III","A","India has seen a massive rise in equity options trading and stock market capitalization, but investor protection is actively overseen by SEBI. ✅ **Statement I: Correct** India **leads globally** in equity options trading volume, reflecting a major boom in the derivatives market. ✅ **Statement II: Correct** In **early 2024**, India's stock market **temporarily overtook Hong Kong’s**, becoming the **4th largest** by market cap. ❌ **Statement III: Incorrect** India **has a regulatory body—SEBI**—which issues **warnings** and acts against **unregistered advisors**."
"3fa7a6b5-7e80-4c0b-96a3-185865fdc1a0","2025","GS","Economy","Finance and Financial Markets","Bonds vs Stocks investment risk | Bondholders rights and priority | Stockholders rights and ownership | Corporate finance investment hierarchy | Debt vs Equity financing","medium","Consider the following statements: Statement I: As regards returns from an investment in a company, generally, bondholders are considered to be relatively at lower risk than stockholders. Statement II: Bondholders are lenders to a company whereas stockholders are its owners. Statement III: For repayment purpose, bondholders are prioritized over stockholders by a company. Which one of the following is correct in respect of the above statements?","Both Statement II and Statement III are correct and both of them explain Statement I","Both Statement I and Statement II are correct and Statement I explains Statement II","Only one of the Statements II and III is correct and that explains Statement I","Neither Statement II nor Statement III is correct","A","Bonds are debt instruments, while stocks represent ownership. Bondholders earn fixed interest and are repaid before stockholders, making them relatively less risky investors. ✅ **Statement I: Correct** **Bondholders face lower risk** as they receive fixed returns and are prioritized during repayment over stockholders. ✅ **Statement II: Correct** **Bondholders are lenders** to the company; **stockholders are owners**. ✅ **Statement III: Correct** In case of **liquidation**, companies **repay bondholders before stockholders**."
"8c51e811-b78d-4290-9f1b-5fd33bb8d846","2025","GS","Economy","Agriculture and Allied Activities","Turmeric production in India | Turmeric export from India | Major turmeric producing states in India | Varieties of turmeric grown in India | Agricultural exports of India","hard","Consider the following statements about turmeric during the year 2022–23: I. India is the largest producer and exporter of turmeric in the world. II. More than 30 varieties of turmeric are grown in India. III. Maharashtra, Telangana, Karnataka and Tamil Nadu are major turmeric producing States in India. Which of the statements given above are correct?","I and II only","II and III only","I and III only","I, II and III","D","✅ **Statement I: Correct** India produces about 80% of the world’s turmeric and exports around 65% globally. ✅ **Statement II: Correct** India grows over 30 turmeric varieties like Alleppey Finger, Erode, Sangli, Salem, Nizamabad, and Rajapore. ✅ **Statement III: Correct** Major producing states include Telangana (largest), Maharashtra, Tamil Nadu, and Karnataka. Correct Answer: (D) All statements are correct."
"ae287b11-7557-422d-9ae5-1a682d85a13a","2025","GS","Economy","Taxation in India","Agricultural Income Tax Exemption in India | Definition of Capital Asset under Income-tax Act 1961 | Taxation of Allied Agricultural Activities in India | Rural Agricultural Land as Capital Asset | Income Tax Act 1961 provisions related to agriculture","medium","Consider the following statements: Statement I: In India, income from allied agricultural activities like poultry farming and wool rearing in rural areas is exempted from any tax. Statement II: In India, rural agricultural land is not considered a capital asset under the provisions of the Income-tax Act, 1961. Which one of the following is correct in respect of the above statements?","Both Statement I and Statement II are correct and Statement II explains Statement I","Both Statement I and Statement II are correct but Statement II does not explain Statement I","Statement I is correct but Statement II is not correct","Statement I is not correct but Statement II is correct","D","Income from agriculture is tax-exempt in India, but **only core agricultural activities** like cultivation qualify. Allied activities such as poultry or dairy are **taxable**. Also, certain types of land are excluded from capital asset classification under tax law. ❌ **Statement I: Incorrect** **Allied agricultural activities** like **poultry farming** and **wool rearing** are **not tax-exempt** under the Income-tax Act, 1961. ✅ **Statement II: Correct** **Rural agricultural land** is **not treated as a capital asset** under Section 2(14), so **capital gains tax does not apply** on its sale."
"29e3a0c2-3714-4953-aae8-49d58dbe089a","2025","GS","Economy","Public Finance in India","Government Budgeting: Capital Receipts | Capital Receipts: Definition and Components | Government Debt and Liabilities | Disinvestment as a Capital Receipt | Government Revenue: Capital vs Revenue Receipts","easy","Consider the following statements: I. Capital receipts create a liability or cause a reduction in the assets of the Government. II. Borrowings and disinvestment are capital receipts. III. Interest received on loans creates a liability of the Government. Which of the statements given above are correct?","I and II only","II and III only","I and III only","I, II and III","A","Capital receipts involve transactions that either increase liabilities or reduce assets for the government. Revenue receipts, on the other hand, are routine incomes like interest or taxes that don’t affect assets or liabilities. ✅ **Statement I: Correct** * Capital receipts **create liabilities** (like borrowings) or **reduce assets** (like disinvestment). ✅ **Statement II: Correct** * **Borrowings and disinvestment** are both **capital receipts**. ❌ **Statement III: Incorrect** * **Interest received** is a **revenue receipt**, not a capital receipt—it’s income, not a liability."
"fb57de68-8109-41f4-89d6-9c13e86abc40","2025","GS","Economy","Finance and Financial Markets","Alternative Investment Funds (AIFs) in India | Types of Investment Funds | Bonds vs Stocks vs Hedge Funds vs Venture Capital | Indian Securities Market | Securities and Exchange Board of India (SEBI) regulations for AIFs","hard","With reference to investments, consider the following: I. Bonds II. Hedge Funds III. Stocks IV. Venture Capital How many of the above are treated as Alternative Investment Funds?","Only one","Only two","Only three","All the four","B","Alternative Investment Funds (AIFs) are privately pooled investment vehicles that invest in assets beyond traditional options like stocks and bonds. In India, SEBI classifies AIFs into three categories, including hedge funds and venture capital funds. ❌ **Statement I: Incorrect** * **Bonds** are traditional debt instruments and not classified as AIFs. ✅ **Statement II: Correct** * **Hedge Funds** fall under **Category III AIFs** as per SEBI regulations. ❌ **Statement III: Incorrect** * **Stocks** are conventional equity investments, not treated as AIFs. ✅ **Statement IV: Correct** * **Venture Capital** is a form of **Category I AIF** in India."
"1aba4e31-1481-47fd-bff0-f8f479a1d57f","2025","GS","Economy","Finance and Financial Markets | Services and Digital Economy | Infrastructure and Investment Models in India","Business Responsibility and Sustainability Report (BRSR) | Securities and Exchange Board of India (SEBI) regulations for listed companies | Environmental, Social, and Governance (ESG) reporting in India | Non-financial disclosures by companies in India | Corporate governance and sustainability reporting","easy","Consider the following statements: I. The Reserve Bank of India mandates all the listed companies in India to submit a Business Responsibility and Sustainability Report (BRSR). II. In India, a company submitting a BRSR makes disclosures in the report that are largely non-financial in nature. Which of the statements given above is/are correct?","I only","II only","Both I and II","Neither I nor II","B","The Business Responsibility and Sustainability Report (BRSR) is a disclosure framework introduced by SEBI to promote transparency in a company’s **non-financial performance**, particularly in Environmental, Social, and Governance (ESG) areas. ❌ **Statement I: Incorrect** * **SEBI**, not the **RBI**, mandates the submission of BRSR. * It applies to the **top 1,000 listed companies** by market capitalization. ✅ **Statement II: Correct** * BRSR disclosures are mostly non-financial and focus on areas like environment, social responsibility, and governance."
"7b46ba3b-b513-4fa3-beb7-35fc005437e5","2025","GS","Economy","Money, Banking and Monetary Policy","Reserve Bank of India (RBI) income sources | RBI functions and operations | Government bond trading by RBI | Foreign exchange market operations by RBI | Central banking in India","medium","Which of the following are the sources of income for the Reserve Bank of India? I. Buying and selling Government bonds II. Buying and selling foreign currency III. Pension fund management IV. Lending to private companies V. Printing and distributing currency notes Select the correct answer using the code given below.","I and II only","II, III and IV","I, III, IV and V","I, II and V","A","Statement I is Correct: The RBI earns a significant portion of its income from interest on Government Securities (G-Secs) held in its portfolio and through Open Market Operations (OMO). Statement II is Correct: Income is generated from the deployment of foreign exchange reserves in foreign sovereign bonds, treasury bills, and deposits with other central banks, as well as from foreign exchange trading. Statement III is Incorrect: The RBI is not a pension fund manager. Pension funds are regulated by PFRDA and managed by specific fund managers. Statement IV is Incorrect: The RBI is the ""Banker to Banks."" It does not lend directly to private individuals or corporate entities; it provides liquidity to commercial banks and the government. Statement V is Incorrect: While ""Seigniorage"" is an economic concept of profit, in accounting terms, currency notes are liabilities. The actual income recorded in the RBI's profit and loss account comes from the interest earned on the assets (G-Secs/Gold) held to back that currency, not the printing process itself. Note: After the release of the UPSC ANSWER KEY 2025, we have updated the correct answer to A."
"a51a3809-258e-483b-86af-cd5a4966379f","2025","GS","Environment & Ecology","Climate Change Mitigation | Institutional Measures for Environment Conservation | National Environmental Legislations","Nature Restoration Law (NRL) | European Union (EU) environmental policy | Climate change mitigation | Biodiversity conservation | International environmental law","easy","Which organization has enacted the Nature Restoration Law (NRL) to tackle climate change and biodiversity loss?","The European Union","The World Bank","The Organization for Economic Cooperation and Development","The Food and Agriculture Organization","A","✅ **A. The European Union:** The Nature Restoration Law (NRL) is an EU legislative initiative adopted in 2024. It sets binding targets to restore ecosystems, fight climate change, and protect biodiversity across EU member states. ❌ **B. The World Bank:** An international financial institution providing loans and grants; it does **not** enact laws like the NRL. ❌ **C. OECD:** An organization promoting economic cooperation and policy coordination; it **does not** enact binding environmental laws such as the NRL. ❌ **D. FAO:** A UN agency focused on hunger and agriculture; it **does not** enact regional laws like the NRL."
"c298b585-18b1-4740-85b0-4e6406ba3133","2025","GS","Environment & Ecology","Climate Change","Wet-bulb temperature and human health | Climate change impacts on India | Heat stress and survivability | World Bank reports on climate change | Impact of extreme heat on Peninsular India","medium","The World Bank warned that India could become one of the first places where wet-bulb temperatures routinely exceed 35 °C. Which of the following statements best reflect(s) the implication of the above‐said report? I. Peninsular India will most likely suffer from flooding, tropical cyclones and droughts. II. The survival of animals including humans will be affected as shedding of their body heat through perspiration becomes difficult. Select the correct answer using the code given below.","I only","II only","Both I and II","Neither I nor II","C","Statement I is correct: The World Bank's report on India's cooling sector and climate vulnerability highlights that extreme heat stress (wet-bulb temperatures) is linked to a wider set of climate implications, including more frequent and intense tropical cyclones, flooding, and droughts, particularly affecting the vulnerable Peninsular region. Statement II is correct: The wet-bulb temperature is a measure that combines heat and humidity. At 35°C wet-bulb, the air is too saturated for sweat to evaporate, preventing the body from shedding heat. This makes survival physically impossible for humans and animals without external cooling."
"6aa68145-f7f6-483e-a6c0-e5dc1b9d63e0","2025","GS","Environment & Ecology","Environmental Pollution","Artificial Rainmaking | Cloud Seeding | Air Pollution Reduction Techniques | Silver Iodide | Potassium Iodide","easy","Artificial way of causing rainfall to reduce air pollution makes use of","silver iodide and potassium iodide","silver nitrate and potassium iodide","silver iodide and potassium nitrate","silver nitrate and potassium chloride","A","✅ **A. silver iodide and potassium iodide: True** Both are used in cloud seeding because their crystalline structures help form ice nuclei, inducing rainfall. ❌ **B. silver nitrate and potassium iodide: False** Silver nitrate is not used for artificial rainmaking. ❌ **C. silver iodide and potassium nitrate: False** Potassium nitrate is not used in cloud seeding. ❌ **D. silver nitrate and potassium chloride: False** Neither chemical is used in artificial rainmaking. **Therefore, option A is correct.**"
"c9930d5f-ae04-4a02-8877-ab126dcc2d8a","2025","GS","Environment & Ecology","Environmental Pollution","Circular Economy | Greenhouse Gas Emissions Reduction | Resource Efficiency | Waste Reduction | Sustainable Production","easy","Consider the following statements: Statement I: Circular economy reduces the emissions of greenhouse gases. Statement II: Circular economy reduces the use of raw materials as inputs. Statement III: Circular economy reduces wastage in the production process. Which one of the following is correct in respect of the above statements?","Both Statement II and Statement III are correct and both of them explain Statement I","Both Statement II and Statement III are correct but only one of them explains Statement I","Only one of the Statements II and III is correct and that explains Statement I","Neither Statement II nor Statement III is correct","A","A circular economy focuses on minimizing waste, reusing resources, and improving efficiency, all of which help lower greenhouse gas emissions and conserve raw materials. ✅ **Statement I: Correct** By **reducing waste and energy use**, the circular economy helps **cut greenhouse gas emissions**. ✅ **Statement II: Correct** It **reduces the need for raw materials** through **reuse, recycling, and product life extension**. ✅ **Statement III: Correct** It also **lowers production waste** using efficient and sustainable design and processes."
"04187046-2589-463c-97eb-5b645f35126f","2025","GS","Environment & Ecology","Aquatic Ecosystem","Earth's oxygen production | Rainforest oxygen production vs ocean oxygen production | Marine phytoplankton and photosynthetic bacteria oxygen contribution | Oxygen concentration in water vs air | Environmental Science: Oxygen Cycle","medium","With reference to the planet Earth, consider the following statements: I. Rain forests produce more oxygen than that produced by oceans. II. Marine phytoplankton and photosynthetic bacteria produce about 50% of world's oxygen. III. Well-oxygenated surface water contains several folds higher oxygen than that in atmospheric air. Which of the statements given above is/are correct?","I and II","II only","I and III","None of the above statements is correct","B","Oxygen on Earth mainly comes from photosynthesis, especially by phytoplankton (marine organisms), and oxygen levels differ between air and water. ❌ **Statement I is incorrect:** * Oceans (phytoplankton) produce more oxygen than rainforests. ✅ **Statement II is correct:** * Marine phytoplankton and photosynthetic bacteria produce about 50% of the world’s oxygen. ❌ **Statement III is incorrect:** * Atmospheric air has much more oxygen than surface water; water does not contain several folds higher oxygen than air. So, the correct answer is: **B**"
"906648aa-fe05-4c27-9582-decb3a618da8","2025","GS","Environment & Ecology","Climate Change Mitigation","India carbon dioxide emissions | India CO2 emissions per capita | Asia-Pacific CO2 emissions ranking | Sources of carbon dioxide emissions in India | Greenhouse gas emissions India","hard","Consider the following statements: I. Carbon dioxide (CO₂) emissions in India are less than 0.5 t CO₂/capita. II. In terms of CO₂ emissions from fuel combustion, India ranks second in Asia-Pacific region. III. Electricity and heat producers are the largest sources of CO₂ emissions in India. Which of the statements given above is/are correct?","I and III only","II only","II and III only","I, II and III","C","India’s CO₂ emissions come mainly from fuel combustion, especially electricity generation, and per capita emissions are higher than 0.5 tonnes. ❌ **Statement I is incorrect:** * India’s per capita CO₂ emissions are around 1.9-2.0 tonnes, higher than 0.5 t CO₂/capita. ✅ **Statement II is correct:** * India ranks second in the Asia-Pacific for total CO₂ emissions from fuel combustion, after China. ✅ **Statement III is correct:** * Electricity and heat production (mainly coal-based) is the largest source of India’s CO₂ emissions. So, the correct answer is: **C**"
"5cc2a57e-468b-4558-a386-84fa3c5ef7bd","2025","GS","Environment & Ecology","Indian Biodiversity - Fauna","Peacock Tarantula (Gooty Tarantula) biology and habitat | Arboreal species in Indian forests | Endangered species of India | Wildlife conservation in India | Indian biodiversity hotspots","hard","Regarding Peacock tarantula (Gooty tarantula), consider the following statements: I. It is an omnivorous crustacean. II. Its natural habitat in India is only limited to some forest areas. III. In its natural habitat, it is an arboreal species. Which of the statements given above is/are correct?","I only","I and III","II only","II and III","D","The Peacock tarantula (Gooty tarantula) is a rare, tree-dwelling spider found in limited forest areas in India. ❌ **Statement I is incorrect:** * It is a spider (arachnid), not an omnivorous crustacean. ✅ **Statement II is correct:** * Its habitat is restricted to some forest areas in the Eastern Ghats. ✅ **Statement III is correct:** * It is arboreal, living in trees and tree crevices. So, the correct answer is: **D**"
"e29aa32e-e089-4e40-a0c1-41263ea8d12a","2025","GS","Environment & Ecology","Indian Biodiversity - Flora","Plant morphology | Cassava plant characteristics | Ginger plant characteristics | Malabar spinach plant characteristics | Mint plant characteristics | Papaya plant characteristics | Plant classification","hard","Consider the following pairs: Plant – Description I. Cassava : Woody shrub II. Ginger : Herb with pseudostem III. Malabar spinach : Herbaceous climber IV. Mint : Annual shrub V. Papaya : Woody shrub How many of the above pairs are correctly matched?","Only two","Only three","Only four","All the five","B","**Pair I – Cassava: Woody shrub → Correct** Cassava (also called tapioca or manioc) is indeed a woody shrub cultivated for its starchy tuberous roots. **Pair II – Ginger: Herb with pseudostem → Correct** Ginger is a herbaceous perennial with a pseudostem formed by leaf sheaths; the edible part is the rhizome. **Pair III – Malabar spinach: Herbaceous climber → Correct** Malabar spinach (Basella alba) is a soft, herbaceous twining climber, commonly grown as a leafy vegetable. **Pair IV – Mint: Annual shrub → Incorrect** Mint (Mentha spp.) is not a shrub; it is a perennial herb with soft stems, spreading by stolons. **Pair V – Papaya: Woody shrub → Incorrect** Papaya (Carica papaya) is a herbaceous tree (giant herb), not a woody shrub—it has a soft, hollow stem."
"5140fae2-edc6-43ab-8011-abed76728c1d","2025","GS","Environment & Ecology","Climate Change Mitigation | Climate Change | International Environmental Framework","United Nations Climate Change Conference (COP28) | COP28 Declaration on Climate and Health | Climate Change and Health | Decarbonization of Healthcare Sector | India's Climate Policy","hard","Consider the following statements: Statement I: At the 28th United Nations Climate Change Conference (COP28), India refrained from signing the “Declaration on Climate and Health”. Statement II: The COP28 Declaration on Climate and Health is a binding declaration; and if signed, it becomes mandatory to decarbonize health sector. Statement III: If India’s health sector is decarbonized, the resilience of its health-care system may be compromised. Which one of the following is correct in respect of the above statements?","Both Statement II and Statement III are correct and both of them explain Statement I","Both Statement II and Statement III are correct but only one of them explains Statement I","Only one of the Statements II and III is correct and that explains Statement I","Neither Statement II nor Statement III is correct","C","**At COP28, India chose not to sign the “Declaration on Climate and Health,” and this decision can be understood by analyzing the nature of the declaration and India’s concerns.** ✅ **Statement I: Correct.** India did not sign the COP28 Declaration on Climate and Health, unlike over 120 other countries. ❌ **Statement II: Incorrect.** The declaration is **not legally binding**; it is a voluntary political commitment. Signing it does not legally mandate countries to decarbonize their health sectors immediately. ✅**Statement III: Correct.** India’s concern is that rapid decarbonization of its health sector could **compromise the resilience and accessibility** of healthcare services, given current developmental challenges and resource constraints. **Therefore, only Statement III correctly explains Statement I, while Statement II is factually wrong about the binding nature of the declaration.**"
"440f0c52-2da3-4731-a810-ad047cbdec54","2025","GS","Environment & Ecology","International Environmental Framework","Paris Agreement Article 6 (cooperative approaches) | Carbon Markets and Paris Agreement | International Climate Agreements and Sustainable Development | Non-Market Approaches to Climate Change Mitigation | United Nations Framework Convention on Climate Change (UNFCCC)","hard","Consider the following statements: Statement I: Article 6 of the Paris Agreement on climate change is frequently discussed in global discussions on sustainable development and climate change. Statement II: Article 6 of the Paris Agreement on climate change sets out the principles of carbon markets. Statement III: Article 6 of the Paris Agreement on climate change intends to promote inter-country non-market strategies to reach their climate targets. Which one of the following is correct in respect of the above statements?","Both Statement II and Statement III are correct and both of them explain Statement I","Both Statement II and Statement III are correct but only one of them explains Statement I","Only one of the Statements II and III is correct and that explains Statement I","Neither Statement II nor Statement III is correct","A","Article 6 of the Paris Agreement is crucial as it outlines international cooperation through both carbon markets and non-market approaches to help countries meet climate goals. ✅ **Statement I is correct:** * Article 6 is widely discussed because it enables cooperation through market and non-market means to fight climate change. ✅ **Statement II is correct:** * It defines rules for carbon markets, including carbon trading and credit mechanisms. ✅ **Statement III is correct:** * It also promotes non-market tools like technology transfer and capacity building to reach climate targets. So, the correct answer is: **A**"
"dd6f7276-1b80-4cd2-af14-1e6af3830ed7","2025","GS","Environment & Ecology","Environmental Pollution","Cement manufacturing process | Carbon dioxide emissions from cement industry | Clinker production in cement manufacturing | Composition of cement | Environmental impact of cement production","hard","Consider the following statements: Statement I: Studies indicate that carbon dioxide emissions from cement industry account for more than 5% of global carbon emissions. Statement II: Silica-bearing clay is mixed with limestone while manufacturing cement. Statement III: Limestone is converted into lime during clinker production for cement manufacturing. Which one of the following is correct in respect of the above statements?","Both Statement II and Statement III are correct and both of them explain Statement I","Both Statement II and Statement III are correct but only one of them explains Statement I","Only one of the Statements II and III is correct and that explains Statement I","Neither Statement II nor Statement III is correct","B","**Cement manufacturing contributes significantly to global carbon emissions, mainly due to the chemical process involved in producing clinker.** ✅ **Statement I:** Cement industry emissions are estimated to be around 5-8% of global CO₂ emissions, making it a major source of greenhouse gases. ✅**Statement II:** Silica-bearing clay is indeed mixed with limestone during cement making to provide essential minerals like silicon, aluminum, and iron needed for the final product. ✅**Statement III:** During clinker production, limestone (calcium carbonate) is heated and converted into lime (calcium oxide), releasing CO₂ in the process. This calcination is the main source of carbon emissions in cement manufacturing. **Both Statements II and III are correct, but only Statement III directly explains the source of carbon emissions mentioned in Statement I.**"
"c705dd6e-74c7-42af-a8a3-71806cbe9df1","2025","GS","Environment & Ecology","Environmental Pollution","Plastic pollution | Sources of microplastics | Environmental impact of plastic | Plastic composition of everyday items | Waste management and plastic recycling","medium","Consider the following: I. Cigarette butts II. Eyeglass lenses III. Car tyres How many of them contain plastic?","Only one","Only two","All the three","None","C","Many everyday items contain hidden plastics, even if they don’t look like typical plastic products. * ✅**I. Cigarette butts** – Filters are made of **cellulose acetate**, a form of plastic. * ✅**II. Eyeglass lenses** – Usually made from **polycarbonate or CR-39 plastic**, not glass. * ✅**III. Car tyres** – Contain **synthetic rubber**, which includes plastic-based polymers. **All three** items contain plastic."
"f7786335-4723-4fdf-b719-143e4102de44","2025","GS","Environment & Ecology","Climate Change Mitigation | Climate Change","Direct Air Capture (DAC) technology | Carbon sequestration methods | Carbon capture utilization and storage (CCUS) | Synthetic fuels production | Climate change mitigation technologies","easy","With reference to Direct Air Capture, an emerging technology, which of the following statements is/are correct? I. It can be used as a way of carbon sequestration. II. It can be a valuable approach for plastic production and in food processing. III. In aviation, it can be a source of carbon for combining with hydrogen to create synthetic low-carbon fuel. Select the correct answer using the code given below.","I and II only","III only","I, II and III","None of the above statements is correct","C","Direct Air Capture (DAC) is a technology that removes CO₂ directly from the air for storage or use in various industries. ✅ **Statement I is correct:** * DAC captures CO₂ for carbon sequestration, reducing greenhouse gases. ✅ **Statement II is correct:** * Captured CO₂ can be used to make plastics and in food processing. ✅ **Statement III is correct:** * DAC provides carbon to make synthetic low-carbon aviation fuels by combining with hydrogen. So, the correct answer is: **C**"
"63691581-ad38-4a8c-9246-1ada8e8294e4","2025","GS","Environment & Ecology","International Environmental Framework","Nature Solutions Finance Hub for Asia and the Pacific | Asian Development Bank (ADB) | International Financial Institutions | Environmental Finance | Sustainable Development Asia Pacific","medium","Which one of the following launched the 'Nature Solutions Finance Hub for Asia and the Pacific'?","The Asian Development Bank (ADB)","The Asian Infrastructure Investment Bank (AIIB)","The New Development Bank (NDB)","The International Bank for Reconstruction and Development (IBRD)","A","Nature-based solutions involve using natural processes to tackle climate change and biodiversity loss, often needing dedicated financial support. ADB launched the **Nature Solutions Finance Hub for Asia and the Pacific** to fund nature-based solutions for climate and environmental challenges in the region."
"78b30cfe-e309-4f85-826c-ce8267e7351e","2025","GS","Environment & Ecology","Environmental Pollution","activated carbon properties and applications | environmental remediation using activated carbon | adsorption of heavy metals by activated carbon | synthesis of activated carbon from waste materials | effluent treatment technologies","hard","Consider the following statements: Statement I: Activated carbon is a good and an attractive tool to remove pollutants from effluent streams and to remediate contaminants from various industries. Statement II: Activated carbon exhibits a large surface area and a strong potential for adsorbing heavy metals. Statement III: Activated carbon can be easily synthesized from environmental wastes with high carbon content. Which one of the following is correct in respect of the above statements?","Both Statement II and Statement III are correct and both of them explain Statement I","Both Statement II and Statement III are correct but only one of them explains Statement I","Only one of the Statements II and III is correct and that explains Statement I","Neither Statement II nor Statement III is correct","A","**Activated carbon is widely used to clean pollutants because of its unique properties and sustainable production methods.** ✅ **Statement I: Correct.** Activated carbon effectively removes pollutants from industrial effluents due to its high adsorption capacity. It’s commonly used in water treatment and pollution control. ✅**Statement II: Correct.** This is because activated carbon has an extremely large surface area, created by its porous structure, allowing it to trap heavy metals and other contaminants efficiently. ✅ **Statement III: Correct.** Moreover, activated carbon can be produced easily and cost-effectively from carbon-rich wastes like coconut shells, rice husks, and other agricultural residues, making it an eco-friendly option. **Thus, both Statement II and Statement III are correct, and together they explain why Statement I is true.**"
"46bc40cb-8a67-41de-95c3-b469b5506153","2025","GS","World Geography","World Economic Geography","Botswana diamond resources | Chile lithium reserves | Indonesia nickel production | Global mineral resources distribution | Resource rich countries","medium","Consider the following pairs: Country – Resource-rich in I. Botswana : Diamond II. Chile : Lithium III. Indonesia : Nickel In how many of the above rows is the given information correctly matched?","Only one","Only two","All the three","None","C","This question checks knowledge of countries known for major natural resources that play key roles in global markets. ✅ **I. Botswana : Diamond – Correct** * Botswana is a **top global producer of diamonds**, vital to its economy. ✅ **II. Chile : Lithium – Correct** * Chile has **vast lithium reserves** in the Atacama Desert and is a **leading global supplier**. ✅ **III. Indonesia : Nickel – Correct** * Indonesia is the **world’s largest producer of nickel**, crucial for batteries and steel."
"76152ef1-ec02-47f2-82d6-23aa6378585a","2025","GS","World Geography","Continents","Geography: European Regions and Countries | Mallorca geographical location | Normandy geographical location | Sardinia geographical location | Map based questions for UPSC","hard","Consider the following pairs: Region – Country I. Mallorca : Italy II. Normandy : Spain III. Sardinia : France In how many of the above rows is the given information correctly matched?","Only one","Only two","All the three","None","D","The question tests knowledge of European geography, particularly the correct country associations of famous regions. ❌ **I. Mallorca : Italy** * **Mallorca** is part of **Spain**, not Italy. ❌ **II. Normandy : Spain** * **Normandy** is a region in **France**, not Spain. ❌ **III. Sardinia : France** * **Sardinia** belongs to **Italy**, not France."
"79598b08-1c52-466d-8377-9e5226869b33","2025","GS","Physical Geography","Movement of Earth","International Date Line | Anadyr Russia | Nome Alaska | Time Zones | Geographical Location and Time Difference","hard","Consider the following statements: I. Anadyr in Siberia and Nome in Alaska are a few kilometers from each other, but when people are waking up and getting set for breakfast in these cities, it would be different days. II. When it is Monday in Anadyr, it is Tuesday in Nome. Which of the statements given above is/are correct?","I only","II only","Both I and II","Neither I nor II","A","Anadyr (Russia) and Nome (Alaska, USA) lie close to each other geographically but are separated by the International Date Line, leading to a significant difference in calendar dates despite similar times of day. ✅ **Statement I: Correct** Due to the **International Date Line**, Anadyr and Nome can have **the same time of day but different dates**. ❌ **Statement II: Incorrect** When it’s **Monday in Anadyr**, it is **still Sunday in Nome**, not Tuesday—**Anadyr is ahead** of Nome by almost 21 hours."
"89f55e26-91b3-44a9-ab44-2ab388263650","2025","GS","World Geography","Continents","Global Time Zones | Countries with Multiple Time Zones | United Kingdom Time Zones | Australia Time Zones | New Zealand Time Zones","easy","Consider the following countries: I. United Kingdom II. Denmark III. New Zealand IV. Australia V. Brazil How many of the above countries have more than four time zones?","All the five","Only four","Only three","Only two","B","Based on the distribution of **official time zones including overseas territories**, we can determine: ✅ **United Kingdom** – More than four (Total 9 Time Zones) ✅ **Denmark** – More than four (At least 5 Time Zones) ✅ **New Zealand** – More than four (Total 5 Time Zones) ✅ **Australia** – More than four (Total 8-9 Time Zones) ❌ **Brazil** – Exactly four **Therefore, four out of the five countries have more than four time zones.**"
"2de24b3c-e6f4-4071-844d-5f96f2139022","2025","GS","Indian Geography","Major Physical Divisions of India","Arunachal Pradesh geography and national parks | Nagaland state formation and Constitutional Amendment Acts | Tripura statehood history and reorganization of states | Indian state history and characteristics | Indian state reorganization and evolution","hard","Consider the following pairs: State – Description I. Arunachal Pradesh : The capital is named after a fort, and the State has two National Parks. II. Nagaland : The State came into existence on the basis of a Constitutional Amendment Act. III. Tripura : Initially a Part 'C' State, it became a centrally administered territory with the reorganization of States in 1956 and later attained the status of a full-fledged State. How many of the above pairs are correctly matched?","Only one","Only two","All the three","None","C","This question tests knowledge of historical and administrative facts about northeastern Indian states. ✅ **Pair I: Arunachal Pradesh – Correct** * **Itanagar**, the capital, is named after **Ita Fort**. * The state has **two National Parks**: **Namdapha** and **Mouling**. ✅ **Pair II: Nagaland – Correct** * Nagaland attained statehood via a constitutional amendment and came into being on 1 December 1963 through the State of Nagaland Act, 1962. ✅ **Pair III: Tripura – Correct** * Tripura was a Part 'C' state, became a Union Territory in 1956, and was granted statehood in 1972."
"e6ba7565-f420-44b7-a847-7a4a7a892816","2025","GS","World Geography","Continents","Andes Mountains Geography | South America Physical Geography | Andes Mountain Range Countries | Bolivia Geography | Ecuador Geography","medium","Consider the following countries: I. Bolivia II. Brazil III. Colombia IV. Ecuador V. Paraguay VI. Venezuela Andes mountains pass through how many of the above countries?","Only two","Only three","Only four","Only five","C","✅ **Statement I: Correct** *Andes pass through **Bolivia**, forming the Altiplano plateau.* ❌ **Statement II: Incorrect** *Andes do **not** pass through **Brazil**, which lies on the Brazilian Plateau.* ✅ **Statement III: Correct** *Andes pass through **Colombia**, where they split into three mountain chains.* ✅ **Statement IV: Correct** *Andes run north-south through **Ecuador**, shaping its geography.* ❌ **Statement V: Incorrect** **Paraguay** lies in the interior lowlands; Andes do **not** pass through it. ✅ **Statement VI: Correct** *The **Venezuelan Andes** extend into western Venezuela (Cordillera de Mérida).* **Correct Answer: (C) Only four** ✅ Andes pass through: Bolivia, Colombia, Ecuador, Venezuela ❌ Not through: Brazil, Paraguay"
"8254ada1-dba7-4ce0-b626-f646a9b56e0b","2025","GS","Physical Geography","Rocks","Rock permeability and porosity | Chalk properties | Clay properties | Water absorption by rocks | Weathering of rocks","hard","Consider the following statements: Statement I: In the context of effect of water on rocks, chalk is known as a very permeable rock whereas clay is known as quite an impermeable or least permeable rock. Statement II: Chalk is porous and hence can absorb water. Statement III: Clay is not at all porous. Which one of the following is correct in respect of the above statements?","Both Statement II and Statement III are correct and both of them explain Statement I","Both Statement II and Statement III are correct but only one of them explains Statement I","Only one of the Statements II and III is correct and that explains Statement I","Neither Statement II nor Statement III is correct","C","✅ **Statement I: Correct** Chalk is permeable (water passes easily); clay is impermeable (water passes poorly). ✅ **Statement II: Correct** Chalk is porous, with many small holes that hold water, making it permeable. ❌ **Statement III: Incorrect** Clay is porous but with very tiny pores that restrict water flow; it is impermeable but not non-porous. Correct Answer: Only Statements I and II are correct; Statement II explains Statement I."
"42635c37-cff1-4954-b562-581c7ee16ce1","2025","GS","World Geography","Continents","Equator crossing water bodies | Lake Tanganyika location | Lake Tonle Sap location | Patos Lagoon location | Geography of water bodies","hard","Consider the following water bodies: I. Lake Tanganyika II. Lake Tonlé Sap III. Patos Lagoon Through how many of them does the equator pass?","Only one","Only two","All the three","None","D","❌ **Statement I: Incorrect** *Lake Tanganyika lies **south of the Equator**, in Tanzania, DRC, Burundi, and Zambia.* ❌ **Statement II: Incorrect** *Lake Tonlé Sap is in **Cambodia**, well **north of the Equator**.* ❌ **Statement III: Incorrect** *Patos Lagoon is in **southern Brazil**, **far south of the Equator**.* **Correct Answer: (D) None** The Equator does **not** pass through any of the three water bodies listed."
"10d078aa-10ea-409c-8dbe-0b1a117fd75f","2025","GS","Physical Geography","Atmosphere","Earth's atmosphere and temperature regulation | Greenhouse effect and atmospheric gases | Role of atmosphere in maintaining Earth's temperature | Absorption and trapping of radiation by atmospheric gases | Impact of atmosphere on Earth's surface temperature","easy","Consider the following statements: I. Without the atmosphere, temperature would be well below freezing point everywhere on the Earth's surface. II. Heat absorbed and trapped by the atmosphere maintains our planet's average temperature. III. Atmosphere's gases, like carbon dioxide, are particularly good at absorbing and trapping radiation. Which of the statements given above are correct?","I and III only","I and II only","I, II and III","II and III only","C","**Statement I is correct:** Without the atmosphere to trap heat, the Earth’s surface temperature would drop to well below freezing, making it too cold to support life as we know it. In statement 1 though it's an extreme statement but from UPSC CSE point of view it's generally considered true. **Statement II is correct:** The atmosphere absorbs and retains heat (a natural greenhouse effect), which helps maintain the Earth’s average temperature within a habitable range. **Statement III is correct:** Gases such as carbon dioxide, methane, and water vapor are particularly effective at absorbing and trapping infrared radiation, helping to warm the planet."
"b5a4ae74-0cb7-4591-82e5-205c5d680cb9","2025","GS","Physical Geography","Atmosphere","Isotherms and Temperature Distribution | Northern Hemisphere Winter Climate | Land and Sea Temperature Differences | January Temperature Patterns | Global Temperature Variations","medium","Consider the following statements: Statement I: In January, in the Northern Hemisphere, the isotherms bend equatorward while crossing the landmasses, and poleward while crossing the oceans. Statement II: In January, the air over the oceans is warmer than that over the landmasses in the Northern Hemisphere. Which one of the following is correct in respect of the above statements?","Both Statement I and Statement II are correct and Statement II explains Statement I","Both Statement I and Statement II are correct but Statement II does not explain Statement I","Statement I is correct but Statement II is not correct","Statement I is not correct but Statement II is correct","A","**Statement I is correct:** During the Northern Hemisphere winter (January), isotherms (lines of equal temperature) do not run parallel to latitudes. Instead, they deviate significantly: they bend toward the equator over land and toward the poles over water. **Statement II is correct:** Land has a lower specific heat than water, meaning it loses heat much faster. Consequently, in January, the large landmasses of North America and Eurasia are significantly colder than the Atlantic and Pacific Oceans at the same latitude. **The Relationship: Statement II explains Statement I:** Because the land is colder than the ocean, a line of constant temperature (isotherm) leaving the warm ocean must ""dip"" south toward the warmer tropical latitudes to find the same temperature once it hits the cold land. When that same line leaves the cold land and enters the warm ocean, it must ""climb"" north toward the colder polar latitudes to maintain that same temperature value. Thus, the temperature difference is the direct cause of the bending pattern."
"cacfee04-229b-4aa4-8660-1443dd57c8db","2025","GS","Physical Geography","Atmosphere","Atmospheric Dust Particles Distribution | Subtropical Climate | Temperate Climate | Equatorial Climate | Polar Climate | Dry Winds and Dust","medium","Consider the following statements: Statement I: The amount of dust particles in the atmosphere is more in subtropical and temperate areas than in equatorial and polar regions. Statement II: Subtropical and temperate areas have less dry winds. Which one of the following is correct in respect of the above statements?","Both Statement I and Statement II are correct and Statement II explains Statement I","Both Statement I and Statement II are correct but Statement II does not explain Statement I","Statement I is correct but Statement II is not correct","Statement I is not correct but Statement II is correct","C","✅ **Statement I: Correct** Subtropical and temperate regions have more dust due to dry conditions, sparse vegetation, and strong winds. ❌ **Statement II: Incorrect** Subtropical and temperate regions have more dry winds, not less, which help lift dust. Correct Answer: Only Statement I is correct."
"3bfe63a7-d1d7-4b90-8bed-cb767170143f","2025","GS","Physical Geography","Tectonics","Continental Drift Theory | Plate Tectonics | Gondwana System | Geological Evidence for Continental Drift | Matching Rock Formations and Continental Drift","easy","Which of the following are the evidences of the phenomenon of continental drift? I. The belt of ancient rocks from Brazil coast matches with those from Western Africa. II. The gold deposits of Ghana are derived from the Brazil plateau when the two continents lay side by side. III. The Gondwana system of sediments from India is known to have its counterparts in six different landmasses of the Southern Hemisphere. Select the correct answer using the code given below.","I and III only","I and II only","I, II and III","II and III only","C","Statement I is correct: Geological matching (Jigsaw Fit) shows that the 2,000-million-year-old belt of ancient rocks from the Brazilian coast matches those from Western Africa. This suggests the two continents were once joined. Statement II is correct: This refers to ""Placer Deposits."" Ghana possesses rich placer deposits of gold despite having no known source rock (mother lode) in the region. The gold-bearing veins are actually located in Brazil, proving the continents were once side-by-side. Statement III is correct: The Gondwana system of glacial tillite sediments found in India has identical counterparts in six different landmasses: Africa, the Falkland Islands, Madagascar, Antarctica, Australia, and South America. This provides powerful evidence of a shared climatic and geological history. Correct Answer: All three statements are correct."
"4604d3e6-b396-43a5-b34e-dd909a137946","2025","GS","Physical Geography","Movement of Earth | Atmosphere","Earth rotation and axis shift | Solar flares and coronal mass ejections impact on Earth | Polar ice melt and its effect on Earth's rotation | Earth's outermost atmosphere and solar activity | Climate change and Earth's geophysical processes","medium","Consider the following statements: Statement I: Scientific studies suggest that a shift is taking place in the Earth’s rotation and axis. Statement II: Solar flares and associated coronal mass ejections bombarded the Earth’s outermost atmosphere with tremendous amount of energy. Statement III: As the Earth’s polar ice melts, the water tends to move towards the equator. Which one of the following is correct in respect of the above statements?","Both Statement II and Statement III are correct and both of them explain Statement I","Both Statement II and Statement III are correct but only one of them explains Statement I","Only one of the Statements II and III is correct and that explains Statement I","Neither Statement II nor Statement III is correct","B","Statement I is correct: Satellite data (such as the GRACE mission) has confirmed that the Earth’s rotational axis is drifting and the speed of rotation is slightly changing. Since the late 20th century, this ""Polar Drift"" has accelerated and shifted direction. Statement II is correct: Solar flares and Coronal Mass Ejections (CMEs) release high-energy particles and radiation that impact the Earth's thermosphere and magnetosphere. While this causes geomagnetic storms and affects satellite drag, it has no significant impact on the orientation of the Earth's rotational axis. Statement III is correct: When massive polar ice sheets melt, the resulting water is redistributed. Due to centrifugal force, this water accumulates more near the equator than at the poles. This represents a major surface mass redistribution. The Relationship: Statement III explains Statement I. In physics, when the mass of a rotating sphere is moved from the axis (the poles) toward the perimeter (the equator), the ""Moment of Inertia"" increases, causing a shift in the axis of rotation and a slight slowing of the rotation speed."
"3c984446-fb94-46e2-93c0-b8c20018854e","2025","GS","Indian Polity","State Executive | State Legislature","Governor of a State (Constitutional Immunity) | Article 361 (Protection of President and Governors) | State Legislature (Privileges and Immunities) | Indian Polity (Constitutional Provisions) | Separation of Powers (Judiciary and Executive/Legislature)","medium","With reference to the Indian polity, consider the following statements: I. The Governor of a State is not answerable to any court for the exercise and performance of the powers and duties of his/her office. II. No criminal proceedings shall be instituted or continued against the Governor during his/her term of office. III. Members of a State Legislature are not liable to any proceedings in any court in respect of anything said within the House. Which of the statements given above are correct?","I and II only","II and III only","I and III only","I, II and III","D","The Indian Constitution provides **legal immunities and privileges** to ensure the independent functioning of constitutional offices and legislative bodies. ✅ **Statement I: Correct** * As per Article 361(1), the Governor is not answerable to any court for actions taken in the course of their official duties. ✅ **Statement II: Correct** * Article 361(2) states that no criminal proceedings can be initiated or continued against a Governor during their term. ✅ **Statement III: Correct** * Article 194(2) grants immunity to State Legislators for anything said or any vote given within the House or its committees."
"cd20dbe0-5114-42a4-a706-b9f0ffc940c4","2025","GS","Indian Polity","Constituents of Indian Constitution","Constitutional Amendment Procedure (Article 368) | Seventh Schedule of the Indian Constitution (Union List, State List, Concurrent List) | Extent of Executive Power of State (Article 162) | Governor's Office and Conditions (Article 157, Article 158) | Federal Structure of Indian Constitution","medium","Consider the following subjects under the Constitution of India: I. List I–Union List, in the Seventh Schedule II. Extent of the executive power of a State III. Conditions of the Governor’s office For a constitutional amendment with respect to which of the above, ratification by the Legislatures of not less than one-half of the States is required before presenting the bill to the President of India for assent?","I and II only","II and III only","I and III only","I, II and III","A","**Statement I is Correct:** Any change in the Union List alters the distribution of legislative powers and requires ratification by at least half of the State Legislatures. **Statement II is Correct:** Changes affecting the extent of a State’s executive power also need ratification by not less than one-half of the States. **Statement III is Incorrect:** Conditions of the Governor’s office can be amended by Parliament alone and do not require ratification by States."
"e764b1f0-b469-41ec-a15c-51d9f9e783ce","2025","GS","Indian Polity","Union Territories and Special Areas","Fifth Schedule of Indian Constitution | Scheduled Areas administration | Executive power of State Government in Scheduled Areas | Role of Governor in Scheduled Areas | Union Government powers in Scheduled Areas","easy","Consider the following statements: With reference to the Constitution of India, if an area in a State is declared as Scheduled Area under the Fifth Schedule, I. the State Government loses its executive power in such areas and a local body assumes total administration. II. the Union Government can take over the total administration of such areas under certain circumstances on the recommendations of the Governor. Which of the statements given above is/are correct?","I only","II only","Both I and II","Neither I nor II","D","Statement I is Incorrect: Declaring an area ""Scheduled"" does not strip the State Government of its executive authority. Instead, it adds a layer of protection where the Governor acts as a custodian. The administration remains with the State, influenced by the advice of the Tribes Advisory Council (TAC). Statement II is Incorrect: Under Paragraph 3 of the Fifth Schedule, the executive power of the Union extends only to giving directions to the State regarding the administration of Scheduled Areas. There is no provision within the Schedule for the ""total takeover"" of administration by the Union Government."
"2b9cff6f-7a95-4ddb-aa9d-2c0d783b5f03","2025","GS","Indian Polity","Union Executive","Ordinance making power of the President of India | Limitations on Ordinance making power | Scope of Ordinance under Indian Constitution | Fundamental Rights and Ordinances | Central Acts and Ordinances","easy","With reference to the Indian polity, consider the following statements: I. An Ordinance can amend any Central Act. II. An Ordinance can abridge a Fundamental Right. III. An Ordinance can come into effect from a back date. Which of the statements given above are correct?","I and II only","II and III only","I and III only","I, II and III","C","An **Ordinance** is a temporary law issued by the President (Article 123) or Governor (Article 213) when the legislature is not in session. It holds the **same force as a regular law**, but must adhere to constitutional limits. ✅ **Statement I: Correct** * An Ordinance can amend any Central Act, just like a Parliamentary law, subject to constitutional provisions. ❌ **Statement II: Incorrect** * Ordinances cannot abridge Fundamental Rights as per Article 13(2) of the Constitution. Any such provision is void. ✅ **Statement III: Correct** * Ordinances can be given **retrospective effect**, i.e., they can be **enforced from a past date**."
"a1c4499e-ef03-4096-b987-b3147103055f","2025","GS","Indian Polity","State Legislature | Basics of Federal System","Governor of a State: discretionary powers under the Indian Constitution | President of India: power to reserve state bills | Indian Constitution: Governor's role and powers | Indian Constitution: President's legislative powers over states | State Legislature: bill reservation by the President of India","medium","Consider the following statements: I. The Constitution of India explicitly mentions that in certain spheres the Governor of a State acts in his/her own discretion. II. The President of India can, of his/her own, reserve a bill passed by a State Legislature for his/her consideration without it being forwarded by the Governor of the State concerned. Which of the statements given above is/are correct?","I only","II only","Both I and II","Neither I nor II","A","The Constitution outlines specific roles where the **Governor can act at his/her own discretion**, but it does **not allow the President** to unilaterally intervene in State legislation without the Governor's involvement. ✅ **Statement I: Correct** * The Governor can act in discretion in certain cases (e.g., reserving a bill for the President under Article 200, or appointing a CM in a hung assembly). * Article 163(2) makes the Governor’s discretion final in such matters. ❌ **Statement II: Incorrect** * The President cannot suo motu reserve a State bill. Only the Governor can do this under Article 200."
"276ca38c-bc51-4247-b638-ec6506f8ae3d","2025","GS","Indian Polity","Inter-State Relations","Inter-State Council (Article 263) | National Security Council (NSC) | Zonal Councils (States Reorganisation Act) | Constitutional vs Statutory Bodies in India | Indian Polity: Constitutional and Non-Constitutional Bodies","easy","With reference to India, consider the following: I. The Inter-State Council II. The National Security Council III. Zonal Councils How many of the above were established as per the provisions of the Constitution of India?","Only one","Only two","All the three","None","A","Among the listed bodies, only the **Inter-State Council** is established by the **Constitution of India**. The others are based on **statutory or executive provisions**. ✅ **I. Inter-State Council – Correct** * Established under **Article 263** of the Constitution to facilitate **Centre-State coordination**. ❌ **II. National Security Council – Incorrect** * Formed in **1998** by an **executive order**, not mentioned in the Constitution. ❌ **III. Zonal Councils – Incorrect** * Established under the States Reorganisation Act, 1956, a statutory but non-constitutional body."
"7142dde1-8659-4dc4-9b87-4ec98972eac8","2025","GS","Indian Polity","Directive Principles of State Policy | Concept and Salient Features of the Constitution","Directive Principles of State Policy (DPSP) | Fundamental Duties | Fundamental Rights | Separation of Judiciary from Executive | Child Labour Prohibition (Article 24)","easy","Consider the following pairs: Provision in the Constitution of India – Stated under I. Separation of Judiciary from the Executive in the public services of the State : The Directive Principles of the State Policy II. Valuing and preserving of the rich heritage of our composite culture : The Fundamental Duties III. Prohibition of employment of children below the age of 14 years in factories : The Fundamental Rights How many of the above pairs are correctly matched?","Only one","Only two","All the three","None","C","Each of these constitutional provisions is accurately linked to its correct part within the Constitution of India. ✅ **Pair I: Directive Principles of State Policy – Correct** * Article 50 mandates the separation of the judiciary from the executive in the public services of the State. ✅ **Pair II: Fundamental Duties – Correct** * Article 51A(f) states that citizens must value and preserve the rich heritage of our composite culture. ✅ **Pair III: Fundamental Rights – Correct** * Article 24 prohibits the employment of children below 14 years in hazardous work such as factories or mines."
"88a11403-aaa4-493c-8f73-ad27a0706596","2025","GS","Indian Polity","Panchayati Raj","Panchayati Raj Institutions (PRI) | 73rd Constitutional Amendment Act | Panchayat eligibility criteria | State Finance Commission for Panchayats | Intermediate level Panchayats","easy","Consider the following statements: I. Panchayats at the intermediate level exist in all States. II. To be eligible to be a Member of a Panchayat at the intermediate level, a person should attain the age of thirty years. III. The Chief Minister of a State constitutes a commission to review the financial position of Panchayats at the intermediate levels and to make recommendations regarding the distribution of net proceeds of taxes and duties, leviable by the State, between the State and Panchayats at the intermediate level. Which of the statements given above are not correct?","I and II only","II and III only","I and III only","I, II and III","D","❌ **Statement I: Incorrect** *Intermediate-level Panchayats are not mandatory in all states; states with population under 20 lakhs may skip this tier.* ❌ **Statement II: Incorrect** *Minimum age to be a Panchayat member is 21 years, not 30.* ❌ **Statement III: Incorrect** *State Finance Commission is constituted by the Governor, not the Chief Minister.* **Correct Answer: All three statements are incorrect.**"
"ee026c1a-8f5f-49df-a3f6-a0a7ad17e61a","2025","GS","Indian Polity","Union Executive","President of India pardoning power | Article 72 (Power of President to grant pardons) | Judicial review of presidential pardon | Executive power of the President of India | Constitutional law pardoning power","easy","Consider the following statements with regard to pardoning power of the President of India: I. The exercise of this power by the President can be subjected to limited judicial review. II. The President can exercise this power without the advice of the Council of Ministers. Which of the statements given above is/are correct?","I only","II only","Both I and II","Neither I nor II","A","**Statement I is correct:** President’s pardoning power can be subjected to limited judicial review, especially on grounds like mala fides, irrelevant considerations, or arbitrariness (as held in Kehar Singh, Epuru Sudhakar cases). **Statement II is incorrect:** President cannot act independently; the power must be exercised on the **aid and advice** of the Council of Ministers under Article 74."
"65507685-7f02-466a-ba07-b1c480a8b54f","2025","GS","Indian Polity","Political Dynamics","Tenth Schedule (Anti-Defection Law) | Disqualification of Members of Parliament (MPs) | Role of the Speaker in Anti-Defection Cases | Definition of Political Party in Indian Constitution | Interpretation of the Constitution of India","medium","Consider the following statements: I. If any question arises as to whether a Member of the House of the People has become subject to disqualification under the Tenth Schedule, the President’s decision in accordance with the opinion of the Council of Union Ministers shall be final. II. There is no mention of the word 'political party' in the Constitution of India. Which of the statements given above are correct?","I only","II only","Both I and II","Neither I nor II","D","❌ **Statement I: Incorrect** The decision on disqualification under the Tenth Schedule is made by the Speaker or Chairman, **not** the President or the Union Council of Ministers. ❌ **Statement II: Incorrect** The word **‘political party’** is explicitly mentioned in the Tenth Schedule of the Constitution. **Therefore, neither statement is correct.**"
"01852910-7537-49c0-b82a-fda702b11466","2025","GS","Indian Polity","Non-Constitutional Bodies","Lokpal and Lokayuktas Act | Lokpal composition and eligibility criteria | Jurisdiction of Lokpal | Anti-corruption mechanisms in India | Public servants accountability in India","easy","Consider the following statements about Lokpal: I. The power of Lokpal applies to public servants of India, but not to the Indian public servants posted outside India. II. The Chairperson or a Member shall not be a Member of the Parliament or a Member of the Legislature of any State or Union Territory, and only the Chief Justice of India, whether incumbent or retired, has to be its Chairperson. III. The Chairperson or a Member shall not be a person of less than forty-five years of age on the date of assuming office as the Chairperson or Member, as the case may be. IV. Lokpal cannot inquire into the allegations of corruption against a sitting Prime Minister of India. Which of the statements given above is/are correct?","III only","II and III","I and IV","None of the above statements is correct","A","**❌ Statement I: Incorrect** Lokpal’s jurisdiction includes all Indian public servants, even those posted abroad. **❌ Statement II: Incorrect** Chairperson need not be only the CJI; former judges or eminent persons with 25+ years’ expertise can also be appointed. **✅ Statement III: Correct** Minimum age to be Chairperson or Member is 45 years. **❌ Statement IV: Incorrect** Lokpal can inquire against a sitting PM, but with safeguards and restrictions in sensitive areas. **Therefore, only Statement III is correct.**"
"6c871f64-7480-4c08-9665-2e9c45cedc90","2025","GS","Indian Polity","Centre-State Relations","Mines and Minerals (Development and Regulation) Act | Minor Minerals definition and regulation in India | State government powers over mineral concessions | Central government powers over mineral notification | Mineral policy of India","medium","Consider the following statements: Statement I: In India, State Governments have no power for making rules for grant of concessions in respect of extraction of minor minerals even though such minerals are located in their territories. Statement II: In India, the Central Government has the power to notify minor minerals under the relevant law. Which one of the following is correct in respect of the above statements?","Both Statement I and Statement II are correct and Statement II explains Statement I","Both Statement I and Statement II are correct but Statement II does not explain Statement I","Statement I is correct but Statement II is not correct","Statement I is not correct but Statement II is correct","D","❌ **Statement I: Incorrect** Regulation of minor minerals is mainly a **State subject** under the MMDR Act, 1957. States have the authority to make rules for extraction concessions. ✅ **Statement II: Correct** The **Central Government** notifies which minerals are classified as 'minor minerals' under the MMDR Act. **Therefore, Statement I is incorrect, and Statement II is correct.**"
"6e81bacf-2f8f-4639-832b-a72b41e7f024","2025","GS","Indian Polity","Parliament","Speaker of Lok Sabha (Powers and Functions) | Dissolution of Lok Sabha (Impact on Speaker) | Removal of Speaker of Lok Sabha (Procedure) | Indian Constitution (Speaker of Lok Sabha) | House of the People (Lok Sabha) Procedures","hard","Consider the following statements: I. On the dissolution of the House of the People, the Speaker shall not vacate his/her office until immediately before the first meeting of the House of the People after the dissolution. II. According to the provisions of the Constitution of India, a Member of the House of the People on being elected as Speaker shall resign from his/her political party immediately. III. The Speaker of the House of the People may be removed from his/her office by a resolution of the House of the People passed by a majority of all the then Members of the House, provided that no resolution shall be moved unless at least fourteen days' notice has been given of the intention to move the resolution. Which of the statements given above are correct?","I and II only","II and III only","I and III only","I, II and III","C","✅ **Statement I: Correct** The Speaker of Lok Sabha continues in office even after dissolution until just before the new House meets, ensuring continuity (Article 94). ❌ **Statement II: Incorrect** No constitutional mandate requires the Speaker to resign from their political party; this is only a convention for impartiality. ✅ **Statement III: Correct** The Speaker can be removed by a majority resolution with at least 14 days' prior notice (Article 94). **Therefore, statements I and III are correct.**"
"82069b4e-ca22-422f-bef0-46bc126139d1","2025","GS","Indian Polity","Non-Constitutional Bodies","Directorate of Enforcement (ED) functions and parent ministry | Directorate of Revenue Intelligence (DRI) functions and parent ministry | Directorate General of Systems and Data Management functions and parent ministry | Fugitive Economic Offenders Act 2018 enforcement | Customs Act 1962 enforcement","hard","With reference to the Government of India, consider the following information: | Organization | Some of its Functions | It Works Under | |--------------------|------------------------|--------------------------------| | Directorate of Enforcement | Enforcement of the Fugitive Economic Offenders Act, 2018 | Internal Security Division-I, Ministry of Home Affairs | | Directorate of Revenue Intelligence | Enforces the provisions of the Customs Act, 1962 | Department of Revenue, Ministry of Finance | | Directorate General of Systems and Data Management | Carrying out big data analytics to assist tax officers for better policy and nabbing tax evaders | Department of Revenue, Ministry of Finance | In how many of the above rows is the information correctly matched?","Only one","Only two","All the three","None","A","Row 1 is Incorrect: The Directorate of Enforcement (ED) is responsible for investigating offences of money laundering and enforcing the Fugitive Economic Offenders Act, 2018. However, it functions under the Department of Revenue, Ministry of Finance, not the Ministry of Home Affairs. Row 2 is Correct: The Directorate of Revenue Intelligence (DRI) is the apex anti-smuggling agency of India. It is responsible for the enforcement of the Customs Act, 1962, and functions under the Department of Revenue, Ministry of Finance. Row 3 is Incorrect: While the Directorate General of Systems and Data Management operates under the Department of Revenue, its primary role is the implementation and maintenance of IT systems for the CBIC. The specific function of carrying out big data analytics to assist tax officers in policy formulation and nabbing tax evaders is the mandate of the Directorate General of Analytics and Risk Management (DGARM), which was specifically established for this analytical purpose. Note: After the release of the UPSC ANSWER KEY 2025, we have updated it to A."
"f5ee84b5-170c-4a36-9f6a-f5b508c710d0","2025","GS","International Relations","India and West Asia Relations","International North-South Transport Corridor (INSTC) | India's connectivity projects | Multimodal transportation corridors | India-Iran relations | India-Central Asia relations","easy","India is one of the founding members of the International North-South Transport Corridor (INSTC), a multimodal transportation corridor, which will connect","India to Central Asia to Europe via Iran","India to Central Asia via China","India to South-East Asia through Bangladesh and Myanmar","India to Europe through Azerbaijan","A","The **International North-South Transport Corridor (INSTC)** is a **multimodal transport network** aimed at boosting trade between **India, Central Asia, Russia, and Europe**, using a combination of **sea, rail, and road routes** via **Iran**. ![INSTC](https://d39jluplm5thpx.cloudfront.net//international_northsouth_transport_corridor_aac6093981.png) The corridor connects **Mumbai → Bandar Abbas (Iran) → Azerbaijan → Russia → Europe**, with access to Central Asia."
"c921e424-5ef5-478c-a12c-352aaee5fcf5","2025","GS","International Relations","Regional Groupings","BRICS (Brazil, Russia, India, China, and South Africa) Summit | BRICS expansion and membership | International organizations and forums | India's role in BRICS | Global development and security initiatives","medium","Consider the following statements with regard to BRICS: I. 16th BRICS Summit was held under the Chairship of Russia in Kazan. II. Indonesia has become a full member of BRICS. III. The theme of the 16th BRICS Summit was Strengthening Multiculturalism for Just Global Development and Security. Which of the statements given above is/are correct?","I and II","II and III","I and III","I only","A","**Statement I is Correct:** The 16th BRICS Summit was held in Kazan, Russia, from October 22 to 24, 2024. Russia held the rotating chairship for the year 2024. **Statement II is Correct:** Indonesia officially announced its intention to join BRICS and has been integrated into the bloc as a full member following the 16th Summit in Kazan, as part of the group's ongoing expansion to include key emerging economies from the Global South. **Statement III is Incorrect:** The official theme of the 16th BRICS Summit was ""Strengthening **Multilateralism** for Just Global Development and Security."" The statement incorrectly uses the word ""Multiculturalism,"" which changes the diplomatic meaning of the theme."
"4d1a9779-f0ce-446a-a770-ec30c77995fe","2025","GS","International Relations","","Kho Kho World Cup | Sports Current Affairs | Indian Sports Achievements | International Sports Events in India | Kho Kho Tournament Results","hard","Consider the following statements in respect of the Kho Kho World Cup: I. The event was held in Delhi, India. II. Indian men beat Nepal with a score of 78–40 in the final to become the World Champion in men category. III. Indian women beat Nepal with a score of 54–36 in the final to become the World Champion in women category. Which of the statements given above is/are correct?","I only","II and III only","I and III only","I, II and III","A","**✅ Statement I: Correct** The inaugural Kho Kho World Cup was held in New Delhi, India, from January 13-19, 2025. **❌ Statement II: Incorrect** India defeated Nepal **54-36** (not 78-40) to win the men’s final. **❌ Statement III: Incorrect** India beat Nepal **78-40** (not 54-36) in the women’s final. **Additional Context:** 24 countries participated, and the event was organized by the Kho Kho Federation of India with the International Kho Kho Federation. **Therefore, only Statement I is correct.**"
"948983a1-2334-4fed-9048-8e0ce540a2bc","2025","GS","International Relations","","Chess Olympiad | Gukesh Dommaraju | Abhimanyu Mishra | Chess Grandmasters | Indian Chess Players","medium","Consider the following statements: I. In the finals of the 45th Chess Olympiad held in 2024, Gukesh Dommaraju became the world's youngest winner after defeating the Russian player Ian Nepomniachtchi. II. Abhimanyu Mishra, an American chess player, holds the record of becoming world's youngest ever Grandmaster. Which of the statements given above is/are correct?","I only","II only","Both I and II","Neither I nor II","B","**Statement I is Incorrect:** The 45th Chess Olympiad (2024) is a team-based tournament played in a Swiss-system format, not an individual knockout competition with a ""final"" match. While India won the gold medal and Gukesh Dommaraju won individual gold on Board 1, he did not defeat Ian Nepomniachtchi in a final; Russian teams were suspended from the 2024 Olympiad by FIDE. **Statement II is Correct:** Abhimanyu Mishra, an American chess player, became the world's youngest Grandmaster in June 2021 at the age of 12 years, 4 months, and 25 days, breaking the previous record held by Sergey Karjakin."
"444efbf4-fef9-489f-bd85-d349eee4d31b","2025","GS","International Relations","Regional Groupings","Bay of Bengal Initiative for Multi-Sectoral Technical and Economic Cooperation (BIMSTEC) | BIMSTEC member states | BIMSTEC founding members | BIMSTEC Dhaka Declaration | BIMSTEC sectoral cooperation","medium","Consider the following statements in respect of BIMSTEC: I. It is a regional organization consisting of seven member States till January 2025. II. It came into existence with the signing of the Dhaka Declaration, 1999. III. Bangladesh, India, Sri Lanka, Thailand and Nepal are founding member States of BIMSTEC. IV. In BIMSTEC, the subsector of tourism is being led by India. Which of the statements given above is/are correct?","I and II","II and III","I and IV","I only","D","✅ **Statement I: Correct** *BIMSTEC currently has seven members: Bangladesh, India, Myanmar, Sri Lanka, Thailand, Nepal, and Bhutan.* ❌ **Statement II: Incorrect** *BIMSTEC was established by the Bangkok Declaration in 1997, not the Dhaka Declaration in 1999.* ❌ **Statement III: Incorrect** *Founding members were Bangladesh, India, Sri Lanka, Thailand, and Myanmar; Nepal and Bhutan joined later.* ❌ **Statement IV: Incorrect** *Nepal leads tourism subsector, not India; India leads sectors like Counter-Terrorism and Energy.* **Correct Answer: Only Statement I is correct.**"
"eab51adb-97b4-4be5-9e9e-411d7ee60681","2025","GS","International Relations","The United Nations","International Years declared by United Nations | United Nations General Assembly resolutions | Important years and themes for UPSC | Current affairs related to international events | International Year of Sustainable and Resilient Tourism (2027)","hard","Consider the following pairs: I. International Year of the Woman Farmer : 2026 II. International Year of Sustainable and Resilient Tourism : 2027 III. International Year of Peace and Trust : 2025 IV. International Year of Asteroid Awareness and Planetary Defence : 2029 How many of the pairs given above are correctly matched?","Only one","Only two","Only three","All the four","D","✅ **Pair I: International Year of the Woman Farmer : 2026 — Correct** *The UN designated 2026 to honor the vital role of women in agriculture and to address gender inequalities in farming globally.* ✅ **Pair II: International Year of Sustainable and Resilient Tourism : 2027 — Correct** *2027 is proclaimed to promote tourism that supports sustainable development and resilience against climate and health challenges.* ✅ **Pair III: International Year of Peace and Trust : 2025 — Correct** *The year 2025 focuses on fostering global peace, trust, and cooperation among nations and communities.* ✅ **Pair IV: International Year of Asteroid Awareness and Planetary Defence : 2029 — Correct** *2029 marks the UN’s focus on asteroid awareness and planetary defense, coinciding with asteroid Apophis’s close approach.* **Therefore, all four pairs are correctly matched.**"
"4f6efeee-7456-404c-a0ab-83989f5f7cb6","2025","GS","International Relations","India and Europe Relations","AI Action Summit 2025 | Artificial Intelligence (AI) governance | International cooperation on AI | Bletchley Park Summit 2023 | Seoul AI Summit 2024","hard","Consider the following statements regarding AI Action Summit held in Grand Palais, Paris in February 2025: I. Co-chaired with India, the event builds on the advances made at the Bletchley Park Summit held in 2023 and the Seoul Summit held in 2024. II. Along with other countries, US and UK also signed the declaration on inclusive and sustainable AI. Which of the statements given above is/are correct?","I only","II only","Both I and II","Neither I nor II","A","✅ **Statement I: Correct** *India co-chaired the AI Action Summit in Paris (Feb 2025), continuing efforts from the Bletchley Park (UK, 2023) and Seoul (South Korea, 2024) Summits on AI governance.* ❌ **Statement II: Incorrect** *The joint statement on ‘Inclusive and Sustainable AI’ was signed by 58 countries including India and China, but the US and UK did not sign due to concerns about overregulation.* **Correct Answer: Only Statement I is correct.**"
"2695d76d-113c-4d18-af9f-392ec817d186","2025","GS","International Relations","Multilateral Groupings","North Atlantic Treaty Organization (NATO) member countries | International organizations and alliances | Geopolitics of Europe | Current affairs: NATO expansion | International relations","hard","Consider the following countries: I. Austria II. Bulgaria III. Croatia IV. Serbia V. Sweden VI. North Macedonia How many of the above are members of the North Atlantic Treaty Organization?","Only three","Only four","Only five","All the six","B","❌ I. Austria - Not a NATO member (maintains neutrality). ✅ II.Bulgaria - **NATO member** (joined in 2004). ✅ III. Croatia - **NATO member** (joined in 2009). ❌ IV.Serbia - Not a NATO member (participates in Partnership for Peace, but not a full member). ✅ V. Sweden - **NATO member** (officially joined in March 2024). ✅ VI. North Macedonia - **NATO member** (joined in 2020). So, four of the listed countries are members of NATO: Bulgaria, Croatia, Sweden, and North Macedonia."
"df3d394d-4e45-4262-a46f-8d8e900dd80b","2025","GS","Medieval History","Pallavas","Mahendravarman I | Pallava Dynasty | Ancient Indian Rulers and Titles | Mattavilasa Vichitrachitta Gunabharata | South Indian History","easy","Who among the following rulers in ancient India had assumed the titles 'Mattavilasa', 'Vichitrachitta' and 'Gunabharata'?","Mahendravarman I","Simhavishnu","Narasimhavarman I","Simhavarman","A","The correct answer is **A. Mahendravarman I**. Mahendravarman I, a 7th-century Pallava king, was known for his literary talent and artistic patronage. He adopted the titles **‘Mattavilasa’** (lover of playful sport), **‘Vichitrachitta’** (curious-minded or inventive), and **‘Gunabharata’** (full of virtues). He also authored the Sanskrit play *Mattavilasa Prahasana*, reflecting his cultural contributions. The other rulers listed did not assume these titles."
"a0a572f0-9f5b-45b2-9e1b-b0806a9057ef","2025","GS","Modern History","Towards Freedom and Partition","Mahatma Gandhi sedition trial | Mahatma Gandhi's famous quotes | Indian freedom struggle | Gandhi's trial for sedition | History of sedition law in India","medium","Sedition has become my religion' was the famous statement given by Gandhiji at the time of","the Champaran Satyagraha","publicly violating Salt Law at Dandi","attending the Second Round Table Conference in London","the launch of the Quit India Movement","B","Mahatma Gandhi made the famous statement **""Sedition has become my religion""** during the **Salt Satyagraha in 1930**. In his writings in *Young India* (specifically in March 1930) and his speeches surrounding the Dandi March, Gandhi articulated that when a government becomes exploitative and unjust—exemplified by the salt tax—non-violent defiance or ""sedition"" against such a regime becomes a moral and religious duty. He used this phrase to emphasize that his commitment to overthrowing British rule through non-violent civil disobedience was not just a political strategy but a spiritual necessity. While he had spoken about the ""passion"" for sedition during his 1922 trial, the specific declaration of it being his ""religion"" is most prominently associated with the launch of the Civil Disobedience Movement and the violation of the Salt Law."
"ae7f26d4-7029-4b54-b2ee-6e757e3370ed","2025","GS","Modern History","Advent of Europeans in India","Indian agricultural history | Portuguese influence on Indian agriculture | Introduction of crops to India | Exotic fruits in India | History of agriculture in India","medium","Consider the following fruits: I. Papaya II. Pineapple III. Guava How many of the above were introduced in India by the Portuguese in the sixteenth and seventeenth centuries?","Only one","Only two","All the three","None","C","Papaya, pineapple, and guava are all **non-native fruits** to India, originally from the Americas, and were introduced during European colonial expansion, particularly by the Portuguese. ✅ **I. Papaya – Correct** * **Native to Central America**, introduced to India by the **Portuguese in the 16th century**. ✅ **II. Pineapple – Correct** * **Originates from South America**, brought to India by **Portuguese explorers**. ✅ **III. Guava – Correct** * **Native to Central America**, introduced to India by the **Portuguese in the 17th century**."
"5bb97397-da4a-44b2-ba5b-43531c81707e","2025","GS","Modern History","Socio-Religious Reform Movements","Self-Respect Movement | Periyar E.V. Ramasamy Naicker | Social Reform Movements in India | Anti-Caste Movements in India | History of Tamil Nadu","easy","Who among the following was the founder of the 'Self-Respect Movement'?","'Periyar' E. V. Ramaswamy Naicker","Dr. B. R. Ambedkar","Bhaskarrao Jadhav","Dinkarrao Javalkar","A","The Self-Respect Movement, started in 1925, aimed to dismantle caste hierarchies and promote social equality, especially for non-Brahmin communities in Tamil Nadu. He **founded the Self-Respect Movement** to fight **caste oppression** and promote **rationalism and equality**."
"7003a9a9-32f0-4617-b77c-c42dada596b8","2025","GS","Modern History","Non-Cooperation and Khilafat Movements","Chauri Chaura incident | Indian National Movement | C.R. Das (Chittaranjan Das) | Madan Mohan Malaviya | Legal defense in colonial India","easy","Who provided legal defence to the people arrested in the aftermath of Chauri Chaura incident?","C. R. Das","Madan Mohan Malaviya and Krishna Kant","Dr. Saifuddin Kitchlew and Khwaja Hasan Nizami","M. A. Jinnah","B","After the **Chauri Chaura incident** in 1922, many people were arrested and faced severe punishment, including death sentences. Legal intervention helped reduce this. ✅ **B. Madan Mohan Malaviya and Krishna Kant – Correct** * **Madan Mohan Malaviya** and his son **Krishna Kant** provided **legal defence** to the accused. * Their efforts led to **major sentence reductions**, saving many from execution."
"3cc6b971-8bed-4d12-983b-405a03171542","2025","GS","Modern History","Civil Disobedience Movement and Its Aftermath","Gandhiji and Untouchability | Poona Pact (1932) | Harijan Upliftment Movement | Gandhi-Irwin Agreement (Delhi Pact, 1931) | Quit India Movement (1942) | Government of India Act 1935","easy","Subsequent to which one of the following events, Gandhiji, who consistently opposed untouchability and appealed for its eradication from all spheres, decided to include the upliftment of 'Harijans' in his political and social programme?","The Poona Pact","The Gandhi–Irwin Agreement (Delhi Pact)","Arrest of Congress leadership at the time of the Quit India Movement","Promulgation of the Government of India Act, 1935","A","Mahatma Gandhi made the upliftment of *Harijans* a central goal after opposing separate electorates for the Depressed Classes in the British Communal Award. After the **Poona Pact (1932)**, signed with **Dr. B.R. Ambedkar**, Gandhi **intensified efforts to eradicate untouchability**, forming the **Harijan Sevak Sangh** and launching the **'Harijan' journal**."
"3089e4dd-6d77-4306-9740-eb913420dcfb","2025","GS","Modern History","Non-Cooperation and Khilafat Movements","Non-Cooperation Movement | Indian National Movement | Mahatma Gandhi | Boycott of foreign goods | Panchayats and dispute resolution","easy","Consider the following subjects with regard to Non-Cooperation Programme: I. Boycott of law-courts and foreign cloth II. Observance of strict non-violence III. Retention of titles and honours without using them in public IV. Establishment of Panchayats for settling disputes How many of the above were parts of Non-Cooperation Programme?","Only one","Only two","Only three","All the four","C","The Non-Cooperation Programme aimed to resist British rule through boycott and self-reliance, emphasizing non-violence and alternative institutions. ✅ **Statement I is correct:** * Boycott of law courts and foreign cloth was a key part of the movement. ✅ **Statement II is correct:** * Strict non-violence was insisted upon by Gandhi during the movement. ❌ **Statement III is incorrect:** * The programme required surrendering British titles and honours, not retaining them. ✅ **Statement IV is correct:** * Setting up Panchayats to settle disputes locally was encouraged. So, the correct answer is: **C (Only three)**"
"17fbe3c4-94c3-4f8f-953b-72e450c4a0e3","2025","GS","Modern History","Non-Cooperation and Khilafat Movements","Non-Cooperation Movement | Indian National Congress objectives | Swaraj attainment methods | Civil Disobedience Movement | Indian Independence Movement","medium","Consider the following statements in respect of the Non-Cooperation Movement: 1. The Congress declared the attainment of 'Swaraj' by all legitimate and peaceful means to be its objective. 2. It was to be implemented in stages with civil disobedience and non-payment of taxes for the next stage only if 'Swaraj' did not come within a year and the Government resorted to repression. Which of the statements given above is/are correct?","1only","2 only","Both 1 and 2","Neither 1 nor 2","C","* **Statement 1 is correct:** At the Nagpur Session of the Indian National Congress in December 1920, the Congress formally adopted the objective of attaining 'Swaraj' by all legitimate and peaceful means. This became the central political goal during the Non-Cooperation Movement. * **Statement 2 is correct:** The Non-Cooperation Movement was designed as a phased programme. The initial phase included surrender of titles, boycott of schools, courts, elections, and foreign goods. Advancement to the next phase—civil disobedience including non-payment of taxes—was to be undertaken if Swaraj was not achieved within the expected timeline and if the British Government responded with repression, with the discretion to launch the next stage resting with Mahatma Gandhi and the Congress leadership."
"5ad0b12a-fdad-48bf-8c7e-60cdc29d2c94","2025","GS","Modern History","Socio-Religious Reform Movements","Raja Ram Mohan Roy | Indian Renaissance | Social Reform Movements in India | Religious Reform Movements in India | Brahmo Samaj","easy","Consider the following statements about Raja Ram Mohan Roy: I. He possessed great love and respect for the traditional philosophical systems of the East. II. He desired his countrymen to accept the rational and scientific approach and the principle of human dignity and social equality of all men and women. Which of the statements given above is/are correct?","I only","II only","Both I and II","Neither I nor II","C","Raja Ram Mohan Roy was a reformer who respected Indian traditions but promoted rational thinking and social equality. ✅ **Statement I is correct:** * He respected traditional Eastern philosophies like Vedanta and sought their reform. ✅ **Statement II is correct:** * He advocated for rationalism, scientific thinking, and equality of all men and women. So, the correct answer is: **C**"
"ed18d90f-f72e-47e1-86a0-e5b18fe1fc58","2025","GS","Science & Technology","Space Technology","Axiom-4 mission (microgravity research) | SpaDeX mission (microgravity research) | Gaganyaan mission (microgravity research) | Space missions and microgravity experiments | Indian Space Research Organisation (ISRO) Gaganyaan program","medium","Consider the following space missions: I. Axiom-4 II. SpaDeX III. Gaganyaan How many of the space missions given above encourage and support micro-gravity research?","Only one","Only two","All the three","None","B","Statement I is Correct: Axiom-4 is a private astronaut mission to the ISS specifically designed to carry out science and micro-gravity research payloads. Statement II is Incorrect: Based on official classification, SpaDeX (Space Docking Experiment) is categorized as a technology demonstrator for autonomous docking; while it paves the way for a space station, it is not officially listed as a micro-gravity research mission in this context. Statement III is Correct: Gaganyaan, India's flagship human spaceflight program, includes multiple payloads for micro-gravity experiments to be conducted by the Vyomanauts in low Earth orbit. Note: After the release of the UPSC ANSWER KEY 2025, we have updated the correct answer to B."
"82e18b19-7242-41d5-9da6-06ce4ba32892","2025","GS","Science & Technology","","National Rail Plan (NRP) of Indian Railways | Kavach Automatic Train Protection System | Indian Railways technology and infrastructure | Railway safety and modernization in India | RFID technology in railway systems","medium","Consider the following statements: I. Indian Railways have prepared a National Rail Plan (NRP) to create a future ready railway system by 2028. II. 'Kavach' is an Automatic Train Protection system developed in collaboration with Germany. III. 'Kavach' system consists of RFID tags fitted on track in station section. Which of the statements given above are **not** correct?","I and II only","II and III only","I and III only","I, II and III","A","❌ **Statement I: Incorrect** The National Rail Plan targets 2030 for a future-ready railway, not 2028. ❌ **Statement II: Incorrect** Kavach is an indigenous Automatic Train Protection system developed under 'Make in India', not with Germany. ✅ **Statement III: Correct** Kavach uses RFID tags on tracks in station sections to track train location and speed continuously. **Therefore, Statements I and II are incorrect, and Statement III is correct.**"
"bc731e14-5910-4c6a-96bd-48cd8f3bb41b","2025","GS","Science & Technology","Space Technology","GPS Aided Geo Augmented Navigation (GAGAN) | GAGAN applications | GAGAN accuracy and integrity | Air Traffic Management | Satellite Navigation System","easy","GPS-Aided Geo Augmented Navigation (GAGAN) uses a system of ground stations to provide necessary augmentation. Which of the following statements is/are correct in respect of GAGAN? I. It is designed to provide additional accuracy and integrity. II. It will allow more uniform and high quality air traffic management. III. It will provide benefits only in aviation but not in other modes of transportation. Select the correct answer using the code given below.","I, II and III","II and III only","I only","I and II only","D","✅ **Statement I: Correct** *GAGAN is an Indian SBAS developed by ISRO and AAI to enhance GPS accuracy and integrity, crucial for aviation safety.* ✅ **Statement II: Correct** *It improves GPS reliability and accuracy, enabling better air traffic management and safer, efficient navigation.* ❌ **Statement III: Incorrect** *GAGAN’s benefits extend beyond aviation to railways, roadways, maritime, agriculture, and disaster management.* **Correct Answer: Only Statements I and II are correct.**"
"cd2ca6d0-fbe9-4801-8438-02927dbfa550","2025","GS","Science & Technology","Information and Communication Technology","Rare Earth Elements applications | Rare Earth Elements properties | Rare Earth Elements in electronics | Phosphorescence and Rare Earth Elements | Rare Earth Elements in display technology","easy","Consider the following statements: Statement I: Some rare earth elements are used in the manufacture of flat television screens and computer monitors. Statement II: Some rare earth elements have phosphorescent properties. Which one of the following is correct in respect of the above statements?","Both Statement I and Statement II are correct and Statement II explains Statement I","Both Statement I and Statement II are correct but Statement II does not explain Statement I","Statement I is correct but Statement II is not correct","Statement I is not correct but Statement II is correct","A","**✅ Statement I: Correct** Rare earth elements like europium, terbium, and yttrium are essential in flat TV screens and monitors due to their role in producing vibrant colors and enhancing display quality. **✅ Statement II: Correct** These elements exhibit phosphorescence—absorbing energy and slowly emitting light—which is key to their use in color reproduction and brightness in displays. **Relationship:** Statement II explains why rare earth elements are crucial in displays, confirming the reason behind Statement I. **Therefore, both statements are correct and related.**"
"18b0bd80-5c5c-45c9-ab16-c012086b54d4","2025","GS","Science & Technology","Defence Technology","Indian Defence Aircraft | Military Aircraft Types India | Dornier-228 Maritime Patrol Aircraft | IL-76 Aircraft Specifications | C-17 Globemaster III Military Transport","hard","With reference to India's defence, consider the following pairs: Aircraft type – Description I. Dornier-228 : Maritime patrol aircraft II. IL-76 : Supersonic combat aircraft III. C-17 Globemaster III : Military transport aircraft How many of the pairs given above are correctly matched?","Only one","Only two","All the three","None","B","✅ **Pair I: Dornier-228 : Maritime patrol aircraft — Correct** Dornier-228 is used by Indian Navy & Coast Guard for maritime patrol and surveillance. ❌ **Pair II: IL-76 : Supersonic combat aircraft — Incorrect** IL-76 is a heavy military transport aircraft, not supersonic or combat. ✅ **Pair III: C-17 Globemaster III : Military transport aircraft — Correct** C-17 is a strategic military transport aircraft used by the Indian Air Force. **Therefore, only pairs I and III are correct.**"
"01eb2975-839f-40c0-a6a3-97308909cd65","2025","GS","Science & Technology","Life Sciences","Virology | Virus survival in marine environments | Virus-bacteria interactions | Virus-host cell interactions | Viral transcriptional activity","easy","Consider the following statements: I. No virus can survive in ocean waters. II. No virus can infect bacteria. III. No virus can change the cellular transcriptional activity in host cells. Which of the statements given above are correct?","Only one","Only two","All the three","None","D","**Viruses can survive in oceans, infect bacteria, and alter host cell transcription.** ❌**Statement I:** False. Viruses can survive in ocean waters, and marine viruses are highly abundant. ❌**Statement II:** False. Viruses can infect bacteria; for example, bacteriophages specifically infect bacteria. ❌**Statement III:** False. Viruses can alter host transcription and modify host gene expression. **None of the statements are correct.**"
"921f33bf-4de8-465c-9aee-49db53735e54","2025","GS","Science & Technology","Emerging Technologies","Quantum Computing | Majorana 1 chip | Deep Learning | Machine Learning | Amazon Web Services (AWS) Quantum Computing","medium","Consider the following statements: I. It is expected that Majorana 1 chip will enable quantum computing. II. Majorana 1 chip has been introduced by Amazon Web Services (AWS). III. Deep learning is a subset of machine learning. Which of the statements given above are correct?","I and II only","II and III only","I and III only","I, II and III","C","**Majorana 1 chip is linked to quantum computing and deep learning is part of machine learning, but AWS did not introduce the Majorana 1 chip.** * ✅ **I. Majorana 1 chip** – Expected to advance quantum computing. * ❌ **II. AWS introducing Majorana 1** – Incorrect, it’s a Microsoft project. * ✅**III. Deep learning** – A subset of machine learning. **Only statements I and III are correct.**"
"ec06cc8d-e21c-4a4d-9855-28db4d3867cd","2025","GS","Science & Technology","Defence Technology","Unmanned Aerial Vehicles (UAVs) characteristics | Drone technology landing capabilities | Drone technology hovering capabilities | Drone technology power sources | Types of Unmanned Aerial Vehicles (UAVs)","easy","With reference to Unmanned Aerial Vehicles (UAVs), consider the following statements: I. All types of UAVs can do vertical landing. II. All types of UAVs can do automated hovering. III. All types of UAVs can use battery only as a source of power supply. How many of the statements given above are correct?","Only one","Only two","All the three","None","D","**Unmanned Aerial Vehicles (UAVs)** are aircraft systems operated without a human pilot onboard. Their capabilities depend on **design type** (like fixed-wing, multirotor, or hybrid) and **power source**. ❌ **I. Vertical landing** – Only **VTOL and multirotor drones** can do vertical landings. **Fixed-wing UAVs cannot.** ❌**II. Automated hovering** – Only **multirotor drones** and advanced hybrids can hover. **Fixed-wing UAVs cannot hover at all.** ❌ **III. Battery-only power** – **Not all UAVs use batteries.** Larger ones may use **fuel, hybrid, or solar power**. **None of the statements** are correct."
"cad3a809-3a55-439a-a647-571705fa6209","2025","GS","Science & Technology","Emerging Technologies","Alternative Fuel Vehicles | Electric Vehicles (EV) | Hydrogen Fuel Cell Vehicles | Hybrid Electric Vehicles | Automotive Technology","medium","Consider the following types of vehicles: I. Full battery electric vehicles II. Hydrogen fuel cell vehicles III. Fuel cell electric hybrid vehicles How many of the above are considered as alternative (powertrain) vehicles?","Only one","Only two","All the three","None","C","**Alternative powertrain vehicles** are those that do **not use conventional petrol/diesel engines**. Instead, they rely on **clean energy sources** like electricity or hydrogen. * ✅ **I. BEVs** – Run fully on batteries and electric motors. * ✅**II. FCEVs** – Use hydrogen to make electricity via a fuel cell. * ✅**III. FCEHVs** – Combine hydrogen fuel cell + battery + electric motor. **All three** are alternatives to traditional fuel vehicles."
"a5d06104-b187-4185-a1a9-f9df7ae51b03","2025","GS","Science & Technology","Life Sciences | Biotechnology","Monoclonal Antibodies | Immunology | Viral Infections Treatment | Biotechnology | Nipah Virus","medium","With reference to monoclonal antibodies, often mentioned in news, consider the following statements: I. They are man-made proteins. II. They stimulate immunological function due to their ability to bind to specific antigens. III. They are used in treating viral infections like that of Nipah virus. Which of the statements given above are correct?","I and II only","II and III only","I and III only","I, II and III","D","Monoclonal antibodies are lab-made proteins that target specific antigens and can be used to treat viral infections like Nipah virus. * ✅ **I. Man-made proteins** – Created by cloning a single immune cell type. * ✅**II. Bind to specific antigens** – Help stimulate or guide immune response. * ✅**III. Used in viral infections** – Applied in treating infections like Nipah virus. **All three statements are correct.**"
"44928204-fd1d-4ffd-a52d-9cf91e922ecd","2025","GS","Science & Technology","Biotechnology","Coal gasification | Ethanol production from coal gasification | Nitroglycerine production from coal gasification | Urea production from coal gasification | Syngas applications","hard","Consider the following substances: I. Ethanol II. Nitroglycerine III. Urea Coal gasification technology can be used in the production of how many of them?","Only one","Only two","All the three","None","B","Coal gasification is a process that converts coal into syngas (a mixture of carbon monoxide, hydrogen, carbon dioxide, and water vapor). Syngas acts as a fundamental building block for the chemical industry. **I is correct:** Syngas can be converted into Ethanol through various chemical pathways, including catalytic synthesis or fermentation. **II is incorrect:** Nitroglycerine is produced through the nitration of glycerol. Glycerol is typically obtained from natural fats/oils or as a byproduct of biodiesel production, not from coal gasification. **III is correct:** Coal gasification is a major source of hydrogen for producing Ammonia. This ammonia is then reacted with carbon dioxide (also a product of gasification) to produce Urea."
"248c8509-b92a-417b-b9a0-88fe055ba6a4","2025","GS","Science & Technology","Defence Technology","CL-20 (explosive) | HMX (High Melting Explosive) | LLM-105 (explosive) | High energy military explosives | Advanced explosives technology","easy","What is the common characteristic of the chemical substances generally known as CL-20, HMX and LLM-105, which are sometimes talked about in media?","These are alternatives to hydro-fluorocarbon refrigerants","These are explosives in military weapons","These are high-energy fuels for cruise missiles","These are fuels for rocket propulsion","B","**CL-20, HMX, and LLM-105** are chemical substances known for their use as **high-energy explosives** in military weapons. * ✅**CL-20:** A powerful explosive with high energy density. * ✅ **HMX:** A well-known military explosive used in various munitions. * ✅ **LLM-105:** A newer explosive with similar high performance. **All three** are explosives used in military weapons."
"155c0f5c-53a4-47e8-878c-06ebba05a616","2025","GS","Science & Technology","Emerging Technologies","Electric Vehicle (EV) Battery Composition | Battery Cathode Materials | Lithium-ion Battery Components | Cobalt in EV Batteries | Nickel in EV Batteries","hard","In the context of electric vehicle batteries, consider the following elements: I. Cobalt II. Graphite III. Lithium IV. Nickel How many of the above usually make up battery cathodes?","Only one","Only two","Only three","All the four","C","**In lithium-ion batteries, the **cathode** is typically made of materials that include **Cobalt, Lithium, and Nickel**, depending on the chemistry used.** * ✅**I. Cobalt:** Used in cathodes like LCO and NMC. * ❌ **II. Graphite:** Used in the **anode**, not the cathode. * ✅**III. Lithium:** Core element in cathode materials (like LCO, LFP). * ✅**IV. Nickel:** Found in cathode types like NMC and NCA. **Three of the four** are used in cathodes. Alternatively, you can use mnemonic **CoLiNi** to remember Cathode forming materials."
"cb23e6b7-411b-410a-89c3-cce7d83253f2","2025","GS","Social Issues & Schemes","Environment","PM Surya Ghar Muft Bijli Yojana | Solar Rooftop Scheme India | Ministry of New and Renewable Energy (MNRE) initiatives | Renewable Energy Skilling Programs India | Government Schemes for Solar Energy","medium","Consider the following statements about 'PM Surya Ghar Muft Bijli Yojana': I. It targets installation of one crore solar rooftop panels in the residential sector. II. The Ministry of New and Renewable Energy aims to impart training on installation, operation, maintenance and repairs of solar rooftop systems at grassroot levels. III. It aims to create more than three lakhs skilled manpower through fresh skilling, and up-skilling, under scheme component of capacity building. Which of the statements given above are correct?","I and II only","I and III only","II and III only","I, II and III","D","**Statement 1 is Correct:** The PM Surya Ghar: Muft Bijli Yojana is a government initiative that targets the installation of rooftop solar systems in one crore households within the residential sector to provide free electricity. **Statement 2 is Correct:** The Ministry of New and Renewable Energy (MNRE) aims to impart training on the installation, operation, maintenance, and repairs of solar rooftop systems at the grassroots level to support the scheme's infrastructure. **Statement 3 is Correct:** The scheme includes a dedicated capacity-building component designed to create more than three lakh skilled manpower through fresh skilling and up-skilling initiatives to meet the demand for solar technicians."
"29c4d2bd-2997-4be3-af4e-a4eda1406496","2025","GS","Social Issues & Schemes","Governance","Gandhi Peace Prize selection committee | Gandhi Peace Prize eligibility criteria | Gandhi Peace Prize jury members | Indian awards and honors | Prime Minister of India","hard","Who amongst the following are members of the Jury to select the recipient of 'Gandhi Peace Prize'? I. The President of India II. The Prime Minister of India III. The Chief Justice of India IV. The Leader of Opposition in the Lok Sabha Select the correct answer using the code given below.","II and IV only","I, II and III","II, III and IV","I and III only","C","❌ **Statement I: Incorrect** *The President of India is NOT a member of the Jury.* ✅ **Statement II: Correct** *The Prime Minister of India is the Chairperson of the Jury.* ✅ **Statement III: Correct** *The Chief Justice of India (or a Supreme Court Judge nominated by the CJI) is a Jury member.* ✅ **Statement IV: Correct** *The Leader of Opposition in Lok Sabha (or leader of largest opposition party) is a Jury member.* **Correct Answer: Statements II, III, and IV are correct.**"
"8a989c70-8d9e-41dd-af7c-2947354436d0","2025","GS","Social Issues & Schemes","Agriculture and Allied Sector","Rashtriya Gokul Mission | Indigenous cattle breeds conservation | Animal husbandry schemes India | Rural poverty alleviation through livestock | Dairy farming in India","easy","Consider the following statements about the Rashtriya Gokul Mission: I. It is important for the upliftment of rural poor as majority of low producing indigenous animals are with small and marginal farmers and landless labourers. II. It was initiated to promote indigenous cattle and buffalo rearing and conservation in a scientific and holistic manner. Which of the statements given above is/are correct?","I only","II only","Both I and II","Neither I nor II","C","✅ **Statement I: Correct** *RGM aims to conserve indigenous breeds, benefiting small farmers and landless labourers by improving animal productivity.* ✅ **Statement II: Correct** *Launched in December 2014, the mission promotes scientific breeding, genetic upgradation, and conservation of indigenous breeds.* **Correct Answer: (C) Both Statements I and II are correct.**"