ID,Year,Paper,Subject,Topics,Tags,Difficulty,Question,Option_A,Option_B,Option_C,Option_D,Correct_Answer,Explanation
"990d1f9b-5dbc-4f57-bc36-6a828e9566f5","2022","GS","Ancient History","Mauryan Empire","Arthashastra | Kautilya | Ancient Indian Law | Slavery in Ancient India | Social Structure in Ancient India","hard","According to Kautilya's Arthashastra, which of the following are correct? 1. A person could be a slave as a result of a judicial punishment. 2. If a female slave bore her master a son, she was legally free. 3. If a son born to a female slave was fathered by her master, the son was entitled to the legal status of the master's son. Which of the statements given above are correct ?","1 and 2 only","2 and 3 only","1 and 3 only","1, 2 and 3","B","**Statement 1 is correct**: The Arthashastra provides that if a female slave bore a son to her master, she was entitled to freedom. **Statement 2 is correct**: A son born to a female slave and fathered by her master was recognized with the legal status of the master's son. **Statement 3 is incorrect**: The Arthashastra does discuss forms of bondage and servitude connected with punishment, debt, or distress; therefore, it cannot be said that such arrangements were explicitly prohibited."
"391bc42a-2d25-429b-8fd1-5c48bc2232dd","2022","GS","Art & Culture","Temple Architecture","Somnath Temple | Jyotirlinga | Al-Biruni | Ancient Indian History | Religious Architecture","hard","The Prime Minister recently inaugurated the new Circuit House near Somnath Temple at Veraval. Which of the following statements are correct regarding Somnath Temple? 1. Somnath Temple is one of the Jyotirlinga shrines. 2. A description of Somnath Temple was given by Al-Biruni. 3. Pran Pratishtha of Somnath Temple (installation of the present day temple) was done by President S. Radhakrishnan. Select the correct answer using the code given below:","1 and 2 only","2 and 3 only","1 and 3 only","1, 2 and 3","A","**Statement 1 is correct.** One of the 12 holy Jyotirlingas of Lord Shiva is in Jyotirlinga here in Somnath. **Statement 2 is correct.** Al Biruni writes that the temple was built of stone and constructed about 100 years before Mahmud’s attack (which would date it to the 10th century) and that it was set in a fortress surrounded by the sea on 3 sides. **Statement 3 is incorrect.** The Pran Pratishtha (consecration) of the present-day Somnath Temple in 1951 was performed by India's first President, **Dr. Rajendra Prasad**, at the invitation of K.M. Munshi and Sardar Vallabhbhai Patel. He remarked that it symbolized a victory of reconstruction over destruction."
"06fed673-51ce-44e4-8182-5461c53d762c","2022","GS","Art & Culture","Indian Literature","Mughal Empire | Akbar | Persian Literature | Translation | Yogavasistha","hard","“Yogavasistha” was translated into Persian by Nizamuddin Panipati during the reign of:","Akbar","Humayun","Shahjahan","Aurangzeb","A","Nizamuddin Panipati, a Persian scholar, translated the ""Yogavasistha"" into Persian during the reign of Emperor Akbar, who ruled the Mughal Empire from 1556 to 1605. This translation occurred as part of Akbar's efforts to promote cultural exchange and translations of various works into Persian, the administrative language of the Mughal Empire."
"ff72a3a6-91ca-40bd-9975-cb9e068d2b03","2022","GS","Art & Culture","Religions in India","Ramanuja | Vishishtadvaita | Qualified Non-dualism | Bhakti | Hindu Philosophy","medium","The world's second tallest statue in sitting pose of Ramanuja was inaugurated by the Prime Minister of India at Hyderabad recently. Which one of the following statements correctly represents the teachings of Ramanuja?","The best means of salvation was devotion.","Vedas are eternal, self-existent and wholly authoritative.","Logical arguments were essential means for the highest bliss.","Salvation was to be obtained through meditation.","A","Ramanuja believed in qualified non-dualism (Vishishtadvaita), where the individual soul (atman) and God (Brahman) coexist in a qualified oneness. Qualified Non-dualism (Vishishtadvaita): This is the core concept in Ramanuja's philosophy. It contrasts with the strict non-dualism (Advaita) of Adi Shankara. While both acknowledge an ultimate reality, Ramanuja argues for a qualified oneness, where the individual soul (atman) and God (Brahman) exist in a dependent relationship. God's supremacy: Ramanuja emphasized the concept of a personal God, often identified with Vishnu, who is both immanent (present within the world) and transcendent (beyond the world). Path to salvation: Liberation (moksha) is achieved through devotion (bhakti) to God and his grace."
"b7a6a6a0-d6ed-4b10-a0d2-4fc889949780","2022","GS","Art & Culture","Indian Literature","Sangam Literature | Ancient South India | Varna System | Social Structure | Tamil Literature","medium","Which one of the following statements about Sangam literature in ancient South India is correct?","Sangam poems are devoid of any reference to material culture.","The social classification of Varna was known to Sangam poets.","Sangam poems have no reference to warrior ethic.","Sangam literature refers to magical forces as irrational.","B","Sangam literature, which dates back to the Sangam period in ancient South India (c. 3rd century BCE to 3rd century CE), does indeed contain references to the social classification of Varna. The poems provide insights into the societal structure of that time, including the division of society into different social groups or Varnas. Therefore, option b is correct. Sangam poems often contain references to material culture, including descriptions of trade, agriculture, urban life, and everyday objects. Sangam's poems frequently depict warrior ethics, with many poems glorifying valour, bravery, and military prowess. Sangam literature includes references to various supernatural or magical forces, but these are typically presented as part of the cultural and religious beliefs of the time rather than being explicitly labelled as irrational."
"1d1e99c1-74ad-4173-be93-4a0955873de9","2022","GS","Art & Culture","Indian Literature","Jaina Literature | Jainism | Religious Texts | Ancient Indian Literature | Buddhist Literature","hard","With reference to Indian history, consider the following texts: 1. Nettipakarana 2. Parishishtaparvan 3. Avadanashataka 4. Trishashtilakshana Mahapurana Which of the above are Jaina texts ?","1, 2 and 3","2 and 4 only","1, 3 and 4","2, 3 and 4","B","**Statement 1 is Incorrect:** **Nettipakarana** is a Buddhist scripture (Theravada tradition) that serves as a guide to the interpretation of the Pali Canon. It is not associated with Jainism. **Statement 2 is Correct:** **Parishishtaparvan** (also known as Sthaviravalicharitra) is a Jaina text written by the 12th-century scholar Hemachandra. It is an appendix to his larger work and provides historical accounts of early Jaina teachers. **Statement 3 is Incorrect:** **Avadanashataka** is a collection of one hundred Buddhist legends (Avadanas) written in Sanskrit. The term 'Avadana' typically refers to Buddhist literature detailing the past lives and deeds of individuals. **Statement 4 is Correct:** **Trishashtilakshana Mahapurana** (also known as the Mahapurana) is a major Jaina text composed by the Digambara monks Jinasena and Gunabhadra in the 9th century. It details the lives of the 63 'Great Men' (Shalakapurushas) of Jainism."
"a4f47196-7edc-4ae0-a533-dd6d467fb208","2022","GS","Art & Culture","Art and Architecture | Introduction","Ashoka's Rock Edicts | Ancient Indian History | M Mauryan Empire | Indian Archaeology | State-wise Locations of Historical Sites","medium","Consider the following pairs: Site of Ashoka's major rock edicts — Location in the State of 1. Dhauli — Odisha 2. Erragudi — Andhra Pradesh 3. Jaugada — Madhya Pradesh 4. Kalsi — Karnataka How many pairs given above are correctly matched ?","Only one pair","Only two pairs","Only three pairs","All four pairs","B","**Pair 1 is correctly matched.** Dhauli is located in Odisha. **Pair 2 is correctly matched.** Erragudi or Yerragudi is located in Andhra Pradesh **Pair 3 is incorrectly matched.** Jaugada is located in Odisha. **Pair 4 is incorrectly matched.** Kalsi is located in Uttarakhand. ![Ashokan Edicts](https://d39jluplm5thpx.cloudfront.net//Edicts_of_Ashoka_5a1321fad5.PNG)"
"be88431b-0ecb-4b55-8dfd-4b4c226ba9d5","2022","GS","Art & Culture","Indian Philosophy","Indian History | Buddhist Scholars | Jaina Scholars | Vaishnava Scholars | Ancient Indian Philosophy","hard","With reference to Indian history, consider the following pairs: Historical - Person Known as 1. Aryadeva - Jaina scholar 2. Dignaga - Buddhist scholar 3. Nathamuni - Vaishnava scholar How many pairs given above are correctly matched?","None of the pairs","Only one pair","Only two pairs","All three pairs","C","**Statement 1 is incorrect.** Aryadeva was a **Buddhist philosopher**, not a Jaina scholar. Aryadeva was a Mahayana Buddhist monk, a disciple of Nagarjuna and a Madhyamaka philosopher. He is known for his association with the Nalanda monastery. **Statement 2 is correct.** Dignaga was a Buddhist scholar known for his contributions to logic and philosophy. Dignaga's thought influenced later Buddhist philosophers like Dharmakirti and also Hindu thinkers of the Nyaya school. **Statement 3 is correct.** Nathamuni was a Vaishnava scholar who is credited with reviving the Sri Vaishnava tradition. Nathamuni collected and compiled the Naalayira Divya Prabandham"
"1dfde2b8-a5b3-4943-875f-1ede0e2c1ce3","2022","GS","Economy","Money, Banking and Monetary Policy","Banks Board Bureau (BBB) | Public Sector Banks (PSBs) | Indradhanush Plan | Financial Institutions | RBI (Reserve Bank of India)","medium","With reference to the ‘Banks Board Bureau (BBB)’, which of the following statements are correct? 1. The Governor of RBI is the Chairman of BBB. 2. BBB recommends for the selection of heads for Public Sector Banks. 3. BBB helps the Public Sector Banks in developing strategies and capital raising plans. Select the correct answer using the code given below:","1 and 2 only","2 and 3 only","1 and 3 only","1, 2 and 3","B","**Statement 1 is incorrect:** The Banks Board Bureau (BBB) is headed by a Chairman appointed by the Central Government. The Governor of the Reserve Bank of India (RBI) is not the Chairman of the BBB. **Statement 2 is correct:** One of the primary mandates of the BBB was to recommend candidates for the selection of heads (Whole-time Directors and Non-Executive Chairpersons) for Public Sector Banks (PSBs), state-owned financial institutions, and public sector insurers. **Statement 3 is correct:** The BBB was also tasked with assisting Public Sector Banks in developing business strategies, capital raising plans, and improving their corporate governance and organizational structure. **Note:** In 2022, the Government of India replaced the Banks Board Bureau (BBB) with the **Financial Services Institutions Bureau (FSIB)**, which now carries out these functions."
"4114cacb-f1eb-4b94-9863-075cd939f28f","2022","GS","Economy","Trade and External Sector","Exchange Rate | Nominal Effective Exchange Rate (NEER) | Real Effective Exchange Rate (REER) | Inflation | Trade Competitiveness","medium","With reference to the Indian economy, consider the following statements: 1. An increase in Nominal Effective Exchange Rate (NEER) indicates the appreciation of rupee. 2. An increase in the Real Effective Exchange Rate (REER) indicates an improvement in trade competitiveness. 3. An increasing trend in domestic inflation relative to inflation in other countries is likely to cause an increasing divergence between NEER and REER. Which of the above statements are correct?","1 and 2 only","2 and 3 only","1 and 3 only","1, 2 and 3","C","* **Statement 1 is correct.** The nominal Effective Exchange Rate (NEER) is a measure of the value of a country's currency against a basket of other currencies weighted by their importance in trade. If NEER increases, it means that the value of the currency has increased relative to the currencies in the basket, indicating appreciation. * **Statement 2 is incorrect.** The Real Effective Exchange Rate (REER) takes into account both nominal exchange rates and relative price levels (inflation) between countries. An increase in REER means that the country's currency is overvalued relative to its trading partners, which can reduce trade competitiveness. * **Statement 3 is correct.** If domestic inflation is higher than inflation in other countries, the real value of the domestic currency decreases faster than the nominal value, causing a divergence between NEER and REER. Therefore, the correct statements are 1 and 3."
"18fb56e5-fa61-4cba-9dee-aba989177da3","2022","GS","Economy","Finance and Financial Markets","Convertible Bonds | Debt Securities | Hybrid Securities | Equity Conversion | Interest Rates","hard","With reference to Convertible Bonds consider the following statements: 1. As there is an option to exchange the bond for equity, Convertible Bonds pay a lower rate of interest. 2. The option to convert to equity affords the bondholder a degree of indexation to rising consumer prices. Which of the statements given above is / are correct?","1 only","2 only","Both 1 and 2","Neither 1 nor 2","C","A convertible bond is a type of debt security that provides an investor with a right or an obligation to exchange the bond for a predetermined number of shares in the issuing company at certain times of a bond's lifetime. It is a hybrid security that possesses features of both debt and equity. * **Statement 1 is correct:** Convertible bonds tend to offer a lower coupon rate or rate of return in exchange for the value of the option to convert the bond into a common stock. Investors will generally accept a lower coupon rate on a convertible bond, compared with the coupon rate on an otherwise identical regular bond, because of its conversion feature. This enables the issuer to save on interest expenses, which can be substantial in the case of a large bond issue. * **Statement 2 is correct:** The option to convert to equity affords the bondholder a degree of indexation to rising consumer prices as equity prices can differ widely from the given interest and the difference in that can be used as a hedge for inflation."
"09cea7c3-857d-4269-b058-3f313c6c7cda","2022","GS","Economy","Trade and External Sector","Monetary Policy | US Federal Reserve | Capital Flight | External Commercial Borrowings (ECBs) | Currency Risk | Devaluation","medium","Consider the following statements: 1. Tight monetary policy of US Federal Reserve could lead to capital flight. 2. Capital flight may increase cost of firms with existing External Commercial Borrowings (ECBs) 3. Devaluation of domestic currency decreases the currency risk associated with ECBs Which of the statements given above are correct?","1 and 3","1 and 2 only","2 and 3 only","1, 2 and 3","B","Tight monetary policy is an action taken by a central bank, such as the Federal Reserve, to curb overheated economic growth. Central banks employ tight monetary policy when an economy is experiencing rapid acceleration or when inflation, which pertains to overall prices, is escalating too swiftly. **Statement 1 is correct.** A tight monetary policy by the US Federal Reserve means higher interest rates in the US. This attracts global investors to shift their capital towards US assets for better returns. As a result, there can be capital flight from emerging markets like India to the US. **Statement 2 is correct.** When capital flows out, the domestic currency tends to depreciate, and global interest rates rise. Firms that have borrowed in foreign currencies through External Commercial Borrowings (ECBs) will now face higher repayment costs in rupee terms. Thus, their cost of servicing these loans increases, raising their overall financial burden. **Statement 3 is incorrect.** Devaluation of the domestic currency actually increases the currency risk associated with ECBs. Since these loans are denominated in foreign currency (like USD), a weaker rupee means firms have to pay more in rupees to repay the same amount of foreign debt. Therefore, devaluation heightens, not reduces, currency risk. **NOTE**: The given question was dropped by UPSC from the Official Answer Key."
"02f656e5-46dd-4dba-a18f-dcc6ff94a8f2","2022","GS","Economy","Money, Banking and Monetary Policy | Inflation","Monetary Policy | Inflation Control | Reserve Bank of India (RBI) | Price Stability | Central Bank Functions","easy","In India, which one of the following is responsible for maintaining price stability by controlling inflation?","Department of Consumer Affairs","Expenditure Management Commission","Financial Stability and Development Council","Reserve Bank of India","D","The responsibility for maintaining price stability and controlling inflation in India lies primarily with the Reserve Bank of India (RBI). The RBI formulates and implements monetary policy to maintain price stability and ensure adequate flow of credit to productive sectors of the economy. As the central bank of the country, the RBI uses various tools such as repo rate, reverse repo rate, cash reserve ratio (CRR), and statutory liquidity ratio (SLR) to influence liquidity and interest rates in the economy, thereby affecting inflationary pressures."
"16bd972c-1b1b-4de8-8dc6-541727961976","2022","GS","Economy","Public Finance in India | Finance and Financial Markets","Capital Expenditure | Revenue Expenditure | Debt Financing | Equity Financing | Financial Accounting","easy","With reference to the expenditure made by an organisation or a company, which of the following statements is/are correct ? 1. Acquiring new technology is capital expenditure. 2. Debt financing is considered capital expenditure, while equity financing is considered revenue expenditure. Select the correct answer using the code given below:","1 only","2 only","Both 1 and 2","Neither 1 nor 2","A","**Statement 1 is correct.** Acquiring new technology - This is a capital expenditure. When a company acquires new technology (like software, machinery, or equipment), it's considered an investment that will benefit the organization for several years. The cost is added to the company's asset base and depreciated over its useful life. **Statement 2 is incorrect.** Debt vs. Equity Financing - The way a company finances its expenditures (debt or equity) doesn't determine whether it's a capital or revenue expenditure. The nature of the expense itself matters more. |**Aspect**|**Capital Expenditure**| **Revenue Expenditure** | |--|--|--| |**Definition** |Expenditure incurred for acquiring or improving fixed assets, which provide long-term benefits.|Expenditure that is incurred for routine operations and maintenance, providing short-term benefits.| | **Purpose**|To acquire, enhance, or extend the life of assets such as buildings, machinery, or equipment.| To meet day-to-day operational needs, like salaries, utilities, and maintenance.| |**Impact on Assets** | Increases the value of assets or creates new assets. |Does not increase the value of assets.| |**Accounting Treatment** |Recorded as an asset on the balance sheet and depreciated over time. |Recorded as an expense in the profit and loss statement for the current period.| |**Time Horizon** |Long-term benefit, typically spread over several years. |Short-term benefit, usually within the current year.| |**Examples** | Purchase of machinery, construction of buildings, land acquisition. |Salaries, wages, rent, repairs, and maintenance costs.|"
"c136b8ca-2b87-438b-807d-5fe45c832809","2022","GS","Economy","Introduction to Economics","Real Sector | Primary Sector | Secondary Sector | Tertiary Sector | Financial Sector","medium","Which of the following activities constitute the real sector in the economy? 1. Farmers harvesting their crops. 2. Textile mills converting raw cotton into fabrics 3. A commercial bank lending money to a trading company 4. A corporate body issuing Rupee Denominated Bonds overseas Select the correct answer using the code given below:","1 and 2 only","2, 3 and 4 only","1, 3 and 4 only","1, 2, 3 and 4","A","The real sector of the economy includes: **Farmers harvesting their crops:** This is a primary sector activity where raw materials are produced. Agriculture forms a crucial part of the real sector. **Textile mills converting raw cotton into fabrics:** This is a secondary sector activity where raw materials are processed into finished goods. Manufacturing industries are considered part of the real sector. The other two options are part of the financial sector: **Commercial bank lending money (Financial sector):** Banks and other financial institutions provide financial services like lending, borrowing, and investing. These activities facilitate transactions in the real sector but don't directly produce goods or services themselves. **Issuing rupee-denominated bonds overseas (Financial sector):** This is a financial instrument where a company raises funds by issuing bonds. While it can indirectly support real sector activities by providing capital, it's not directly involved in production. Therefore, the correct code is 1 and 2 only."
"cb8a8b60-e6ab-4246-bb28-e6ffb38c2616","2022","GS","Economy","Inflation","Inflation-Indexed Bonds (IIBs) | Government Borrowing | Inflation Protection | Investment Instruments | Indian Economy","medium","With reference to the Indian economy, what are the advantages of ""Inflation-Indexed Bonds (IIBs)""? 1. Government can reduce the coupon rates on its borrowing by way of IIBs. 2. IIBs provide protection to the investors from uncertainty regarding inflation. 3. The interest received as well as capital gains on IIBs are not taxable. Which of the statements given above are correct ?","1 and 2 only","2 and 3 only","1 and 3 only","1, 2 and 3","A","**Statement 1 is correct.** Inflation-indexed bonds (IIBs) typically offer a fixed real rate of return above inflation. Therefore, the coupon rates on IIBs are adjusted based on changes in inflation to maintain the real rate of return. **Statement 2 is correct.** Inflation-indexed bonds (IIBs) provide investors with protection against inflation because their principal and interest payments are adjusted based on changes in the inflation rate. This helps investors preserve their purchasing power. **Statement 3 is incorrect.** Tax exemption Currently, the interest income on IIBs is taxable in India. Capital gains tax treatment on IIBs might depend on the specific holding period and type of investor."
"cc51b630-20d5-4902-8de6-ae061e1a59c3","2022","GS","Economy","Finance and Financial Markets","Credit Rating Agencies in India | SEBI Regulations | Credit Risk Assessment | Financial Institutions | Public Limited Companies","medium","Consider the following statements: 1. In India, credit rating agencies are regulated by Reserve Bank of India. 2. The rating agency popularly known as ICRA is a public limited company. 3. Brickwork Rating is an Indian credit rating agency. Which of the statements given above are correct?","1 and 2 only","2 and 3 only","1 and 3 only","1, 2 and 3","B","Statement 1 is incorrect: Credit Rating Agencies (CRAs) in India are regulated by the Securities and Exchange Board of India (SEBI) under the SEBI (Credit Rating Agencies) Regulations, 1999, and not by the Reserve Bank of India. Major credit rating agencies registered with SEBI include CRISIL, CARE, ICRA, SMERA, Brickwork Ratings, and India Ratings and Research. Statement 2 is correct: ICRA Limited (formerly Investment Information and Credit Rating Agency of India Limited) was established in 1991 and is a public limited company listed on the Bombay Stock Exchange and the National Stock Exchange. Statement 3 is correct: Brickwork Ratings (BWR) is a SEBI-registered Indian credit rating agency. It is also recognized as an External Credit Assessment Institution (ECAI) by the Reserve Bank of India (RBI) for bank loan ratings. It was established in 2007 and is promoted by Canara Bank."
"fd6fbf18-7c7c-4a34-8e8b-1847b3164310","2022","GS","Economy","International Institutions","E-commerce in India | Foreign Direct Investment (FDI) in India | Retail Sector in India | Government Regulations on E-commerce | Marketplace Model vs Inventory-based Model","hard","With reference to foreign-owned e-commerce firms operating in India, which of the following statements is/are correct ? 1. They can sell their own goods in addition to offering their platforms as market-places. 2. The degree to which they can own big sellers on their platforms is limited. Which of the above statements are correct?","1 only","2 only","Both 1 and 2","Neither 1 nor 2","B","**Statement 1 is Incorrect:** According to India's Foreign Direct Investment (FDI) policy, 100% FDI is permitted in the 'marketplace model' of e-commerce, but FDI is strictly prohibited in the 'inventory-based model'. This means foreign-owned e-commerce firms can only provide an IT platform to act as a facilitator between buyers and sellers; they cannot exercise ownership or control over the inventory and are not allowed to sell their own goods on the platform. **Statement 2 is Correct:** The government has implemented regulations to prevent foreign e-commerce entities from exercising indirect control over inventory. Under Press Note 2 (2018), a vendor is deemed to be controlled by the marketplace entity if more than 25% of its purchases are from the marketplace entity or its group companies. This effectively limits the degree to which these platforms can own or control big sellers, ensuring they remain neutral marketplaces."
"73cb7d51-4275-4bc4-b73d-fb001aea510f","2022","GS","Economy","Infrastructure and Investment Models in India","Coal Controller's Organization (CCO) | Coal Mining in India | Coal Statistics | Captive Coal Mines | Coal Bearing Area (Acquisition and Development) Act, 1957","hard","In India, what is the role of the Coal Controller's Organization (CCO)? 1. CCO is the major source of Coal Statistics in Government of India. 2. It monitors progress of development of Captive Coal/Lignite blocks. 3. It hears any objection to the Government's notification relating to acquisition of coal-bearing areas. 4. It ensures that coal mining companies deliver the coal to end users in the prescribed time. Select the correct answer using the code given below:","1, 2 and 3","3 and 4 only","1 and 2 only","1, 2 and 4","A","The Coal Controller's Organisation (CCO) is a subordinate office of the Ministry of Coal, having its headquarters at Kolkata and field offices at Dhanbad, Ranchi, Bilaspur, Nagpur, Sambalpur, Kothagudem and Asansol. It collects and maintains coal production data of all private and public sector coal mines in the country. The information is collected every month. **Statement 1 is correct.** Under the Collection of Statistics Act, 2008 Coal Controller has been made the statistical authority concerning coal and lignite statistics. Entrusted with the responsibility of carrying out the Annual Coal & Lignite survey and publishing of Provisional Coal Statistics and Coal Directory of India. **Statement 2 is correct.** It is entrusted with the task of monitoring captive mines. Work such as permission for the opening and reopening of coal mines has been entrusted to the CCO. **Statement 3 is correct.** Under the Coal Bearing Area (Acquisition and Development) Act, 1957- the Coal Controller is the competent authority under this act to hear any objection to the Central Government's Notification relating to the acquisition of coal-bearing land and to furnish his reports to the Central Govt. **Statement 4 is incorrect.** Ensuring that coal mining companies deliver the coal to end users in the prescribed time is not the function of the Coal Controller's Organization (CCO)."
"3ff0dcce-d098-417d-ba31-ad99d02d9585","2022","GS","Economy","Public Finance in India","Government Debt | Internal Debt | Dated Securities | Household Savings | Government Borrowing","medium","With reference to the Indian economy, consider the following statements : 1. A share of the household financial savings goes towards government borrowings. 2. Dated securities issued at market-related rates in auctions form a large component of internal debt; Which of the above statements is/are correct ?","1 only","2 only","Both 1 and 2","Neither 1 nor 2","C","**Statement 1 is correct:** A portion of household financial savings in India does indeed go towards government borrowings. The government raises funds through various debt instruments like bonds and treasury bills. When households save money, they might invest it in these government debt instruments through banks or other financial institutions. This provides a source of funding for the government while offering a return to the investors (savers). **Statement 2 is correct:** Dated securities are a major component of India's internal debt. These are essentially government bonds issued at market-determined interest rates through auctions. Investors, including households, banks, and financial institutions, can participate in these auctions and purchase dated securities. Hence, both statements are correct."
"159c730c-20e9-461a-9018-5fcbb5484108","2022","GS","Economy","Unemployment","Labour Bureau | Industrial Disputes | Labour Statistics | Ministry of Labour and Employment | Industrial Relations","medium","In India, which one of the following compiles information on industrial disputes, closures, retrenchments and lay-offs in factories employing workers?","Central Statistics Office","Department for Promotion of Industry and Internal Trade","Labour Bureau","National Technical Manpower Information System","C","In India, the primary agency responsible for compiling information on industrial disputes, closures, retrenchments, and lay-offs in factories employing workers is the Labour Bureau The Labour Bureau is an attached office of the Ministry of Labour and Employment, Government of India. It plays a crucial role in collecting, compiling, and disseminating labor statistics across various aspects, including industrial relations."
"4eea9128-0236-427d-86f8-25ab641e31e7","2022","GS","Economy","International Institutions","International Monetary Fund (IMF) | IMF Lending Facilities | Rapid Financing Instrument (RFI) | Rapid Credit Facility (RCF) | Balance of Payments","easy","Rapid Financing Instrument and ""Rapid Credit Facility"" are related to the provisions of lending by which one of the following?","Asian Development Bank","International Monetary Fund","United Nations Environment Programme Finance Initiative","World Bank","B","Both Rapid Financing Instrument (RFI) and Rapid Credit Facility (RCF) are lending facilities offered by the International Monetary Fund (IMF) to member countries facing urgent balance of payments needs. **Rapid Financing Instrument (RFI):** This is available to all IMF member countries. **Rapid Credit Facility (RCF):** This is a concessional lending facility specifically for low-income countries (LICs) that are members of the Poverty Reduction and Growth Trust (PRGT)."
"75de859d-2839-435b-be35-a2ddeb89cd1a","2022","GS","Economy","Money, Banking and Monetary Policy | Inflation | Trade and External Sector","Monetary Policy | Reserve Bank of India (RBI) | Inflation | Exchange Rate Management | Open Market Operations","medium","With reference to the Indian economy, consider the following statements: 1. If the inflation is too high, Reserve Bank of India (RBI) is likely to buy government securities. 2. If the rupee is rapidly depreciating, RBI is likely to sell dollars in the market. 3. If interest rates in the USA or European Union were to fall, that is likely to induce RBI to buy dollars. Which of the statements given below is/are correct?","1 and 2 only","2 and 3 only","1 and 3 only","1, 2 and 3","B","**Statement 1 is incorrect.** Typically, the RBI uses open market operations to sell government securities to drain money from the system and control inflation. Buying government securities would inject money into the system, potentially fueling inflation further. **Statement 2 is correct.** Selling dollars in the market - If the rupee is rapidly depreciating, the RBI might intervene in the foreign exchange market by selling dollars from its reserves. This increased supply of dollars in the market can help stabilize the exchange rate and slow down the depreciation of the rupee. **Statement 3 is correct.** Lower interest rates in the US/EU make India a more attractive destination for foreign investment, leading to a large inflow of dollars. This causes the rupee to strengthen (appreciate). To prevent the rupee from appreciating too rapidly and hurting exporters, the RBI buys the excess dollars from the market."
"b69d24f8-b893-4c98-99bf-35517026f323","2022","GS","Economy","Taxation in India","Indirect Transfers | Capital Gains Tax | Foreign Investment in India | Taxation of Offshore Transactions | International Taxation","medium","Which one of the following situations best reflects ""Indirect Transfers"" often talked about in media recently with reference to India?","An Indian company investing in a foreign enterprise and paying taxes to the foreign country on the profits arising out of its investment","A foreign company investing in India and paying taxes to the country of its base on the profits arising out of its investment","An Indian company purchases tangible assets in a foreign country and sells such assets after their value increases and transfers the proceeds to India","A foreign company transfers shares and such shares derive their substantial value from assets located in India","D","**Indirect Transfers:** This refers to a situation where a foreign company transfers ownership of assets located in India, but not directly. Instead, they might transfer shares of a subsidiary company that holds the Indian assets. **Taxation on Underlying Assets:** The Indian government aims to tax the transfer of assets with substantial value in India, even if the transaction happens offshore. Indirect transfer provisions ensure that the foreign company pays capital gains tax on the underlying Indian assets."
"f19751a5-d8cb-4f5f-8bda-9ece92b1405c","2022","GS","Environment & Ecology","Renewable Energy","Solar Energy | Renewable Energy | India's Largest Solar Projects | Floating Solar Photovoltaic | Solar Power Parks","medium","Consider the following statements: 1. Gujarat has the largest solar park in India. 2. Kerala has a fully solar powered International Airport. 3. Goa has the largest floating solar photovoltaic project in India. Which of the statements given above is/are correct?","1 and 2","2 only","1 and 3","3 only","B","**Statement 1 is incorrect.** India's Bhadla Solar Park in Rajasthan is the largest solar power park in the world. **Statement 2 is correct.** Kerala’s Cochin International Airport Ltd (CIAL) is the first airport in the world that would be running fully on solar power. **Statement 3 is incorrect.** The Omkareshwar Floating Solar Project in Madhya Pradesh is currently the largest floating solar photovoltaic project in India."
"4cf0c463-d77f-4c63-8e2f-61d0a9df5cee","2022","GS","Environment & Ecology","National Environmental Legislations | Protected Area Network | Institutional Measures for Environment Conservation","Wildlife Protection Act, 1972 | Wildlife Conservation | Protected Areas | Animal Rights | Indian Law","medium","With reference to Indian laws about wildlife protection, consider the following statements: 1. Wild animals are the sole property of the government. 2. When a wild animal is declared protected, such animal is entitled for equal protection whether it is found in protected areas or outside. 3. Apprehension of a protected wild animal becoming a danger to human life is sufficient ground for its capture or killing. Which of the statements given above is/are correct?","1 and 2","2 only","1 and 3","3 only","B","**Statement 1 is Incorrect:** While Section 39 of the Wildlife (Protection) Act, 1972, specifies that certain wild animals are the property of the State or Central Government, this does not apply to all wild animals. Specifically, animals categorized as 'vermin' (under Schedule V) are excluded from this provision, making the absolute claim that wild animals are the 'sole property' of the government legally inaccurate. **Statement 2 is Correct:** The protection status of a wild animal is determined by its listing in the Schedules of the Wildlife (Protection) Act, 1972. This legal protection is species-specific and applies to the animal wherever it is found, whether it is inside a designated Protected Area (like a National Park or Sanctuary) or outside in human-dominated landscapes. **Statement 3 is Incorrect:** Under Section 11 of the Act, the Chief Wildlife Warden can only authorize the capture or killing of a protected animal if they are satisfied that the animal 'has become dangerous to human life' or is disabled/diseased beyond recovery. Mere 'apprehension' or the fear that an animal might become a danger is not a sufficient legal ground; there must be an objective determination of actual danger."
"089b5197-6c21-4598-a8f4-6926b0c546f2","2022","GS","Environment & Ecology","Wet Land Ecosystem | Protected Area Network","Indian Wetlands | Ramsar Sites in India | Geography of India | Environmental Conservation | Wetland Ecology","hard","Consider the following pairs: Wetland/Lake - Location 1. Hokera Wetland - Punjab 2. Renuka Wetland - Himachal Pradesh 3. Rudrasagar Lake - Tripura 4. Sasthamkotta Lake - Tamil Nadu How many pairs given above are correctly matched ?","Only one pair","Only two pairs","Only three pairs","All four pairs","B","The correctly matched pairs are: * **Pair 2: Renuka Wetland - Himachal Pradesh.** Located in the Sirmaur district, it is a natural wetland with freshwater springs and inland subterranean karst formations. * **Pair 3: Rudrasagar Lake - Tripura.** It is a lowland sedimentation reservoir in the northeast hills, fed by three perennial streams discharging into the River Gomti. The incorrectly matched pairs are: * **Pair 1: Hokera Wetland.** It is located in **Jammu & Kashmir** (near Srinagar), not Punjab. It is a natural perennial wetland contiguous to the Jhelum basin. * **Pair 4: Sasthamkotta Lake.** It is the largest freshwater lake in **Kerala**, not Tamil Nadu. It is located in the Kollam district. Since only two pairs (2 and 3) are correctly matched, the correct option is B."
"d2940cc5-6cd3-4361-8c54-e7f83c825fb8","2022","GS","Environment & Ecology","Climate Change | Institutional Measures for Environment Conservation | Climate Change Mitigation | International Environmental Framework | Important Reports and Indices","Climate Action Tracker | Climate Change Mitigation | Paris Agreement | International Climate Policy | Climate Analytics","medium","“Climate Action Tracker” which tracks the emission reduction pledges of different countries is a:","Database created by coalition of research organisations","Wing of “International Panel of Climate Change”","Committee under “United Nations Framework Convention on Climate Change”","Agency promoted and financed by the United Nations Environment Programme and World Bank.","A","The Climate Action Tracker (CAT) is an independent scientific analysis that tracks government climate action and measures it against the globally agreed Paris Agreement aim of holding warming well below 2C, and pursuing efforts to limit warming to 1.5C. A collaboration of two organisations, Climate Analytics and NewClimate Institute, the CAT has been providing this independent analysis to policymakers since 2009. CAT quantifies and evaluates climate change mitigation targets, policies, and actions. It also aggregates country action to the global level, determining likely temperature increases during the 21st century using the MAGICC climate model. CAT further develops sectoral analysis to illustrate the required pathways for meeting the global temperature goals."
"4d518dec-728e-40fd-9a38-3c921a37da72","2022","GS","Environment & Ecology","Agriculture","System of Rice Intensification (SRI) | Alternate Wetting and Drying (AWD) | Rice Cultivation | Methane Emissions | Sustainable Agriculture","easy","""System of Rice Intensification"" of cultivation, in which alternate wetting and drying of rice fields is practised, results in: 1. Reduced seed requirement 2. Reduced methane production 3. Reduced electricity consumption Select the correct answer using the code given below:","1 and 2 only","2 and 3 only","1 and 3 only","1, 2 and 3","D","**Statement 1 is Correct:** SRI requires significantly fewer seeds (about 5-8 kg/ha) compared to traditional transplanting methods (60-80 kg/ha) because it involves planting single, younger seedlings with wider spacing. **Statement 2 is Correct:** The practice of Alternate Wetting and Drying (AWD) prevents continuous submergence of fields, reducing anaerobic conditions and thereby significantly lowering methane emissions produced by methanogenic bacteria. **Statement 3 is Correct:** SRI reduces water requirement by 30-50% due to controlled irrigation; this directly leads to lower electricity or fuel consumption needed for pumping groundwater."
"fd0d30ab-e101-405e-b292-9f65e408b0a9","2022","GS","Environment & Ecology","Contemporary Environmental Issues","Greenwashing | Environmental Marketing | Corporate Social Responsibility | Sustainable Development | Environmental Ethics","easy","Which one of the following best describes the term ""greenwashing""?","Conveying a false impression that a company's products are eco-friendly and environmentally sound","Non-inclusion of ecological/ environmental costs in the Annual Financial Statements of a country","Ignoring the disastrous ecological consequences while undertaking infrastructure development","Making mandatory provisions for environmental costs in a government project/programme","A","The term ""greenwashing"" is best described as deceptively conveying a misleading impression that a company's products or practices are environmentally friendly. Greenwashing is a marketing strategy where companies try to portray themselves as environmentally conscious, even if their actions don't necessarily reflect that commitment. It often involves using misleading language, imagery, or selective data to create a positive environmental image. ![Greenwashing](https://d39jluplm5thpx.cloudfront.net//greenwashing_274fb60a04.jpg) The goal is to gain a competitive advantage by appealing to consumers who are increasingly concerned about environmental issues."
"0400aa3f-2271-499f-831a-935ddbbc0409","2022","GS","Environment & Ecology","Environmental Pollution","WHO Air Quality Guidelines | PM2.5 | PM10 | Ozone Pollution | Air Pollution Health Effects","medium","In the context of WHO Air Quality Guidelines, consider the following statements: 1. The 24-hour mean of PM2.5 should not exceed 15 ug/m³ and annual mean of PM2.5 should not exceed 5 ug/m³. 2. In a year, the highest levels of ozone pollution occur during the periods of inclement weather. 3. PM10 can penetrate the lung barrier and enter the bloodstream. 4. Excessive ozone in the air can trigger asthma. Which of the statements given above are correct?","1, 3 and 4","1 and 4 only","2, 3 and 4","1 and 2 only","B","**Statement 1 is correct.** The WHO recommends that the 24-hour mean of PM2.5 should not exceed 15 ug/m³ and the annual mean should not exceed 5 ug/m³. These are the current most stringent guidelines set by WHO to protect public health. **Statement 2 is incorrect.** Ozone pollution typically peaks during sunny and stagnant weather conditions, not during inclement weather like rain or storms. **Statement 3 is incorrect.** While PM10 (≤ PM10) particles can enter the deep lungs and cause respiratory issues, it's the much finer **PM2.5** (≤ PM2.5) particles and ultrafine particles that effectively penetrate the lung barrier (alveoli) to **enter the bloodstream**, affecting the heart, brain, and other organs. PM10 typically deposits in larger airways, whereas PM2.5's tiny size allows it to cross into the circulatory system, making it more dangerous. **Statement 4 is correct.** Excessive ozone exposure can trigger asthma attacks and worsen respiratory problems. Ozone irritates the respiratory tract, making it harder to breathe."
"1db053c6-a50d-425e-b0d6-7c84f13a054f","2022","GS","Environment & Ecology","Climate Change | Agriculture | Climate Change Mitigation","Greenhouse Gases | Agriculture and Climate Change | Rice Cultivation | Methane Emissions | Nitrous Oxide Emissions","easy","Among the following crops, which one is the most important anthropogenic source of both methane and nitrous oxide?","Cotton","Rice","Sugarcane","Wheat","B","Methane and nitrous oxide emissions from rice farms could have the same long-term warming impact as about 600 coal plants. Rice cultivation emits methane and nitrous oxide due to flooded fields and nitrogen-based fertilizers. Flooding creates anaerobic conditions, producing methane released through rice plants. Fertilizers poorly absorbed by rice lead to soil microbes converting nitrogen into nitrous oxide."
"14d8fcc7-3305-4035-b7ee-d8a32aa3674c","2022","GS","Environment & Ecology","Institutional Measures for Environment Conservation | Climate Change Mitigation","Miyawaki method | Urban forestry | Forest restoration | Sustainable urban development | Environmental conservation","easy","The ""Miyawaki method"" is well known for the:","Promotion of commercial farming in arid and semi-arid areas","Development of gardens using genetically modified flora","Creation of mini forests in urban areas","Harvesting wind energy on coastal areas and on sea surfaces","C","Urban Forests use the Miyawaki method to create urban forests. Miyawaki urban forests are fascinating complex ecosystems, in balance with today's soil and climate conditions. This technique works worldwide irrespective of soil and climatic conditions. ![Miyawaki Method](https://d39jluplm5thpx.cloudfront.net//miyawaki_7f4a57b2c7.jpg) Over 2000 forests were successfully created using this method. Doctor Akira Miyawaki, botanist and professor, is the inventor of the technique since 1980. He is a recipient of the 2006 Blue Planet Prize, which is the equivalent of a Nobel Prize in ecology."
"28b6ace7-aaac-4571-a9eb-566877c87a16","2022","GS","Environment & Ecology","Environmental Pollution","Acid Rain | Air Pollution | Environmental Chemistry | Sulphur Dioxide | Nitrogen Oxides","easy","Consider the following; 1. Carbon monoxide 2. Nitrogen oxide 3. Ozone 4. Sulphur dioxide Excess of which of the above in the environment is/are the cause(s) of acid rain?","1,2 and 3","2 and 4 only","4 only","1,3 and 4","B","Acid rain is primarily caused by the excess presence of nitrogen oxide and sulphur dioxide in the environment. * **Carbon monoxide** is not a direct cause of acid rain. It is a pollutant that contributes to the formation of ground-level ozone, but it does not lead to the production of acid rain. * **Nitrogen oxides**, which include nitric oxide and nitrogen dioxide, are major contributors to acid rain. When these gases react with water, oxygen, and other substances in the atmosphere, they form nitric acid, a key component of acid rain. * **Ozone** is not a direct cause of acid rain. While ozone can have negative environmental impacts, it is not a precursor to the formation of acid rain. * **Sulphur dioxide** is another primary contributor to acid rain. When Sulphur dioxide combines with water, oxygen, and other substances in the atmosphere, it forms sulphuric acid, which is also a major component of acid rain. ![Acid Rain](https://d39jluplm5thpx.cloudfront.net//Acid_rain_65126746d1.JPG)"
"c8c09ab1-8d2f-487e-bd74-29f7938bf530","2022","GS","Environment & Ecology","Conservation Efforts | Aquatic Ecosystem","Coral Reef Restoration | Biorock Technology | Marine Conservation | Environmental Engineering | Sustainable Development","easy","""Biorock technology"" is talked about in which one of the following situations?","Restoration of damaged coral reefs","Development of building materials using plant residues","Identification of areas for exploration/extraction of shale gas","Providing salt licks for wild animals in forests/protected areas","A","Biorock technology uses a low voltage electrical current to stimulate the growth of minerals on submerged structures. This creates a limestone-like material similar to that found in natural coral reefs. ![Biorock Formation](https://d39jluplm5thpx.cloudfront.net//biorock_e12dead2b5.jpg) Biorock structures can provide a stable substrate for coral polyps to attach and grow, accelerating the restoration of degraded coral reefs. While Biorock can be used for other purposes, like creating artificial reefs for mariculture (fish farming) or promoting the growth of seacrete building materials, its application in coral reef restoration is a major area of interest."
"34c5073c-314f-4968-9933-a4ddf1a13f95","2022","GS","Environment & Ecology","Climate Change","West African Lakes | Lake Faguibine | Desertification | Climate Change Impacts | Environmental Degradation","hard","Which one of the following lakes of West Africa has become dry and turned into a desert?","Lake Victoria","Lake Faguibine","Lake Oguta","Lake Volta","B","Lake Faguibine in Mali is a prime example of increasing aridity . Here's how it changed over the years, as seen through false-color Landsat satellite images - Initially, it was one of the largest lakes in West Africa, fed by the Niger River during floods. - In 1974, it spanned approximately 590 square kilometers (230 square miles). - A decline in precipitation from the late 1980s led to its gradual drying. - By the late 1990s, traditional livelihoods like fishing , agriculture , and livestock herding became impractical. - Despite the resumption of normal rainfall after 2000, the lake has remained nearly dry. Lake Victoria is the largest lake in Africa and remains filled with water. Lake Oguta is located in Nigeria and is still a freshwater lake. Lake Volta is one of the largest artificial lake by surface area in the world and remains filled with water from the Volta River. ![Lakes of West Africa](https://d39jluplm5thpx.cloudfront.net//africa_5d1d370f43.jpg)"
"56065edc-7f62-4455-95e4-82ed851e5b52","2022","GS","Environment & Ecology","Climate Change | Institutional Measures for Environment Conservation | International Environmental Framework | Climate Change Mitigation","Climate Change | International Organizations | Environmental Initiatives | Energy Efficiency | Greenhouse Gas Emissions","medium","Consider the following statements: 1. ""The Climate Group"" is an international non-profit organization that drives climate action by building large networks and running them. 2. The International Energy Agency in partnership with the Climate Group launched a global initiative ""EP100"". 3. EP100 brings together leading companies committed to driving innovation in energy efficiency and increasing competitiveness while delivering on emission reduction goals. 4. Some Indian companies are members of EP100. 5. The International Energy Agency is the Secretariat to the ""Under2 Coalition"". Which of the statements given above are correct?","1, 2, 4 and 5","1, 3 and 4 only","2,3 and 5 only","1, 2, 3, 4 and 5","B","**Statement 1 is Correct:** The Climate Group is an international non-profit organization launched in 2004 with offices in London, New York, New Delhi, Amsterdam, and Beijing. It drives climate action by building and coordinating large networks of businesses and governments. **Statement 2 is Incorrect:** EP100 is a global initiative led by The Climate Group in partnership with the Alliance to Save Energy. The International Energy Agency (IEA) is not the founding partner of this initiative. **Statement 3 is Correct:** EP100 brings together a growing group of energy-smart companies committed to improving their energy productivity. By integrating ambitious energy targets into business strategies, these companies drive innovation in energy efficiency and increase competitiveness while meeting emission reduction goals. **Statement 4 is Correct:** Several Indian companies are members of EP100. For instance, Mahindra & Mahindra was the first Indian company to join the initiative, followed by others like Dalmia Cement and UltraTech Cement. **Statement 5 is Incorrect:** The Climate Group serves as the Secretariat for the Under2 Coalition, not the International Energy Agency. The coalition is a global community of state and regional governments committed to keeping global temperature rise well below 2°C."
"4f0ed156-b87d-4962-856d-78cefb482e78","2022","GS","Environment & Ecology","Wet Land Ecosystem","Wetland Ecology | Ecosystem Services | Water Purification | Nutrient Cycling | Phytoremediation","easy","""If rainforests and tropical forests are the lungs of the Earth, then surely wetlands function as its kidneys."" Which one of the following functions of wetlands best reflects the above statement?","The water cycle in wetlands involves surface runoff, subsoil percolation and evaporation.","Algae form the nutrient base upon which fish, crustaceans, molluscs, birds, reptiles and mammals thrive.","Wetlands play a vital role in maintaining sedimentation balance and soil stabilization.","Aquatic plants absorb heavy metals and excess nutrients.","D","Out of the listed functions of wetlands, the one that best reflects the analogy of ""kidneys"" is option D. Kidneys in our body function as a filtering system, removing waste products and excess fluids from the blood. Wetlands with their dense vegetation and saturated soils, wetlands act as natural filters for water. Aquatic plants and microbes in wetlands play a crucial role in - Phytoremediation: Aquatic plants can absorb and accumulate heavy metals and other pollutants from water. - Nutrient cycling: Wetlands help regulate nutrient levels in water by absorbing excess nutrients like nitrogen and phosphorus. This prevents them from flowing into rivers, lakes, and oceans and causing harmful algal blooms. By filtering pollutants and excess nutrients, wetlands help purify water and maintain healthy aquatic ecosystems. This aligns with the concept of kidneys filtering waste from our blood."
"1695dd2c-86a5-4863-9f60-6791881f9b9d","2022","GS","Environment & Ecology","Indian Biodiversity - Fauna | Institutional Measures for Environment Conservation | Biodiversity Basics | Indian Biodiversity - Flora","Bird Identification | Animal Classification | Wildlife of India | Zoology | Environment and Ecology","easy","Which of the following is not a bird?","Golden Mahseer","Indian Nightjar","Spoonbill","White Ibis","A","The **Golden Mahseer** (*Tor putitora*) is a species of large freshwater fish, not a bird. Often referred to as the 'Tiger of the Water', it is native to the Himalayan region and inhabits the rapid streams and rivers of the Indus, Ganga, and Brahmaputra basins. It is recognized by its large golden scales and is currently listed as Endangered on the IUCN Red List. The other options—Indian Nightjar, Spoonbill, and White Ibis—are all avian species found in various habitats across India."
"28d3f199-b7b0-4c38-8873-e0bdc277cca6","2022","GS","Environment & Ecology","Indian Biodiversity - Flora","Nitrogen Fixation | Legumes | Symbiotic Relationships | Rhizobium Bacteria | Plant Nutrition","hard","Which of the following are nitrogen-fixing plants? 1. Alfalfa 2. Amaranth 3. Chickpea 4. Clover 5. Purslane (Kulfa) 6. Spinach Select the correct answer using the code given below:","1, 3 and 4 only","1, 3, 5 and 6 only","2, 4, 5 and 6 only","1, 2, 4, 5 and 6","A","Out of the listed plants, the following are nitrogen-fixing plants: 1. Alfalfa 3. Chickpea 4. Clover These plants have a symbiotic relationship with bacteria called rhizobia. The bacteria colonize nodules in the plant's roots and fix atmospheric nitrogen into a usable form (nitrates) that the plant can absorb. ![Nitrogen Fixation](https://d39jluplm5thpx.cloudfront.net//n2_fixation_e7b0e1250a.jpg) The other options are not nitrogen-fixing plants: 2. Amaranth 5. Purslane (Kulfa) 6. Spinach These plants require nitrogen from the soil but cannot fix it themselves. They rely on soil nitrogen content or applied fertilizers. Remember: Purslane is a weed. If you would have known this piece of information, the question could have been easily solved by simple elimination. Therefore, the correct answer is (1, 3, 4)."
"7caaf814-3dfb-4f21-afb7-97030b0aee5a","2022","GS","Environment & Ecology","Institutional Measures for Environment Conservation | National Environmental Legislations","Environment Protection Act 1986 | Central Ground Water Authority (CGWA) | Groundwater Management | Water Resources | Environmental Law","medium","Which one of the following has been constituted under the Environment (Protection) Act, 1986?","Central Water Commission","Central Ground Water Board","Central Ground Water Authority","National Water Development Agency","C","**Central Ground Water Authority (CGWA)** has been constituted under Section 3 (3) of the Environment (Protection) Act, 1986 to regulate and control development and management of groundwater resources in the country. **Central Water Commission (CWC)** - Established in 1945, the CWC is a technical organization under the Ministry of Jal Shakti. It focuses on water resource planning, development, and management in India, but its legal basis comes from other central government acts. **Central Ground Water Board (CGWB)** - While it works in close collaboration with the CGWA, the CGWB is a subordinate organization under the Ministry of Jal Shakti, established in 1970. It functions as the technical arm of the CGWA, providing hydrogeological data and technical expertise. **National Water Development Agency (NWDA)** - This autonomous agency, established in 1982 under the Ministry of Jal Shakti, operates under the Societies Registration Act, 1860. It focuses on resolving interstate water resource disputes, conducting feasibility studies for water resource development projects, and planning water transfer and linking projects."
"b3f77c93-d8f5-4b9f-a121-1d4955c17c0c","2022","GS","Environment & Ecology","Environmental Pollution","Polyethylene Terephthalate (PET) | Plastic Recycling | Environmental Impact of Plastics | Greenhouse Gas Emissions | Material Properties","medium","With reference to polyethylene terephthalate, the use of which is so widespread in our daily lives, consider the following statements: 1. Its fibres can be blended with wool and cotton fibres to reinforce their properties. 2. Containers made of it can be used to store any alcoholic beverage. 3. Bottles made of it can be recycled into other products. 4. Articles made of it can be easily disposed of by incineration without causing greenhouse gas emissions. Which of the statements given above are correct ?","1 and 3","2 and 4","1 and 4","2 and 3","A","**Statement 1 is correct.** PET fibres can be blended with cotton or wool to improve properties like wrinkle resistance and durability. **Statement 2 is incorrect.** Not all PET containers are suitable for all alcoholic beverages. Some PET can leach chemicals at high temperatures or with certain types of alcohol. It's important to check for specific suitability indicators on the packaging. **Statement 3 is correct.** PET bottles are one of the most commonly recycled plastics. They can be reprocessed into various products like clothing fibres, new bottles, or building materials. **Statement 4 is incorrect.** Incineration of PET, like most plastics, generates greenhouse gas emissions, including carbon dioxide. While PET has a lower emission profile compared to some other plastics, it's still not a zero-emission disposal method. Remember: Statements like store any kind of alcoholic beverages are vague & ambiguous, so they ought to be eliminated. Also, incineration of any substance cannot be environment friendly as it would definitely release GHGs. Hence the only Option left is Option A. Therefore, the correct statements are 1 and 3."
"a7aea894-3b45-4a86-9718-17ff85568de3","2022","GS","World Geography","Continents","World Geography | Regions in News | Anatolia | Turkey | Amhara | Ethiopia | Cabo Delgado | Mozambique | Catalonia | Spain","medium","Consider the following pairs: Region often mentioned in the news - Country 1. Anatolia – Turkey 2. Amhara – Ethiopia 3. Cabo Delgado – Spain 4. Catalonia – Italy How many pairs given above are correctly matched?","Only one pair","Only two pairs","Only three pairs","All four pairs","B","**Pair 1 is correctly matched.** Anatolia is the peninsula of land that today constitutes the Asian portion of Turkey. Because of its location at the point where the continents of Asia and Europe meet, Anatolia was, from the beginnings of civilization, a crossroads for numerous peoples migrating or conquering from either continent. ![Anatolia](https://d39jluplm5thpx.cloudfront.net//anatolia_cc4328f7dd.jpg) **Pair 2 is correctly matched.** The Amhara Region is located in the northwestern part of Ethiopia. It is the homeland of the Amhara people. Amhara is the site of the largest inland body of water in Ethiopia, Lake Tana. The Amhara region is often mentioned in the news due to historical conflicts among Oromo, Amhara, and Tigrayan groups of Ethiopia. ![Ethiopia](https://d39jluplm5thpx.cloudfront.net//ethiopia_55f9a4a28d.jpg) **Pair 3 is not correctly matched.** Cabo Delgado is the northernmost province of Mozambique (not Spain). It has been in the news because Mozambique's Al-Shabab extremist group has been carrying out attacks in the province since 2017. ![Cabo Delgado](https://d39jluplm5thpx.cloudfront.net//cabo_111418401f.jpg) **Pair 4 is not correctly matched.** Catalonia occupies a triangular area in the northeastern corner of Spain (not Italy). It is bordered by France and Andorra to the north, the Mediterranean Sea to the east, the autonomous community of Valencia to the south, and the autonomous community of Aragon to the west. Recently, mass protests broke out across Spain's Catalonia region after its former separatist leader Carles Puigdemont was arrested. ![Catalonia](https://d39jluplm5thpx.cloudfront.net//catalonia_71437ed577.jpg) Therefore, only two pairs (Anatolia – Turkey and Amhara – Ethiopia) are correctly matched."
"4ee11ddc-52dc-4b23-adde-3a396e5909ab","2022","GS","World Geography","Continents","Central Asia Geography | Afghanistan Geography | Country Borders | Political Geography | Landlocked Countries","medium","Consider the following countries: 1. Azerbaijan 2. Kyrgyzstan 3. Tajikistan 4. Turkmenistan 5. Uzbekistan Which of the above have borders with Afghanistan?","1, 2 and 5 only","1, 2, 3 and 4 only","3, 4 and 5 only","1, 2, 3, 4 and 5","C","**Statement 1 is Incorrect:** Azerbaijan is located in the Caucasus region on the western shore of the Caspian Sea and does not share a border with Afghanistan. **Statement 2 is Incorrect:** Kyrgyzstan is located to the north of Tajikistan and does not share a border with Afghanistan. **Statement 3 is Correct:** Tajikistan shares a long border with Afghanistan to the north and northeast. **Statement 4 is Correct:** Turkmenistan shares a border with Afghanistan to the northwest. **Statement 5 is Correct:** Uzbekistan shares a border with Afghanistan to the north. Afghanistan is a landlocked country. Its other neighbors include Pakistan to the east and south, Iran to the west, and China to the northeast via the narrow Wakhan Corridor."
"b7c78b47-b2b7-447b-98e7-1ffc7da71861","2022","GS","Indian Geography","Agriculture","tea production in India | Indian tea producing states | geography of tea cultivation in India | tea cultivation regions in India | agricultural geography of India","medium","Consider the following States: 1. Andhra Pradesh 2. Kerala 3. Himachal Pradesh 4. Tripura How many of the above are generally known as tea-producing States?","Only one State","Only two States","Only three States","All four States","D","Statement 1 is correct: Although less common than coffee, tea is grown in the high-altitude regions of Andhra Pradesh (such as the Chintapalli and Araku areas). Statement 2 is correct: Kerala is a major tea producer, especially in the Munnar, Wayanad, and Idukki districts. Statement 3 is correct: Himachal Pradesh is famous for its Kangra Tea, which holds a GI tag and is known for its unique flavor. Statement 4 is correct: Tripura is a significant tea-producing state in the Northeast, ranking among the top 5-6 producers in the country. Note: This is a UPSC Prelims 2022 Previous Year Question. Per the Official Answer Key, Andhra Pradesh is included as a tea-producing state. ![tps](https://d39jluplm5thpx.cloudfront.net//Tea_Producing_states_68575720f3.jpg)"
"67b3edfc-ae9d-45fb-9cbd-9a39def93050","2022","GS","Indian Geography","Major Physical Divisions of India","Indian Geography: Mountain Peaks | Himalayan Ranges and Peaks | Nanda Devi location and significance | Namcha Barwa location and significance | Nokrek location and significance","easy","Consider the following pairs: |Peak|Mountains | |-- |--| |1. Namcha Barwa | A. Garhwal Himalaya| |2. Nanda Devi|B. Kumaon Himalaya | |3. Nokrek | C. Sikkim Himalaya | Which of the statements given above is/are correctly matched?","1 and 2","2 only","1 and 3","3 only","B","Pair 1 is incorrectly matched: Namcha Barwa is located in the Arunachal Himalayas (Eastern Himalayas) in the Great Bend of the Brahmaputra River. The Garhwal Himalayas are located further west in Uttarakhand (e.g., Kamet, Trisul). Pair 2 is correctly matched: Nanda Devi is the highest peak in the Kumaon Himalayas (Uttarakhand). It is the second-highest mountain in India and the highest located entirely within the country. Pair 3 is incorrectly matched: Nokrek is the highest peak of the Garo Hills in Meghalaya. It is part of the Shillong Plateau/Meghalaya Plateau, not the Sikkim Himalayas. ![Mountain Peaks](https://d39jluplm5thpx.cloudfront.net//mountain_peak_2c432bb853.jpg)"
"1a100538-5f01-4087-8d9c-ad1974026f7e","2022","GS","World Geography","Continents","World Geography | Mediterranean Sea | Eastern Mediterranean | Levant | Geopolitical Regions","medium","The term ""Levant"" often heard in the news roughly corresponds to which of the following regions?","Region along the eastern Mediterranean shores","Region along North African shores stretching from Egypt to Morocco","Region along Persian Gulf and Horn of Africa","The entire coastal areas of the Mediterranean Sea.","A","The term ""Levant"" refers to the geographical region located along the eastern shores of the Mediterranean Sea. This region typically includes the countries of Cyprus, Israel, Jordan, Lebanon, Palestine, Syria and Turkey (the southern/southeastern region). ![Levant Region](https://d39jluplm5thpx.cloudfront.net//levant_b05ae4da25.jpg) The Levant connects Anatolia, the Caucasus, Mesopotamia, and Egypt. It encompasses the eastern Mediterranean coastline and the hinterlands that stretch inland from that coast. The Levant has faced prolonged unrest, including the Israeli-Palestinian conflict, the Syrian Civil War, and ethnic and religious tensions."
"3a4b701f-bc01-4dd5-bae6-67736d8399ab","2022","GS","Physical Geography","Movement of Earth","Summer Solstice | Earth's Tilt | Tropic of Cancer | Northern Hemisphere | Solar Declination","easy","In the northern hemisphere, the longest day of the year normally occurs in the:","First half of the month of June","Second half of the month of June","First half of the month of July","Second half of the month of July","B","The longest day of the year in the northern hemisphere, also known as the summer solstice, typically occurs in the second half of the month of June. This is when the sun is directly over the Tropic of Cancer, or more specifically right over 23.5-degree north latitude. The exact date can vary slightly from year to year, but it is usually on June 20th or 21st. ![Summer Solstice](https://d39jluplm5thpx.cloudfront.net//summer_solstice_19ce1c5584.jpg)"
"7b5ebc47-b333-422f-8c2c-d71b6d4f87d7","2022","GS","Physical Geography","Atmosphere","Cloud Types | Atmospheric Radiation | Greenhouse Effect | Climate Change | Physical Geography","hard","Consider the following statements: 1. High clouds primarily reflect solar radiation and cool the surface of the Earth. 2. Low clouds have a high absorption of infrared radiation emanating from the Earth's surface and thus cause a warming effect. Which of the statements given above is/are correct?","1 only","2 only","Both 1 and 2","Neither 1 nor 2","D","**Statement 1 is incorrect.** High clouds are often thin and do not reflect very much. They let lots of the Sun's warmth in. They primarily transmit incoming solar radiation. At the same time, they trap some of the outgoing infrared radiation emitted by the Earth and radiate it back downward, thereby warming the surface of the Earth. **Statement 2 is incorrect.** Low clouds are often quite thick and reflect lots of sunlight back to space. Low clouds are excellent reflectors. But, they don't stop the longwave energy from escaping to space. Therefore, low clouds help to cool the Earth. ![Cloud Effect on Radiation](https://d39jluplm5thpx.cloudfront.net//cloud_effect_79a676df89.jpg)"
"fe8e2f4c-e0eb-4282-8d10-301d7b4c520a","2022","GS","Indian Geography","Drainage System","Indian Geography | Rivers of India | Peninsular Rivers | Landforms in India | Canyons in India","medium","Gandikota canyon of South India was created by which one of the following rivers?","Cauvery","Manjira","Pennar","Tungabhadra","C","Gandikota is a small village in the Kadapa district of Andhra Pradesh. The village is majorly known for housing the spectacular gorge which is famously adjudged as the “Grand Canyon of India”. The canyon is a gorge carved out over millions of years by the Pennar River that streams from the Erramala hills. It's known for its red-hued, layered, and jagged rock formations."
"e02339e9-6338-430c-af30-dd83b7b5d366","2022","GS","Indian Geography","Mineral Resource","Monazite mineral composition and uses | Rare earth elements in India | Thorium deposits in India | Indian coastal sands mineral resources | Atomic Energy Act and monazite processing in India","easy","With reference to India, consider the following statements: 1. Monazite is a source of rare earths. 2. Monazite contains thorium. 3. Monazite occurs naturally in the entire Indian coastal sands in India. 4. In India, Government bodies only can process or export monazite. Which of the statements given above are correct?","1, 2 and 3 only","1, 2 and 4 only","3 and 4 only","1, 2, 3 and 4","B","Monazite is a brown crystalline mineral consisting of cerium, lanthanum, other rare earth elements, and thorium. Monazite usually occurs in small, isolated crystals or grains that are resistant to weathering and become concentrated in soils. **Statements 1 and 2 are correct.** Monazite is a major source of rare earths and thorium. It yields several rare-earth elements, such as neodymium and praseodymium. Both of these are in demand internationally for making high-performance rare-earth magnets (components of power wind turbines, electric vehicles and robotics) **Statement 3 is incorrect.** Though monazite is found in most coastal areas of India. It is questionable to be found along the entire coast. The main mines are found along the coasts of southern India in Kerala, Tamil Nadu and in Orissa. **Statement 4 is correct.** Export of monazite without a license from AERB is a violation of the Atomic Energy (Radiation Protection) Rules 2004. Indian Rare Earths Limited (IREL), a wholly owned Public Sector Undertaking of the Government of India (GOI) under DAE, is the only entity that has been permitted to produce and process monazite and handle it for domestic use as well as for export."
"b64d3848-a4b4-4d13-adfa-ab5d5ab15f09","2022","GS","Indian Geography","Drainage System","Indian reservoirs and their locations | Ghataprabha Reservoir location | Gandhi Sagar Reservoir location | Indira Sagar Reservoir location | Maithon Reservoir location","hard","Consider the following pairs: Reservoirs — States 1. Ghataprabha — Telangana 2. Gandhi Sagar — Madhya Pradesh 3. Indira Sagar — Andhra Pradesh 4. Maithon — Chhattisgarh How many pairs given above are not correctly matched?","Only one pair","Only two pairs","Only three pairs","All four pairs","C","**Pair 1 is not correctly matched.** Ghataprabha Reservoir Located in Karnataka, not Telangana. **Pair 2 is correctly matched.** Gandhi Sagar Reservoir Located in Madhya Pradesh (correctly matched). **Pair 3 is not correctly matched.** Indira Sagar Reservoir Located in Madhya Pradesh, not Andhra Pradesh. **Pair 4 is not correctly matched.** Maithon Reservoir Located in Jharkhand, not Chhattisgarh. ![Dams in India](https://d39jluplm5thpx.cloudfront.net//dam2_e8d456ffb7.jpg)"
"e8a75eed-3720-44c4-a65b-a91d53b3b3f1","2022","GS","Indian Polity","Parliament","Lok Sabha | Parliamentary Powers | Council of Ministers | No-Confidence Motion | Impeachment of President","easy","Which of the following is/are the exclusive power(s) of Lok Sabha? 1. To ratify the declaration of Emergency 2. To pass a motion of no-confidence against the Council of Ministers 3. To impeach the President of India Select the correct answer using the code given below:","1 and 2","2 only","1 and 3","3 only","B","* **Statement 1 is incorrect:** The power to ratify a proclamation of Emergency is shared by both Houses. Under the Constitution, any such proclamation must be laid before and approved by both the Lok Sabha and the Rajya Sabha within a specified timeframe. * **Statement 2 is correct:** This is an exclusive power of the Lok Sabha. Since the Council of Ministers is collectively responsible only to the House of the People (Lok Sabha) under Article 75, the Rajya Sabha cannot pass a No-Confidence Motion. * **Statement 3 is incorrect:** The process of impeachment is a quasi-judicial procedure that can be initiated in either the Lok Sabha or the Rajya Sabha. Therefore, it is not an exclusive power of the Lok Sabha."
"30a5c9e0-7f39-4418-8d4e-5840f61a4d65","2022","GS","Indian Polity","Elections","Open Source Software | Digital Platforms | Government Initiatives | Aarogya Setu | CoWIN | Digi Locker | DIKSHA","medium","Consider the following 1. Aarogya Setu 2. CoWIN 3. Digi Locker 4. DIKSHA Which of the above are built on top of open-source digital platforms?","1 and 2 only","2, 3 and 4 only","1, 3 and 4 only","1, 2, 3 and 4","D","An open-source digital platform is essentially a software platform where the underlying code is freely available for anyone to see, modify, and distribute. This openness fosters collaboration, transparency, and innovation in software development. All of the above (1. Aarogya Setu, 2. CoWIN, 3. Digi Locker, 4. DIKSHA) are built on top of open-source digital platforms. - Aarogya Setu initially wasn't open-source, but the Indian government later made its source code available. - CoWIN leverages open-source software for its development. - DigiLocker utilizes an open-source platform called Digital Locker System. - DIKSHA is built on the open-source platform Sunbird."
"076df7c0-8006-49b1-a4b2-bbb4f6115b8a","2022","GS","Indian Polity","Union Territories and Special Areas","Fifth Schedule | Scheduled Areas | Scheduled Tribes | Tribal Administration | Land Transfer Regulations","medium","If a particular area is brought under the Fifth Schedule of the Constitution of India, which one of the following statements best reflects the consequence of it?","This would prevent the transfer of land of tribal people to non-tribal people.","This would create a local self-governing body in that area.","This would convert that area into a Union Territory.","The State having such areas would be declared a Special Category State.","A","The Fifth Schedule of the Constitution deals with the administration and control of Scheduled Areas as well as of Scheduled Tribes residing in any State other than the States of Assam, Meghalaya, Tripura, and Mizoram. The governor can make regulations for the peace and good government of a scheduled area after consulting the tribes' advisory council. Such regulations may prohibit or restrict the transfer of land by tribal to non tribal members or among members of the scheduled tribes, and regulate the allotment of land to members of the scheduled tribes. **Option B is incorrect.** According to the provisions of Paragraph 4, under Article 244(1) of the Fifth Schedule of the Constitution of India, the Tribes Advisory Councils (TAC) shall be established in each State having Scheduled Areas therein and, if the President so directs, also in any State having Scheduled Tribes but not Scheduled Areas. The tribal advisory council is an advisory body, not a governing body. **Option C is incorrect.** Bringing any particular area under the Fifth Schedule of the Constitution of India does not convert the area into a Union Territory. **Option D is incorrect.** Bringing any particular area under the Fifth Schedule of the Constitution of India does not get declared as a Special Category State."
"1377f4b6-18e0-4557-ad00-a4933d0b8450","2022","GS","Indian Polity","Non-Constitutional Bodies","Advocates Act 1961 | Bar Council of India | Legal Profession in India | Legal Education in India | Regulation of Legal Practice","hard","With reference to India, consider the following statements: 1. Government law officers and legal firms are recognised as advocates, but corporate lawyers and patent attorneys are excluded from recognition as advocates. 2. Bar Councils have the power to lay down the rules relating to legal education and recognition of law colleges. Which of the statements given above is/are correct?","1 only","2 only","Both 1 and 2","Neither 1 nor 2","B","**Statement 1 is Incorrect:** Under the Advocates Act, 1961, only individual practitioners can be enrolled as advocates; legal firms are not recognized as advocates. Furthermore, corporate lawyers and patent attorneys are not categorically excluded from recognition; if they are enrolled with a State Bar Council, they are recognized as advocates. **Statement 2 is Correct:** Section 7 of the Advocates Act, 1961, empowers the Bar Council of India (BCI) to promote legal education and lay down standards for such education in consultation with Universities and State Bar Councils. The BCI also has the power to recognize Universities whose degree in law shall be a qualification for enrollment as an advocate and to inspect law colleges for this purpose."
"e480def1-30ed-43ae-a4eb-48e384cb312b","2022","GS","Indian Polity","Fundamental Rights","Writs in India | Mandamus | Quo Warranto | Public Duty | Government Company","medium","With reference to the writs, issued by the Courts in India, consider the following statements: 1. Mandamus will not lie against a private organisation unless it is entrusted with a public duty. 2. Mandamus will not lie against a Company even though it may be a Government Company. 3. Any public minded person can be a petitioner to move the Court to obtain the writ of Quo Warranto. Which of the statements given above are correct?","1 and 2 only","2 and 3 only","1 and 3 only","1, 2 and 3","D","**Statement 1 is correct:** Mandamus is a command issued by the court to a public official asking him to perform his official duties that he has failed or refused to perform. It can also be issued against any public body, a corporation, an inferior court, a tribunal, or a government for the same purpose. It is usually not usable against a private entity unless it is entrusted with a public duty. **Statement 2 is correct:** As explained above, Mandamus can be used against a government corporation and/or company when it is discharging a **""public duty""**, so the statement is incomplete. Public Duty is Key: Mandamus aims to compel performance of a public duty, not just private functions. **Statement 3 is correct:** Quo Warranto is issued by the court to inquire into the legality of the claim of a person to a public office. Hence, it prevents illegal usurpation of public office by a person. Unlike the other writs, this can be sought by any interested person and not necessarily by the aggrieved person. **Note (on Statement 2):** In UPSC Prelims, statements must be judged as written, without adding extra conditions. A company does not become subject to the writ of Mandamus only because it is a Government company. Government ownership by itself is not enough. Since Statement 2 is framed in this limited and absolute sense, and no additional condition like “public duty” is mentioned, the statement is treated as correct."
"76586be7-5aee-402c-a3b7-6f47e165a0df","2022","GS","Indian Polity","Supreme Court | High Court | Parliament","Contempt of Court | Contempt of Courts Act, 1971 | H.N. Sanyal Committee | Supreme Court | High Courts | Parliamentary Powers","medium","Consider the following statements : 1. Pursuant to the report of H.N. Sanyal Committee, the Contempt of Courts Act, 1971 was passed. 2. The Constitution of India empowers the Supreme Court and the High Courts to punish for contempt of themselves. 3. The Constitution of India defines Civil Contempt and Criminal Contempt. 4. In India, the Parliament is vested with the powers to make laws on Contempt of Court. Which of the statements given above is/are correct?","1 and 2 only","1, 2 and 4","3 and 4 only","3 only","B","**Statement 1 is correct:** The Contempt of Courts Act, 1971 was enacted based on the recommendations of the H.N. Sanyal Committee, which examined the law relating to contempt of courts. **Statement 2 is correct:** Articles 129 and 215 of the Constitution empower the Supreme Court and High Courts, respectively, to punish for contempt of themselves. **Statement 3 is incorrect:** The Constitution does not define civil contempt and criminal contempt; these are defined under the Contempt of Courts Act, 1971. **Statement 4 is correct:** Parliament has the power to make laws on contempt of court, as evidenced by the enactment of the Contempt of Courts Act, 1971."
"80b68730-87db-4053-a800-d34a8a5c0b1e","2022","GS","Indian Polity","Amendment of the Constitution | Parliament | Basic Structure","Constitution Amendment | Article 368 | Parliamentary Procedure | President's Assent | Special Majority","easy","Consider the following statements: 1. A bill amending the Constitution requires a prior recommendation of the President of India. 2. When a Constitution Amendment Bill is presented to the President of India, it is obligatory for the President of India to give his/her assent. 3. A Constitution Amendment Bill must be passed by both the Lok Sabha and the Rajya Sabha by a special majority and there is no provision for joint sitting. Which of the statements given above are correct?","1 and 2 only","2 and 3 only","1 and 3 only","1, 2 and 3","B","**Statement 1 is incorrect.** A Constitution Amendment Bill can be introduced either by a minister or by a private member and does not require prior permission from the President. **Statement 2 is correct.** The 24th Amendment of the Indian Constitution amended Article 368 to provide expressly that Parliament has the power to amend any provision of the Constitution and the President is obliged to give his/her assent. **Statement 3 is also correct.** A Constitution Amendment Bill must be passed by a special majority in both houses and there is no provision for a joint sitting in case of disagreement. So, the second and third statements are correct."
"1a291279-30f4-4fcc-b6f2-40e4e2152f04","2022","GS","Indian Polity","Political Dynamics","Anti-Defection Law | Tenth Schedule of the Constitution | Parliamentary Procedure | Disqualification of Members | Presiding Officer","easy","With reference to anti-defection law in India, consider the following statements: 1. The law specifies that a nominated legislator cannot join any political party within six months of being appointed to the House. 2. The law does not provide any time-frame within which the presiding officer has to decide a defection case. Which of the statements given above is/are correct ?","1 only","2 only","Both 1 and 2","Neither 1 nor 2","B","**Statement 1 is incorrect.** As per the Anti-Defection Law, a nominated legislator can join a political party within six months of being appointed to the House, not after such time. **Statement 2 is correct.** The Anti-Defection Law does not specify any time limit for the presiding officer to decide on a defection case. So, only the second statement is correct."
"6d7ca788-90e6-4c58-aa3b-fa548f55269b","2022","GS","Indian Polity","Parliament","Deputy Speaker of Lok Sabha | Lok Sabha Rules of Procedure | Election of Deputy Speaker | Powers of Deputy Speaker | Parliamentary Conventions","easy","With reference to Deputy Speaker of Lok Sabha, consider the following statements : 1. As per the Rules of Procedure and Conduct of Business in Lok Sabha, the election of Deputy Speaker shall be held on such date as the Speaker may fix. 2. There is a mandatory provision that the election of a candidate, as Deputy Speaker of Lok Sabha shall be from either the principal opposition party or the ruling party. 3. The Deputy Speaker has the same power as of the Speaker when presiding over the sitting of the House and no appeal lies against his rulings. 4. The well established parliamentary practice regarding the appointment of Deputy Speaker is that the motion is moved by the Speaker and duly seconded by the Prime Minister. Which of the statements given above are correct?","1 and 3 only","1, 2 and 3","3 and 4 only","2 and 4 only","A","**Statement 1 is correct:** The date of election of the Deputy Speaker is fixed by the Speaker. On the other hand date of election of the Speaker is fixed by the President. **Statement 2 is incorrect:** There is no mandatory provision that the election of a candidate, as Deputy Speaker of Lok Sabha, shall be from either the principal opposition party or the ruling party. It is only by convention that the position of Deputy Speaker is offered to the opposition party in India. **Statement 3 is correct:** In case of the absence of the Speaker, the Deputy Speaker presides over the sessions of the Lok Sabha and conducts the business in the house. The Deputy Speaker has the same power as the Speaker when presiding over the sitting of the House. **Statement 4 is incorrect:** The Deputy Speaker is also elected by the Lok Sabha from amongst its members right after the election of the Speaker has taken place. There is no provision and or established practice of moving the motion for his election by the speaker and it is seconded by the prime minister."
"e8b2520b-44f8-4afd-b1c5-5b070ba81ec4","2022","GS","Indian Polity","Union Executive | State Executive","Council of Ministers | Cabinet Ministers | Ministers of State | 91st Amendment | Indian Constitution","easy","Consider the following statements: 1. The Constitution of India classifies the ministers into four ranks viz. Cabinet Minister, Minister of State with Independent Charge, Minister of State and Deputy Minister. 2. The total number of ministers in the Union Government/including the Prime Minister, shall not exceed 15 percent of the total number of members in the Lok Sabha. Which of the statements given above is/are correct?","1 only","2 only","Both 1 and 2","Neither 1 nor 2","B","**Statement 1 is incorrect:** The Constitution of India does not classify ministers into four fixed ranks. There are broadly two categories based on parliamentary convention - Cabinet Ministers and Ministers of State (with or without independent charge). The number of ranks can vary based on the specific structure chosen by the government. **Statement 2 is correct:** The 91st Amendment to the Constitution limits the size of the Council of Ministers. The total number of ministers, including the Prime Minister, cannot exceed 15% of the total strength of the Lok Sabha."
"079fee46-65e3-419f-a2a1-358d1c9a55c3","2022","GS","Indian Polity","Constitutional Bodies","Indian Polity | Parliament of India | Attorney General of India | Solicitor General of India | Article 88 of the Constitution of India","medium","Consider the following statements : 1. Attorney General of India and Solicitor General of India are the only officers of the Government who are allowed to participate in the meetings of the Parliament of India. 2. According to the Constitution of India, the Attorney General of India submits his resignation when the Government which appointed him resigns. Which of the statements given above is/are correct?","1 only","2 only","Both 1 and 2","Neither 1 nor 2","D","**Statement 1 is incorrect:** As per Article 88, Every minister and the Attorney-General of India shall have the right to speak in, and otherwise to take part in the proceedings of, either House, any joint sitting of the Houses and any committee of Parliament of which he may be named a member, but shall not by virtue of this article be entitled to vote. The Solicitor General does not participate in the meetings of Parliament. **Statement 2 is incorrect:** As per Article 76, the Attorney General shall hold office during the pleasure of the President and shall receive such remuneration as the President may determine Conduct of Government Business. There is no mention in the Indian Constitution of the need for him to submit his resignation when the Government which appointed him resigns."
"00d8e690-a0da-4aa5-87b4-9978fa814270","2022","GS","International Relations","India and Africa Relations","Refugee Crisis | South Sudan Civil War | Somalia Civil War | Refugee Settlements | East Africa","medium","Consider the following statements: 1. Bidibidi is a large refugee settlement in north -western Kenya. 2. Some people who fled from South Sudan civil war live in Bidibidi. 3. Some people who fled from civil war in Somalia live in Dadaab refugee complex in Kenya. Which of the statements given above is/are correct?","1 and 2","2 only","3 only","2 and 3","D","**Statement 1 is Incorrect:** Bidibidi is a large refugee settlement in northwestern Uganda, not Kenya. **Statement 2 is Correct:** People fleeing the civil war in South Sudan have been hosted in the Bidibidi settlement. **Statement 3 is Correct:** The Dadaab refugee complex is located in Kenya and houses refugees, including those who fled the civil war in Somalia. Therefore, the correct statements are 2 and 3 only."
"93ed8adf-df1d-4eab-bfbb-80f190eac3f0","2022","GS","International Relations","India and Africa Relations","International Relations | Current Affairs | Geopolitics | Africa | Middle East","hard","Consider the following pairs: Country - Important reason for being in the news recently 1. Chad – Setting up of permanent military base by China. 2. Guinea – Suspension of Constitution and Government by military 3. Lebanon – Severe and prolonged economic depression 4. Tunisia – Suspension of Parliament by President How many pairs given above are correctly matched?","Only one pair","Only two pairs","Only three pairs","All four pairs","C","**Pair 1 is incorrectly matched.** China has not established any permanent military base in Chad. **Pair 2 is correctly matched.** Guinean special forces staged a coup, captured President Alpha Conde, replaced governors with the military, and dissolved the constitution and National Assembly. **Pair 3 is correctly matched.** Lebanon has been experiencing a severe and prolonged economic depression since 2019, driven by political instability, inadequate reforms, and systemic corruption. The economic crisis has affected approximately 74% of the population. **Pair 4 is correctly matched.** Tunisian President Kais Saied dissolved the suspended parliament after lawmakers held an online meeting and voted to repeal presidential decrees. He called it a failed coup attempt. ![Countries](https://d39jluplm5thpx.cloudfront.net//lebanon_10662a7298.jpg)"
"3ff4ebc0-4558-4a40-ad9b-ab9b6589ff8c","2022","GS","International Relations","India and South East Asia Relations","Vietnam Economy | Southeast Asian Economies | Global Supply Chains | Export-Oriented Growth | Political Systems | Communist Party","medium","Consider the following statements: 1. Vietnam has been one of the fastest growing economies in the world in recent years. 2. Vietnam is led by a multi-party political system. 3. Vietnam's economic growth is linked to its integration with global supply chains and focus on exports. 4. For a long time, Vietnam's low labor costs and stable exchange rates have attracted global manufacturers. 5. Vietnam has the most productive e-service sector in the Indo-Pacific region. Which of the statements given above are correct?","2 and 4","3 and 5","1, 3 and 4","1 and 2","C","**Statements 1 and 3 are correct.** Vietnam’s open economic policy of recent years integrating into global supply chains has made the growth success story possible. Vietnam's export-led growth strategy and global integration are among the key factors behind the country's remarkable achievements in growth and poverty. Vietnam was one among the few countries to post GDP growth rate figures in 2020 when the pandemic hit. Vietnam is projected to be the fastest-growing internet economy in Southeast Asia in the next 10 years. **Statement 2 is not correct.** Vietnam is a one-party communist state, not a multi-party parliamentary democracy. ![Vietnam](https://d39jluplm5thpx.cloudfront.net//vietnam_n_3173b63a11.jpg) **Statement 4 is correct.** Thanks to an abundance of low-wage labour, Vietnam's manufacturing sector grew at a compound annual growth in the last decade. As the rest of East Asia developed and wages there rose, global manufacturers were lured by Vietnam's low labour costs and stable exchange rate. Hence, **Statement 5 is not correct.** According to the Asian Development Bank Report, e-services including digital financial services are at a very nascent stage in Vietnam."
"182cfc02-2e44-452a-b054-fcf04ec9bcb2","2022","GS","International Relations","Multilateral Groupings","G20 Common Framework | Debt Sustainability | Low Income Countries | Paris Club | International Debt Relief","medium","With reference to the ""G20 Common Framework"", consider the following statements: 1. It is an initiative endorsed by the G20 together with the Paris Club. 2. It is an initiative to support Low Income Countries with unsustainable debt. Which of the statements given above is/are correct ?","1 only","2 only","Both 1 and 2","Neither 1 nor 2","C","**Statement 1 is correct.** The G20 Common Framework is an initiative endorsed by the G20 together with the Paris Club. It was created in November 2020 to help Low Income Countries (LICs) facing unsustainable debt burdens. **Statement 2 is correct.** The G20 Common Framework specifically targets Low Income Countries with unsustainable debt. It provides a mechanism for these countries to restructure their debts in a coordinated manner with participation from various creditors, including official bilateral creditors, private creditors, and multilateral institutions. Hence, both statements about the G20 Common Framework are correct."
"19bd1d93-a614-4b34-b18a-f0c97c8af57e","2022","GS","International Relations","Regional Groupings","Organization of Turkic States | Turkic Council | Cooperation Council of Turkic Speaking States | International Organizations | Geopolitics","medium","Consider the following countries 1. Armenia 2. Azerbaijan 3. Croatia 4. Romania 5. Uzbekistan Which of the above are members of the Organization of Turkic States?","1, 2 and 4","1 and 3","2 and 5","3, 4 and 5","C","**Statement 1 is Incorrect:** Armenia is not a member of the Organization of Turkic States. **Statement 2 is Correct:** Azerbaijan is a founding member of the Organization of Turkic States. **Statement 3 is Incorrect:** Croatia is not a member of the Organization of Turkic States. **Statement 4 is Incorrect:** Romania is not a member of the Organization of Turkic States. **Statement 5 is Correct:** Uzbekistan is a full member of the Organization of Turkic States, having officially joined in 2019. The Organization of Turkic States (formerly known as the Turkic Council) is an intergovernmental organization established to promote comprehensive cooperation among Turkic-speaking states. Its current full members are Azerbaijan, Kazakhstan, Kyrgyzstan, Turkey, and Uzbekistan. Hungary, Turkmenistan, and the Turkish Republic of Northern Cyprus hold observer status."
"0d0c6544-f55b-4952-957b-3437e534bcaf","2022","GS","International Relations","The United Nations","United Nations | UN General Assembly | Credentials Committee | UN Rules of Procedure | International Organizations","medium","With reference to the “United Nations Credentials Committee”, consider the following statements: 1. It is a committee set up by the UN Security Council and works under its supervision. 2. It traditionally meets in March, June and September every year. 3. It assesses the credentials of all UN members before submitting a report to the General Assembly for approval. Which of the statements given above is/are correct?","3 only","1 and 3","2 and 3","1 and 2","A","**Statement 1 is incorrect.** The United Nations Credentials Committee is a committee of the United Nations General Assembly. **Statement 2 is incorrect.** A Credentials Committee is appointed at the beginning of each regular session of the General Assembly. It consists of nine members, who are appointed by the General Assembly on the proposal of the President. **Statement 3 is correct.** The Committee reports to the Assembly on the credentials of representatives. The Committee is mandated to examine the credentials of representatives of Member States and to report to the General Assembly thereon (Rule 28 of the Rules of Procedure of the General Assembly). The credentials of representatives and the names of members of the delegation of each Member State are submitted to the Secretary-General and are issued either by the Head of the State or Government or by the Minister for Foreign Affairs (Rule 27 of the Rules of Procedure of the General Assembly)."
"473c0e22-8395-490d-92ce-47eec4b2763a","2022","GS","International Relations","India and its Neighbourhood Relations","Senkaku Islands | East China Sea | Territorial Disputes | China-Japan Relations | Maritime Boundaries","easy","Which one of the following statements best reflects the issue which Senkaku Islands, sometimes mentioned in the news?","It is generally believed that they are artifi cial islands made by a country around South China Sea.","China and Japan engage in maritime disputes over these islands in East China Sea","A permanent American military base has been set up there to help Taiwan to increase its defence capabilities.","Through International Courts of Justice declared them as no man’s land, some South-East Asian countries claim them.","B","Senkaku Islands are a group of uninhabited islands in the East China Sea. ![Senkaku Islands](https://d39jluplm5thpx.cloudfront.net//senkaku_0c6f47e2c8.jpg) Japan and China claim the uninhabited islands, known as the Senkaku in Japan and Tiaoyu in China, as their own, but Japan has administered them since 1972."
"5da66fc8-afb7-4ade-9e1b-0299ec7a4bc4","2022","GS","International Relations","Relations with Other Countries","International Maritime Organization (IMO) | Polar Code | Maritime Safety | Polar Waters | International Regulations","medium","Which one of the following statements best describes the ‘Polar Code’?","It is the international code of safety for ships operating in polar waters.","It is the agreement of the countries around the North Pole regarding the demarcation of their territories in the polar region.","It is a set of norms to be followed by the countries whose scientists undertake research studies in the North Pole and South Pole.","It is a trade and security agreement of the member countries of the Arctic Council.","A","The Polar Code is an international maritime regulation that sets safety and environmental standards for shipping in polar waters. International maritime regulation, the Polar Code, is adopted by the International Maritime Organization (IMO), a specialized agency of the United Nations responsible for the safety and security of shipping. The code specifically addresses the unique challenges and risks associated with navigation in the Arctic and Antarctic regions. The code establishes mandatory requirements for aspects like ship design, construction, equipment, operational procedures, crew training, and pollution prevention to ensure safe and environmentally sound navigation in polar waters."
"a9a38911-3533-42c3-bc7d-88a63a21e996","2022","GS","International Relations","The United Nations","United Nations General Assembly | Observer Status | Non-member States | Intergovernmental Organizations | UN Headquarters","medium","With reference to the United Nations General Assembly, consider the following statements: 1. The UN General Assembly can grant observer status to the non-member States. 2. Inter-governmental organisations can seek observer status in the UN General Assembly. 3. Permanent Observers in the UN General Assembly can maintain missions at the UN headquarters. Which of the statements given above are correct ?","1 and 2 only","2 and 3 only","1 and 3 only","1, 2 and 3","D","**Statement 1 is correct.** The United Nations General Assembly may grant non-member states, international organizations, and other entities Permanent Observer Status. **Statement 2 is correct.** The General Assembly decided that observer status would be confined to States and intergovernmental organizations whose activities cover matters of interest to the Assembly. **Statement 3 is correct.** Permanent Observers may participate in the sessions and workings of the General Assembly and maintain missions at the UN Headquarters."
"7620d801-dfbb-4807-ac91-aa5452fcc8ad","2022","GS","International Relations","Regional Groupings | Multilateral Groupings","International Organizations | Asian Infrastructure Investment Bank (AIIB) | Missile Technology Control Regime (MTCR) | Shanghai Cooperation Organisation (SCO) | India's Foreign Policy","easy","Consider the following: 1. Asian Infrastructure Investment Bank 2. Missile Technology Control Regime 3. Shanghai Cooperation Organisation India is a member of which of the above?","1 and 2 only","3 only","2 and 3 only","1, 2 and 3","D","India is a member of all the Organizations mentioned. **Shanghai Cooperation Organisation:** SCO has 10 full members: China, Russia, Kazakhstan, Kyrgyzstan, Tajikistan, Uzbekistan (founding members), India, Pakistan (joined 2017), Iran (joined 2023), and Belarus (joined 2024). **Missile Technology Control Regime:** India became a full member of the Missile Technology Control Regime (MTCR) on June 27, 2016, becoming the 35th partner country and strengthening international efforts to prevent the spread of missile technology. **Asian Infrastructure Investment Bank:** India joined the AIIB as a founding member in 2015, signing the Articles of Agreement on June 29, 2015, in Beijing, becoming one of the 50 initial signatories to establish the multilateral development bank. India is the second-largest shareholder in the AIIB after China."
"2cf9805e-edd0-43dd-827f-e8fc136e9f8c","2022","GS","International Relations","The United Nations","United Nations Convention on the Law of the Sea (UNCLOS) | Territorial Sea | Innocent Passage | Exclusive Economic Zone (EEZ) | Maritime Law","medium","With reference to the United Nations Convention on the Law of Sea, consider the following statements: 1. A coastal state has the right to establish the breadth of its territorial sea up to a limit not exceeding 12 nautical miles, measured from baseline determined in accordance with the convention. 2. Ships of all states, whether coastal or land-locked, enjoy the right of innocent passage through the territorial sea. 3. The Exclusive Economic Zone shall not extend beyond 200 nautical miles from the baseline from which the breadth of the territorial sea in measure. Which of the statements given above are correct?","1 and 2 only","2 and 3 only","1 and 3 only","1, 2 and 3","D","**Statement 1 is correct:** UNCLOS allows coastal states to define the breadth of their territorial sea up to a limit of 12 nautical miles, measured from a baseline established according to the Convention. **Statement 2 is correct:** UNCLOS guarantees the right of innocent passage for ships of all states, including coastal and land-locked nations, through the territorial sea of another state. Innocent passage refers to non-threatening travel that doesn't harm the coastal state's security or interests. **Statement 3 is correct:** UNCLOS sets the limit of the Exclusive Economic Zone (EEZ) at 200 nautical miles from the baseline used to measure the territorial sea. The EEZ grants the coastal state exclusive rights to explore, exploit, conserve and manage resources (living and non-living) within the zone. ![UNCLOS Maritime Zones](https://d39jluplm5thpx.cloudfront.net//unclos_69a9b738b7.jpg) Hence, all three statements about the United Nations Convention on the Law of the Sea (UNCLOS) are correct."
"edea92b2-5985-45f7-99d6-5efbda4c76c0","2022","GS","Medieval History","Rajputs | Pratiharas","Medieval Indian History | Dynasties of Medieval India | Chandela Dynasty | Paramara Dynasty | Gurjara-Pratihara Dynasty | Rashtrakuta Dynasty","hard","Consider the following pairs: | King | Dynasty | |--------------|---------------------| |1. Nannuka | Chandela | | 2. Jayashakti | Paramara | | 3. Nagabhata II | Gurjara-Pratihara | | 4. Bhoja | Rashtrakuta | How many pairs given above are correctly matched?","Only one pair","Only two pairs","Only three pairs","All four pairs","B","**Pair 1 is correctly matched.** Nannuka was the founder of the Chandela dynasty. **Pair 2 is incorrectly matched.** Jayashakti belonged to the Chandel dynasty, not the Paramara dynasty. **Pair 3 is correctly matched.** Nagabhata II was indeed a ruler of the Gurjara-Pratihara dynasty. **Pair 4 is incorrectly matched.** Bhoja belonged to the Paramara dynasty, not the Rashtrakuta dynasty."
"2b6f51ad-3621-4bd2-9a60-2dbd08f14db2","2022","GS","Medieval History","The Deccan Kingdoms","Medieval Indian History | European Trading Companies in India | Dutch East India Company | Portuguese in India | English East India Company | Vijayanagara Empire","hard","With reference to Indian history, consider the following statements: 1. The Dutch established their factories/werehouses on the east coast on lands granted to them by Gajapati rulers. 2. Alfonso de Albuquerque captured Goa from the Bijapur Sultanate. 3. The English East India Company established a factory at Madras on a plot of land leased from a representative of the Vijayanagara empire. Which of the statements given above are correct?","1 and 2 only","2 and 3 only","1 and 3 only","1, 2 and 3","B","**Statement 1 is incorrect.** The United East India Company of the Netherlands (VOC) was formed in 1602. The Gajapati dynasty, which ruled the Odisha region, had declined significantly by 1541 (the last ruler being Kakharua Deva). Therefore, the Dutch could not have received land grants from Gajapati rulers. They typically acquired land from local rulers like the Nayakas or the Golconda Sultanate on the east coast. **Statement 2 is correct.** Alfonso de Albuquerque captured Goa in 1510 from the Bijapur Sultanate (Adil Shahis). This victory established the Portuguese as a formidable regional power. **Statement 3 is correct.** In 1639, Francis Day of the English East India Company obtained a lease for a strip of land in Madras from the Nayaka of Chandragiri (Damarla Venkatapathy), who was a representative/vassal of the declining Vijayanagara Empire."
"7d4e006c-c760-4bb6-9135-15ab11837adf","2022","GS","Medieval History","The Deccan Kingdoms | Pallavas | Sena | Cheras | Rashtrakutas | Hoysalas | Imperial Chola Dynasty | Chalukyas | Rajputs","Medieval Indian History | Currency in Medieval India | Vijayanagara Empire | South Indian History | Economic History of India","hard","In medieval India, the term “Fanam” referred to:","Clothing","Coins","Ornaments","Weapons","B","In medieval India, the term ""Fanam"" referred to a unit of currency, particularly a gold coin used in South India, especially in regions like the Vijayanagara Empire, the Nayakas of Madurai, and the various states of the Deccan. The Fanam was often minted in small denominations and was widely used for trade and commerce in the region."
"97f8419e-07ad-47a5-9cc0-6bf73a272813","2022","GS","Medieval History","Khilji Dynasty | Tughlaq Dynasty | Challenges faced","Delhi Sultanate | Mongol Invasions of India | Ala-ud-din Khalji | Jalal-ud-din Khalji | Muhammad-bin-Tughlaq","hard","With reference to Indian history, consider the following statements: 1. The first Mongol invasion of India happened during the reign of Jalal-ud-din Khalji. 2. During the reign of Ala-ud-din Khalji, one Mongol assault marched up to Delhi and besieged the city. 3. Muhammad-bin-Tughlaq temporarily lost portions of north-west of his kingdom to Mongols. Which of the statements given above is/are correct?","1 and 2","2 only","1 and 3","3 only","B","**Statement 1 is Incorrect:** The first Mongol invasion of India occurred in 1221 CE under Genghis Khan during the reign of Shamsuddin Iltutmish, not Jalal-ud-din Khalji. Jalal-ud-din Khalji ruled much later, from 1290 to 1296 CE. **Statement 2 is Correct:** During the reign of Ala-ud-din Khalji (1296–1316 CE), the Mongols invaded several times. In 1303 CE, a Mongol army of about 120,000 horsemen led by Targhi marched up to Delhi and besieged the city, forcing Ala-ud-din to take shelter in the Siri Fort. **Statement 3 is Incorrect:** Muhammad-bin-Tughlaq defeated the Mongols (led by Tarmashirin) early in his reign. Instead of losing territory, he took steps to secure the frontier and even planned a 'Khurasan expedition' to mobilize against Mongol territories, though it was later abandoned."
"b3840635-bc5d-46af-a6ea-0870532ef027","2022","GS","Medieval History","Sayyid Dynasty","Delhi Sultanate | Sayyids | Medieval India | Social Hierarchy | Religious Identity","hard","With reference to Indian history, who of the following were known as “KulahDaran”?","Arab merchants","Qalandars","Persian calligraphists","Sayyids","D","The Sayyids were claimed to descend from the Prophet through his daughter Fatima. They commanded special respect in Muslim society. Even Timur protected the life of Sayyids during his invasion of India, although his policy was one of general slaughter. The Sayyids put on a pointed cap (kulah) and they were known as KulahDaran during the Delhi Sultanate."
"228d85d7-9c5d-4879-928e-bdf7c6ed8daf","2022","GS","Modern History","Legal Developments","Government of India Act 1919 | Dyarchy | Reserved Subjects | Transferred Subjects | Provincial Administration","medium","In the Government of India Act 1919, the functions of Provincial Government were divided into “Reserved” and “Transferred” subjects. Which of the following were treated as “Reserved” subjects? 1. Administration of Justice 2. Local Self-Government 3. Land Revenue 4. Police Select the correct answer using the code given below:","1, 2 and 3","2, 3 and 4","1, 3 and 4","1, 2 and 4","C","The Government of India Act 1919 introduced the system of dyarchy in the provinces. Under this system, the provincial subjects of administration were divided into two categories 'Reserved' and 'Transferred'. The 'Reserved' subjects were administered by the Governor of the province with the help of his executive council of bureaucrats. These subjects were considered more crucial and included areas such as law and order, finance, land revenue, and irrigation. The 'Transferred' subjects were administered by the Governor with the help of Indian ministers. These subjects were considered less critical and included areas such as education, public health, and local self-government. Therefore, among the options provided, Administration of Justice, Land Revenue, and Police were treated as 'Reserved' subjects, while Local Self-Government was a 'Transferred' subject."
"78397ff6-eb2d-48a0-88eb-72335aef931a","2022","GS","Modern History","Towards Quit India Movement","Cripps Mission | Indian National Congress | Constitutional Reforms | British Raj | World War II","medium","With reference to the proposals of Cripps Mission, consider the following statements: 1. The Constituent Assembly would have members nominated by the Provincial Assemblies as well as the Princely States. 2. Any Province, which is not prepared to accept the new Constitution, would have the right to sign a separate agreement with Britain regarding its future status. Which of the statements given above is/are correct?","1 only","2 only","Both 1 and 2","Neither 1 nor 2","B","The statements given refer to the proposals of the Cripps Mission, which was a mission sent to India in 1942 by the British government during World War II to negotiate with Indian leaders regarding constitutional reforms. **Statement 1 is incorrect:** The Cripps Mission proposed setting up a Constitution-making body for India after the War, whose members would be **elected by the Provincial Assemblies** and **nominated** by the rulers in the case of the **Princely States**. **Statement 2 is correct:** One of the proposals of the Cripps Mission was that provinces unwilling to join the proposed Constituent Assembly or accept the new constitution would have the option to negotiate separate agreements with Britain regarding their future status. Therefore, the correct answer is (b) 2 only."
"52c1b26a-12b4-4212-8de5-72a90cf8a993","2022","GS","Modern History","Revolutionary Activities","Indian National Movement | Revolutionary Movements | Ghadar Party | Rash Behari Bose | Freedom Fighters","medium","Consider the following freedom fighters: 1. Barindra Kumar Ghosh 2. Jogesh Chandra Chatterjee 3. Rash Behari Bose Who of the above was/were actively associated with the Ghadar Party?","1 and 2","2 only","1 and 3","3 only","D","The Ghadar Party was a revolutionary movement organized by Indian immigrants in the United States and Canada to end British rule in India. Rash Behari Bose, one of the most prominent leaders of the Indian National Movement, was actively associated with the Ghadar Party. He was one of the masterminds behind the Delhi conspiracy case and participated in the Ghadar movement. However, Barindra Kumar Ghosh and Jogesh Chandra Chatterjee were not prominently associated with the Ghadar Party. Barindra Kumar Ghosh was an Indian revolutionary and journalist, and one of the founding members of the Jugantar Bengali weekly, a revolutionary outfit in Bengal. Jogesh Chandra Chatterjee was also a prominent freedom fighter but his association with the Ghadar Party is not well documented. Therefore, only Rash Behari Bose was actively associated with the Ghadar Party among the options provided."
"361198e0-8cea-499c-80d7-ff56961354ca","2022","GS","Science & Technology","Biotechnology","Gucchi Mushroom | Himalayan Forest Ecology | Fungi | Ascomycota | Mushroom Cultivation","hard","With reference to ""Gucchi"" sometimes mentioned in the news, consider the following statements: 1. It is a fungus. 2. It grows in some Himalayan forest areas. 3. It is commercially cultivated in the Himalayan foothills of north-eastern India. Which of the statements given above is/are correct?","1 only","3 only","1 and 2","2 and 3","C","**Statement 1 is Correct:** Gucchi (Morchella esculenta) is a species of fungus belonging to the Morchellaceae family. It is highly prized for its honeycomb-like appearance and unique flavor. **Statement 2 is Correct:** These mushrooms grow naturally in the temperate forest areas of the Himalayas, specifically in regions like Jammu and Kashmir, Himachal Pradesh, and Uttarakhand. They are typically found in conifer forests following the snowmelt. **Statement 3 is Incorrect:** Gucchi mushrooms cannot be commercially cultivated on a large scale; they are wild-harvested by local communities. Furthermore, they are primarily associated with the Western Himalayas rather than north-eastern India."
"f5f327a0-346b-47a1-9a77-94f4c516ce98","2022","GS","Science & Technology","Biotechnology | Life Sciences","Biofilms | Medical Implants | Antibiotic Resistance | Food Safety | Microbiology","hard","Consider the following statements: 1. Biofilms can form on medical implants within human tissues. 2. Biofilms can form on food and food processing surfaces. 3. Biofilms can exhibit antibiotic resistance. Which of the statements given above are correct ?","1 and 2 only","2 and 3 only","1 and 3 only","1, 2 and 3","D","* **Statement 1 is correct:** Biofilms are a major concern in healthcare. They can form on implanted devices like catheters, heart valves, and artificial joints within human tissues. These biofilms can harbour bacteria that are difficult to eradicate with antibiotics, leading to chronic infections and potential implant failure. * **Statement 2 is correct:** Biofilms can also form on food and food processing surfaces. This can contaminate food with bacteria and contribute to spoilage. Biofilms on these surfaces are also challenging to remove due to their protective matrix. * **Statement 3 is correct:** Bacteria within biofilms can exhibit increased resistance to antibiotics. The biofilm matrix acts as a barrier, making it harder for antibiotics to reach and kill the bacteria. Additionally, bacteria within biofilms can communicate and share genetic material, potentially promoting the spread of antibiotic resistance genes. All three statements are correct."
"3b68fd12-a885-43c6-ac7d-d4a367e21469","2022","GS","Science & Technology","Core Concepts and Foundational Science","Solar Storms | Space Weather | Geomagnetic Storms | Ionosphere | Satellite Orbits | Radio Communication","medium","If a major solar storm (solar-flare) reaches the Earth, which of the following are the possible effects on the Earth? 1. GPS and navigation systems could fail. 2. Tsunamis could occur at equatorial regions. 3. Power grids could be damaged. 4. Intense auroras could occur over much of the Earth. 5. Forest fires could take place over much of the planet. 6. Orbits of the satellites could be disturbed. 7. Shortwave radio communication of the aircraft flying over polar regions could be interrupted. Select the correct answer using the code given below:","1, 2, 4 and 5 only","2, 3, 5, 6 and 7 only","1, 3, 4, 6 and 7 only","1, 2, 3,4, 5, 6 and 7","C","Out of the listed effects of a major solar storm, the most likely ones are **Statement 1 is correct.** A solar storm can disrupt the Earth's ionosphere, which can affect the signal transmission of GPS and other radio-based navigation systems. **Statement 3 is correct.** Strong currents induced by the solar storm in power grids can damage transformers and cause widespread blackouts. **Statement 4 is correct.** Solar storms can energize particles in the Earth's magnetosphere, leading to spectacular auroras at lower latitudes than usual. **Statement 6 is correct.** The drag from a solar storm can alter the orbits of satellites, especially those in lower Earth orbit. **Statement 7 is correct.** Similar to GPS, radio communication can be affected by disturbances in the ionosphere. **Statement 2 is incorrect.** Tsunamis are caused by underwater earthquakes or volcanic eruptions, not solar storms. **Statement 5 is incorrect.** While a solar storm could potentially ignite some fires through electrical sparks, this is not a widespread effect. Therefore, codes 2 and 5 should not form the part of answer."
"a1115653-ae0f-42f9-bc07-c0b75e87c3fa","2022","GS","Science & Technology","Defence Technology","Fractional Orbital Bombardment System (FOBS) | Missile Technology | Space Warfare | Hypersonic Missiles | Early Warning Systems","hard","Which one of the following statements best reflects the idea behind the ""Fractional Orbital Bombardment System"" often talked about in media ?","A hypersonic missile is launched into space to counter the asteroid approaching the Earth and explode it in space.","A spacecraft lands on another planet, after making several orbital motions.","A missile is put into a stable orbit around the Earth and deorbits over a target on the Earth.","A spacecraft moves along a comet with the same speed and places a probe on its surface.","C","It is a delivery system that uses a low Earth orbit to bypass early warning systems and deliver warheads on targets very quickly. FOBS launches a warhead into a low Earth orbit trajectory instead of a full ballistic missile arc. These systems are typically designed to detect missiles launched on high ballistic trajectories. A FOBS warhead in a low orbit might be harder to detect until it re-enters the atmosphere for its final approach to the target. Due to the orbital path, the time between re-entry and target impact can be shorter compared to a traditional ballistic missile attack."
"7fe877b6-1160-4f54-b628-fddaad8bedcd","2022","GS","Science & Technology","Life Sciences","Human Immune System | B Cells | T Cells | Antibodies | Immune Response","easy","Which one of the following statements best describes the role of B cells and T cells in the human body?","They protect the body from environmental allergens.","They alleviate the body's pain and inflammation.","They act as immunosuppressants in the body.","They protect the body from the diseases caused by pathogens.","D","B cells and T cells are both key components of the human immune system, which defend the body against harmful invaders like viruses, bacteria, and parasites. B cells produce antibodies that can specifically target and neutralize pathogens. T cells help orchestrate the immune response by directly attacking infected cells or by stimulating other immune cells. ![Cells of Immune System](https://d39jluplm5thpx.cloudfront.net//cell_immune_ffcc5105d1.jpg)"
"f2be8bfa-f250-4502-af15-870180c9f86e","2022","GS","Science & Technology","Emerging Technologies","Web 3.0 | Decentralization | Blockchain Technology | Data Ownership | Social Networks","medium","With reference to Web 3-0, consider the following statements : 1. Web 3-0 technology enables people to control their own data. 2. In Web 3-0 world, there can be blockchain based social networks. 3. Web 3-0 is operated by users collectively rather than a corporation. Which of the statements given above are correct?","1 and 2 only","2 and 3 only","1 and 3 only","1, 2 and 3","D","**Statement 1 is correct.** A key aspect of Web 3.0 is the concept of decentralization, where users have more control and ownership over their personal data, rather than having it stored and controlled by centralized platforms. **Statement 2 is correct.** Blockchain technology is a core component of Web 3.0, and it can enable the creation of decentralized, user-owned social networks and platforms. **Statement 3 is correct.** The decentralized nature of Web 3.0 means that it is not controlled by a single corporation or entity, but rather operated and maintained collectively by the users and participants in the network. Therefore, all three statements regarding Web 3.0 are correct. ![Web 3.0)](https://d39jluplm5thpx.cloudfront.net//web_2_3bb8e109c4.jpg)"
"7ff1abaa-dd8e-450f-977b-96b0353851c8","2022","GS","Science & Technology","Biotechnology | Life Sciences","DNA Barcoding | Species Identification | Genetic Analysis | Food Adulteration | Biotechnology","hard","Consider the following statements: DNA Barcoding can be a tool to: 1. assess the age of a plant or animal. 2. distinguish among species that look alike. 3. identify undesirable animal or plant materials in processed foods. Which of the statements given above is/are correct?","1 only","3 only","1 and 2","2 and 3","D","**Statement 1 is incorrect.** DNA Barcoding cannot assess the age DNA barcoding primarily focuses on identifying species based on their unique genetic sequences. **Statement 2 is correct.** DNA barcoding is a valuable tool for distinguishing between species that appear similar morphologically. By analyzing short, standardized DNA sequences, scientists can efficiently and accurately identify different species, even if they look very alike. **Statement 3 is correct.** DNA barcoding can be used to identify the origin and composition of food products. This can help detect cases where cheaper or undesirable ingredients (food adulteration) are substituted for the ones listed on the label. For example, it can be used to identify different types of meat in processed foods. Therefore, statements 2 and 3 are correct."
"46bb8064-abeb-4f65-9094-536619d63393","2022","GS","Science & Technology","Biotechnology","Symbiosis | Mutualism | Ants | Fungi | Agriculture in Nature","hard","Certain species of which one of the following organisms are well known as cultivators of fungi?","Ant","Cockroach","Crab","Spider","A","- Ants are well-known as cultivators of fungi. Certain ant species, particularly those in the tribe Attini, have evolved a symbiotic relationship with specific fungi. These ants cultivate the fungus within their nests, providing it with food and a controlled environment. In return, the fungus provides the ants with nutrients. This is a fascinating example of mutualism in nature. - Cockroaches are omnivores and scavengers. They do not cultivate fungi. - Crabs are primarily scavengers or predators. They are not known to cultivate fungi. - Spiders are predators and capture their prey (insects) in webs. They do not cultivate fungi."
"7d86280d-0593-4ee6-b379-be612889442c","2022","GS","Science & Technology","Emerging Technologies","Communication Technologies | Short-Range Communication | Closed-Circuit Television (CCTV) | Radio Frequency Identification (RFID) | Wireless Local Area Network (WLAN)","easy","Consider the following communication technologies: 1. Closed-circuit Television 2. Radio Frequency Identification 3. Wireless Local Area Network Which of the above are considered Short-Range devices/technologies?","1 and 2 only","2 and 3 only","1 and 3 only","1, 2 and 3","D","Out of the listed communication technologies, all three can be considered short-range devices/technologies. **Closed-Circuit Television (CCTV):** CCTV systems primarily use cables or wireless connections with a limited range, typically within a building or a designated area. **Radio Frequency Identification (RFID):** RFID uses radio waves to identify objects. The reading range of RFID tags depends on the specific technology but generally falls within the short-range category, from a few centimetres to a few meters. **Wireless Local Area Network (WLAN):** WLANs, commonly known as Wi-Fi networks, typically operate within a range of tens of meters indoors and up to hundreds of meters outdoors depending on factors like signal strength and frequency band. While the range might be slightly larger than the others on this list, WLANs still fall under the short-range classification compared to technologies like cellular networks or satellite communication."
"5862afee-4b13-46be-b8d9-3cc7bd6a6957","2022","GS","Science & Technology","Emerging Technologies","Nanotechnology | Nanoparticles | Environmental Science | Cosmetics | Health and Safety","easy","Consider the following statements: 1. Other than those made by humans, nanoparticles do not exist in nature. 2. Nanoparticles of some metallic oxides are used in the manufacture of some cosmetics 3. Nanoparticles of some commercial products which enter the environment are unsafe for humans. Which of the statements given above is/are correct?","1 only","3 only","1 and 2","2 and 3","D","**Statement 1 is incorrect:** Nanoparticles can exist in nature (natural nanoparticles). Volcanic eruptions, forest fires, and natural weathering processes can all create nanoparticles. **Statement 2 is correct:** Some cosmetics incorporate nanoparticles of ingredients like zinc oxide or titanium dioxide for sun protection or other purposes. **Statement 3 is also correct:** The safety of nanoparticles in consumer products is a complex issue and a growing area of research. Some nanoparticles might pose potential health or environmental risks depending on their specific properties and how they interact with the body or the environment."
"e9805e5c-09f1-4b2d-903b-b9d4d81a545e","2022","GS","Science & Technology","Information and Communication Technology","Software as a Service (SaaS) | Cloud Computing | Web-based Applications | Mobile Accessibility | Email Services","medium","With reference to “Software as a Service (SaaS)”, consider the following statements: 1. SaaS buyers can customize the user interface and can change data fields. 2. SaaS users can access their data through their mobile devices. 3. Outlook, Hotmail and Yahoo! Mail are forms of SaaS. Which of the statements given above are correct?","1 and 2 only","2 and 3 only","1 and 3 only","1, 2 and 3","D","**Statement 1 is correct.** In many cases, Software as a Service (SaaS) providers allow some degree of customization of the user interface and data fields to meet the specific needs of their customers. **Statement 2 is correct.** One of the key benefits of SaaS is its accessibility from anywhere with an internet connection, including mobile devices such as smartphones and tablets. SaaS applications are often designed to be mobile-friendly, allowing users to access their data and perform tasks on the go. **Statement 3 is correct.** Outlook, Hotmail, and Yahoo! Mail are examples of web-based email services that operate on the SaaS model. Users access these email services through web browsers without needing to install or maintain any software locally on their devices. The email data is stored and managed remotely on servers operated by the service providers. Therefore, all statements are correct."
"fcbfeecd-1035-4428-b914-53d641299a1c","2022","GS","Science & Technology","Information and Communication Technology","Quantum Computing | Qubit | Superposition | Quantum Information | Computational Science","easy","Which one of the following is the context in which the term ""qubit"" is mentioned?","Cloud Services","Quantum Computing","Visible Light Communication Technologies","Wireless Communication Technologies","B","- A qubit is the fundamental unit of information in quantum computing, analogous to the bit in classical computing. - However, unlike a bit that can only be either 0 or 1, a qubit can exist in a superposition of both states simultaneously. - This property of qubits allows quantum computers to perform certain calculations much faster than traditional computers."
"a3a84598-77ef-4b33-87ce-b2401c6dcd5b","2022","GS","Science & Technology","Emerging Technologies","Non-Fungible Tokens (NFTs) | Blockchain Technology | Cryptographic Tokens | Digital Assets | Digital Representation","medium","With reference to Non-Fungible Tokens (NFTs), consider the following statements. 1. They enable the digital representation of physical assets. 2. They are unique cryptographic tokens that exist on a blockchain. 3. They can be traded or exchanged at equivalency and therefore can be used as a medium of commercial transactions. Which of the statements given above are correct?","1 and 2 only","2 and 3 only","1 and 3 only.","1, 2 and 3","A","**Statement 1 is Correct:** NFTs enable the digital representation of physical assets through a process called tokenization. This allows real-world items such as real estate, physical artwork, or luxury goods to be represented by a digital token on a blockchain, facilitating easier transfer of ownership and reducing fraud. **Statement 2 is Correct:** NFTs are unique cryptographic tokens that exist on a blockchain, which is a distributed ledger technology. Unlike cryptocurrencies like Bitcoin, which are fungible, each NFT has a unique identification code and metadata that distinguishes it from any other token. **Statement 3 is Incorrect:** NFTs are ""non-fungible,"" meaning they cannot be traded or exchanged at equivalency. Fungible assets, like fiat currency or Bitcoin, are identical to each other and can be used for commercial transactions. Because every NFT is unique and has a different value, they cannot function as a standard medium of exchange."
"27752649-122b-4d5e-bf12-d0bcdedae511","2022","GS","Science & Technology","Biotechnology","COVID-19 Vaccines | Vaccine Technology | mRNA Vaccines | Vector-based Vaccines | Inactivated Virus Vaccines","medium","In the context of vaccines manufactured to prevent COVID-19 pandemic, consider the following statements: 1. The Serum Institute of India produced COVID-19 vaccine named Covishield using mRNA platform. 2. Sputnik V vaccine is manufactured using vector-based platform. 3. COVAXIN is an inactivated pathogen-based vaccine. Which of the statements given above are correct?","1 and 2 only","2 and 3 only","1 and 3 only","1, 2 and 3","B","**Statement 1 is incorrect:** Covishield, produced by the Serum Institute of India, is a viral vector vaccine. It uses a weakened chimpanzee adenovirus vector to carry genetic material from the SARS-CoV-2 virus into human cells. **Statement 2 is correct:** Sputnik V is a vector-based vaccine, similar to Covishield. It uses two different human adenovirus vectors to deliver genetic material coding for SARS-CoV-2 spike proteins. **Statement 3 is correct:** COVAXIN, developed by Bharat Biotech, is an inactivated virus vaccine. This means the SARS-CoV-2 virus used in the vaccine is inactivated (killed) so it cannot cause infection, but it still triggers an immune response."
"18970e0b-2525-4519-aa3f-65286b2c978c","2022","GS","Science & Technology","Biotechnology","Probiotics | Gut Microbiome | Lactose Intolerance | Microbiology | Human Health","medium","Consider the following statements in respect of probiotics 1. Probiotics are made of both bacteria and yeast. 2. The organisms in probiotics are found in foods we ingest but they do not naturally occur in our gut. 3. Probiotics help in the digestion of milk sugars. Which of the statements given above is/are correct?","1 only","2 only","1 and 3","2 and 3","C","**Statement 1 is correct.** Probiotics can be made from both bacteria and yeast. Some common probiotic strains include bacteria like Lactobacillus and Bifidobacterium, and yeasts like Saccharomyces boulardii. **Statement 2 is incorrect.** The organisms in probiotics are naturally found in the human gut. We have a complex gut microbiome with trillions of bacteria and other microbes, some of which are beneficial. Probiotics are supposed to introduce specific strains of these beneficial microbes to improve gut health. **Statement 3 is correct.** Probiotics might help with lactose digestion, but it depends. Lactose intolerance is caused by a lack of the enzyme lactase, which breaks down lactose (milk sugar) in the gut. Some probiotic strains might produce lactase, potentially aiding digestion in lactose-intolerant individuals."
"9f906653-9fdc-4659-b945-ee43fbf49274","2022","GS","Social Issues & Schemes","Infrastructure and Communication | Related to Society and Its Fabric","India Sanitation Coalition | Sustainable Sanitation | National Institute of Urban Affairs | Urban Development | Government Schemes","hard","Consider the following statements: 1. The India Sanitation Coalition is a platform to promote sustainable sanitation and is funded by the Government of India and the World Health Organization. 2. The National Institute of Urban Affairs is an apex body of the Ministry of Housing and Urban Affairs in Government of India and provides innovative solutions to address the challenges of Urban India. Which of the statements given above is/are correct?","1 only","2 only","Both 1 and 2","Neither 1 nor 2","D","**Statement 1 is incorrect.** The India Sanitation Coalition (ISC) was launched on June 25, 2015, at FICCI, New Delhi. ISC is a multi-stakeholder platform that brings together the private sector, government, financial institutions, civil society groups, media, donors/bilateral/multilateral, and experts to work in the sanitation space through a partnership model. It is not funded by the World Health Organization (WHO). **Statement 2 is incorrect.** The National Institute of Urban Affairs (NIUA) is India’s premier urban think tank, shaping the urban narrative since its establishment in 1976. It is an **autonomous body** registered under the Societies Registration Act, not an apex body of the Ministry."
"b0c802dc-e14f-4f92-a55b-7828cfbe2629","2022","GS","Social Issues & Schemes","Health and Welfare","Ayushman Bharat Digital Mission | Digital Health ID | Health Records Portability | Universal Health Coverage | Healthcare Schemes in India","medium","With reference to Ayushman Bharat Digital Mission, consider the following statements: 1. Private and public hospitals must adopt it. 2. As it aims to achieve universal health coverage, every citizen of India should be part of it ultimately. 3. It has seamless portability across the country. Which of the statements given above is/are correct?","1 and 2 only","3 only","1 and 3 only","1, 2 and 3","B","Ayushman Bharat Digital Mission aims to provide digital health IDs for all Indian citizens to help hospitals, insurance firms, and citizens access health records electronically when required. **Statement 1 is incorrect.** Ayushman Bharat Digital Mission (ABDM) has not made it mandatory for adoption by private and public hospitals. Its adoption so far would be voluntary. Participation in ABDM is voluntary including for citizens. Participation of a healthcare facility or an institution is also voluntary and shall be taken by the respective management (government or private management). **Statement 2 is incorrect.** The aim of the Ayushman Bharat Digital Mission is to facilitate the ease of access to medical records and it is not been mandated to have every citizen as its part though the facility is available to every citizen on a consent basis. **Statement 3 is correct.** ABDM will have a national footprint and will enable seamless portability across the country through a Health ID Personal Health Identifier."
"f13d707a-5014-4a6b-9a58-497793479217","2022","GS","Social Issues & Schemes","Economy and Finance","Tea Board | Statutory Body | Ministry of Commerce | Indian Tea Industry | Regulatory Body","hard","With reference to the ""Tea Board"" in India, consider the following statements: 1. The Tea Board is a statutory body. 2. It is a regulatory body attached to the Ministry of Agriculture and Farmers Welfare. 3. The Tea Board's Head Office is situated in Bengaluru. 4. The Board has overseas offices at Dubai and Moscow. Which of the statements given above are correct?","1 and 3","2 and 4","3 and 4","1 and 4","D","**Statement 1 is correct:** The Tea Board of India is a statutory body created under the Tea Act, 1953 and it was established to regulate the Indian tea industry and protect the interests of tea producers in India. **Statement 2 is incorrect:** It is functioning as a statutory body of the Central Government under the Ministry of Commerce. **Statement 3 is incorrect:** The Tea Board of India's Head Office is situated in **Kolkata**. **Statement 4 is correct:** The Tea Board of India has overseas offices in Moscow, Dubai, Hamburg, London, and New York."