ID,Year,Paper,Subject,Topics,Tags,Difficulty,Question,Option_A,Option_B,Option_C,Option_D,Correct_Answer,Explanation
"b3d114af-2402-466d-bf89-2975d332b3bb","2014","GS","Ancient History","Janapadas and Mahajanapadas","Ancient India | Buddhism | Mahajanapadas | Kosala Kingdom | Magadha Kingdom","hard","Which of the following Kingdoms were associated with the life of the Buddha? 1. Avanti 2. Gandhara 3. Kosala 4. Magadha Select the correct answer using the code given below.","1, 2 and 3","2 and 4","1, 3 and 4 only","3 and 4","D","**Statement 1 is Incorrect:** Although King Pradyota of Avanti was a contemporary of the Buddha and invited him to visit, the Buddha never traveled to Avanti personally; he sent his disciple Mahakaccana to preach there instead. **Statement 2 is Incorrect:** Gandhara was located in the far northwest of the Indian subcontinent (modern-day Pakistan and Afghanistan); the Buddha's travels and teachings were confined to the middle Gangetic plain, and he never visited Gandhara during his lifetime. **Statement 3 is Correct:** The Buddha spent a significant portion of his life in the Kingdom of Kosala, particularly in its capital Shravasti, where he delivered many discourses at the Jetavana monastery. His birthplace, Lumbini, was also associated with the Kosalan sphere of influence. **Statement 4 is Correct:** Magadha was central to the Buddha's life as he attained enlightenment at Bodh Gaya and frequently preached at Rajgir, the capital of Magadha, under the patronage of Kings Bimbisara and Ajatashatru."
"12249045-341a-4a72-855d-9e3fbc235a1c","2014","GS","Art & Culture","Other Aspects of Indian Culture","Saka Era | Indian National Calendar | Gregorian Calendar | Calendar Conversion | Chaitra 1","hard","Chaitra 1 of the national calendar based on the Saka Era corresponds to which one of the following dates of the Gregorian calendar in a normal year of 365 days?","22 March or 21st March","15th May or 16th May","31st March or 30th March","21st April or 20th April","A","In a leap year, Chaitra has 31 days and Chaitra 1 coincides with March 21. In a normal year Chairta 1 coincides with March 22. The Saka era calendar, also known as the Shaka calendar or the Indian national calendar, is a solar calendar used alongside the Gregorian calendar in India. It is based on the Saka era, believed to have begun in 78 CE."
"8ed0d4b7-8c98-48a0-a1cd-c9b5fa044df5","2014","GS","Art & Culture","Indian Handicrafts","Indian Traditional Textiles | Handloom Sarees | Textile Industry in India | Chanderi Sarees | Kanjeevaram Sarees","hard","Consider the following towns of India: 1. Bhadrachalam 2. Chanderi 3. Kancheepuram 4. Karnal Which of the above are famous for the production of traditional sarees / fabric?","1 and 2 only","2 and 3 only","1, 2 and 3","1, 3 and 4","B","**Statement 1 is Incorrect:** Bhadrachalam, located in Telangana, is primarily known as a major pilgrimage site for the Sri Sita Ramachandra Swamy Temple and is not a recognized hub for traditional saree or fabric production. **Statement 2 is Correct:** Chanderi in Madhya Pradesh is world-famous for its traditional Chanderi sarees and fabrics, which are characterized by their lightweight feel, sheer texture, and fine zari work on silk and cotton. **Statement 3 is Correct:** Kancheepuram in Tamil Nadu is renowned for its hand-woven Kancheepuram silk sarees, distinguished by their heavy silk, contrasting borders, and traditional temple-inspired motifs. **Statement 4 is Incorrect:** Karnal in Haryana is known for its agricultural importance, particularly rice production, and as the home of the National Dairy Research Institute (NDRI), rather than for traditional textile manufacturing."
"31cbf140-b7ce-4e07-95c1-6a862fa8cdcd","2014","GS","Art & Culture","Art and Architecture","Mughal Architecture | Akbar's Religious Policies | Ibadat Khana | Fatehpur Sikri | Religious Tolerance","medium","Ibadat Khana at Fatehpur Sikri was","the mosque for the use of Royal Family","Akbar’s private prayer chamber","the hall in which Akbar held discussions with scholars of various religions.","the room in which the nobles belonging to different religions gathered to discuss religious affairs.","C","The **Ibadat Khana** (House of Worship) was a meeting house built in **1575 AD** by the Mughal Emperor **Akbar** at his capital, **Fatehpur Sikri**. * **Initial Purpose:** It was originally intended as a place for Sunni Muslim scholars to gather and discuss theological matters. * **Universal Discussions:** In 1578 AD, Akbar opened the doors of the Ibadat Khana to scholars of all religions—including Hindus, Jains, Christians (Jesuits), and Zoroastrians—after becoming disillusioned with the narrow-mindedness and conflicts among the orthodox Muslim clergy. * **Significance:** These debates took place on Thursday evenings. The interactions with various religious leaders led Akbar to believe that truth could be found in all religions, eventually leading to the formulation of **Din-i-Ilahi** (a syncretic ethical code)."
"905a4dcf-a7f8-4224-a311-56ca3ef2f838","2014","GS","Art & Culture","Indian Dance","Indian Classical Dance Forms | Folk Dance Forms of India | Dance and Music of India | Art and Culture of India | UPSC Prelims Art and Culture","medium","Consider the following pairs 1. Garba : Gujarat 2. Mohiniattam : Odisha 3. Yakshagana : Karnataka Which of the pairs given above is/are correctly matched?","1 only","2 and 3 only","1 and 3 only","1, 2 and 3","C","**Statement 1 is correct:** Garba is a traditional folk dance from Gujarat, performed especially during the Navratri festival in honour of Goddess Durga. **Statement 2 is incorrect:** Mohiniyattam is a classical dance form of Kerala, not Odisha. It is known for its graceful, feminine movements and is performed solo by women. **Statement 3 is correct:** Yakshagana is a traditional theatre form from Karnataka, combining dance, music, dialogue, and elaborate costumes to depict mythological stories."
"e2482c63-a1cd-4dd2-bcf3-e0bb02c79646","2014","GS","Art & Culture","Religions in India","Buddhist Architecture | Buddhist Monasteries in India | Himachal Pradesh History | Ladakh History | Buddhist Culture in India","hard","With reference to Buddhist history, tradition and culture in India. Consider the following pairs: |Famous Shrine|Location| |-- |--| |1. Tabo monastery and temple complex | Spiti Valley| |2. Lhotsava Lhakhang temple|Nako Zanskar Valley| |3. Alchi temple complex | Ladakh| Which of the pairs given above is/are correctly matched?","1 only","2 and 3 only","1 and 3 only","1, 2 and 3","C","**Pair 1 is correctly matched:** Tabo Monastery is located in the Tabo village of Spiti Valley, Himachal Pradesh, northern India. **Pair 2 is incorrectly matched:** Nako is a village in the Himalayas of northern India, located near the Indo-China border in the Trans-Himalayan region of Kinnaur district in Himachal Pradesh. Nako Lake is a prominent feature here, where it borders the village. Nako Monastery, dated to 1025, is located in the village, as well as several other Buddhist chortens. **Pair 3 is correctly matched:** Alchi Monastery or Alchi Gompa is a Buddhist monastery, known more as a monastic complex (chos-'khor) of temples in Alchi village in the Leh District, of the Indian state under the Ladakh Autonomous Hill Development Council of Jammu and Kashmir."
"d13610aa-05ca-4dad-a038-27c1822ba684","2014","GS","Art & Culture","Temple Architecture","Hindu Temple Architecture | Panchayatan Style | Temple Construction | Indian Art and Culture | Religious Architecture","medium","With reference to the cultural history of India, the term ‘Panchayatan’ refers to","an assembly of village elders","a religious sect","a style of temple construction","an administrative functionary","C","Panchayatan (from Sanskrit: pañcha = five + āyatana = dwelling or shrine) refers to a style of temple architecture in which the main shrine is surrounded by four subsidiary shrines at the four corners of the temple platform. This layout symbolizes the worship of five deities (Panchadevata), typically: - Shiva - Vishnu - Shakti (Devi) - Surya (Sun) - Ganesha or Skanda It was popularized during the Gupta period and became a hallmark of Nagara-style temple architecture in North India."
"0f53c9f7-e794-4fc3-a0e1-2e355d7a70c2","2014","GS","Art & Culture","Indian Dance","Sattriya Dance | Assamese Culture | Vaishnavism | Classical Dance Forms of India | Bhakti Movement","hard","With reference to the famous Sattriya dance, consider the following statements: 1. Sattriya is a combination of music, dance and drama. 2. It is a centuries-old living tradition of Vaishnavites of Assam. 3. It is based on classical Ragas and Talas of devotional songs composed by Tulsidas, Kabir and Mirabai. Which of the statements given above is /are correct?","1 only","1 and 2 only","2 and 3 only","1, 2 and 3","B","Sattriya originated in Sattra, a monastery, as a part of neo-Vaishnavite movement started by Srimanta Sankardev in the 15th Century. He propagated the 'ek sharan Naama dharma' (chanting the name of one God devotedly). **Statement 1 is correct:** Sattriya is indeed a combination of music, dance, and drama. It incorporates storytelling through movement and expressions. **Statement 2 is correct:** Sattriya has a rich history and is a living tradition practiced for centuries by Vaishnavites of Assam. **Statement 3 is incorrect:** While devotional in nature, Sattriya dance is based on compositions by Sankardeva and other Assamese saints, not Tulsidas, Kabir, and Mirabai who belonged to different Bhakti traditions. Sattriya uses its own distinct Ragas and Talas."
"7cadc4a3-4a40-4552-8e37-cf3393710e56","2014","GS","Art & Culture","Indian Handicrafts","Changpa Community | Ladakh Culture | Pashmina Wool | Scheduled Tribes of India | Indian Geography","hard","With reference to ‘Changpa’ community of India, consider the following statement: 1. They live mainly in the State of Uttarakhand. 2. They rear the Pashmina goats that yield fine wool. 3. They are kept in the category of Scheduled Tribes. Which of the statements given above is/are correct?","1 only","2 and 3 only","3 only","1, 2 and 3","B","**Statement 1 is incorrect:** The Changpa community is not found primarily in Uttarakhand. They are mainly concentrated in the Changtang region, a high-altitude plateau that stretches across parts of Ladakh (India) and the Tibet Autonomous Region (China). **Statement 2 is correct:** The Changpa are traditionally semi-nomadic pastoralists. They are well-known for rearing Changthangi goats, a special breed known for their fine wool, also called Pashmina. This wool is prized for its warmth, softness, and luxury. **Statement 3 is correct:** The Changpa community is indeed recognized as a Scheduled Tribe in India. This classification provides them with certain social and legal protections under the Indian Constitution. Hence, statements 2 and 3 are correct."
"964fa7a6-ef40-4394-980a-34764be83d84","2014","GS","Art & Culture","Bhakti Movement | Religions in India","Indian Religious Traditions | Bhakti Movement | Saints and Philosophers | Kabir | Vallabhacharya | Madhvacharya | Pushtimarg | Dvaita Philosophy","hard","Consider the following statements: 1. ‘Bijak’ is a composition of the teachings of Saint Dadu Dayal. 2. The Philosophy of PushtiMarg was propounded by Madhvacharya. Which of the statements given above is/are correct?","1 only","2 only","Both 1 and 2","Neither 1 nor 2","D","**Statement 1 is incorrect:** This is a collection of the teachings of Kabir, a 15th-century Indian mystic poet and philosopher. It is not associated with Saint Dadu Dayal. **Statement 2 is incorrect:** This philosophy was propounded by Vallabhacharya, not Madhvacharya. Madhvacharya is known for his Dvaita philosophy, which emphasizes the duality of existence. Therefore, both statements are incorrect."
"2d965b31-5d2c-4173-8201-57bca15a48a5","2014","GS","Art & Culture","Indian Philosophy","Indian Philosophy | Six Systems of Indian Philosophy | Hindu Philosophy | Orthodox Schools | Lokayata | Kapalika","easy","Which one of the following pairs does not form part of the six systems of Indian Philosophy?","Mimamsa and Vedanta","Nyaya and Vaisheshika","Lokayata and Kapalika","Sankhya and Yoga","C","**Mimamsa and Vedanta:** These are both orthodox schools of Hindu philosophy within the six systems. **Nyaya and Vaisheshika:** These are also part of the six orthodox systems, known for their focus on logic and epistemology. **Sankhya and Yoga:** These are considered two of the six orthodox systems, with Sankhya focusing on dualism and Yoga on achieving liberation through practices like meditation. **Lokayata:** This was a materialistic philosophy that is not considered part of the six orthodox systems of Hindu philosophy. It emphasized materialism and scepticism towards spiritual concepts. **Kapalika:** While the exact nature and origin of Kapalika are debated, it's generally not considered among the six orthodox systems. It's associated with tantric practices and rituals that deviate from the mainstream Hindu philosophy. Therefore, Lokayata and Kapalika are not part of the six established systems of Indian philosophy."
"44810900-be56-4752-9406-eecf8e67c175","2014","GS","Art & Culture","Other Aspects of Indian Culture","Martial Arts | Indian Culture | Kerala Culture | Kalaripayattu | Ancient Indian Traditions","hard","With reference to India’s culture and tradition, what is ‘Kalaripayattu’?","It is an ancient Bhakti cult of Shaivism still prevalent in some parts of South India","It is an ancient style bronze and brass work still found in southern part of Coromandel area","It is an ancient form of dance-drama and a living tradition in the northern part of Malabar","It is an ancient martial art and a living tradition in some parts of South India","D","Kalaripayattu is an ancient Indian martial art that originated in Kerala, a state on the southwestern coast of India. It's considered one of the oldest and most scientific martial arts in the world, with a rich history and tradition."
"bc1ac397-f829-4a97-b0fc-d2bb091740d0","2014","GS","Art & Culture","Indian Music","Manganiyars | Folk Music | Rajasthan | Musical Tradition | Indian Music","hard","A community of people called Manganiyars is well-known for their -","martial arts in North-East India","musical tradition in North-West India","classical vocal music in South India","pietra dura tradition in Central India","B","The Manganiyars are professional Muslim folk musicians belonging to Jaisalmer, Barmer, parts of Jalore, Bikaner and Jodhpur districts in Western Rajasthan. Like other hereditary caste musicians, they cultivate a close relationship with their patrons. For generations, they provide musical service to their patrons to receive cattle, camels, goats or cash as a gift. On the other side, they function as record keepers and keep the different family histories alive through their songs, based on pure oral tradition."
"f41daad7-0a79-4ef2-9865-3f490ece4825","2014","GS","Art & Culture","Art and Architecture","Indian Art and Culture | Buddhist Art | Hindu Sculpture | Rock-Cut Architecture | Ajanta Caves | Mamallapuram | Udayagiri Caves","hard","With reference to the Indian history of art and culture, consider the following pairs: |Famous work of sculpture|Site| |-- |--| |1. A grand image of Buddha’s Mahaparinirvana with numerous celestial musicians above and the sorrowful figures of his followers below|Ajanta| |2. A huge image of Varaha Avatar (boar incarnation) of Vishnu, as he rescues Goddess Earth from the deep and chaotic waters, sculpted on rock|Mount Abu| |3. “Arjuna’s Penance” /”Descent of Ganga” sculpted on the surface of huge boulders|Mamallapuram| Which of the pairs given above is/ are correctly matched?","1 and 2 only","3 only","1 and 3 only","1, 2 and 3","C","**Pair 1 is correctly matched:** The Ajanta Caves, located in Maharashtra, are famous for their Buddhist rock-cut sculptures and paintings, including the grand image of Buddha's Mahaparinirvana in Cave 26. **Pair 2 is not correctly matched:** The huge image of Varaha Avatar of Vishnu is sculpted on the rock at Udayagiri Caves, near Vidisha in Madhya Pradesh, not at Mount Abu. **Pair 3 is correctly matched:** Mamallapuram, also known as Mahabalipuram, is famous for its rock-cut sculptures, including the iconic ""Arjuna's Penance"" or ""Descent of Ganga"" carved on two massive boulders."
"f755fc44-b53c-4507-9562-588aaf9196ca","2014","GS","Art & Culture","Indian Languages","Classical Languages of India | Indian Languages | Government Recognition of Languages | Cultural Heritage | National Education Policy 2020","medium","Consider the following languages: 1. Gujarati 2. Kannada 3. Telugu Which of the above has/have been declared as ‘Classical Language / Languages’ by the Government?","1 and 2 only","3 only","2 and 3 only","1, 2 and 3","C","**Statement 1 is Incorrect:** Gujarati has not been declared a Classical Language by the Government of India. **Statement 2 is Correct:** Kannada was officially accorded the status of a Classical Language in 2008, recognizing its high antiquity and rich ancient literature. **Statement 3 is Correct:** Telugu was officially declared a Classical Language in 2008, meeting the criteria of having an independent literary tradition and recorded history spanning over 1500-2000 years."
"369ded03-d72d-441e-a061-e9c74d160f77","2014","GS","Art & Culture","Indian Literature","Indian National Emblem | National Motto | Satyameva Jayate | Mundaka Upanishad | Upanishads","easy","The national motto of India, ‘Satyameva Jayate’ inscribed below the Emblem of India is taken from","Katha Upanishad","Chandogya Upanishad","Aitareya Upanishad","Mundaka Upanishad","D","* 'Satyameva Jayate' (Truth alone triumphs ) is a mantra from the ancient Indian scripture Mundaka Upanishad. * Following the independence of India, it was adopted as the national motto of India on 26 January 1950. It is inscribed in the script at the base of the national emblem. The emblem and the words 'Satyameva Jayate' are inscribed on one side of all Indian currency. * The emblem is an adaptation of the Lion Capital of Ashoka which was erected around 250 BCE at Sarnath, near Varanasi in the Indian state of Uttar Pradesh. It is inscribed on all currency notes and national documents."
"096b8822-9c98-41bc-bb65-0a4bd0072810","2014","GS","Economy","International Institutions","International Monetary Fund (IMF) | World Economic Outlook | Economic Publications | International Organizations | Global Economy","easy","Which of the following organizations brings out the publication known as ‘World Economic Outlook’?","The International Monetary Fund","The United Nations Development Programme","The World Economic Forum","The World Bank","A","The World Economic Outlook (WEO) is a flagship report published by the International Monetary Fund (IMF) twice a year, typically in April and October. It provides a comprehensive analysis of global economic developments, short-term and medium-term growth projections, and examines pressing policy issues. Other key reports published by the IMF include the Global Financial Stability Report and the Fiscal Monitor."
"e131d922-6d0f-40ee-a536-9217d047eda7","2014","GS","Economy","Money, Banking and Monetary Policy","Monetary Policy | Reserve Bank of India (RBI) | Liquidity Management | Banking Operations | Short-Term Interest Rates","easy","The terms ‘Marginal Standing Facility Rate’ and ‘Net Demand and Time Liabilities’, sometimes appearing in the news, are used in relation to","banking operations","communication networking","military strategies","supply and demand of agricultural products","A","The terms 'Marginal Standing Facility Rate' and 'Net Demand and Time Liabilities' are used in relation to banking operations, specifically related to short-term liquidity management by banks with the Reserve Bank of India (RBI). **Marginal Standing Facility (MSF):** This is a facility offered by the RBI to banks as a last resort to borrow short-term overnight funds. It allows banks to meet their temporary liquidity shortfalls. **Net Demand and Time Liabilities (NDTL):** This refers to the total amount of a bank's deposits that are repayable on demand (current and savings accounts) or after a specific period (fixed deposits)."
"b3c03680-01ba-452e-887b-879b031952ba","2014","GS","Economy","Finance and Financial Markets","Venture Capital | Startup Funding | Entrepreneurship | Financial Markets | Investment Banking","easy","What does venture capital mean?","A short-term capital provided to industries","A long-term start-up capital provided to new entrepreneurs","Funds provided to industries at times of incurring losses","Funds provided for replacement and renovation of industries","B","Venture capital is financing that investors provide to startup companies and small businesses that are believed to have long-term growth potential. Venture capital generally comes from well-off investors, investment banks, and other financial institutions."
"67f0a4ae-3268-4b12-bb93-64461182d575","2014","GS","Economy","Taxation in India","Sales Tax | GST (Goods and Services Tax) | State Government Taxation | Indian Tax System | Indirect Taxes","easy","The sales tax you pay while purchasing a toothpaste is a","tax imposed by the Central Government.","tax imposed by the Central Government but collected by the State Government","tax imposed by the State Government but collected by the Central Government","tax imposed and collected by the State Government","D","The answer is (D) tax imposed and collected by the State Government is correct. In India, sales tax has been replaced by the Goods and Services Tax (GST). However, before the implementation of GST, sales tax was levied by individual states in India. While there might have been some central guidelines, the power to impose and collect sales tax primarily rested with the state governments."
"d3b995ab-7272-48b6-8d1c-c5fdddb7bd08","2014","GS","Economy","Agriculture and Allied Activities","Food Security in India | Seed Replacement Rates | National Seeds Policy | Private Sector Participation in Agriculture | Demand-Supply Gap in Agriculture","hard","In the context of food and nutritional security of India, enhancing the ‘Seed Replacement Rates’ of various crops helps in achieving the food production targets of the future. But what is/are the constraint/ constraints in its wider / greater implementation? 1. There is no National Seeds Policy in place. 2. There is no participation of private sector seed companies in the supply of quality seeds of vegetables and planting materials of horticultural crops. 3. There is a demand-supply gap regarding quality seeds in case of low value and high volume crops. Select the correct answer using the code given below.","1 and 2","3 only","2 and 3","None","B","**Statement 1 is incorrect:** India has a National Seeds Policy (2002), which provides a framework for quality assurance, seed certification, and private sector participation. **Statement 2 is incorrect:** The private sector plays a significant role in the production and distribution of seeds, particularly for hybrid and vegetable crops (e.g., Mahyco, Syngenta, Nunhems, etc.). **Statement 3 is correct:** For crops like pulses, coarse cereals, and oilseeds, which are low-value but high-volume, there is indeed a shortage of certified seeds due to lower profitability and investment. Thus, only statement three is correct."
"08c9a114-645d-4b71-aa11-16e0fe8ebb4a","2014","GS","Economy","Money, Banking and Monetary Policy","Monetary Policy | Interest Rates | Investment Expenditure | Economic Growth | Demand and Supply","medium","If the interest rate is decreased in an economy, it will","decrease the consumption expenditure in the economy","increase the tax collection of the Government","increase the investment expenditure in the economy","increase the total savings in the economy","C","* Lower Interest rates encourage additional investment spending , which gives the economy a boost in times of slow economic growth. * Changes in interest rates affect the public's demand for goods and services and, thus, aggregate investment spending. * A decrease in interest rates lowers the cost of borrowing, which encourages businesses to increase investment spending. * Lower interest rates also give banks more incentive to lend to businesses and households, allowing them to spend more."
"bbe4efba-4152-4cfe-998e-50afe5cd176e","2014","GS","Economy","Trade and External Sector","Balance of Payments | Current Account | Balance of Trade | Balance of Invisibles | Foreign Assets | Special Drawing Rights (SDR)","medium","With reference to Balance of Payments, which of the following constitutes/constitute the Current Account? 1. Balance of trade 2. Foreign assets 3. Balance of invisibles 4. Special Drawing Right Select the correct answer using the code given below.","1 only","2 and 3","1 and 3","1, 2 and 4","C","**Balance of Trade:** This refers to the net difference between a country's exports and imports of goods. It's a key component of the current account. **Foreign Assets:** This refers to assets held by a country's residents outside the country. It's not part of the current account but might be included in the capital account. **Balance of Invisibles:** This captures the net income from services, such as tourism, transportation, and royalties, as well as net current transfers (e.g., foreign aid). It's another crucial component of the current account. **Special Drawing Right (SDR):** This is an international reserve asset created by the International Monetary Fund (IMF). It's not directly part of the current account but might be included in the reserve assets. Therefore, only options 1 (Balance of Trade) and 3 (Balance of Invisibles) are constituents of the Current Account in the Balance of Payments."
"426e6fa0-4530-4f5b-baa9-f1b47ce5fde9","2014","GS","Economy","Money, Banking and Monetary Policy","Monetary Policy | Reserve Bank of India (RBI) | Statutory Liquidity Ratio (SLR) | Cash Reserve Ratio (CRR) | Bank Regulation","medium","In the context of Indian economy which of the following is/are the purpose/purposes of ‘Statutory Reserve Requirements’? 1. To enable the Central Bank to control the amount of advances the banks can create 2. To make the people’s deposits with banks safe and liquid 3. To prevent commercial banks from making excessive profits 4. To force the banks to have sufficient vault cash to meet their day-to-day requirements Select the correct answer using the code given below.","1 only","1 and 2 only","2 and 3 only","1, 2, 3 and 4","A","Statement 1 is correct: Statutory Reserve Requirements, which include the Cash Reserve Ratio (CRR) and the Statutory Liquidity Ratio (SLR), are the primary quantitative tools used by the RBI to regulate the money supply and control the credit-creation capacity (advances) of commercial banks. Statement 2 is incorrect: Although maintaining reserves helps manage bank liquidity, the specific ""safety"" of people's deposits is the mandate of the Deposit Insurance and Credit Guarantee Corporation (DICGC) and the implementation of Capital Adequacy Ratios (Basel norms), rather than being the primary policy purpose of statutory reserves. Statement 3 is incorrect: These requirements are instruments of monetary policy and are not designed to regulate or prevent the profits made by commercial banks. Statement 4 is incorrect: Statutory reserves like CRR must be kept with the RBI, and SLR is kept in liquid assets like government securities. Banks maintain their own ""vault cash"" separately to meet day-to-day operational requirements."
"b81ed03c-1b3f-4007-b712-42a9c7c1f4b8","2014","GS","Economy","Public Finance in India","Union Budget | Government Expenditure | Plan Expenditure | Non-Plan Expenditure | Revenue Expenditure | Capital Expenditure","medium","With reference to Union Budget, which of the following is/are covered under Non-Plan Expenditure? 1. Defence expenditure 2. Interest payments 3. Salaries and pensions 4. Subsidies Select the correct answer using the code given below.","1 only","2 and 3 only","1, 2, 3 and 4","None","C","There are two components of expenditure - plan and non-plan. Of these, plan expenditures are estimated after discussions between each of the ministries concerned and the Planning Commission. Non-plan revenue expenditure is accounted for by - interest payments, - subsidies (mainly on food and fertilisers), - wage and salary payments to government employees, - grants to States and Union Territories governments, - pensions, - police, - economic services in various sectors, - other general services such as tax collection, - social services, and - grants to foreign governments. Non-plan capital expenditure mainly includes defence , loans to public enterprises,and loans to States, Union Territories and foreign governments. The Plan and Non-Plan classification was done away with from fiscal 2017-18. Now emphasis is on Revenue and Capital expenditure."
"5d97d79a-b271-4df9-9a83-4dd43293b577","2014","GS","Economy","Planning and Reform","Indian Economy | Planning in India | Five Year Plans | National Development Council (NDC) | Finance Commission","medium","Which of the following are associated with ‘Planning’ in India? 1. The Finance Commission 2. The National Development Council 3. The Union Ministry of Rural Development 4. The Union Ministry of Urban Development 5. The Parliament Select the correct answer using the code given below.","1, 2 and 5 only","1, 3 and 4 only","2 and 5 only","1, 2, 3, 4 and 5","C","**1. Finance Commission:** Deals with the distribution of tax revenue between the central government and states, not overall national planning. **2. National Development Council (NDC):** This was the apex body for planning at the national level. It is used to formulate and review India's five-year plans. **3. Union Ministry of Rural Development:** Implements specific development schemes related to rural areas, not national-level planning. **4. Union Ministry of Urban Development:** Implements specific development schemes related to urban areas, not national-level planning. **5. Parliament:** While not directly involved in day-to-day planning, the Parliament is used to approve the five-year plans formulated by the NDC. Additionally, Members of Parliament (MPs) can utilize funds allocated for their constituencies through MPLADS (Member of Parliament Local Area Development Scheme), which contributes to local-level planning."
"da4f4a7b-b529-45a1-b0a6-24495aeee798","2014","GS","Economy","Agriculture and Allied Activities","Guar Gum | Cyamopsis tetragonoloba | Shale Gas Extraction | Industrial Uses of Plants | Agriculture and Environment","medium","In India, cluster bean (Guar) is traditionally used as a vegetable or animal feed, but recently the cultivation of this has assumed significance. Which one of the following statements is correct in this context?","The oil extracted from seeds is used in the manufacture of biodegradable plastics","The gum made from its seeds is used in the extraction of shale gas","The leaf extract of this plant has the properties of antihistamines","It is a source of high-quality biodiesel","B","* The guar or cluster bean, with the botanical name Cyamopsis tetragonoloba, is an annual legume and the source of guar gum. * It is also known as Gavar, guar, or guvar bean. * The gum made from its seeds is used in the extraction of shale gas . The seeds of the guar bean contain a large endosperm. This endosperm consists of a large polysaccharide of galactose and mannose. This polymer is water-soluble and exhibits a viscosifying effect in water. * Guar gum has a multitude of different applications in food products, industrial products, and the extractive industry."
"d950323c-4b45-44f6-beee-c46005cebd37","2014","GS","Economy","Planning and Reform","Five Year Plans | India's Economic Planning | Inclusive Growth | Sustainable Development | 12th Five Year Plan","medium","The main objective of the 12th Five-Year Plan is","inclusive growth and poverty reduction","inclusive and sustainable growth","sustainable and inclusive growth to reduce unemployment","Faster, sustainable and more inclusive growth.","D","The aim of the 12th Five Year plan is to achieve 'faster, sustainable and more inclusive growth'. For this purpose, it seeks to achieve: - 4% growth in the agriculture sector - 10% in the manufacturing sector The total budget of the 12th Five Year plan has been estimated at Rs.47.7 lakh crore which is 135 percent more than that for the 11th Five year Plan (2007-12)."
"9bf9f775-f14f-4cfd-9dc2-2a7658c94a84","2014","GS","Economy","Agriculture and Allied Activities","Government Schemes | Rural Development | Agriculture | Environment and Forests | Ministry of Rural Development | Ministry of Agriculture | Ministry of Environment and Forests","medium","Programme/ Project Ministry 1. Drought-Prone Area Programme: Ministry of Agriculture 2. Desert Development Programme: Ministry of Environment and Forests 3. National Watershed Development Project for Rainfed Areas: Ministry of Rural Development Which of the above pairs are correctly matched?","1 and 2 only","3 only","1, 2 and 3","None","D","**Pair 1 is not correct:** The drought prone area programme comes under Ministry of Rural Development. This programme aims to mitigate the impacts of droughts on crop production, livestock, land and water resources. **Pair 2 is not correct:** The Desert Development Programme comes under Ministry of Rural Development. The basic objective of the Desert Development Programme is to minimise negative effect of drought and control desertification. **Pair 3 is not correct:** The national watershed project for rainfed areas implemented by Ministry of Agriculture is an umbrella scheme under Pradhan Mantri Krishi Sinchayi Yojana."
"085e505f-2a90-4191-b444-0f774fba49fe","2014","GS","Environment & Ecology","Environmental Pollution","Steel Industry Pollution | Air Pollution | Environmental Impact of Industries | Sulphur Oxides (SOx) | Nitrogen Oxides (NOx)","medium","Which of the following are some important pollutants released by the steel industry in India? 1. Oxides of sulphur 2. Oxides of nitrogen 3. Carbon monoxide 4. Carbon dioxide Select the correct answer using the code given below.","1, 3 and 4 only","2 and 3 only","1 and 4 only","1,2, 3 and 4","D","**Statement 1 is Correct:** The steel industry uses coal and coke as fuel and reducing agents; since these contain sulphur, their combustion and the sintering process release oxides of sulphur (SOx). **Statement 2 is Correct:** High-temperature operations in blast furnaces and heating processes cause atmospheric nitrogen to react with oxygen, leading to the formation of oxides of nitrogen (NOx). **Statement 3 is Correct:** Carbon monoxide (CO) is generated as a byproduct during the reduction of iron ore in the blast furnace and through the incomplete combustion of carbon-based fuels. **Statement 4 is Correct:** Carbon dioxide (CO2) is a major emission resulting from the chemical reduction of iron ore (coke reacting with ore) and the combustion of fossil fuels for energy production."
"99ccfcac-6452-4590-8c33-0094e9310bb7","2014","GS","Environment & Ecology","Contemporary Environmental Issues | Institutional Measures for Environment Conservation | Conservation Efforts","Biodiversity Conservation | Biosphere Reserves | Traditional Knowledge | Sustainable Development | Human-Wildlife Conflict","medium","The most important strategy for the conservation of biodiversity together with traditional human life is the establishment of","biosphere reserves","botanical gardens","national parks","wildlife sanctuaries","A","Biosphere reserves are the primary strategy for conserving biodiversity alongside traditional human life. Established under the UNESCO Man and the Biosphere (MAB) program, they are designed to integrate conservation with sustainable development. This is achieved through a zonation system: the **Core Zone** is strictly protected for biodiversity; the **Buffer Zone** surrounds the core and allows for limited research and education; and the **Transition Zone** (or Area of Cooperation) is where traditional human settlements, cropping, and other economic activities are permitted and managed in harmony with conservation goals. * **Botanical gardens** are for ex-situ conservation and do not involve human habitation. * **National parks** are strictly protected areas where human activities and settlements are generally prohibited. * **Wildlife sanctuaries** may allow certain limited rights like grazing or collection of minor forest produce, but they are not specifically designed to integrate and preserve 'traditional human life' as a core strategic objective in the way biosphere reserves are."
"32a794a7-3158-48ff-a81c-22c046e107c2","2014","GS","Environment & Ecology","International Environmental Framework | Institutional Measures for Environment Conservation","Biodiversity Conservation | International Environmental Agreements | Plant Genetic Resources | Desertification | World Heritage Convention","medium","Consider the following international agreements: 1. The International Treaty on Plant Genetic Resources for Food and Agriculture 2. The United Nations Convention to Combat Desertification 3. The World Heritage Convention Which of the above has/have a bearing on the biodiversity?","1 and 2 only","3 only","1 and 3 only","1, 2, and 3","D","The International Treaty on Plant Genetic Resources for Food and Agriculture focuses on ensuring the conservation and sustainable use of plant genetic resources for food and agriculture. This directly impacts biodiversity as it aims to protect the variety of plant species crucial for food security and ecosystem health. The United Nations Convention to Combat Desertification addresses land degradation in arid, semi-arid, and dry sub-humid areas. Desertification can significantly reduce biodiversity by destroying habitats and reducing plant and animal life. By working to combat desertification, this convention indirectly protects biodiversity. The World Heritage Convention focuses on preserving cultural and natural heritage sites. Conservation natural heritage sites may contribute to biodiversity conservation. Thus 'D' is the correct answer."
"654d335f-065e-4c6d-9f69-7ac8896bd44f","2014","GS","Environment & Ecology","Aquatic Ecosystem | Wet Land Ecosystem","Food Chain | Aquatic Ecosystem | Producers | Consumers | Trophic Levels","hard","Which one of the following is the correct sequence of a food chain?","Diatoms-Crustaceans-Herrings","Crustaceans-Diatoms-Herrings","Diatoms-Herrings-Crustaceans","Crustaceans-Herrings-Diatoms","A","**Diatoms:** These are microscopic, single-celled algae that are primary producers in aquatic ecosystems. They use photosynthesis to convert sunlight, water, and carbon dioxide into organic matter (food). **Crustaceans:** These are small aquatic animals like shrimp, crabs, and krill. They are primary consumers in the food chain and feed on diatoms and other phytoplankton (microscopic plants). **Herrings:** These are small schooling fish that are secondary consumers in the food chain. They feed on crustaceans and other zooplankton (microscopic animals). So, the energy flow starts with diatoms (producers) being eaten by crustaceans (consumers), which are then eaten by herrings (higher-level consumers). ![Food Chain and Web](https://d39jluplm5thpx.cloudfront.net//Food_Chain_and_Web_bc16275d07.jpg)"
"861900c3-d4cb-4428-9dcf-d1e6d52b11b6","2014","GS","Environment & Ecology","Institutional Measures for Environment Conservation | Climate Change","Earth Hour | WWF (World Wildlife Fund) | Climate Change Awareness | Environmental Movements | Sustainable Practices","medium","Consider the following statements regarding ‘Earth Hour’: 1. It is an initiative of UNEP and UNESCO. 2. It is a movement in which the participants switch off the lights for one hour on a certain day every year. 3. It is a movement to raise awareness about climate change and the need to save the planet. Which of the statements given above is/are correct?","1 and 3 only","2 only","2 and 3 only.","1, 2 and 3","C","**Statement 1 is Incorrect:** Earth Hour is an initiative organized by the World Wildlife Fund (WWF). **Statement 2 is Correct:** Earth Hour is a global movement encouraging individuals, businesses, and landmarks to switch off non-essential lights for one hour every year, typically on the last Saturday of March. **Statement 3 is Correct:** This symbolic act aims to raise awareness about climate change, the need for sustainable practices, and the importance of energy conservation."
"f3e38a15-1bf1-4349-a622-0b550b5e9467","2014","GS","Environment & Ecology","Contemporary Environmental Issues | Wet Land Ecosystem | Environmental Impact Assessment (EIA) | National Environmental Legislations | Institutional Measures for Environment Conservation","Soil Erosion | Deforestation | Land Degradation | Environmental Issues in India | Soil Conservation Techniques","medium","In India, the problem of soil erosion is associated with which of the following? 1. Terrace cultivation 2. Deforestation 3. Tropical climate Select the correct answer using the code given below.","1 and 2 only","2 only","1 and 3 only","1, 2 and 3","B","**1. Terrace cultivation:** This is a soil conservation technique used on sloping land. It involves creating leveled steps or terraces to reduce water runoff and soil erosion. **2. Deforestation:** When trees are cut down, the soil loses the protection provided by their roots. This exposes the soil to wind and rain, making it more susceptible to erosion. Deforestation is a major driver of soil erosion in India. **3. Tropical climate:** While heavy rainfall in tropical regions can contribute to soil erosion, it's not the sole factor. Deforestation and poor land management practices exacerbate the issue. Thus, the correct answer is '2 only'."
"38dd91eb-c272-43f1-b504-acfcf8447eb5","2014","GS","Environment & Ecology","Renewable Energy","Maize Uses | Biofuel Production | Starch Production | Alcoholic Beverages | Agriculture and Food","medium","Consider the following statements: 1. Maize can be used for the production of starch. 2. Oil extracted from maize can be a feedstock for biodiesel. 3. Alcoholic beverages can be produced by using maize. Which of the statements given above is/are correct?","1 only","1 and 2 only","2 and 3 only","1, 2 and 3","D","Maize (corn) is a versatile crop with numerous uses. **Statement 1 is correct:** Maize is a major source of starch, a carbohydrate used in various food and industrial applications. Cornstarch is a common thickening agent in cooking and is also used in bioplastics and pharmaceuticals. **Statement 2 is correct:** Biodiesel Feedstock Corn oil, extracted from the maize germ, can be processed into biodiesel, a renewable fuel alternative to traditional diesel. **Statement 3 is correct:** Alcoholic Beverage Production Maize is a key ingredient in various alcoholic beverages, including bourbon whiskey and corn-based ethanol for alcoholic drinks or fuel."
"cfc85d9c-96be-4f4b-9227-ed6dd56980ad","2014","GS","Environment & Ecology","Indian Biodiversity - Flora","Neem Tree | Neem Oil | Pesticide | Biofuel | Pharmaceutical Industry","medium","With reference to the Neem tree, consider the following statements: 1. Neem oil can be used as a pesticide to control the proliferation of some species of insects and mites. 2. Neem seeds are used in the manufacture of biofuels and hospital detergents. 3. Neem oil has applications in the pharmaceutical industry. Which of the statements given above is/are correct?","1 and 2 only","3 only","1 and 3 only","1, 2 and 3","C","**Statement 1 is correct:** Neem oil is a well-known natural pesticide and has been shown to be effective in controlling some insect and mite populations. **Statement 2 is incorrect:** While there might be some research into using neem seeds for biofuels, it's not a widespread application in 2014 when the question was asked by the UPSC. Hospital detergents typically use stronger and more regulated chemicals. **Statement 3 is correct:** Neem oil does have applications in the pharmaceutical industry. It has been used in traditional medicine for centuries, and some of its properties are being explored in modern medicine for their anti-bacterial, anti-inflammatory, and other potential benefits."
"86bd2e5c-8d29-4196-801d-ea6613114a89","2014","GS","Environment & Ecology","Climate Change Mitigation | Institutional Measures for Environment Conservation | Wet Land Ecosystem","Integrated Watershed Development Programme | Watershed Management | Soil Conservation | Rainwater Harvesting | Groundwater Recharge","medium","What are the benefits of implementing the ‘Integrated Watershed Development Programme’? 1. Prevention of soil runoff 2. Linking the country’s perennial rivers with seasonal rivers 3. Rainwater harvesting and recharge of the groundwater table 4. Regeneration of natural vegetation Select the correct answer using the code given below.","1 and 2 only","2, 3 and 4 only","1, 3 and 4 only","1, 2, 3 and 4","C","**Statement 1 is correct:** Prevention of soil runoff IWDP promotes practices that reduce soil erosion, protecting valuable topsoil and improving land fertility. **Statement 2 is incorrect:** Linking perennial and seasonal rivers While water resource management is a part of IWDP, it doesn't focus on physically linking separate river systems. The National River Linking Project is a separate project to interlink rivers. **Statement 3 is correct:** Rainwater harvesting and groundwater recharge IWDP encourages rainwater conservation techniques, allowing more water to infiltrate the ground and replenish aquifers. **Statement 4 is correct:** Regeneration of natural vegetation IWDP often involves planting trees and promoting sustainable land management practices, leading to increased vegetation cover."
"0b71c7df-0375-4a27-aa2f-d3aff2ae1bde","2014","GS","Environment & Ecology","Wet Land Ecosystem | Institutional Measures for Environment Conservation","Wetlands International | Conservation Organizations | Ramsar Convention | Environmental Advocacy | Wetland Conservation","medium","With reference to a conservation organization called Wetlands International, which of the following statements is/are correct? 1. It is an intergovernmental organization formed by the countries which are signatories to the Ramsar Convention. 2. It works at the field level to develop and mobilize knowledge, and use the practical experience to advocate for better policies. Select the correct answer using the code given below.","1 only","2 only","Both 1 and 2","Neither 1 nor 2","B","Wetlands International is a global organisation that works to sustain and restore wetlands and their resources for people and biodiversity. **Statement 1 is incorrect:** It is an independent, not-for-profit, global organisation, supported by government and NGO membership from around the world. **Statement 2 is correct:** Wetlands International is dedicated to maintaining and restoring wetlands for their environmental values as well as for the services they provide to people. It works at the field level to develop and mobilise knowledge and use this practical experience to advocate for better policies."
"74c11eb9-a6cd-4bad-9cd4-44671cba1cf8","2014","GS","Environment & Ecology","Institutional Measures for Environment Conservation","Bombay Natural History Society (BNHS) | Wildlife Conservation | Nature Conservation | Environmental Organizations | Research and Education","medium","With reference to Bombay Natural History Society (BNHS), consider the following statements : 1. It is an autonomous organization under the Ministry of Environment and Forests. 2. It strives to conserve nature through action-based research, education and public awareness. 3. It organizes and conducts nature trails and camps for the general public. Which of the statements given above is/are correct?","1 and 3 only","2 only","2 and 3 only","1, 2 and 3","C","The Bombay Natural History Society (BNHS), a pan-India wildlife research organization, has been promoting the cause of nature conservation since 1883. **Statement 1 is incorrect.** BNHS Vision: Premier independent scientific organization with a broad-based constituency, excelling in the conservation of threatened species and habitats. **Statement 2 is correct.** BNHS Mission: Conservation of nature, primarily biological diversity through action based on research, education, and public awareness. **Statement 3 is correct.** It organizes and conducts nature trails and camps for the general public."
"65ccddd0-653a-4b3b-8f2d-33a37f90be03","2014","GS","Environment & Ecology","Aquatic Ecosystem | Wet Land Ecosystem | Biodiversity Basics | Protected Area Network","Coral Reefs | Marine Ecosystems | Indian Geography | Andaman and Nicobar Islands | Gulf of Mannar | Gulf of Kutch | Sunderbans | Mangrove Forests","medium","Which of the following have coral reefs? 1. Andaman and Nicobar Islands 2. Gulf of Kutch 3. Gulf of Mannar 4. Sunderbans Select the correct answer using the code given below.","1, 2 and 3 only","2 and 4 only","1 and 3 only","1, 2, 3 and 4","A","Major reef formations in the Indian Seas occur in: - Gulf of Mannar, - Palk Bay, - Gulf of Kutch, - the Andaman and Nicobar Islands, and - Lakshadweep. ![Coral Reefs](https://d39jluplm5thpx.cloudfront.net//Coral_Reefs_fac6cd12a0.jpg) Coral reefs are marine ecosystems and cannot exist in the Sundarbans, which is a mangrove forest in the Ganges Delta and a brackish water ecosystem."
"4d44847e-5a90-423a-b94c-e9e06453d9fe","2014","GS","Environment & Ecology","Wet Land Ecosystem | Protected Area Network","Wetlands in India | River Confluence | Geography of India | National Parks and Wildlife Sanctuaries | UPSC Environment and Ecology","hard","Consider the following pairs |Wetlands|Confluence of rivers| |-- |--| |1. Harike Wetlands | Beas and Satluj/Sutlej| |2. Keoladeo Ghana National Park|Banas and Chambal| |3. Kolleru Lake | Confluence of Musi and Krishna| Which of the above pairs is/are correctly matched?","1 only","2 and 3 only","1 and 3 only","1, 2 and 3","A","**Pair 1 is correct:** The Harike Wetland is formed at the confluence of the Beas and Sutlej rivers in Punjab, India. **Pair 2 is incorrect:** Keoladeo Ghana National Park, also known as Bharatpur Bird Sanctuary, is not located at the confluence of these rivers. It's a man-made wetland in Rajasthan, located on the confluence of River Gambhir and River Banganga. **Pair 3 is incorrect:** Kolleru Lake is a freshwater lake in Andhra Pradesh and is not located where the Musi and Krishna rivers meet. It lies between the Krishna and Godavari deltas. ![Wetlands](https://d39jluplm5thpx.cloudfront.net//Wetlands_4f682c39c9.jpg) Thus, only pair one is correctly matched."
"52490dab-6823-4913-a6d6-39ff4772abae","2014","GS","Environment & Ecology","Institutional Measures for Environment Conservation | Protected Area Network | National Environmental Legislations | Contemporary Environmental Issues","Tribal Communities | Forest Conservation | Sustainable Practices | Environmental Festivals | India Ecology","hard","Every year, a month-long ecologically important campaign/festival is held during which certain communities/tribes plant saplings of fruit-bearing trees. Which of the following are such communities/tribes?","Bhutia and Lepcha","Gond and Korku","Irula and Toda","Sahariya and Agariya","B","The **Gond and Korku** tribes, primarily residing in the **Betul and Harda districts of Madhya Pradesh**, observe a month-long ecological campaign during the monsoon season. This tradition involves the large-scale planting of saplings of fruit-bearing trees and is locally known as the **'Hari Jiroti'** festival. This practice highlights the deep-rooted connection between these indigenous communities and their environment, showcasing a traditional model of biodiversity conservation and sustainable resource management."
"c2cebf05-43ff-4f71-8e64-e2e52e520736","2014","GS","Environment & Ecology","Wet Land Ecosystem","Ramsar Convention | Wetlands of International Importance | Montreux Record | Ecological Character | Human Interference","medium","If a wetland of international importance is brought under the ‘Montreux Record’, what does it imply?","Changes in ecological character have occurred, are occurring or are likely to occur in the wetland as a result of human interference","The country in which the wetland is located should enact a law to prohibit any human activity within","The survival of the wetland depends on the cultural practices and traditions of certain communities living in its vicinity","It is given the status of ‘World Heritage Site’","A","The Montreux Record is a register of wetland sites on the List of Wetlands of International Importance where changes in ecological character have occurred, are occurring, or are likely to occur as a result of technological developments, pollution, or other human interference. It is maintained as part of the Ramsar List."
"eb85c2ba-282f-4402-b581-e01fe1f48a52","2014","GS","Environment & Ecology","National Environmental Legislations | Institutional Measures for Environment Conservation","Eco-Sensitive Zones | Environment (Protection) Act, 1986 | Wildlife (Protection) Act, 1972 | Ministry of Environment, Forest and Climate Change (MoEFCC) | Protected Areas","medium","With reference to ‘Eco-Sensitive Zones’, which of the following statements is/are correct? 1. Eco-Sensitive Zones are the areas that are declared under the Wildlife (Protection) Act, 1972. 2. The purpose of the declaration of Eco-Sensitive Zones is to prohibit all kinds of human activities, in those zones except agriculture. Select the correct answer using the code given below.","1 only","2 only","Both 1 and 2","Neither 1 nor 2","D","**Statement 1 is incorrect:** Eco-Sensitive Zones are not under the Wildlife (Protection) Act, of 1972. They are notified by the Ministry of Environment, Forest and Climate Change (MoEFCC) under the Environment (Protection) Act, 1986. While they often surround protected areas like wildlife sanctuaries and national parks established under the Wildlife Act, they are a separate mechanism. **Statement 2 is incorrect:** Eco-Sensitive Zones do not prohibit all human activities. The purpose is to regulate and manage specific activities to minimize their impact on the sensitive ecosystem. Some sustainable activities like agriculture, local communities' traditional practices, and eco-tourism may be permitted with regulations."
"0f60a7fa-9a24-46e4-b251-f2d7f975743a","2014","GS","Environment & Ecology","Environmental Pollution","Nanotechnology | Environmental Pollution | Nanoparticle Toxicity | Food Chain Contamination | Free Radicals","medium","There is some concern regarding the nanoparticles of some chemical elements that are used by the industry in the manufacture of various products. Why? 1. They can accumulate in the environment, and contaminate water and soil. 2. They can enter food chains. 3. They can trigger the production of free radicals. Select the correct answer using the code given below.","1 and 2 only","3 only","1 and 3 only","1, 2 and 3","D","**Statement 1 is correct:** Nanoparticles from industry can pollute air, water, and soil due to their small size and resistance to breakdown. This buildup can harm plants, and animals, and even contaminate drinking water. **Statement 2 is correct:** Nanoparticles can be inadvertently ingested by plants or animals, entering the food chain. As they move up the food chain, they can bioaccumulate in organisms, potentially causing harm at higher trophic levels. **Statement 3 is correct:** Some nanoparticles can trigger the production of free radicals in cells. Free radicals are highly reactive molecules that can damage cells and contribute to various health problems, including inflammation and cancer."
"30f12d40-ca3c-4ca7-8112-953b1fd8ec1c","2014","GS","Environment & Ecology","Agriculture","Sustainable Sugarcane Initiative | Sugarcane Production | Sustainable Agriculture | Intercropping | Drip Irrigation","medium","What is the significance of a practical approach to sugarcane production known as ‘Sustainable Sugarcane Initiative’? 1. Seed cost is very low in this compared to the conventional method of cultivation. 2. Drip irrigation can be practised very effectively in this. 3. There is no application of chemical/ inorganic fertilizers at all in this. 4. The scope for intercropping is more in this compared to the conventional method of cultivation. Select the correct answer using the code given below.","1 and 3 only","1, 2 and 4 only","2, 3 and 4 only","1, 2, 3 and 4","B","**Statement 1 is Correct:** SSI uses single-bud chips raised in nurseries rather than traditional heavy setts, reducing the seed requirement from approximately 3 tonnes per acre to just 75 kg, which significantly lowers the seed cost. **Statement 2 is Correct:** The wide spacing and precise planting method in SSI allow for the highly effective use of drip irrigation, which helps in maintaining optimum moisture levels rather than the traditional flood irrigation. **Statement 3 is Incorrect:** While SSI encourages organic methods and the use of bio-fertilizers to improve soil health, it does not mandate the total exclusion of chemical or inorganic fertilizers; it focuses on their optimal and efficient application. **Statement 4 is Correct:** SSI involves wider spacing between rows (typically 4 to 5 feet) compared to conventional methods, which provides ample space and sunlight for successful intercropping with crops like pulses, vegetables, or oilseeds."
"4cdf79b4-3f35-45e5-8ca0-a0fb65b1f200","2014","GS","Environment & Ecology","Indian Biodiversity - Fauna","Bird Behaviour | Animal-Animal Interactions | Insectivorous Birds | Indian Birds | Wildlife Ecology","hard","If you walk through the countryside, you are likely to see some birds stalking alongside the cattle to seize the insects, disturbed by their movement through grasses, Which of the following is/are such bird/birds? 1. Painted Stork 2. Common Myna 3. Black-necked Crane Select the correct answer using the code given below.","1 and 2","2 only","2 and 3","3 only","B","**1. Painted Stork:** These are wading birds and typically feed on fish, frogs, and insects in shallow water. They are not known for following cattle. **2. Common Myna:** These are insectivores and often follow cattle or other grazing animals to catch insects flushed out by their movement. **3. Black-necked Crane:** These are primarily herbivores and feed on grains, plants, and aquatic vegetation. They are not known for following cattle for insects. Thus, the correct answer is 2 only."
"1055afb9-550b-4218-a73a-650562e6b26a","2014","GS","Environment & Ecology","International Environmental Framework | Institutional Measures for Environment Conservation","Global Environment Facility (GEF) | International Environmental Conventions | Convention on Biological Diversity (CBD) | United Nations Framework Convention on Climate Change (UNFCCC) | Financial Mechanisms for Environmental Protection","hard","With reference to ‘Global Environment Facility’, which of the following statements is/are correct","It serves as financial mechanism for 'Convention on biological diversity' and 'United Nations Framework Convention on Climate Change'","It undertakes scientific research on environmental issues at the global level","It is an agency under the OECD to facilitate the transfer of technology and funds to underdeveloped countries","Both a and b","A","**Option A is Correct:** The Global Environment Facility (GEF) serves as a financial mechanism for several major international environmental conventions, including the Convention on Biological Diversity (CBD) and the United Nations Framework Convention on Climate Change (UNFCCC). **Option B is Incorrect:** The GEF is a financial organization that provides grants and funding for environmental projects; it is not a scientific research body. Scientific research and assessments are typically conducted by organizations like the IPCC or IPBES. **Option C is Incorrect:** The GEF is an independent financial organization, not an agency under the OECD. It was established in 1991 and restructured after the 1992 Rio Earth Summit to serve as a mechanism for global environmental cooperation. **Option D is Incorrect:** Since only statement A is correct, this option is false."
"caef0379-36e5-4ace-a4d4-0d5ed03d23bf","2014","GS","Environment & Ecology","Climate Change | Climate Change Mitigation","Carbon Cycle | Greenhouse Gases | Volcanic Activity | Respiration | Decomposition","easy","Which of the following adds/add carbon dioxide to the carbon cycle on the planet Earth? 1. Volcanic action 2. Respiration 3. Photosynthesis 4. The decay of organic matter Select the correct answer using the code given below.","1 and 3 only","2 only","1, 2 and 4 only","1, 2, 3 and 4","C","**Statement 1 is correct:** Volcanic action releases carbon dioxide trapped within the Earth's crust and mantle. **Statement 2 is correct:** Respiration releases carbon dioxide as a byproduct of cellular respiration in living organisms. **Statement 3 is incorrect:** Photosynthesis removes carbon dioxide from the atmosphere. Plants and other photosynthetic organisms use carbon dioxide during photosynthesis to create organic molecules. ![Photosynthesis](https://d39jluplm5thpx.cloudfront.net//Photosynthesis_d286cde901.jpg) **Statement 4 is correct:** The decay of organic matter releases carbon dioxide as decomposers break down dead plants and animals. This process returns carbon stored in organic matter back to the atmosphere as carbon dioxide."
"ca521c1f-f4a0-45bc-91b7-686b97d32f50","2014","GS","Environment & Ecology","Environmental Pollution","Environmental Pollution | Persistent Organic Pollutants (POPs) | Bioaccumulation | Flame Retardants | Brominated Flame Retardants (BFRs)","medium","Brominated flame retardants are used in many household products like mattresses and upholstery. Why is there some concern about their use? 1. They are highly resistant to degradation in the environment. 2. They are able to accumulate in humans and animals. Select the correct answer using the code given below.","1 only","2 only","Both 1 and 2","Neither 1 nor 2","C","There are concerns about the use of brominated flame retardants (BFRs) for two main reasons: **Statement 1 is correct:** They are highly resistant to degradation. BFRs break down very slowly in the environment, meaning they can persist for a long time. This can lead to them accumulating in the environment over time. **Statement 2 is correct:** BFRs can accumulate in the bodies of humans and animals (Bioaccumulation). This happens because they are fat-soluble, meaning they are stored in fatty tissues."
"6e0a10f1-e8fd-4fd3-9fc3-69a8d55c2098","2014","GS","Environment & Ecology","Functions of Ecosystem","Lichens | Symbiotic Association | Ecological Succession | Algae | Fungi","easy","Lichens, which are capable of initiating ecological succession even on a bare rock, are actually a symbiotic association of","algae and bacteria","algae and fungi","bacteria and fungi","Fungi and mosses","B","In organisms called lichens, a chlorophyll-containing partner, which is an algae, and a fungus live together. Fungus provides shelter, water, and minerals to the algae. In return, the algae provides food which it prepares by photosynthesis."
"085aa139-acc3-4a18-9ad8-1021bce26810","2014","GS","Environment & Ecology","Renewable Energy","Solar Energy Technologies | Photovoltaics | Solar Thermal | Direct Current (DC) | Alternating Current (AC)","hard","With reference to technologies for solar power production, consider the following statements: 1. ‘Photovoltaics’ is a technology that generates electricity by direct conversion of light into electricity, while ‘Solar Thermal’ is a technology that utilizes the Sun’s rays to generate heat which is further used in the electricity generation process. 2. Photovoltaics generates Alternating Current (AC), while Solar Thermal generates Direct Current (DC). 3. India has a manufacturing base for Solar Thermal technology, but not for Photovoltaics. Which of the statements given above is/are correct?","1 only","2 and 3 only","1, 2 and 3","None","A","**Statement 1 is correct:** Photovoltaic (PV) technology converts sunlight directly into electricity using semiconductors (like silicon) — this is a direct conversion of light to electrical energy. Solar Thermal technology uses mirrors or lenses to concentrate sunlight to produce heat, which then drives a turbine to generate electricity (an indirect process). **Statement 2 is incorrect:** Photovoltaic systems generate Direct Current (DC), which is usually converted into Alternating Current (AC) through an inverter for grid use. Solar Thermal systems generate heat energy, which is used to produce AC electricity through conventional turbines. **Statement 3 is incorrect:** India has a manufacturing base for solar photovoltaics (PV) — including solar cells, modules, and panels (e.g., companies like Adani Solar, Vikram Solar, and Tata Power Solar). The solar thermal manufacturing base in India is limited and largely focused on small-scale applications like water heating."
"1a8d0dad-bee0-421c-b8b5-365dce1f39ff","2014","GS","Environment & Ecology","Climate Change","Climate Change | Global Warming | Climate Impacts | Coral Reefs | Carbon Cycle","medium","The scientific view is that the increase in global temperature should not exceed 2 °C above the pre-industrial level. If the global temperature increases beyond 3°C above the pre-industrial level, what can be its possible impact/impacts on the world? 1. Terrestrial biosphere tends toward a net carbon source 2. Widespread coral mortality will occur. 3. All the global wetlands will permanently disappear. 4. Cultivation of cereals will not be possible anywhere in the world. Select the correct answer using the code given below.","1 only","1 and 2 only","2, 3 and 4 only","1, 2, 3 and 4,","B","**Statement 1 is correct:** At such high temperatures, tipping points like widespread forest dieback and permafrost thaw would release vast amounts of stored carbon, causing the land to emit more carbon than it absorbs. **Statement 2 is correct:** Scientific consensus indicates that even at 2°C of warming, over 99% of coral reefs are expected to be lost. A 3°C rise would ensure their catastrophic and widespread collapse. **Statement 3 is incorrect:** The word ""All"" is an extreme overstatement. While many wetlands would be severely damaged or lost, it is not scientifically plausible that every single one would disappear permanently. **Statement 4 is incorrect:** The term ""anywhere"" is an exaggeration. While global food production would be devastated, cultivation would not become impossible everywhere; it might shift to new, higher-latitude regions."
"4ab2518c-79ac-49a8-baa4-b4f0e40e5ba6","2014","GS","Environment & Ecology","Institutional Measures for Environment Conservation | National Environmental Legislations","Animal Welfare Board of India | Prevention of Cruelty to Animals Act, 1960 | National Tiger Conservation Authority (NTCA) | Wildlife (Protection) Amendment Act, 2006 | National Ganga River Basin Authority (NGRBA)","medium","Consider the following statements: 1. Animal Welfare Board of India is established under the Environment (Protection) Act, 1986. 2. National Tiger Conservation Authority is a statutory body. 3. National Ganga River Basin Authority is chaired by the Prime Minister. Which of the statements given above is/ are correct?","1 only","2 and 3 only","2 only","1, 2 and 3","B","**Statement 1 is incorrect:** The Animal Welfare Board of India is established under the Prevention of Cruelty to Animals Act, 1960, not the Environment (Protection) Act, 1986. **Statement 2 is correct:** The National Tiger Conservation Authority (NTCA) is a statutory body constituted under the Wildlife (Protection) Amendment Act, 2006. Thus, NTCA is a statutory body. It is responsible for the implementation of Project Tiger. **Statement 3 is correct:** The National Ganga River Basin Authority (NGRBA) was constituted under the Environment (Protection) Act, 1986 and was chaired by the Prime Minister. It aimed to plan and coordinate measures for the conservation and management of the Ganga River. (It was later replaced by the National Ganga Council in 2016.)"
"ca320e3f-dadd-40ae-8c3f-b3b21e93f5b9","2014","GS","Environment & Ecology","Conservation Efforts","Ganges River Dolphin | Endangered Species | Habitat Loss | Pollution | River Ecology","easy","Other than poaching, what are the possible reasons for the decline in the population of Ganges River Dolphins? 1. Construction of dams and barrages on rivers 2. Increase in the population of crocodiles in rivers 3. Getting trapped in fishing nets accidentally 4. Use of synthetic fertilizers and other agricultural chemicals in crop-fields in the vicinity of rivers Select the correct answer using the code given below.","1 and 2 only","2 and 3 only","1, 3 and 4 only","1, 2, 3 and 4","C","**Statement 1 is correct:** This is a major threat. Dams fragment the river habitat, hinder migration patterns, and can disrupt prey availability for the dolphins. **Statement 2 is incorrect:** While competition might exist, it's not a cause of decline. A healthy river ecosystem can support both dolphins and crocodiles. **Statement 3 is correct:** This is a significant threat, as dolphins can get caught in fishing gear and drown. **Statement 4 is correct:** Runoff from agricultural lands can pollute rivers with pesticides and fertilizers. These pollutants can harm the dolphins' health and prey species. Thus 1,3, and 4 are the causes of the decline in the Ganga River Dolphins."
"5f9d712a-ab54-4a60-9c87-3d980e1a7966","2014","GS","World Geography","Continents","South-East Asia Geography | Location of Cities in Southeast Asia | Southeast Asian Geography | Map Reading Skills | Spatial Reasoning","medium","What is the correct sequence of occurrence of the following cities in South-East Asia as one proceeds from south to north? 1. Bangkok 2. Hanoi 3. Jakarta 4. Singapore Select the correct answer using the code given below.","4-2-1-3","3-2-4-1","3-4-1-2","4-3-2-1","C","The correct sequence of the cities from south to north is - Jakarta - Indonesia (Southernmost city) - Singapore - Island nation south of Malaysia - Bangkok - Thailand - Hanoi - Northernmost city in Vietnam (farthest north) So the correct sequence is 3-4-1-2."
"893a08a2-0212-4ca3-9683-16548453571c","2014","GS","World Geography","Climatic Regions of the World","Monsoon Climate | Seasonal Winds | Climate Types | World Geography | Atmospheric Circulation","easy","The seasonal reversal of winds is the typical characteristic of -","Equatorial climate","Mediterranean climate","Monsoon climate","All of the above climates","C","The seasonal reversal of winds is the typical characteristic of a monsoon climate. Monsoons are seasonal winds that bring predictable patterns of rainfall. In summer, warm, moist air blows inland from the ocean, bringing heavy rainfall. In winter, the winds blow offshore, bringing dry conditions. This seasonal reversal of winds is what defines a monsoon climate."
"c2bcd7b7-80ec-4dfc-a279-0ef8d616287a","2014","GS","Physical Geography","Tectonics","Continental Drift | Plate Tectonics | Glacial Cycles | Climate Change | Evolutionary Biology","easy","Which of the following phenomena might have influenced the evolution of organisms? 1. Continental drift 2. Glacial cycles Select the correct answer using the code given below.","1 only","2 only","Both 1 and 2","Neither 1 nor 2.","C","**Continental drift:** The movement of continents over millions of years has led to changes in the distribution of landmasses, altering habitats and creating opportunities for species to migrate, adapt, and diversify. It has influenced speciation events by creating barriers to gene flow and promoting allopatric speciation. **Glacial cycles:** Fluctuations in global climate associated with glacial-interglacial cycles have had profound effects on ecosystems and species distributions. Periods of glaciation have resulted in the expansion and contraction of ice sheets, leading to changes in sea levels, habitats, and the distribution of flora and fauna. These environmental changes have driven evolutionary processes such as adaptation, migration, and extinction. Therefore, both continental drift and glacial cycles have played significant roles in shaping the evolution of organisms."
"6e8beafb-eb1c-4ab8-9e85-10bfcbf4b14b","2014","GS","Indian Geography","Forests","Himalayan vegetation | Oak distribution in Himalayas | Rhododendron distribution in Himalayas | Sandalwood distribution in India | Himalayan flora","hard","If you travel through the Himalayas, you are likely to see which of the following plants naturally growing there? 1. Oak 2. Rhododendron 3. Sandalwood Select the correct answer using the code given below.","1 and 2 only","3 only","1 and 3 only","1, 2 and 3","A","**Statement 1 is correct:** Oak trees are a common sight in the temperate forests of the Himalayas, particularly at mid-altitudes. **Statement 2 is correct:** Rhododendrons are a diverse group of flowering shrubs that thrive in the cool, moist conditions of the Himalayas. They are known for their vibrant blooms and are a characteristic feature of the Himalayan landscape. **Statement 3 is incorrect:** Sandalwood is not typically found in the Himalayas. It prefers drier climates and is more commonly associated with tropical regions like southern India."
"9771bed9-9ebf-4ae5-a7d4-4eb6873d1fcc","2014","GS","Indian Geography","Mineral Resource","Coal Bed Methane (CBM) extraction | Shale Gas composition and extraction | Non-conventional energy sources in India | Indian energy resources | Sedimentary rocks and natural gas","hard","With reference to two non-conventional energy sources called ‘coal bed methane’ and ‘shale gas’, consider the following statements: 1. Coal bed methane is the pure methane gas extracted from coal seams, while shale gas is a mixture of propane and butane only that can be extracted from fine-grained sedimentary rocks. 2. In India abundant coal bed methane sources exist, but so far no shale gas sources have been found. Which of the statements given above is/are correct?","1 only","2 only","Both 1 and 2","Neither 1 nor 2","D","**Statement 1 is incorrect:** Coal bed methane is indeed pure methane gas extracted from coal seams. However, shale gas is not a mixture of propane and butane only. Shale gas is primarily composed of methane, similar to coal bed methane, and can be extracted from fine-grained sedimentary rocks, specifically shale formations. So, the first part of the statement is correct, but the second part is incorrect. **Statement 2 is incorrect:** It's not accurate to say that no shale gas sources have been found in India. While it's true that coal-bed methane sources are abundant in India, shale gas sources have also been identified, although their exploitation is at a nascent stage compared to coal-bed methane. Therefore, neither of the statements is entirely correct."
"dcdd8248-3ed9-459c-b899-0b6b50a6cee1","2014","GS","Indian Geography","Major Physical Divisions of India","Ten Degree Channel | Andaman and Nicobar Islands | Indian Geography: Island Channels | India: Island Groups and Locations | Geography of Andaman and Nicobar Islands","easy","Which one of the following pairs of islands are separated from each other by the ‘Ten Degree Channel’?","Andaman and Nicobar","Nicobar and Sumatra","Maldives and Lakshadweep","Sumatra and Java","A","The Ten Degree Channel separates the Andaman Islands (specifically Little Andaman) from the Nicobar Islands (specifically Car Nicobar) at the 10°N latitude in the Bay of Bengal. It is approximately 150 km wide and serves as a significant maritime boundary between these two island groups. Context for other options: - **Nicobar and Sumatra:** These are separated by the Great Channel (also known as the Six Degree Channel). - **Maldives and Lakshadweep:** The Eight Degree Channel separates the Maldives from Minicoy Island (the southernmost part of Lakshadweep), while the Nine Degree Channel separates Minicoy from the rest of the Lakshadweep archipelago. - **Sumatra and Java:** These Indonesian islands are separated by the Sunda Strait, which connects the Java Sea to the Indian Ocean."
"101deb4e-3993-4a23-9147-ab611c3b91fb","2014","GS","World Geography","Continents","Geography of Turkey | Seas and Oceans | Transcontinental Countries | World Map | Physical Geography","medium","Turkey is located between","Black Sea and the Caspian Sea","Black Sea and the Mediterranean Sea","Gulf of Suez and the Mediterranean Sea","Gulf of Aqaba and the Dead Sea","B","Turkey is a transcontinental country located between the Black Sea to the north, the Aegean Sea to the west, Mediterranean Sea to the south ![Turkey](https://d39jluplm5thpx.cloudfront.net//Turkey_e60a664ba4.jpg)"
"eaaa8813-4a19-4146-93ef-e12349ef73d0","2014","GS","Indian Geography","Agriculture","Indian Geography | Agriculture in India | Crop Distribution | Regional Geography | Himachal Pradesh Geography | Haryana Geography | Tamil Nadu Geography | Andhra Pradesh Geography","hard","|Region|Well known for the production of| |-- |--| |1. Kinnaur (Himachal) | Areca nut| |2. Mewat (Haryana)|Mango| |3. Coromandel (TN-Andhra) | Soya bean| Which of the above pairs is/are correctly matched?","1 and 2 only","3 only","1, 2 and 3","None","D","**Pair 1 is incorrect:** Kinnaur (Himachal) is famous for apples, while Arecanut is grown mainly in the southern region. **Pair 2 is incorrect:** Mewat is a region in Haryana, while mango is grown in central and southern India. **Pair 3 is incorrect:** Coromandel (TN-Andhra) is known for rice cultivation, while soybean is predominantly in central India. Thus, none of the given pairs is correctly matched. Hence, the correct answer is 'D'."
"297d1c48-c4ff-4df2-bc1f-3f9c0e0f5bfd","2014","GS","Indian Geography","Transport","National Highways of India | Indian Road Network | National Highway Connectivity | National Highway Renumbering | Geography of India","medium","Consider the following pairs : | National Highway | Cities Connected | |------------------|--------------------------| | 1. NH 4 | Chennai and Hyderabad | | 2. NH 6 | Mumbai and Kolkata | | 3. NH 15 | Ahmedabad and Jodhpur | Which of the above pairs is/are correctly matched?","1 and 2 only","3 only","1, 2 and 3","None","D","National Highway 4 or NH 4: It is 230.7 km in length. This highway is known as the Andaman Trunk Road (The Great Andaman Trunk Road). **Pair 1 is incorrect:** A stretch of national highway from Mumbai to Pune to Hubli to Bangalore to Chennai was earlier called NH 4 before the renumbering of national highways in the year 2010. The former NH 4 is now renumbered as NH 48. **Pair 2 is incorrect:** National Highway 6 is a national highway in India running from Jorabat in Meghalaya to Selling in Mizoram. The highway passes through the Indian states of Meghalaya, Assam, and Mizoram. **Pair 3 is incorrect:** National Highway 15 (NH 15) starts from Baihata in Assam and terminates at Wakro in Arunachal Pradesh."
"ddfe3ab4-a7b8-4b78-b2a9-6617192dd94a","2014","GS","Indian Geography","Drainage System","Indian Rivers | Arunachal Pradesh Geography | River Systems of India | North East India Geography | Himalayan Rivers","medium","Consider the following rivers: 1. Barak 2. Lohit 3. Subansiri Which of the above flows / flow through Arunachal Pradesh?","1 only","2 and 3 only","1 and 3 only","1, 2 and 3","B","![Rivers in Arunachal Pradesh](https://d39jluplm5thpx.cloudfront.net//Arunachal_Pradesh_River_Map_7a28df0229.jpg) **Barak:** The Barak River is important in Manipur and Mizoram, but it does not flow through Arunachal Pradesh. **Lohit:** The Lohit River originates in the eastern end of the Himalayas in the Mishmi Hills of Arunachal Pradesh and flows through the districts of Anjaw, Lohit, and Dibrugarh in Arunachal Pradesh. **Subansiri:** The Subansiri River is a tributary of the Brahmaputra River and flows through Arunachal Pradesh. Therefore, only the Lohit and Subansiri rivers flow through Arunachal Pradesh. Option (B) 2 and 3 only"
"4b72d72c-09b5-4200-b8a0-4e38d1a76f67","2014","GS","Indian Geography","Major Physical Divisions of India","Indian Geography: Hill Ranges Location | Cardamom Hills location | Kaimur Hills location | Mahadeo Hills location | Mikir Hills location | Indian Coastline: Coromandel Coast | Indian Coastline: Konkan Coast","medium","Consider these pairs - 1. Cardamom Hills -- Coromandel Coast 2. Kaimur Hills -- Konkan Coast 3. Mahadeo Hills -- Central India 4. Mikir Hills -- North-East India Which of the above pairs are correctly matched?","1 and 2 only","2 and 3 only","3 and 4 only","2 and 4 only","C","![Hills](https://d39jluplm5thpx.cloudfront.net//Hills_547bbc8f06.jpg) **1. Cardamom Hills - Coromandel Coast (Incorrect):** - The Cardamom Hills are located in the southern Western Ghats of India, spanning Kerala and Tamil Nadu. - The Coromandel Coast refers to the eastern coast of the Indian peninsula, bordering the Bay of Bengal. **2. Kaimur Hills - Konkan Coast (Incorrect):** - The Kaimur Hills are located in central India, bordering Uttar Pradesh, Madhya Pradesh, and Jharkhand. - The Konkan Coast lies on the western Indian peninsula along the Arabian Sea, far from the Kaimur Hills. **3. Mahadeo Hills - Central India (Correct):** - The Mahadeo Hills are part of the Satpura Range located in central India, primarily in Madhya Pradesh. **4. Mikir Hills - North-East India (Correct):** - The Mikir Hills, now referred to as the North Cachar Hills, are located in Assam, a state in northeastern India."
"7d5298f6-54f6-4a0e-b3b3-50242de41f8d","2014","GS","Indian Geography","Major Physical Divisions of India","Indian Geography | Wildlife Sanctuaries | Tiger Reserves | Protected Areas | North East India","hard","Consider the following pairs 1. Dampa Tiger Reserve: Mizoram 2. Gumti Wildlife Sanctuary: Sikkim 3. Saramati Peak: Nagaland Which of the above pairs is /are correctly matched?","1 only","2 and 3 only","1 and 3 only","1, 2 and 3","C","![Map](https://d39jluplm5thpx.cloudfront.net//locate_Dampa_Tiger_Reserve_Gumti_WS_Saramati_Peak_in_the_map_ec6aed4e5a.jpg) **Pair 1 is correctly matched:** Dampa Tiger Reserve or Dampha Tiger Reserve, the largest wildlife sanctuary in Mizoram, India, was notified in 1985 and declared a Tiger Reserve in 1994. **Pair 2 is incorrectly matched:** Gumti Wildlife Sanctuary is in Tripura. **Pair 3 correctly matched:** Mt. Saramati is the highest peak in Nagaland."
"54b3aa72-5437-402d-862c-568eb72e191e","2014","GS","Indian Polity","Union Executive","Cabinet Secretariat | Functions of Cabinet Secretariat | Indian Polity | Executive Branch | Cabinet Committees","medium","Which of the following is/are the function/functions of the Cabinet Secretariat? 1. Preparation of agenda for Cabinet Meetings 2. Secretarial assistance to Cabinet Committees 3. Allocation of financial resources to the Ministries Select the correct answer using the code given below.","1 only","2 and 3 only","1 and 2 only","1, 2 and 3","C","**Statement 1 is correct:** The Cabinet Secretariat is responsible for the preparation of the agenda for Cabinet meetings and circulation of papers related to Cabinet discussions. **Statement 2 is correct:** It provides secretarial assistance to Cabinet Committees and ensures implementation of Cabinet decisions through coordination among ministries. **Statement 3 is incorrect:** The Cabinet Secretariat does not allocate financial resources — that function is performed by the Ministry of Finance through the Budget Division and related departments."
"34a76a14-15cc-4c3f-a541-de853bc9a929","2014","GS","Indian Polity","Political Dynamics","Indian Constitution | Schedules of the Constitution | Tenth Schedule | Anti-Defection Law | 52nd Amendment Act","easy","Which one of the following Schedules of the Constitution of India contains provisions regarding anti-defection?","Second Schedule","Fifth Schedule","Eighth Schedule","Tenth Schedule","D","The Tenth Schedule of the Constitution of India contains provisions regarding anti-defection. The Tenth Schedule, also known as the Anti-Defection Law, was added to the Constitution through the 52nd Amendment Act in 1985. It lays down the process by which legislators may be disqualified on the grounds of defection from the political party they were elected under."
"0e61b331-84fc-4d3a-b92b-2fdf1306ead8","2014","GS","Indian Polity","Supreme Court","Supreme Court of India | Judicial System | Parliamentary Powers | Constitution of India | Article 124","easy","The power to increase the number of judges in the Supreme Court of India is vested in","the President of India","the Parliament","the Chief Justice of India","the Law Commission","B","According to article 124(1), There shall be a Supreme Court of India consisting of a Chief Justice of India and, until Parliament by law prescribes a larger number, of not more than thirty-three other Judges. Thus, the Constitution vests the authority to increase the number of Judges in the Parliament."
"127b284c-5813-40c6-8a0f-e10d0d2de2e1","2014","GS","Indian Polity","Directive Principles of State Policy","Indian Constitution | Directive Principles of State Policy (DPSP) | Article 51 | International Relations | Promotion of International Peace and Security","easy","In the Constitution of India, promotion of international peace and security is included in the","The preamble to the Constitution","Directive Principles of State Policy DPSP","Fundamental Duties","Ninth Schedule","B","Directive Principles of State Policy Article 51. Promotion of international peace and security. The State shall endeavour to - - promote international peace and security; - maintain just and honourable relations between nations; - foster respect for international law and treaty obligations in the dealings of organised peoples with one another; - encourage settlement of international disputes by arbitration."
"f2440c23-3bb8-474d-80c3-cbae17bd9966","2014","GS","Indian Polity","State Executive | Basics of Federal System","Governor's Powers | Discretionary Powers of Governor | President's Rule | State Legislature | Indian Polity","medium","Which of the following are discretionary powers given to the Governor of a State? 1. Sending a report to the President of India for imposing President's rule 2. Appointing the Ministers 3. Reserving certain bills passed by the State Legislature for consideration of the President of India 4. Making the rules to conduct the business of the State Government Select the correct answer using the code given below.","1 and 2 only","1 and 3 only.","2, 3 and 4 only.","1, 2, 3 and 4","B","**Statement 1 is correct:** Sending a report to the President recommending imposition of President’s Rule (Article 356) is a discretionary power of the Governor. The Governor can act independently if they believe the constitutional machinery in the state has failed. **Statement 2 is incorrect:** The appointment of Ministers is done by the Governor on the advice of the Chief Minister, not at their discretion (Article 164). **Statement 3 is correct:** The Governor has the discretionary power to reserve certain bills passed by the State Legislature for the President’s consideration (Article 200). **Statement 4 is incorrect:** The rules for the conduct of business of the State Government are made by the Governor on the advice of the Council of Ministers (Article 166), not at their discretion."
"dbdc463a-1e24-4d57-8a5a-7f6da25bd359","2014","GS","Indian Polity","Supreme Court","Supreme Court of India | Jurisdiction of Supreme Court | Original Jurisdiction | Centre-State Relations | Indian Federalism | Article 131 of the Constitution of India","easy","The power of the Supreme Court of India to decide disputes between the Centre and the States falls under its","advisory jurisdiction","appellate jurisdiction.","original jurisdiction","writ jurisdiction","C","Article 131 of the Constitution of India provides for the original jurisdiction of the Supreme Court to settle the disputes between the different units of the Indian Federation such as between the Centre and one or more states and, between the states."
"bb42023e-3618-483d-affe-0a93cd1b8ebc","2014","GS","Indian Polity","Union Executive","President of India | Executive Power | Article 77 | Article 53 | Indian Constitution","easy","Consider the following statements: 1. The President shall make rules for the more convenient transaction of the business of the Government of India, and for the allocation among Ministers of the said business. 2. All executive actions of the Government of India shall be expressed to be taken in the name of the Prime Minister. Which of the statements given above is/are correct?","1 only","2 only","Both 1 and 2","Neither 1 nor 2","A","**Statement 1 is correct:** According to Article 77 of the Constitution of India, the President shall make rules for the more convenient transaction of the business of the Government of India, and for the allocation among Ministers of the said business. **Statement 2 is incorrect:** Article 53 of the Indian Constitution deals with the Executive power of the Union. The executive power of the Union shall be vested in the President ( and not the Prime Minister) and shall be exercised by him either directly or through officers subordinate to him in accordance with the Constitution."
"8dc77afb-f00c-426e-baf2-1205f0de1bb9","2014","GS","Indian Polity","Parliament","No-Confidence Motion | Indian Parliament | Lok Sabha | Rajya Sabha | Constitution of India","medium","Consider the following statements regarding a No-Confidence Motion in India: 1. There is no mention of a No-Confidence Motion in the Constitution of India. 2. A Motion of No-Confidence can be introduced in the Lok Sabha only. Which of the statements given above is/are correct?","1 only","2 only","Both 1 and 2","Neither 1 nor 2","C","**Statement 1 is correct:** The Constitution does not mention No-Confidence Motion. Rather, Rule 198 of the Rules of Procedure and Conduct of Lok Sabha specifies the procedure for moving a no-confidence motion. **Statement 2 is correct:** A no-confidence motion can be moved by any member of the House. It can be moved only in the Lok Sabha and not the Rajya Sabha. The member has to give a written notice of the motion before 10 am, which will be read out by the Speaker in the House. A minimum of 50 members have to accept the motion, and accordingly, the Speaker will announce the date for discussion of the motion."
"e8ef7148-f287-4b9c-8261-2402321daf0a","2014","GS","Indian Polity","Parliamentary Committees","Parliamentary Committees | Committee on Estimates | Indian Parliament | Lok Sabha | Indian Polity","easy","Which one of the following is the largest Committee of the Parliament?","The Committee on Public Accounts","The Committee on Estimates","The Committee on Public Undertakings","The Committee on Petitions","B","The **Committee on Estimates** is the largest among the options provided and is the largest of the three Financial Committees of the Parliament. It consists of 30 members, all of whom are elected annually by the Lok Sabha from amongst its members. Notably, the Rajya Sabha has no representation in this committee. **Comparison of Committee Sizes:** * **Committee on Estimates:** 30 members (All from Lok Sabha). * **Committee on Public Accounts:** 22 members (15 from Lok Sabha and 7 from Rajya Sabha). * **Committee on Public Undertakings:** 22 members (15 from Lok Sabha and 7 from Rajya Sabha). * **Committee on Petitions:** The Lok Sabha committee consists of 15 members, while the Rajya Sabha committee consists of 10 members. While Department-Related Standing Committees (DRSCs) created in 1993 have 31 members, the Committee on Estimates remains the largest committee of the Lok Sabha and the largest among the specific choices listed in the question."
"53d215c3-977c-40ae-ab96-cebb884de6d1","2014","GS","Indian Polity","Concept and Salient Features of the Constitution","Constitutional Government | Limited Government | Individual Liberty | State Authority | Rule of Law","hard","Consider the following statements: A Constitutional Government is one which - 1. Places effective restrictions on individual liberty in the interest of State Authority 2. Places effective restrictions on the Authority of the State in the interest of individual liberty Which of the statements given above is/are correct?","1 only","2 only","Both 1 and 2","Neither 1 nor 2","B","**Statement 1 is incorrect:** The Constitution protects individual rights and liberties from the government's overreach. **Statement 2 is correct:** A core principle of a constitutional government is limited government. This means the government's power is not absolute and is restricted by a constitution. Thus, statement one is incorrect and statement two is correct."
"2ab19331-27b4-4423-ad8e-27bd1758e204","2014","GS","International Relations","Regional Groupings","Arctic Council | International Organizations | Arctic States | Permanent Participants | International Relations","medium","Consider the following countries: 1. Denmark 2. Japan 3. Russian Federation 4. United Kingdom 5. United States of America Which of the above are the members of the ‘Arctic Council ‘?","1, 2 and 3","2, 3 and 4","1, 4 and 5","1, 3 and 5","D","**Statement 1 is Correct:** Denmark is one of the eight member states of the Arctic Council, representing the Kingdom of Denmark, which includes Greenland and the Faroe Islands. **Statement 2 is Incorrect:** Japan is not a member state; it holds observer status within the Arctic Council. **Statement 3 is Correct:** The Russian Federation is a member state of the Arctic Council as it is one of the eight nations with sovereignty over lands within the Arctic Circle. **Statement 4 is Incorrect:** The United Kingdom is an observer state, not a member state of the Arctic Council. **Statement 5 is Correct:** The United States of America is a member state of the Arctic Council due to its territory in Alaska. The Arctic Council consists of eight member states: Canada, the Kingdom of Denmark, Finland, Iceland, Norway, the Russian Federation, Sweden, and the United States."
"26850312-3118-4f15-a5c1-484ee050da2e","2014","GS","International Relations","Basics of International Relations","Arab Spring | Middle East Politics | Political Revolutions | North Africa | International Relations","medium","Recently, a series of uprisings of people referred to as ‘Arab Spring’ originally started from","Egypt","Lebanon","Syria","Tunisia","D","* The Arab Spring uprisings originally started in Tunisia. * In December 2010, a young Tunisian street vendor named Mohamed Bouazizi set himself on fire in protest of police harassment. This act of desperation sparked widespread demonstrations throughout Tunisia, demanding an end to corruption, unemployment, and political repression. * The success of the Tunisian revolution, which eventually led to the overthrow of President Zine El Abidine Ben Ali, inspired similar protests across the Arab world, becoming known as the Arab Spring."
"998e567e-6789-489e-903b-e3ca6e7fdcfd","2014","GS","International Relations","Regional Groupings","BRICS | International Organizations | Emerging Economies | South Africa | Summit Meetings","medium","With reference to a grouping of countries known as BRICS, consider the following statements: 1. The First Summit of BRICS was held in Rio de Janeiro in 2009. 2. South Africa was the last to join the BRICS grouping. Which of the statements given above is/are correct?","1 only","2 only","Both 1 and 2","Neither 1 nor 2","B","**Statement 1 is incorrect:** The first BRIC Summit (before South Africa joined) was held in Yekaterinburg, Russia, in 2009 — not in Rio de Janeiro, Brazil. The grouping originally included Brazil, Russia, India, and China (BRIC). **Statement 2 is correct:** South Africa joined the group in 2011, turning BRIC into BRICS. It was indeed the last country to join the grouping, representing the African continent. ![BRICS](https://d39jluplm5thpx.cloudfront.net//BRICS_af5ea68ef5.jpg)"
"23a3f1f6-21be-4411-8fb2-38224c7c55d1","2014","GS","International Relations","India and its Neighbourhood Relations","International Relations | Geopolitics | World Geography | Conflict Zones | Current Affairs","medium","Consider the following pairs |Region often in news|Country| |-- |--| |1. Chechnya|Russian Federation| |2. Darfur|Mali| |3. Swat Valley | Iraq| Which of the above pairs is/are correctly matched?","1 only","2 and 3 only","1 and 3 only","1, 2 and 3","A","**Pair 1 is correct:** Chechnya is a republic located in the northern part of the Caucasus Mountains, and it is a part of Russia. **Pair 2 is incorrect:** Darfur is a region located in western Sudan, not Mali. **Pair 3 is incorrect:** Swat Valley is located in the northwestern part of Pakistan, not Iraq. ![Map](https://d39jluplm5thpx.cloudfront.net//Chechnya_Darfur_Swat_1f8ddc9e49.jpg)"
"9b385809-802f-41c0-a707-efbe2de4caac","2014","GS","Medieval History","Mughal Rule","Medieval India | Village Administration | Rural Society | Social Hierarchy | Administrative Structure","hard","In medieval India, the designations ‘Mahattara’ and ‘Pattakila’ were used for","Military officers","Village headmen","Specialists in Vedic rituals","Chiefs of craft guilds","B","In medieval India, the designations 'Mahattara' and 'Pattakila' were used for village headmen. **Mahattara:** The superior headman of the village, responsible for administration and revenue collection. **Pattakila:** The subordinate headman of the village, assisting the Mahattara in his duties."
"1fcd4937-2ba7-4eb8-93b8-d280e5c7169d","2014","GS","Modern History","Governors-General and Viceroys of India","Queen Victoria's Proclamation | 1858 Proclamation | Transfer of Power | British Raj | Sepoy Mutiny","easy","What was/were the object/objects of Queen Victoria’s Proclamation (1858)? 1. To disclaim any intention to annex the Indian States 2. To place the Indian administration under the British Crown 3. To regulate East India Company’s trade with India Select the correct answer using the code given below.","1 and 2 only","2 only","1 and 3 only","1, 2 and 3","A","Queen Victoria's Proclamation aimed to appease Indian rulers following the Sepoy Mutiny (Rebellion of 1857). **Statement 1 is correct:** Disclaiming annexation assured them their territories wouldn't be taken over. **Statement 2 is correct:** The proclamation did indeed transfer power from the East India Company to the British Crown by appointing a Viceroy to oversee administration in India and to report to the Queen directly. **Statement 3 is incorrect:** Regulating trade wasn't a primary focus of the proclamation, as the East India Company was free to trade in India under the Free Trade Policy, but without a monopoly."
"e702b536-435c-4937-8fa8-df8e3403edce","2014","GS","Modern History","National Movement Before Gandhi","British India | Lord Curzon | Partition of Bengal | Indian Nationalism | Swadeshi Movement","easy","The Partition of Bengal made by Lord Curzon in 1905 lasted until -","the First World War when Indian troops were needed by the British and the partition was ended.","King George V abrogated Curzon’s Act at the Royal Darbar in Delhi in 1911","Gandhiji launched his Civil Disobedience Movement","the Partition of India in 1947 when East Bengal became East Pakistan","B","The Partition of Bengal implemented by Lord Curzon in 1905 lasted until King George V abrogated Curzon's Act at the Royal Durbar in Delhi in 1911. The widespread protests and nationalist movements against the partition led to its reversal in 1911."
"993be946-3a19-4a47-8b0b-a62f30da29db","2014","GS","Modern History","National Movement Before Gandhi","Indian National Congress | Lahore Session 1929 | Poorna Swaraj | Complete Independence | Indian Freedom Struggle","easy","The 1929 Session of Indian National Congress is of significance in the history of the Freedom Movement because the -","attainment of Self-Government was declared as the objective of the Congress","attainment of Poorna Swaraj was adopted as the goal of the Congress","Non-Cooperation Movement was launched","decision to participate in the Round Table Conference in London was taken","B","The 1929 Lahore Session of the Indian National Congress, presided over by Jawaharlal Nehru, is a landmark in the Indian Freedom Struggle for the following reasons: 1. **Purna Swaraj Resolution:** The Congress passed the historic 'Purna Swaraj' (Complete Independence) resolution, officially shifting its goal from 'Dominion Status' to total independence from British rule. 2. **Symbolic Act:** On the midnight of December 31, 1929, Jawaharlal Nehru hoisted the tricolour flag on the banks of the River Ravi amidst slogans of 'Inquilab Zindabad'. 3. **Independence Day:** The Congress fixed January 26, 1930, as the first Independence Day, to be celebrated by the people across the country. **Why other options are incorrect:** - **Option A:** While 'Swaraj' was discussed earlier (e.g., 1906), the 1929 session specifically defined it as 'Purna Swaraj' or complete independence. - **Option C:** The Non-Cooperation Movement was launched much earlier, in 1920. - **Option D:** The Congress decided to boycott the First Round Table Conference during this session. The decision to participate in the Second Round Table Conference was only taken later, following the Gandhi-Irwin Pact in 1931."
"d7869dc0-877a-427e-8246-3b8dfc73dcee","2014","GS","Modern History","Revolutionary Activities","Ghadar Movement | Indian Nationalism | Early 20th Century India | Indian Diaspora | Revolutionary Movements","medium","The Ghadr (Ghadar) was a","Revolutionary Association of Indians with headquarters at San Francisco.","nationalist organization operating from Singapore","militant organization with headquarters at Berlin","communist movement for India’s freedom with headquarters at Tashkent","A","* The Ghadr (or Ghadar) movement was a revolutionary movement that aimed to overthrow British colonial rule in India during the early 20th century. * It was launched by Indian immigrants, mainly Sikhs and Hindus, residing in North America, particularly in the United States and Canada. * The Ghadr Party was formed in 1913 in San Francisco, California, to liberate India from British rule through an armed revolution. * Prominent leaders of the Ghadr movement included Lala Har Dayal, Sohan Singh Bhakna, Kartar Singh Sarabha, and Vishnu Ganesh Pingle."
"93a84134-b173-4d1b-b695-d8cd04459f0c","2014","GS","Modern History","Towards Freedom and Partition","Partition of India | Radcliffe Commission | India-Pakistan Boundary | Independence of India | Post-Independence India","easy","The Radcliffe Committee was appointed to -","solve the problem of minorities in India","give effect to the Independence Bill","delimit the boundaries between India and Pakistan","enquire into the riots in East Bengal","C","Boundary Commission, the consultative committee created in July 1947 to recommend how the Punjab and Bengal regions of the Indian subcontinent were to be divided between India and Pakistan shortly before each was to become independent from Britain. The commission appointed by Lord Mountbatten, the final viceroy of British India, consisted of: - Four members from the Indian National Congress. - Four from the Muslim League. - It was chaired by Sir Cyril Radcliffe."
"f5272432-0288-4e2d-b55e-d8a4c69061a5","2014","GS","Science & Technology","Life Sciences","Hibernation | Animal Physiology | Winter Adaptations | Ecology | Zoology","hard","Consider the following: 1. Bats 2. Bears 3. Rodents The phenomenon of hibernation can be observed in which of the above kinds of animals?","1 and 2 only","2 only","1, 2 and 3","Hibernation cannot be observed in any of the above","C","Hibernation is a state of decreased physiological activity and lowered body temperature that certain animals, such as bats and bears, undergo during the winter months to conserve energy and survive periods of limited food availability. **Statement 1 is correct:** Bats, especially those living in temperate regions, often enter a state of hibernation during the colder months when their food sources (insects) are scarce. **Statement 2 is correct:** Bears, including the brown bear, black bear, and polar bear, are well-known hibernators. **Statement 3 is correct:** Many rodent species, including groundhogs and chipmunks, are true hibernators. Thus, all three statements are correct."
"64011a95-5eb3-4211-97bc-9d714528c4e5","2014","GS","Science & Technology","Defence Technology","Ballistic Missiles | Agni Missile Series | Surface-to-Surface Missiles | Missile Technology | India's Defence Capabilities","medium","With reference to Agni-IV Missile, which of the following statements is/are correct? 1. It is a surface-to-surface missile. 2. It is fuelled by liquid propellant only. 3. It can deliver one-tonne nuclear warheads about 7500 km away. Select the correct answer using the code given below.","1 only","2 and 3 only","1 and 3 only","1, 2 and 3","A","**Statement 1 is correct:** Agni-IV is indeed a surface-to-surface missile. It is designed to launch from land-based mobile platforms and strike targets on the ground. **Statement 2 is incorrect:** Agni-IV is a two-stage, solid-fueled missile. It does not rely on liquid propellants. **Statement 3 is also incorrect:** The reported range of Agni-IV is around 4,000 km, not 7,500 km. Additionally, its payload capacity is estimated to be around 1,000 kg (one tonne), but its specific warhead capabilities are not publicly disclosed. ![AGNI IV](https://d39jluplm5thpx.cloudfront.net//Agni_IV_8d3007c868.jpg)"
"296e9470-6339-4174-b4f3-727d7729430d","2014","GS","Science & Technology","Life Sciences","Eradication of Diseases | Smallpox Eradication | Vaccine-Preventable Diseases | Public Health in India | India's Health Policies","medium","Consider the following diseases 1. Diphtheria 2. Chickenpox 3. Smallpox Which of the above diseases has/have been eradicated in India?","1 and 2 only","3 only","1, 2 and 3","None","B","**Statement 1 is incorrect:** The Government introduced the Pentavalent vaccine, which also fights against Diphtheria. This implies that Diphtheria is still prevalent. **Statement 2 is incorrect:** Chickenpox is still widespread among the population. **Statement 3 is correct:** Smallpox has been eradicated from India. India declared itself free of smallpox in 1979."
"c7d088f3-732c-4e80-bd54-bb03dd8d9b9b","2014","GS","Science & Technology","Biotechnology","Transgenic Crops | Genetic Engineering | Recombinant DNA Technology | Gene Silencing | Cytoplasmic Male Sterility","medium","Consider the following techniques/phenomena: 1. Budding and grafting in fruit plants 2. Cytoplasmic male sterility 3. Gene silencing Which of the above is/are used to create transgenic crops?","1 only","2 and 3","1 and 3","None","B","A transgenic crop is a genetically modified organism (GMO). Transgenic indicates that a transfer of genes has occurred using recombinant DNA technology. Generally, a transgenic crop contains one or more genes that have been inserted artificially either from an unrelated plant or from different species altogether. **Technique 1 is incorrect:** Budding and grafting in fruit plants does not include genetic editing or modification. Thus, option 1 is eliminated. **Technique 2 is correct:** Cytoplasmic male sterility (CMS) is a condition where plants cannot produce viable pollen. It is typically controlled by genes in the cytoplasm. While CMS can occur naturally, it can also be introduced or manipulated using genetic engineering techniques to create transgenic lines for more efficient hybrid seed production. **Technique 3 is correct:** Gene silencing technique uses engineered genetic material to specifically suppress the expression of certain genes in a plant. This allows scientists to modify the plant's characteristics at the genetic level, which is the hallmark of transgenic crops. Thus, the right answer is option 'B'."
"06abc28c-7fce-4e3a-a26e-4c467e194e3f","2014","GS","Science & Technology","General Science in Everyday Life","Vitamins | Deficiency Diseases | Scurvy | Rickets | Night Blindness","easy","Consider the following pairs : |Vitamin|Deficiency disease| |-- |--| |1. Vitamin C | Scurvy| |2. Vitamin D|Rickets| |3. Vitamin E | Night blindness| Which of the pairs given above is/are correctly matched?","1 and 2 only","3 only","1, 2 and 3","None","A","**Statement 1 is correct:** Vitamin C deficiency causes Scurvy is right. **Statement 2 is correct:** Vitamin D deficiency causes Rickets is right. **Statement 3 is incorrect:** Vitamin E deficiency causes Night blindness is wrong. Vitamin A deficiency causes Night blindness."
"5e45c4c4-31dc-4198-98d7-bd0449b2c753","2014","GS","Science & Technology","Core Concepts and Foundational Science | Energy and Clean Technology","Photosynthesis | Energy Conversion | Chemical Energy | Potential Energy | Biology","easy","Which one of the following is the process involved in photosynthesis?","Potential energy is released to form free energy","Free energy is converted into potential energy and stored","Food is oxidized to release carbon dioxide and water","Oxygen is taken, and carbon dioxide and water vapour are given out","B","During photosynthesis, solar energy is converted into chemical energy and stored in sugar molecule bonds. This chemical bond energy is potential (stored) energy. ![Photosynthesis](https://d39jluplm5thpx.cloudfront.net//Photosynthesis_d286cde901.jpg)"
"9c868b5e-32eb-409f-a6e4-59ff01db9fc5","2014","GS","Science & Technology","Information and Communication Technology","Biometric Identification | Biometric Security | Iris Scanning | Retinal Scanning | Voice Recognition","easy","In addition to fingerprint scanning, which of the following can be used in the biometric identification of a person? 1. Iris scanning 2. Retinal scanning 3. Voice recognition Select the correct answer using the code given below.","1 only","2 and 3 only","1 and 3 only","1, 2 and 3","D","**Statement 1 is Correct:** Iris scanning uses mathematical pattern-recognition techniques on images of the iris, which contains complex and unique patterns that remain stable throughout a person's life. **Statement 2 is Correct:** Retinal scanning identifies individuals by mapping the unique patterns of blood vessels on the retina at the back of the eye, which is a highly accurate physiological biometric. **Statement 3 is Correct:** Voice recognition identifies individuals based on unique vocal characteristics, including physical traits of the vocal tract and behavioral patterns like pitch and cadence."
"bfc26054-7a5e-4b8c-99bc-990978439d15","2014","GS","Science & Technology","General Science in Everyday Life | Core Concepts and Foundational Science","Chemical Change | Physical Change | States of Matter | Chemical Reactions | Chemistry","medium","Which of the following is/are the example/examples of chemical change? 1. Crystallization of sodium chloride 2. Melting of ice 3. Souring of milk Select the correct answer using the code given below.","1 and 2 only","3 only","1, 2 and 3","None","B","**Crystallization of sodium chloride:** This is a physical change. The sodium chloride (table salt) is changing its form from a dissolved state in water to a solid crystal structure, but the chemical composition remains NaCl. **Melting of ice:** Similar to crystallization, melting of ice is a physical change. Water (H2O) molecules are rearranging from a rigid solid structure to a more fluid liquid state, but the chemical makeup stays the same. **Souring of milk:** This is a chemical change. Milk sugar (lactose) is broken down by bacteria into lactic acid. This process involves the formation of new substances and alters the chemical composition of the milk. Therefore, only statement 3 is an example of a chemical change."
"44427985-eb55-4318-9902-f392867bf19f","2014","GS","Science & Technology","Space Technology","Space Exploration | Spacecraft Missions | Solar System Exploration | Cassini-Huygens Mission | Messenger Mission | Voyager Mission","hard","Which of the following pair is/are correctly matched? |Spacecraft|Purpose| |-- |--| |1. Cassini-Huygens | Orbiting Venus and transmitting data to the Earth| |2. Messenger|Mapping and investigating the Mercury| |3. Voyager 1 and 2 | Exploring the outer solar system| Select the correct answer using the code given below.","1 only","2 and 3 only","1 and 3 only","1, 2 and 3","B","**Pair 1 is incorrectly matched:** The Cassini-Huygens mission was a joint NASA/ESA/ASI mission to study the planet Saturn and its system of rings and moons. The Huygens probe successfully landed on Saturn's largest moon, Titan. **Pair 2 is correctly matched:** The MESSENGER (MErcury Surface, Space ENvironment, GEochemistry, and Ranging) was a NASA spacecraft that orbited the planet Mercury from 2011 to 2015, studying its chemical composition, geology, and magnetic field. **Pair 3 is correctly matched:** These twin NASA spacecraft were launched in 1977 to conduct a ""Grand Tour"" of the outer planets. They provided detailed images and data on Jupiter, Saturn, Uranus, and Neptune and are now continuing their journey into interstellar space."
"72a95331-1422-422b-9ffe-b313bc0e9da2","2014","GS","Science & Technology","Biotechnology","Vegetative Propagation | Plant Reproduction | Cloning in Plants | Plant Diseases | Agricultural Practices","hard","Which of the following statements is/are correct regarding vegetative propagation of plants? 1. Vegetative propagation produces clonal population. 2. Vegetative propagation helps in eliminating the virus. 3. Vegetative propagation can be practised most of the year. Select the correct answer using the code given below.","1 only","2 and 3 only","1 and 3 only","1, 2 and 3","C","**Statement 1 is Correct:** Vegetative propagation is a form of asexual reproduction where new plants are grown from the vegetative parts (roots, stems, or leaves) of a single parent. Since there is no fusion of gametes, the offspring are genetically identical to the parent, forming a clonal population. **Statement 2 is Incorrect:** This method does not eliminate viruses; rather, it tends to propagate them. If the parent plant is infected with a virus, the pathogen is typically transmitted to the new plant because the offspring is developed directly from the infected parent's tissues. **Statement 3 is Correct:** Unlike sexual reproduction, which is dependent on specific seasonal cycles of flowering, pollination, and seed formation, vegetative propagation can be practiced throughout most of the year as it relies on mature vegetative organs that are often available regardless of the plant's reproductive phase."
"aa38dbc4-5b4c-4049-a635-565c15a6c4eb","2014","GS","Science & Technology","Life Sciences","Animal Classification | Arthropoda | Arachnida | Crustacea | Taxonomy","medium","Among the following organisms, which one does not belong to the class of the other three?","Crab","Mite","Scorpion","Spider","A","Mites, scorpions, and spiders are all classified within the class Arachnida. Crabs, although arthropods like the others belong to the class Crustacea. Therefore, the crab is the odd one out due to its different taxonomic classification."
"4c5cc116-c794-4794-a1a6-54317a7c2090","2014","GS","Social Issues & Schemes","Economy and Finance","Business Correspondent | Bank Saathi | Financial Inclusion | Branchless Banking | Rural Development Schemes","medium","What is/are the facility/facilities the beneficiaries can get from the services of Business Correspondent (Bank Saathi) in branchless areas? 1. It enables the beneficiaries to draw their subsidies and social security benefits in their villages. 2. It enables the beneficiaries in rural areas to make deposits and withdrawals. Select the correct answer using the code given below.","1 only","2 only","Both 1 and 2","Neither 1 nor 2","C","Business Correspondents (BCs) or Bank Saathis are agents appointed by banks to provide basic banking services in rural and unbanked areas where setting up a full-fledged branch might not be feasible. They act as a bridge between the bank and the local population, offering essential financial services **Statement 1 is correct:** BCs can help villagers access government subsidies and social security benefits electronically deposited into their accounts. This eliminates the need to travel long distances to banks and reduces the risk of cash handling. **Statement 2 is correct:** Villagers can deposit their savings or withdraw cash through BCs, promoting financial inclusion and facilitating small transactions without requiring them to visit a bank branch. Therefore, both options (1 and 2) are the facilities that beneficiaries can avail through Business Correspondent services."