ID,Year,Paper,Subject,Topics,Tags,Difficulty,Question,Option_A,Option_B,Option_C,Option_D,Correct_Answer,Explanation
"d3dbdb76-5954-4dce-ab66-0fe7afb479f3","2016","GS","Ancient History","Early Cholas","Ancient Indian Administration | Land Revenue System | Chola Administration | Temple Institutions | Ancient Indian Education","hard","In the context of the history of India, consider the following pairs: |Term|Description| |-- |--| |1. Eripatti | Land revenue from which was set apart for the maintenance of the village tank | |2. Taniyurs |Villages donated to a single Brahmin or a group of Brahmins| |3. Ghatikas | Colleges generally attached to the temples| Which of the pairs given above is/are correctly matched?","1 and 2 only","3 only","2 and 3 only","1 and 3 only","D","Pair 1 is correctly matched: In South India, especially during the Pallava and Chola periods, Eripatti (tank land) was land donated by individuals or the state, the revenue of which was strictly used for the maintenance and repair of the village irrigation tank (eri). Pair 2 is INCORRECTLY matched: The description ""Villages donated to a single Brahmin or a group of Brahmins"" refers to Brahmadeya (or Agrahara). Taniyurs (or Taniyur) were a specific administrative unit in the Chola empire. They were exceptionally large villages or settlements that were granted the status of an independent revenue unit, meaning they were not subject to the jurisdiction of the local Nadu (district). Pair 3 is correctly matched: Ghatikas were prestigious institutions of higher learning in ancient South India. They were often located within or attached to temples and served as centers for Vedic and religious studies (notably the famous Ghatika of Kanchipuram)."
"4b0cfc63-a6ba-4a91-a39d-dbd1dc507f94","2016","GS","Art & Culture","Indian Languages","Ancient India | Ashoka | Mauryan Empire | Edicts of Ashoka | Decipherment of Brahmi Script","medium","Who of the following had first deciphered the edicts of Emperor Ashoka?","Georg Buhler","James Prinsep","Max Muller","William Jones","B","The person who first deciphered the edicts of Emperor Ashoka was James Prinsep. ![Ashoka Edicts](https://d39jluplm5thpx.cloudfront.net//Ashoka_Edict_474fd560c9.png) James Prinsep (1799-1840) was an English philologist, antiquary and administrator who served in the British East India Company. He played a crucial role in deciphering and interpreting the inscriptions and edicts of Emperor Ashoka, which were written in the Brahmi script. In the 1830s, Prinsep was able to decipher the Brahmi script and translate Ashoka's inscriptions, which provided valuable insights into the reign and policies of the Mauryan emperor. His groundbreaking work helped establish the historical significance of Ashoka and the Mauryan empire. ![Edicts of Ashoka Map](https://d39jluplm5thpx.cloudfront.net//Edicts_of_Ashoka_d92ad6f7db.PNG)"
"4b75dc5e-2658-41cf-bae6-a10c673fce9c","2016","GS","Art & Culture","Art and Architecture | Introduction","Rock-cut Architecture | Ajanta Caves | Mahabalipuram | Ancient Indian Architecture | Buddhist Art | Hindu Art","hard","What is/are common to the two historical places known as Ajanta and Mahabalipuram? 1. Both were built in the same period. 2. Both belong to the same religious denomination. 3. Both have rock-cut monuments. Select the correct answer using the code given below.","1 and 2 only","3 only","1 and 3 only","None of the statements given above is correct","B","**Statement 1 is incorrect:** Ajanta and Mahabalipuram were not built in the same period. - Ajanta is known for its rock-cut cave monuments, which were constructed from the 2nd century BCE to the 6th century CE, primarily during the Gupta and Vakataka dynasties. - On the other hand, Mahabalipuram's rock-cut monuments and structures were built primarily during the 7th and 8th centuries CE, under the Pallava dynasty. **Statement 2 is incorrect:** - Ajanta is associated with Buddhism, as the cave monuments were used as monasteries and temples by Buddhist monks. - Mahabalipuram, on the other hand, is associated with Hinduism, as the rock-cut monuments and temples are dedicated to Hindu deities and themes. **Statement 3 is correct:** Both Ajanta and Mahabalipuram are known for their remarkable rock-cut monuments and structures. The Ajanta Caves are a series of rock-cut cave temples and monasteries, while Mahabalipuram is renowned for its rock-cut temples, Rathas (chariot-shaped temples), and other monumental structures carved directly out of rock. Therefore, the only common feature between Ajanta and Mahabalipuram is that both have rock-cut monuments, as stated in statement 3."
"06dee0ab-1702-43c4-968c-7a6ea33dc96d","2016","GS","Art & Culture","Religions in India","Buddhism | Mahayana Buddhism | Hinayana Buddhism | Theravada Buddhism | Bodhisattva","hard","With reference to the religious history of India, consider the following statements : 1. The concept of Bodhisattva is central to the Hinayana sect of Buddhism. 2. Bodhisattva is a compassionate one on his way to enlightenment. 3. Bodhisattva delays achieving his own salvation to help all sentient beings on their path to it. Which of the statements given above is/are correct?","1 only","2 and 3 only","2 only","1, 2 and 3","B","**Statement 1 is incorrect.** The concept of Bodhisattva is central to the Mahayana sect of Buddhism, not the Hinayana (or Theravada) sect. The Hinayana sect emphasizes the ideal of the Arhat, who achieves personal liberation, whereas the Mahayana tradition focuses on the Bodhisattva ideal. **Statement 2 is correct.** The Bodhisattva is a central figure in Mahayana Buddhism, representing a being who has attained a high level of enlightenment but delays their full enlightenment (Nirvana) to compassionately help others achieve liberation. **Statement 3 is correct.** The Bodhisattva is characterized by a commitment to the enlightenment of all sentient beings, rather than seeking individual liberation. The Bodhisattva willingly delays their own attainment of Nirvana in order to guide and assist others on the path to enlightenment."
"2c43e760-96f3-47fb-9019-ad805f92af8c","2016","GS","Art & Culture","Indian Literature | Indian Theatre","Ancient Indian Literature | Sunga Dynasty | Kalidasa | Malavikagnimitra | Pushyamitra Shunga","hard","Which one of the following books of ancient India has the love story of the son of the founder of Sunga dynasty?","Swapnavasavadatta","Malavikagnimitra","Meghadoota","Ratnavali","B","**Malavikagnimitra:** A play by Kalidasa, narrates the love story of King Agnimitra, the son of Pushyamitra Shunga, the founder of the Sunga dynasty. **Swapnavasavadatta:** This Sanskrit play by Bhasa does not revolve around the Sunga dynasty. **Meghadoota:** This poem by Kalidasa focuses on the pining of a separated Yaksha and doesn't involve historical figures. **Ratnavali:** This play by Sri Harsha also doesn't have a connection to the Sunga dynasty or its rulers."
"0719d659-ed76-4b06-a9ed-fb1b628d52a3","2016","GS","Art & Culture","Religions in India","Medieval India | Religious Movements | Siddhas | Lingayats | Social Reform","hard","With reference to the cultural history of medieval India, consider the following statements: 1. Siddhas (Sittars) of Tamil region were monotheistic and condemned idolatry. 2. Lingayats of Kannada region questioned the theory of rebirth and rejected the caste hierarchy. Which of the statements given above is/are correct?","1 only","2 only","Both 1 and 2","Neither 1 nor 2","C","**Statement 1 is correct:** The Siddhas (Sittars) of the Tamil region were indeed monotheistic. They believed in a single ultimate reality and often rejected the traditional Hindu practices of idol worship and elaborate temple rituals. **Statement 2 is correct:** The Lingayats of the Kannada region challenged the established social order. - They did not subscribe to the concept of rebirth within the caste system. - They emphasized equality and rejected the rigidities of the caste system. Therefore, both statements are correct. Hence, option C is the correct Answer."
"a4dcd7ce-0018-48ed-bb58-0009c97e7687","2016","GS","Art & Culture","Religions in India","Indian Geography | Religious Sites in India | Regions of India | Historical Places in India | Art and Culture of India","hard","Consider the following pairs: |Famous place|Region| |-- |--| |1. Bodhgaya | Baghelkhand| |2. Khajuraho|Bundelkhand| |3. Shirdi | Vidarbha| |4. Nasik (Nashik)|Malwa| |5. Tirupati|Rayalaseema| Which of the pairs given above are correctly matched?","1, 2 and 4","2, 3, 4 and 5","2 and 5 only","1, 3, 4 and 5","C","Out of the listed pairs, the following are correctly matched: **2. Khajuraho - Bundelkhand (Correct).** **5. Tirupati - Rayalaseema (Correct).** Incorrectly matched pairs: **1. Bodhgaya - Baghelkhand (Incorrect).** Bodhgaya lies in the Magadh region of Bihar, not Baghelkhand (which is in Madhya Pradesh). **3. Shirdi - Vidarbha (Incorrect).** Shirdi is located in Ahilyanagar district (formerly Ahmednagar) in western Maharashtra, not in Vidarbha. **4. Nasik (Nashik) - Malwa (Incorrect).** Nashik is in the northwest region of Maharashtra, not Malwa, which is located in Madhya Pradesh."
"b719b0ec-a388-4313-89ef-a4fd84f932fe","2016","GS","Art & Culture","Indian Literature","Ancient Indian History | Social Structure in Ancient India | Occupation in Ancient India | Literature and Oral Tradition | Cultural History of India","hard","With reference to the cultural history of India, the memorizing of chronicles, dynastic histories and Epictales was the profession of which of the following?","Shramana","Parivraaj","Agrahaarika","Maagadha","D","The memorizing of chronicles, dynastic histories, and Epic tales was the profession of **Maagadha**. To make it easier to remember, let's break it down - Chronicles These are the records of historical events in chronological order. - Dynastic histories These detail the histories of dynasties or royal families. - Epic tales These are long, narrative poems about heroic deeds. So, a Maagadha was essentially a historical storyteller or a keeper of history and legends. **Shramana:** This term refers to ascetics and monks in Indian religious traditions like Jainism and Buddhism. They renounced worldly life to pursue spiritual enlightenment. **Parivraaj:** Also known as Parivrajaka, this term refers to wandering mendicants or ascetics who renounced material life and traveled in search of spiritual wisdom. **Agrahaarika:** This term is related to administrators or managers of agraharas (land grants given to Brahmins) and does not relate to the memorization of histories."
"da5d6d25-ce00-46a5-92f3-edebe6c82d4a","2016","GS","Economy","Taxation in India","Base Erosion and Profit Shifting (BEPS) | Tax Avoidance | Multinational Companies | International Taxation | Tax Evasion","easy","The term ‘Base Erosion and profit shifting’ is sometimes seen in the news in the context of","mining operation by multinational companies in resource-rich but backward areas","curbing of the tax evasion by multinational companies","exploitation of genetic resources of a country by multinational companies","Lack of consideration of environmental costs in the planning of development projects","B","The term ""Base Erosion and Profit Shifting (BEPS)"" refers to tax planning strategies used by multinational companies to artificially shift profits from higher-tax jurisdictions to lower-tax jurisdictions, thereby reducing their overall tax liabilities. This practice often involves exploiting gaps and mismatches in tax rules between different countries. BEPS has been a major concern for governments worldwide as it can lead to significant revenue losses and erode the tax base of countries where economic activity occurs. Efforts to address BEPS involve cooperation among countries to develop common standards and guidelines to prevent tax avoidance by multinational corporations."
"776d9db7-2738-4ef5-8764-c76eeeab6dc6","2016","GS","Economy","Trade and External Sector","Foreign Exchange Reserves | Import Cover | International Trade | External Trade Stability | Economic Indicators","medium","Which of the following best describes the term “import cover”, sometimes seen in the news?","It is the ratio of the value of imports to the Gross Domestic Product of a country","It is the total value of imports of a country in a year.","It is the ratio between the value of exports and imports between the two countries","It is the number of months of imports that could be paid for by a country’s international reserves","D","Import cover is a critical economic indicator that measures the number of months of imports a country can afford using its foreign exchange reserves. It is calculated using the formula: Import Cover = (Total Foreign Exchange Reserves) / (Average Monthly Imports). This metric assesses a country's external stability and its ability to withstand shocks to the balance of payments or sudden stops in foreign currency inflows. While other options describe the import-to-GDP ratio (Option A), total import volume (Option B), or trade balance/terms of trade (Option C), only Option D correctly identifies the relationship between reserves and import duration."
"848f6522-6133-422b-b5a7-23e70a00a711","2016","GS","Economy","Public Finance in India","Fiscal Deficit | Government Expenditure | Revenue Expenditure | Subsidies | Budgetary Policy","medium","There has been a persistent deficit budget year after year. Which action/actions of the following can be taken by the Government to reduce the deficit? 1. Reducing revenue expenditure 2. Introducing new welfare schemes 3. Rationalizing subsidies 4. Reducing import duty Select the correct answer using the code given below.","1 only","2 and 3 only","1 and 3 only","1, 2, 3 and 4","C","**Statement 1 is Correct:** Reducing revenue expenditure (spending that does not create assets or reduce liabilities, such as interest payments, salaries, and administrative costs) lowers the total government outgo, thereby reducing the budget deficit. **Statement 2 is Incorrect:** Introducing new welfare schemes increases government spending (typically revenue expenditure), which would widen the budget deficit rather than reduce it. **Statement 3 is Correct:** Rationalizing subsidies involves making them more targeted (e.g., through Direct Benefit Transfer) to eliminate leakages and reduce wasteful revenue expenditure, which helps in narrowing the deficit. **Statement 4 is Incorrect:** Reducing import duties decreases the government's tax revenue (receipts). A decrease in revenue, assuming expenditure remains constant, leads to an increase in the budget deficit."
"45dacc76-e557-4272-b056-3ef4d54a0e5d","2016","GS","Economy","Money, Banking and Monetary Policy","RBI | Marginal Cost of Funds based Lending Rate (MCLR) | Bank Lending Rates | Interest Rate Determination | Financial Regulation","medium","What is/are the purpose/purposes of the ‘Marginal Cost of Funds based Lending Rate (MCLR)’ announced by RBI? 1. These guidelines help improve the transparency in the methodology followed by banks for determining the interest rates on advances 2. These guidelines help ensure availability of bank credit & interest rates which are fair to the borrowers as well as the banks Select the correct answer using the code given below:","1 only","2 only","Both 1 and 2","Neither 1 nor 2","C","MCLR (Marginal Cost of Funds-based Lending Rate) This is a benchmark interest rate set by banks in India, below which they cannot lend. It represents the minimum cost of funds for the bank, considering factors like their own borrowing costs, operating expenses, and a profit margin. The purposes of MCLR as outlined by the RBI include - **Statement 1 is correct.** Improved Transparency: MCLR standardizes the method for calculating the minimum lending rate. This transparency allows borrowers to better understand how banks arrive at their interest rates and facilitates comparison between different banks. - **Statement 2 is correct.** Fairness for Borrowers and Banks: MCLR ensures a certain level of fairness. It prevents banks from setting arbitrarily high minimum lending rates, potentially benefiting borrowers. At the same time, it allows banks to cover their basic costs and earn a reasonable profit margin. Therefore, both options 1 and 2 accurately reflect the purposes of the MCLR system."
"eed7bbd9-b389-4536-8b3b-0b099c37f4e9","2016","GS","Economy","Money, Banking and Monetary Policy","Payment Banks | Financial Inclusion | India's Banking System | Reserve Bank of India (RBI) | Financial Services","medium","The establishment of “Payment Banks’ is being allowed in India to promote Financial Inclusion. Which of the following statements is/are correct in this context? 1. Mobile telephone companies and supermarket chains that are owned and controlled by residents are eligible to be promoters of Payment Banks. 2. Payment Banks can issue both credit cards and debit cards. 3. Payment Banks cannot undertake lending activities. Select the correct answer using the code given below:","1 and 2 only","1 and 3 only","2 only","1, 2 and 3","B","**Statement 1 is Correct.** Mobile telephone companies and supermarket chains owned and controlled by residents can be promoters of Payment Banks. This allows entities with a wide reach to expand financial services to unbanked populations. **Statement 2 is Incorrect.** Payment Banks cannot issue credit cards. They can only issue debit cards linked to a pre-existing bank account. **Statement 3 is Correct.** Payment Banks are not allowed to undertake lending activities. Their focus is on facilitating basic banking services like deposits, payments, and money transfers."
"2041ea4f-e98a-4129-b3ae-8960a37ede21","2016","GS","Economy","Finance and Financial Markets | Money, Banking and Monetary Policy | Services and Digital Economy","Financial Stability and Development Council (FSDC) | NITI Aayog | Union Finance Minister | Macro-prudential Supervision | Systemic Risk","medium","With reference to ‘Financial Stability and Development Council’, consider the following statements: 1. It is an organ of NITI Aayog. 2. It is headed by the Union Finance Minister. 3. It monitors macro-prudential supervision of the economy. Which of the statements given above is/are correct?","1 and 2 only","3 Only","2 and 3 only","1, 2 and 3","C","**Statement 1 is Incorrect:** The FSDC is not an organ of NITI Aayog. It's a separate apex-level body under the Ministry of Finance. **Statement 2 is Correct:** The FSDC is headed by the Union Finance Minister. **Statement 3 is Correct:** The FSDC plays a crucial role in monitoring macro-prudential supervision of the economy. Macro-prudential supervision focuses on preventing systemic risks within the financial system that could destabilize the entire economy. Therefore, the correct answer is 2 and 3 only."
"bcb9a818-3d57-4291-8189-7324662c8095","2016","GS","Economy","Finance and Financial Markets | Services and Digital Economy","Core Banking Solution | CBS | Banking Technology | Financial Inclusion | Branchless Banking","medium","The term ‘Core Banking Solution’ is sometimes seen in the news. Which of the following statements best describes/describe this term? 1. It is networking of a bank’s branches which enables customers to operate their accounts from any branch of the bank on its network regardless of where they open their accounts. 2. It is an effort to increase RBI’s control over commercial banks through computerization. 3. It is a detailed procedure by which a bank with huge non-performing assets is taken over by another bank. Select the correct answer using the code given below:","1 only","2 and 3 only","1 and 3 only","1, 2 and 3","A","**Statement 1 is Correct:** Core Banking Solution (CBS) is a networking of a bank's branches that allows customers to manage their accounts and perform transactions from any branch on the network, regardless of where the account was originally opened. **Statement 2 is Incorrect:** CBS is a back-end system used by individual banks to improve internal efficiency and customer service; it is not a tool designed for the RBI to increase its regulatory control over commercial banks. **Statement 3 is Incorrect:** CBS refers to the centralized software platform used for day-to-day banking operations; it is not a procedure for the takeover of banks or the resolution of Non-Performing Assets (NPAs)."
"37f6d7eb-b2a8-4a51-ade9-1e2dec4a4fe6","2016","GS","Economy","International Institutions | Trade and External Sector","IMF | SDR | Special Drawing Rights | International Reserve Asset | Currency Basket","easy","Recently, which one of the following currencies has been proposed to be added to the basket of IMF’s SDR?","Rouble","Rand","Indian Rupee","Renminbi","D","The SDR is an international reserve asset created by the International Monetary Fund (IMF) and not a single currency. Its value is based on a basket of five major world currencies - US Dollar (USD) - Euro (EUR) - Japanese Yen (JPY) - British Pound Sterling (GBP) - Chinese Renminbi (RMB) (added in 2016) The IMF reviews the composition of the SDR basket every five years to ensure it reflects the relative importance of currencies in the global trading and financial system. The inclusion of the RMB in 2016 signified the growing importance of the Chinese economy in the world."
"cf12e357-0e68-4d7e-8af3-f8f85c9f051d","2016","GS","Economy","Trade and External Sector | International Institutions","WTO | Agriculture Trade | Domestic Support Measures | Amber Box | Blue Box | Green Box","easy","In the context of which of the following do you sometimes find the terms ‘amber box, blue box and green box’ in the news?","WTO affairs","SAARC affairs","UNFCCC affairs","India-EU negotiations on FTA","A","The terms ""amber box,"" ""blue box,"" and ""green box"" are often associated with the agriculture sector and are commonly used in discussions related to international trade negotiations, particularly within the framework of the World Trade Organization (WTO) Agreement on Agriculture. * **Amber Box:** This refers to domestic support measures considered to distort agricultural production and trade. These measures typically include price supports, production subsidies, and other forms of support that are considered trade-distorting. * **Blue Box:** This category includes domestic support measures that are considered less trade-distorting compared to those in the amber box. However, they still involve certain constraints or conditions aimed at limiting their trade-distorting effects. * **Green Box:** These are domestic support measures that are considered minimally or non-trade-distorting. They typically include subsidies that are tied to environmental or rural development objectives, as well as certain types of direct income support that do not distort trade significantly."
"6e0f9e40-903b-4f25-91f5-b207d72ea006","2016","GS","Economy","Food Processing","Food Safety and Standards Authority of India (FSSAI) | Food Labeling Regulations | Packaging and Labeling | Pre-packaged Food | Food Safety and Standards (Packaging and Labeling) Regulations, 2011","medium","With reference to pre-packaged items in India, it is mandatory for the manufacturer to put which of the following information on the main label, as per the Food Safety and Standards (Packaging and Labeling) Regulations, 2011? 1. List of ingredients including additives 2. Nutrition information 3. Recommendations, if any made by the medical profession about the possibility of any allergic reactions 4. Vegetarian/non-vegetarian Select the correct answer using the code given below","1, 2 and 3","2, 3 and 4","1, 2 and 4","1 and 4 only","C","Every package of food shall carry the following information on the label, namely, - The name of the food shall include trade name or description of food contained in the package. - List of Ingredients except for single-ingredient foods, a list of ingredients shall be declared on the label. - Nutritional Information or nutritional facts per 100 gm or 100ml or per serving of the product shall be given on the label. - Vegetarian/non-vegetarian shall be mentioned. - There is no provision for recommendations of any medical professional regarding allergies. Therefore, 1,2, and 4 are correct statements."
"10b1e8e3-1e28-41bc-99c0-48dfab6e12aa","2016","GS","Economy","Public Finance in India","Government Budget | Capital Budget | Revenue Budget | India's Fiscal Policy | Article 112 of the Indian Constitution","medium","Which of the following is/are included in the capital budget of the Government of India? 1. Expenditure on acquisition of assets like roads, buildings, machinery, etc. 2. Loans received from foreign governments. 3. Loans and advances granted to the States and Union Territories. Select the correct answer using the code given below.","1 only","2 and 3 only","1 and 3 only","1, 2 and 3","D","**Statement 1 is correct:** This is a classic example of Capital Expenditure. This type of spending creates physical assets for the country and is long-term in nature. Therefore, it is included in the capital budget. **Statement 2 is correct:** This is a Capital Receipt. When the government receives a loan, it creates a liability (it has to be repaid in the future). Since it affects the government's liabilities, it is part of the capital budget. **Statement 3 is correct:** This is also a form of Capital Expenditure. When the central government grants a loan, it creates a financial asset for itself (the loan is an asset that will earn interest and be repaid). As this spending creates an asset, it is included in the capital budget. Since all three items are either capital expenditures or capital receipts, they are all part of the Capital Budget of the Government of India."
"22aaacea-577e-4b55-8635-bd57b4c30e67","2016","GS","Economy","International Institutions","Ease of Doing Business Index | World Bank | International Organizations | Economic Indicators | Business Environment","easy","India’s ranking in the ‘Ease of Doing Business Index’ is sometimes seen in the news. Which of the following has declared that ranking?","Organization for Economic Cooperation and Development OECD","World Economic Forum","World Bank","World Trade Organization WTO","C","It is published by the **World Bank**. **Ease of Doing Business Index:** This index was a global ranking that assessed the regulatory environment for business startups and operations in different economies. It measured regulations in areas like starting a business, dealing with construction permits, getting electricity, registering property, getting credit, protecting minority investors, paying taxes, trading across borders, enforcing contracts, and resolving insolvency. Note: The World Bank discontinued the Ease of Doing Business Index in 2021 due to concerns about data irregularities in some past reports."
"37d23870-cf93-48e7-b497-773347027d17","2016","GS","Economy","Infrastructure and Investment Models in India","National Investment and Manufacturing Zone (NIMZ) | Make in India | Industrial Policy and Promotion (DIPP) | Manufacturing | Investment Zones","easy","Recently, India’s first ‘National Investment and Manufacturing Zone’ was proposed to be set up in -","Andhra Pradesh","Gujarat","Maharashtra","Uttar Pradesh","A","Andhra Pradesh is set to house India's first national investment and manufacturing zone after the state assured the Centre of the availability of 2500 acres (10 sq km) of land in one place in Prakasam district. The imminent final approval for the NIMZ, which is expected to give a fillip to the Prime Ministers Make in India campaign, comes four years after the concept was mooted to boost manufacturing in the country and two years after the Department of Industrial Policy and Promotion gave an in-principle nod to Andhra Pradesh in this regard."
"4d7503da-b7db-40f1-85d0-64b56c5fae61","2016","GS","Economy","Infrastructure and Investment Models in India","UDAY Scheme | Ujwal DISCOM Assurance Yojana | Power Distribution Companies (DISCOMs) | Financial Turnaround of DISCOMs | Electricity Sector Reforms in India","easy","Which one of the following is a purpose of ‘UDAY’, a scheme of the Government?","Providing technical and financial assistance to start-up entrepreneurs in the field of renewable source of energy.","Providing electricity to every household in the country by 2018","Replacing the coal-based power plants with natural gas, nuclear, solar, wind and tidal power plants over a period of time.","Providing for financial turnaround and revival of power distribution companies","D","The Ujwal DISCOM Assurance Yojana (UDAY) was launched by the Ministry of Power in 2015 to provide a permanent solution for the financial turnaround and revival of power distribution companies (DISCOMs). The scheme's primary mechanism involved state governments taking over 75% of the DISCOM debt (as of September 2015) and issuing low-interest sovereign bonds to lenders, which significantly reduced the interest burden on these companies. It also aimed at operational improvements, such as reducing Aggregate Technical and Commercial (AT&C) losses and improving energy efficiency. Option B refers to the Saubhagya Scheme (Pradhan Mantri Sahaj Bijli Har Ghar Yojana), which was launched in 2017 to achieve universal household electrification."
"a618d765-570e-4ab8-b788-d79cc2343630","2016","GS","Economy","International Institutions","International Financial Institutions | IMF Reports | Global Financial Stability | Financial System Stability | International Monetary Fund","medium","‘Global Financial Stability Report’ is prepared by the -","European Central Bank","International Monetary Fund","International Bank for Reconstruction and Development","Organization for Economic Cooperation and Development","B","The 'Global Financial Stability Report' is prepared by the International Monetary Fund (IMF). The Global Financial Stability Report is a semiannual report published by the IMF that assesses the stability of the global financial system and emerging market financing. It highlights potential risks and vulnerabilities in the financial system and provides policy recommendations to promote financial stability."
"b4cb429c-74ec-46dc-98ec-2e023f072745","2016","GS","Economy","Finance and Financial Markets","International Finance Corporation (IFC) | World Bank Group | Masala Bonds | Rupee-denominated Bonds | Debt Financing","medium","Consider the following statements with reference to ‘IFC Masala Bonds’ - 1. The International Finance Corporation, which offers these bonds, is an arm of the World Bank. 2. They are the rupee-denominated bonds and are a source of debt financing for the public and private sector. Select the correct answer using the code given below.","1 only","2 Only","Both 1 and 2","Neither 1 nor 2","C","**Statement 1 is Correct.** The International Finance Corporation (IFC) is indeed an arm of the World Bank Group, a group of five international organizations that work together to fight poverty and promote sustainable development. The IFC specifically focuses on encouraging growth in the private sector of developing countries. **Statement 2 is Correct.** Masala bonds are rupee-denominated bonds issued by foreign entities (public or private sector) outside of India. These bonds raise capital for the issuer in Indian rupees, providing an alternative funding source. Therefore, the correct answer is 1 and 2 both are correct."
"d0b80681-d76f-4879-b6e7-83a160384e00","2016","GS","Economy","Trade and External Sector | Unemployment","Sovereign Gold Bond Scheme | Gold Monetization Scheme | Government Schemes | Gold Market | Economic Policy","medium","What is/are the purpose/purposes of Government’s ‘Sovereign Gold Bond Scheme’ and 'Gold Monetization Scheme'? 1. To bring the idle gold lying with India households into the economy 2. To promote FDI in the gold and jewellery sector 3. To reduce India’s dependence on gold imports Select the correct answer using the code given below:","1 only","2 and 3 only","1 and 3 only","1, 2 and 3","C","**Statement 1 is correct:** This is the primary objective of the Gold Monetization Scheme (GMS). The scheme encourages individuals and institutions to deposit their idle physical gold (jewellery, coins, bars) with banks. This gold is then melted, assayed, and added to the country's gold reserves, which can be lent to jewellers, thereby bringing it into the formal economy. **Statement 2 is incorrect:** These schemes are focused on managing domestic gold supply and demand. They are not designed to attract Foreign Direct Investment (FDI). Policies related to FDI in the jewellery sector are separate from these schemes. **Statement 3 is correct:** This is a core objective of both schemes. * The Sovereign Gold Bond (SGB) Scheme provides a financial alternative to buying physical gold. By shifting demand from physical gold to paper gold, it helps reduce the demand for gold imports. * The Gold Monetization Scheme (GMS) increases the domestic supply of recycled gold available to jewellers, thus reducing their reliance on imported gold. Both schemes aim to curb gold imports, which are a major component of India's import bill and contribute significantly to the Current Account Deficit (CAD)."
"786e6615-aef0-4d21-b50a-00f2afeb5845","2016","GS","Environment & Ecology","Institutional Measures for Environment Conservation","Bureau of Energy Efficiency (BEE) | Energy Efficiency | Star Label | Appliance Labeling | Energy Conservation","hard","On which of the following can you find the Bureau of Energy Efficiency Star Label? 1. Ceiling fans 2. Electric geysers 3. Tubular fluorescent lamps Select the correct answer using the code given below:","1 and 2 only","3 only","2 and 3 only","1, 2 and 3","D","**Statement 1 is Correct:** Ceiling fans are covered under the Bureau of Energy Efficiency (BEE) Standards and Labeling (S&L) scheme. While they were under the voluntary labeling category for many years (including when this question was asked), they have since been moved to the mandatory category. **Statement 2 is Correct:** Electric geysers (specifically Storage Water Heaters) are part of the mandatory labeling program, which requires them to display star ratings based on their energy performance. **Statement 3 is Correct:** Tubular fluorescent lamps are also included in the mandatory labeling scheme to promote the use of energy-efficient lighting and reduce electricity consumption in households and offices."
"7c9cf2d8-5aaa-48cc-9bb4-1a5d62738cd0","2016","GS","Environment & Ecology","Environmental Pollution","Air Quality Index (AQI) | Air Pollution | Atmospheric Gases | Environmental Monitoring | Urban Environment","medium","In the cities of our country, which among the following atmospheric gases are normally considered in calculating the value of Air Quality Index? 1. Carbon dioxide 2. Carbon monoxide 3. Nitrogen dioxide 4. Sulphur Dioxide 5. Methane Select the correct answer using the code given below","1, 2 and 3 only","2, 3 and 4 Only","1, 4 and 5 Only","1, 2, 3, 4 and 5","B","**Statement 1 is Incorrect:** Carbon dioxide (CO2) is a greenhouse gas primarily responsible for global warming, but it is not one of the eight pollutants considered in the calculation of India's National Air Quality Index (AQI). **Statement 2 is Correct:** Carbon monoxide (CO) is one of the eight pollutants monitored under the National AQI, as it is a toxic gas produced by incomplete combustion that affects oxygen transport in the blood. **Statement 3 is Correct:** Nitrogen dioxide (NO2) is included in the AQI calculation; it is a major air pollutant emitted from vehicle exhausts and industrial processes that causes respiratory issues. **Statement 4 is Correct:** Sulphur dioxide (SO2) is a criteria pollutant for the AQI, primarily released from the burning of fossil fuels in power plants and industrial facilities. **Statement 5 is Incorrect:** Methane (CH4) is a potent greenhouse gas and a precursor to ground-level ozone, but it is not directly measured or included as a parameter in the National AQI calculation. **Note:** The National Air Quality Index (AQI) in India considers eight pollutants: Particulate Matter (PM10), Particulate Matter (PM2.5), Nitrogen Dioxide (NO2), Sulphur Dioxide (SO2), Carbon Monoxide (CO), Ozone (O3), Ammonia (NH3), and Lead (Pb)."
"18492494-77a1-49db-a933-09d41688a8e6","2016","GS","Environment & Ecology","Contemporary Environmental Issues","TEEB | Economics of Ecosystems and Biodiversity | Biodiversity Conservation | Environmental Economics | International Environmental Initiatives","hard","With reference to an initiative called ‘The Economics of Ecosystems and Biodiversity (TEEB)’, which of the following statements is/are correct? 1. It is an initiative hosted by UNEP, IMF and World Economic Forum. 2. It is a global initiative that focuses on drawing attention to the economic benefits of biodiversity. 3. It presents an approach that can help decision-makers recognize, demonstrate and capture the value of ecosystems and biodiversity. Select the correct answer using the code given below","1 and 2 only","3 Only","2 and 3 only","1, 2 and 3","C","**Statement 1 is Incorrect:** TEEB was launched in 2007 by Germany and the European Commission following a proposal by the G8+5 Environment Ministers (Potsdam meeting). While the TEEB office is hosted by the United Nations Environment Programme (UNEP), the initiative is not hosted by the IMF or the World Economic Forum. **Statement 2 is Correct:** TEEB is a global initiative that focuses on drawing attention to the economic benefits of biodiversity. It aims to highlight the growing cost of biodiversity loss and ecosystem degradation by bringing together expertise from science, economics, and policy. **Statement 3 is Correct:** TEEB follows a tiered approach to help decision-makers recognize, demonstrate, and capture the value of ecosystem services and biodiversity. This helps in integrating these values into policy-making and economic accounting."
"71ea798c-4867-4c49-b764-447ad47fc886","2016","GS","Environment & Ecology","International Environmental Framework","United Nations Convention to Combat Desertification (UNCCD) | Desertification | Land Degradation | Sustainable Land Management | International Environmental Agreements","hard","What is/are the importance/importances of the ‘United Nations Convention to Combat Desertification’? 1. It aims to promote effective action through innovative national programmes and supportive international partnerships. 2. It has a special/particular focus on South Asia and North Africa regions, and its secretariat facilitates the allocation of the major portion of financial resources to these regions. 3. It is committed to the bottom-up approach, encouraging the participation of local people in combating desertification. Select the correct answer using the code given below.","1 only","2 and 3 only","1 and 3 only","1, 2 and 3","C","The United Nations Convention to Combat Desertification (UNCCD) was established in 1994 and is the sole legally binding international agreement linking environment and development to sustainable land management. **Statement 1 is correct:** The UNCCD aims to promote effective action through innovative national programmes and supportive international partnerships. It provides a framework for countries to work together to combat desertification and mitigate the effects of drought. **Statement 2 is incorrect:** The Convention has a particular focus on **Africa**, not South Asia and North Africa. In fact, its full name is the 'United Nations Convention to Combat Desertification in Those Countries Experiencing Serious Drought and/or Desertification, Particularly in Africa'. Furthermore, the Secretariat does not facilitate the allocation of the 'major portion' of financial resources; financial mobilization is primarily handled through the Global Mechanism and the Global Environment Facility (GEF). **Statement 3 is correct:** The UNCCD is unique among the Rio Conventions for its commitment to a **bottom-up approach**. It emphasizes the participation of local communities, land users, and non-governmental organizations in the design and implementation of programmes to combat land degradation."
"7d06df08-33e2-48d2-8262-5a5dbc8c6f86","2016","GS","Environment & Ecology","Indian Biodiversity - Fauna","Kharai Camel | Camel Breeds | Mangrove Ecosystem | Coastal Ecology | Gujarat","hard","What is/are unique about ‘Kharai camel’ a breed found in India? 1. It is capable of swimming up to three kilometres in seawater. 2. It survives by grazing on mangroves. 3. It lives in the wild and cannot be domesticated.","1 and 2 only","3 only","1 and 3 only","1, 2 and 3","A","**Statement 1 is correct:** Kharai camels can swim up to three kilometers in seawater. This rare trait allows them to reach offshore mangrove islands, where they forage for food. **Statement 2 is correct:** Their name ""Kharai"" comes from the Gujarati word for ""salty"" because they primarily graze on saline plants and mangroves. This dietary adaptation allows them to thrive in the harsh coastal environment. **Statement 3 is incorrect:** Kharai camels are herded by local communities (Maldhari) in the Kutch region of Gujarat. Their milk is consumed, and male calves are sometimes sold. Hence, the correct answer is option A."
"50121950-9817-4a8d-aa2a-c73d2d40ca04","2016","GS","Environment & Ecology","International Environmental Framework | Agriculture","Globally Important Agricultural Heritage Systems (GIAHS) | FAO | Traditional Agricultural Systems | Agricultural Biodiversity | Sustainable Agriculture","medium","The FAO accords the status of ‘Globally Important Agricultural Heritage Systems (GIAHS)’ to traditional agricultural systems. What is the overall goal of this initiative? 1. To provide modern technology, training in modern farming methods and financial support to local communities of identified GIAHS so as to greatly enhance their agricultural productivity 2. To identify and safeguard eco-friendly traditional farm practices and their associated landscapes, agricultural biodiversity and knowledge systems of the local communities 3. To provide Geographical Indication status to all the varieties of agricultural produce in such identified GIAHS Select the correct answer using the code given below.","1 and 3 only","2 only","2 and 3 only","1, 2 and 3","B","The Globally Important Agricultural Heritage Systems (GIAHS) initiative was launched by the Food and Agriculture Organization (FAO) in 2002 to identify, safeguard, and promote traditional agricultural systems that have historical, cultural, environmental, and social significance. These systems demonstrate sustainable agricultural practices, rich biodiversity, and resilient rural livelihoods while maintaining a harmonious relationship with nature. **Statement 1 is incorrect:** The GIAHS program is not primarily aimed at increasing agricultural productivity through modern methods. Instead, it focuses on preserving traditional farming practices, indigenous knowledge, and sustainable land-use systems that have evolved over centuries. While some modern improvements might be integrated to support local livelihoods, the core emphasis is conservation, not productivity enhancement. **Statement 2 is correct:** The primary goal of GIAHS is to identify and protect unique agricultural systems that are vital for global biodiversity, cultural heritage, and food security. This includes preserving traditional landscapes, indigenous crops, and local community knowledge, ensuring their sustainability for future generations. **Statement 3 is incorrect:** While some GIAHS products might qualify for Geographical Indication status, it's not an automatic benefit. GI status is granted based on specific criteria related to a product's origin, traditional production techniques, and unique qualities, which require a separate legal recognition process. Hence, the correct answer is option B. 2 only."
"ed277ad4-5575-4416-848e-f295e093241b","2016","GS","Environment & Ecology","Renewable Energy","International Solar Alliance (ISA) | United Nations Climate Change Conference (COP) | Climate Change | Renewable Energy | International Organizations","medium","Consider the following statements: 1. The International Solar Alliance was launched at the United Nations Climate Change Conference in 2015. 2. The Alliance includes all the member countries of the United Nations. Which of the statements given above is/are correct?","1 only","2 only","Both 1 and 2","Neither 1 nor 2","A","**Statement 1 is correct:** The International Solar Alliance (ISA) was launched by India and France on November 30, 2015, during the United Nations Climate Change Conference (COP 21) in Paris. The primary aim of ISA is to promote solar energy deployment, reduce dependence on fossil fuels, and support sustainable energy solutions, particularly in developing countries. **Statement 2 is incorrect:** Initially, ISA was open only to 121 solar-rich countries located between the Tropic of Cancer and the Tropic of Capricorn (the ""Sun Belt""), as these regions receive abundant solar radiation throughout the year. *However, in 2018, ISA expanded its membership to include all UN member states, allowing countries beyond the tropics to join and benefit from solar energy initiatives. This change made ISA a more inclusive global platform for promoting solar energy adoption worldwide.*"
"c7e0b0e8-b4be-4a7a-8d96-39ca1c746cd4","2016","GS","Environment & Ecology","Important Reports and Indices | Environmental Impact Assessment (EIA) | Institutional Measures for Environment Conservation","Western Ghats | Ecologically Sensitive Area (ESA) | Environmental Protection | Sustainable Development | Committee Reports","easy","‘Gadgil Committee Report’ and ‘Kasturirangan Committee Report’, sometimes seen in the news, are related to -","Constitutional reforms","Ganga Action Plan","Linking of rivers","Protection of Western Ghats","D","The Gadgil Committee Report and the Kasturirangan Committee Report both focus on the conservation of the Western Ghats, one of the world's eight ""hottest"" biodiversity hotspots. **Gadgil Committee Report (2011)** Formally known as the Western Ghats Ecology Expert Panel (WGEEP) Report, this report advocated for strict environmental protection measures across the entire Western Ghats. It recommended designating the entire region as an Ecologically Sensitive Area (ESA), divided into three zones with graded levels of regulation on development activities such as mining, construction, and deforestation. The report emphasized grassroots participation and sustainable development, but its stringent recommendations faced resistance from state governments and industries. **Kasturirangan Committee Report (2012)** To review the Gadgil Committee’s recommendations, the High-Level Working Group (HLWG), led by Dr. Kasturirangan, was formed. This report sought a balance between conservation and development by proposing that only 37% of the Western Ghats be designated as ESA, focusing primarily on forest and uninhabited regions while allowing regulated development in other areas. It adopted a more lenient approach than the Gadgil Report, leading to criticism from environmentalists who argued that it diluted the conservation efforts. In summary, while the Gadgil Report advocated for comprehensive protection with stringent regulations, the Kasturirangan Report took a more moderate stance, allowing some developmental activities while still acknowledging the ecological importance of the Western Ghats."
"185283f6-660a-41d8-8368-20e9b633c140","2016","GS","Environment & Ecology","International Environmental Framework | Climate Change","Paris Agreement | UNFCCC | Climate Change | Greenhouse Gas Emissions | Global Warming","medium","With reference to the Agreement at the UNFCCC Meeting in Paris in 2015, which of the following statements is/are correct? 1. The Agreement was signed by all the member countries of the UN and it will go into effect in 2017. 2. The Agreement aims to limit greenhouse gas emissions so that the rise in average global temperature by the end of this century does not exceed 2 degrees C or even 1.5 degrees C above pre-industrial levels. 3. Developed countries acknowledged their historical responsibility in global warming and committed to donate $1000 billion a year from 2020 to help developing countries to cope with climate change. Select the correct answer using the code given below.","1 and 3 only","2 only","2 and 3 only","1, 2 and 3","B","Statement 1 is incorrect: The agreement did not ""go into effect in 2017."" It was adopted in Dec 2015, signed in April 2016, and legally entered into force on November 4, 2016, after the ""55/55"" threshold (55 countries representing 55% of global emissions) was met. Statement 2 is correct: This is the core ""temperature goal"" of the Paris Agreement: keeping the increase well below 2°C and pursuing efforts to limit it to 1.5°C above pre-industrial levels. Statement 3 is incorrect: While the agreement acknowledges ""Common But Differentiated Responsibilities"" (CBDR), the financial commitment was $100 billion per year by 2020, not $1000 billion."
"a2d83854-ba7b-4a34-b777-597c89b93f8b","2016","GS","Environment & Ecology","Indian Biodiversity - Fauna","State Butterfly | Biodiversity Conservation | Wildlife Conservation | Maharashtra | Blue Mormon Butterfly","medium","Recently, for the first time in our country, which of the following State has declared a particular butterfly as ‘State Butterfly’?","Arunachal Pradesh","Himachal Pradesh","Karnataka","Maharashtra","D","The first state in India to declare a state butterfly was Maharashtra. Maharashtra designated the Blue Mormon (Papilio polymnestor) as its state butterfly in 2015. It's a large, black colored butterfly with velvet wings and bright blue spots."
"397fb9a7-e8e4-4c8d-8d33-a2d5300d80f7","2016","GS","Environment & Ecology","International Environmental Framework | Climate Change Mitigation | Climate Change","Climate Change | Paris Agreement | Intended Nationally Determined Contribution (INDC) | Greenhouse Gas Emissions | International Environmental Agreements","easy","The term ‘Intended Nationally Determined Contribution’ is sometimes seen in the news in the context of:","Pledge made by the European countries to rehabilitate refugees from the war-affected Middle East.","Plan of action outlined by the countries of the world to combat climate change.","Capital contributed by the member countries in the establishment of the Asian Infrastructure Investment Bank.","Plan of action outlined by the countries of the world regarding Sustainable Development Goals.","B","The Intended Nationally Determined Contributions (INDCs) were submitted by countries before the Paris Agreement (2015) as their initial climate action plans to combat climate change. These documents outlined how each country intended to contribute to global efforts in reducing greenhouse gas (GHG) emissions and adapting to climate impacts. These were preliminary pledges, meaning they were not legally binding commitments but rather expressions of intent. Each country independently decided its contribution based on its capabilities, national circumstances, and priorities. Unlike top-down approaches in past climate treaties, INDCs followed a bottom-up approach. The plans outlined specific measures countries intended to take to reduce greenhouse gas emissions, increase renewable energy use, improve energy efficiency, and adapt to climate change impacts."
"186b551b-788c-45d9-91d5-aa37adfde20f","2016","GS","Environment & Ecology","Indian Biodiversity - Fauna | Protected Area Network | Contemporary Environmental Issues | Biodiversity Basics | Indian Biodiversity - Flora","Wildlife of India | Great Indian Hornbill | Hornbill Distribution | Western Ghats Biodiversity | Endangered Species","medium","In which of the following regions of India are you most likely to come across the ‘Great Indian Hornbill’ in its natural habitat?","Sand deserts of northwest India","Higher Himalayas of Jammu and Kashmir","Salt marshes of western Gujarat","Western Ghats","D","![Great Hornbill](https://d39jluplm5thpx.cloudfront.net//Great_Hornbill_552d014d04.png) The great hornbill, also known as the concave-casqued hornbill, great Indian hornbill or great pied hornbill, is one of the larger members of the hornbill family. It occurs in the Indian subcontinent and Southeast Asia. It is predominantly frugivorous, but also preys on small mammals, reptiles and birds. The great hornbill is native to the forests of India, Bhutan, Nepal, mainland Southeast Asia and Sumatra. Its distribution is fragmented in the Western Ghats and in the foothills of the Himalayas."
"7ec6684e-ea75-446c-b97a-b0e79606f651","2016","GS","Environment & Ecology","Institutional Measures for Environment Conservation | Climate Change Mitigation","National Ganga River Basin Authority (NGRBA) | River Basin Management | Water Conservation | Environmental Protection | Jal Shakti Ministry","medium","Which of the following are the key features of ‘National Ganga River Basin Authority (NGRBA)’? 1. The river basin is the unit of planning and management. 2. It spearheads the river conservation efforts at the national level. 3. One of the Chief Ministers of the State through which the Ganga flows becomes the Chairman of NGRBA on a rotation basis. Select the correct answer using the code given below.","1 and 2 only","2 and 3 only","1 and 3 only","1, 2 and 3","A","**Statement 1 is correct.** National Ganga River Basin Authority (NGRBA) is the financing, planning, implementing, monitoring, and coordinating authority for the Ganges River, functioning under the Jal Shakti Ministry. **Statement 2 is correct.** The mission of the organisation is to safeguard the drainage basin which feeds water into the Ganges by protecting it from pollution or overuse. In July 2014, the NGRBA has been transferred from the Ministry of Environment and Forests to the Ministry of Jal Shakti. **Statement 3 is incorrect.** The Prime Minister is the chair of the Authority. Other members include the cabinet ministers of ministries that include the Ganges among their direct concerns and the chief ministers of states through which the Ganges River flows."
"7b858ac5-239a-4097-8e42-40d884dac9c2","2016","GS","Environment & Ecology","Climate Change Mitigation","Green India Mission | National Action Plan on Climate Change (NAPCC) | Forest Conservation | Climate Change Mitigation | Ecosystem Services","medium","Which of the following best describes the aim of ‘Green India Mission’ of the Government of India? 1. Incorporating environment benefits and costs into the Union and State Budgets thereby implementing the ‘green accounting’. 2. Launching the second green revolution to enhance agriculture output so as to ensure food security to one and all in the future. 3. Restoring and enhancing forest cover and responding to climate change by a combination of adaptation and mitigation measures. Select the correct answer using the code given below","1 only","2 and 3 only","3 only","1, 2 and 3","C","**Statement 1 is Incorrect:** Green accounting involves incorporating environmental benefits and costs into the national and state budgets. This is a separate economic and statistical initiative and is not an objective of the Green India Mission. **Statement 2 is Incorrect:** The Second Green Revolution (or Evergreen Revolution) focuses on enhancing agricultural productivity and food security through sustainable methods. The Green India Mission, however, is one of the eight missions under the National Action Plan on Climate Change (NAPCC) specifically focused on forestry. **Statement 3 is Correct:** The primary aim of the National Mission for a Green India (GIM) is to protect, restore, and enhance India's forest cover and respond to climate change. Its goals include increasing forest/tree cover on 5 million hectares (mha) and improving the quality of forest cover on another 5 mha, thereby enhancing ecosystem services like carbon sequestration."
"8a2d11ad-690a-4881-aefe-a3844df9e077","2016","GS","Environment & Ecology","Climate Change | Climate Change Mitigation | International Environmental Framework | Institutional Measures for Environment Conservation","Greenhouse Gas Protocol | GHG Emissions Accounting | Climate Change Mitigation | Sustainable Development | International Standards","hard","What is ‘Greenhouse Gas Protocol’?","It is an international accounting tool for government and business leaders to understand, quantify and manage greenhouse gas emissions","It is an initiative of the United Nations to offer financial incentives to developing countries to reduce greenhouse gas emissions and to adopt eco-friendly technologies","It is an intergovernmental agreement ratified by all the member countries of the United Nations to reduce greenhouse gas emissions to specified levels by the year 2022","It is one of the multilateral REDD-initiatives hosted by the World Bank","A","The Greenhouse Gas (GHG) Protocol is a globally recognized framework for measuring, managing, and reporting greenhouse gas emissions. It was developed through a collaboration between the World Resources Institute (WRI) and the World Business Council for Sustainable Development (WBCSD) to ensure a standardized and transparent approach to GHG accounting. The protocol helps businesses, governments, and organizations track their emissions consistently, facilitating accurate comparisons across sectors and regions. By providing clear guidelines for carbon accounting, it plays a crucial role in climate action strategies, regulatory compliance, and corporate sustainability efforts worldwide."
"76870b18-71ae-4436-912f-31d830995b10","2016","GS","Environment & Ecology","Agriculture | Conservation Efforts","Drip Irrigation | Water Conservation | Soil Salinity | Soil Erosion | Agriculture Techniques","medium","Which of the following is/are the advantage/advantages of practising drip irrigation? 1. Reduction in weed 2. Reduction in soil salinity 3. Reduction in soil erosion Select the correct answer using the code given below.","1 and 2 only","3 only","1 and 3 only","None of the above is an advantage of practising drip irrigation","C","Drip irrigation is an efficient water delivery system that applies water directly to the roots of plants through a network of tubes, emitters, and valves. It is widely used to conserve water, improve crop yields, and prevent soil degradation. ![Drop Irrigation](https://d39jluplm5thpx.cloudfront.net//Drip_Irrigation_d262f8fa0f.png) **Statement 1 is correct:** Drip irrigation delivers water precisely at the plant's root zone, reducing the moisture available on the soil surface. Since weeds typically thrive in moist topsoil, limiting water exposure to non-target areas helps suppress their growth. This makes weed control easier compared to traditional irrigation methods like flooding or sprinklers, which wet the entire field. **Statement 2 is incorrect:** Soil salinity refers to the accumulation of salts in the soil, which can hinder plant growth. While drip irrigation helps manage water efficiently, it does not directly reduce salinity. However, it can be combined with strategic flushing techniques (applying extra water at intervals) to push salts below the root zone, preventing salt buildup in the upper soil layers. **Statement 3 is correct:** Drip irrigation releases water slowly and in a controlled manner, reducing surface runoff that can lead to soil erosion. Unlike traditional flood irrigation, which can wash away the topsoil, drip irrigation preserves soil structure and fertility, making it a sustainable choice for agriculture. Hence, the correct answer is option C."
"f7ee1937-b466-43da-98c6-78fc15f1170e","2016","GS","Environment & Ecology","International Environmental Framework","Agenda 21 | Sustainable Development | United Nations Conference on Environment and Development (UNCED) | Rio Earth Summit | World Summit on Sustainable Development (WSSD)","medium","With reference to ‘Agenda 21’, sometimes seen in the news, consider the following statements: 1. It is a global action plan for sustainable development. 2. It originated in the World Summit on Sustainable Development held in Johannesburg in 2002 Which of the statements given above is/are correct?","1 only","2 only","Both 1 and 2","Neither 1 nor 2","A","**Statement 1 is correct:** Agenda 21 is a comprehensive global action plan adopted at the United Nations Conference on Environment and Development (UNCED), also known as the Rio Earth Summit, held in Rio de Janeiro, Brazil, in 1992. It provides a framework for achieving sustainable development by integrating environmental protection, social equity, and economic growth at global, national, and local levels. **Statement 2 is incorrect:** The World Summit on Sustainable Development (WSSD), held in Johannesburg, South Africa, in 2002, reviewed and reaffirmed the commitments made under Agenda 21 but did not introduce it. Instead, the summit focused on assessing progress, strengthening implementation, and launching new initiatives, including the Johannesburg Plan of Implementation (JPOI)."
"e1efc37a-e326-4a46-8e5d-0f44cf40c3db","2016","GS","Environment & Ecology","International Environmental Framework","Sustainable Development Goals (SDGs) | United Nations (UN) | Environmental History | Global Conferences | International Organizations","medium","Consider the following statements: 1. The Sustainable Development Goals were first proposed in 1972 by a global think tank called the ‘Club of Rome’. 2. The Sustainable Development Goals have to be achieved by 2030. Which of the statements given above is/are correct?","1 only","2 only","Both 1 and 2","Neither 1 nor 2","B","In 1972, Countries met in Stockholm, Sweden, for the United Nations Conference on the Human Environment, to consider the rights of the family to a healthy and productive environment. In 1983, the United Nations created the World Commission on Environment and Development (later known as the Brundtland Commission), which defined sustainable development as ""meeting the needs of the present without compromising the ability of future generations to meet their own needs"". **Statement 1 is incorrect.** Colombia proposed the idea of the SDGs at a preparation event for Rio20 held in Indonesia in July 2011. **Statement 2 is correct.** The Sustainable Development Goals are the blueprint to achieve a better and more sustainable future for all. They address the global challenges we face, including those related to poverty, inequality, climate, environmental degradation, prosperity, and peace and justice. The consensus is that these SDGs have to be achieved by 2030."
"fcaa373d-bfe4-4e2f-8a3f-927ce6647fb8","2016","GS","Environment & Ecology","Institutional Measures for Environment Conservation | Climate Change Mitigation","UN-REDD+ | Reducing Emissions from Deforestation and Forest Degradation (REDD) | Forest Conservation | Biodiversity Protection | Sustainable Forest Management","medium","Proper design and effective implementation of UN-REDD+ Programme can significantly contribute to - 1. Protection of biodiversity 2. Resilience of forest ecosystems 3. Poverty reduction Select the correct answer using the code given below","1 and 2 only","3 only","2 and 3 only","1, 2 and 3","D","**Reducing Emissions from Deforestation and Forest Degradation (REDD)** attempts to create financial value for the carbon stored in forests, offering incentives for developing countries to reduce emissions from forested lands and invest in low-carbon paths to sustainable development. REDD goes beyond deforestation and forest degradation, and includes the role of conservation, sustainable management of forests and enhancement of forest carbon stocks. REDD has the potential to simultaneously contribute to climate change mitigation and poverty alleviation, whilst also conserving biodiversity and sustaining vital ecosystem services. **Protection of biodiversity:** Forests are incredibly diverse ecosystems, and protecting them through REDD initiatives helps safeguard countless species of plants and animals. **Resilience of forest ecosystems:** By reducing deforestation and degradation, REDD helps maintain healthy forests that can better withstand natural disturbances like droughts, floods, and pests. **Poverty reduction:** Many forest communities rely on forests for their livelihoods. REDD programs can provide financial incentives for sustainable forest management, creating income opportunities and alleviating poverty. Therefore, the correct answer is 1, 2 and 3."
"026e1f82-624f-414b-bbfc-2de2a1701c01","2016","GS","Environment & Ecology","Renewable Energy","Renewable Energy | Solar Energy | Net Metering | Grid Integration | Energy Policy","medium","‘Net metering’ is sometimes seen in the news in the context of promoting the -","production and use of solar energy by the households/consumers","use of piped natural gas in the kitchens of households","installation of CNG kits in motor- cars","installation of water meters in urban households","A","Net metering (also known as net energy metering) is a solar incentive that allows you to store energy in the electric grid. When your solar panels produce excess power, that energy is sent to the grid and in exchange, you can pull from the grid when your system is under-producing like during night-time."
"4ef87e76-5d0e-4665-be51-203f6f937d77","2016","GS","Environment & Ecology","Indian Biodiversity - Flora","Red Sanders | Pterocarpus santalinus | Eastern Ghats | Tropical Dry Deciduous Forests | Endangered Species","medium","With reference to ‘Red Sanders’, sometimes seen in the news, consider the following statements: 1. It is a tree species found in a part of South India. 2. It is one of the most important trees in the tropical rainforest areas of South India. Which of the statements given above is/are correct?","1 only","2 Only","Both 1 and 2","Neither 1 nor 2","A","**Statement 1 is correct.** Red Sanders, also known as Red Sandalwood or Pterocarpus santalinus, is indeed a tree species native to the southern Eastern Ghats mountain range of India. **Statement 2 is incorrect.** It is one of the most important trees in the tropical rainforest areas of South India. Red Sanders is not typically found in tropical rainforests. It grows in drier semi-arid regions of the Eastern Ghats."
"77490799-86ac-4969-a405-b0a03f2f9c50","2016","GS","Environment & Ecology","International Environmental Framework | Institutional Measures for Environment Conservation","Kyoto Protocol | Clean Development Mechanism (CDM) | Certified Emissions Reductions (CERs) | Annex-I Countries | International Environmental Treaties","easy","Consider the following pairs: |Terms sometimes seen in the news|Their origin| |-- |--| |1. Annex-I Countries | Cartagena Protocol| |2. Certified Emissions Reductions|Nagoya Protocol| |3. Clean Development Mechanism | Kyoto Protocol| Which of the pairs given above is/are correctly matched?","1 and 2 only","2 and 3 only","3 only","1, 2 and 3","C","The terms mentioned above are all related to the Kyoto Protocol. Here's a brief explanation of each term **Annex-I Countries:** These countries have pledged to reduce their emissions by being a part of the Kyoto Protocol.The Cartagena Protocol is a separate international treaty on biosafety. **Certified Emissions Reductions:** These are a type of carbon credit that is granted by the Kyoto Protocol for achieving emission reductions through a clean development mechanism project. The Nagoya Protocol is another international treaty focusing on access to genetic resources and the fair and equitable sharing of benefits arising from their utilization. **Clean Development Mechanism:** It is a mechanism under the Kyoto Protocol that allows developed countries to invest in emission reduction projects in developing countries as a way to earn emission reduction credits."
"08f376bb-2ef8-4a9f-bb20-0e77bef2f0ce","2016","GS","Indian Geography","Drainage System","River Interlinking in India | Indian River Systems | Godavari River | Krishna River | Pattiseema Project","easy","Recently, linking of which of the following rivers was undertaken?","Cauvery and Tungabhadra","Godavari and Krishna","Mahanadi and Son","Narmada and Tapti","B","![Krishna Godavari River Linkage](https://d39jluplm5thpx.cloudfront.net//Krishna_Godavari_River_Linking_b21c3373af.jpg) India took a step forward in its ambitious but long-pending goal to interlink major rivers to form a national water grid. The Pattiseema project lifts flood water from the river Godavari and pumps it into the Polavaram right canal that empties into the river Krishna in Vijayawada. Andhra Pradesh Government is interlinking Krishna-Godavari rivers through the Pattiseema lift irrigation scheme. Hence, option B is the correct Answer."
"02514a3e-126e-4bbf-ac45-a3edd93514fd","2016","GS","Indian Geography","Transport","Inland Waterways Authority of India (IWAI) | Artificial Inland Ports India | Inland Navigation India | Rajasthan Inland Port Project | National Waterways India","hard","Recently, which of the following States has explored the possibility of constructing an artificial inland port to be connected to the sea by a long navigational channel?","Andhra Pradesh","Chhattisgarh","Karnataka","Rajasthan","D","The Inland Waterways Authority of India under the Ministry of Shipping had proposed to guide and support Rajasthan government for building an Inland Shipping Port at Jalore. The port and the terminal that are to be created will help develop inland navigation facilities in western Rajasthan and will also bring about socio-economic development of the region. Business development opportunities along the canal for limestone, gypsum, lignite, and cement factories are to be explored by the state government."
"23989e2e-701e-49f4-b586-12dd6af21e46","2016","GS","Indian Geography","Drainage System","Brahmaputra River tributaries | Dibang River | Kameng River | Lohit River | Indian River Systems","medium","Which of the following is/are tributary/tributaries of Brahmaputra? 1. Dibang 2. Kameng 3. Lohit Select the correct answer using the code given below:","1 only","2 and 3 only","1 and 3 only","1, 2 and 3","D","**Statement 1 is Correct:** The Dibang River is a major left-bank tributary of the Brahmaputra that flows through the Mishmi Hills in Arunachal Pradesh before joining the main river. **Statement 2 is Correct:** The Kameng River is a significant right-bank tributary of the Brahmaputra; it originates in the Tawang district of Arunachal Pradesh and flows through the Kaziranga area. **Statement 3 is Correct:** The Lohit River is an important left-bank tributary that originates in eastern Tibet and flows through the Mishmi Hills of Arunachal Pradesh to join the Brahmaputra in the Assam valley."
"9447719c-f5c4-4332-aaf7-ef292dd6033c","2016","GS","Indian Geography","Mineral Resource","Shale Gas Resources in India | Cambay Basin Geology | Cauvery Basin Geology | Krishna-Godavari Basin Geology | Indian Sedimentary Basins","hard","In which of the following regions of India are shale gas resources found? 1. Cambay Basin 2. Cauvery basin 3. Krishna-Godavari Basin Select the correct answer using the code given below:","1 and 2 only","3 only","2 and 3 only","1, 2 and 3","D","Shale gas is a natural gas that is found trapped within shale formations. - In India, shale gas resources are found in several regions. - The Cambay Basin, located in western India, is one of the oldest and most productive sedimentary basins in India and has been a major source of conventional oil and gas. - The Cauvery Basin and Krishna-Godavari Basin are also known to have shale gas resources. ![Shale Gas Riven Basin](https://d39jluplm5thpx.cloudfront.net//Shale_Gas_River_Basin_4a0349c117.jpg) Therefore, all three basins mentioned in the options are known to have shale gas resources. Hence, the correct answer is (d) 1, 2 and 3."
"43134f00-6080-4b2f-8ffb-dc3b5303b63c","2016","GS","Indian Polity","State Executive","Indian Polity | State Executive | Chief Secretary | Appointment of Chief Secretary | Tenure of Chief Secretary","hard","Consider the following statements: 1. The Chief Secretary in a State is appointed by the Governor of that State. 2. The Chief Secretary in a State has a fixed tenure Which of the statements given above is/are correct?","1 only","2 only","Both 1 and 2","Neither 1 nor 2","D","Statement 1 is incorrect: The Chief Secretary is appointed by the Chief Minister of the state. While Article 166 of the Constitution stipulates that all executive actions of a state government are taken in the name of the Governor, the actual authority to select and appoint the Chief Secretary rests with the Chief Minister. In administrative practice and for the purposes of the UPSC examination, the Chief Minister is recognized as the appointing authority, not the Governor. Statement 2 is incorrect: There is no fixed tenure for the post of Chief Secretary. The duration of their service in this role is at the discretion of the state government (the Chief Minister). An officer can be removed or transferred from the post at any time before their retirement."
"9aa6b3d1-5ee9-45bd-b07d-57cec9d65e83","2016","GS","Indian Polity","Parliament","Indian Parliament | Lok Sabha | Rajya Sabha | Bill Lapsing | Prorogation | Dissolution","medium","Which of the following statements is/are correct? 1. A bill pending in the Lok Sabha lapses on its prorogation. 2. A bill pending in the Rajya Sabha, which has not been passed by the Lok Sabha, shall not lapse on the dissolution of the Lok Sabha. Select the correct answer using the code given below:","1 only","2 only","Both 1 and 2","Neither 1 nor 2","B","**Statement 1 is Incorrect:** A bill pending in the Lok Sabha does not lapse on prorogation. Prorogation refers to the formal end of a parliamentary session, but it does not affect the pending business of the House. When the Lok Sabha reconvenes in the next session, all pending bills remain active and can be resumed from where they were left. **Statement 2 is Correct:** A bill pending in the Rajya Sabha, which has not been passed by the Lok Sabha, does not lapse upon the dissolution of the Lok Sabha. This is because the Rajya Sabha is a permanent body that is not subject to dissolution. The new Lok Sabha can take up such bills from where they were left. **Key Difference:** - Prorogation is a temporary suspension of parliamentary business; pending bills remain unaffected. - Dissolution permanently ends the term of the Lok Sabha, causing pending bills in the Lok Sabha to lapse. However, bills in the Rajya Sabha do not lapse due to its continuous nature."
"d1ddc371-0311-4f51-872b-6022e2e36b35","2016","GS","Indian Polity","Alternate Dispute Resolution Courts","Gram Nyayalaya Act | Gram Nyayalayas | Civil Cases | Criminal Cases | Mediation | Conciliation | Social Activists","medium","With reference to the ‘Gram Nyayalaya Act’, which of the following statements is/are correct? 1. As per the Act, Gram Nyayalayas can hear only civil cases and not criminal cases 2. The Act allows local social activists as mediators/reconciliators. Select the correct answer using the code given below:","1 only","2 only","Both 1 and 2","Neither 1 nor 2","B","**Statement 1 is incorrect:** Under Section 12 of the Gram Nyayalaya Act, 2008, Gram Nyayalayas have criminal jurisdiction, meaning they can hear and decide certain criminal cases. Additionally, under Section 13, they also have civil jurisdiction over specific types of disputes. Thus, Gram Nyayalayas exercise both civil and criminal jurisdiction, making the given statement incorrect. **Statement 2 is correct:** According to Section 26, Gram Nyayalayas must make efforts for conciliation and settlement of civil disputes before proceeding with formal adjudication. To implement this, Section 27 mandates that the District Court, in consultation with the District Magistrate, prepare a panel of Conciliators. These Conciliators are village-level social workers with integrity, possessing the qualifications and experience prescribed by the High Court. Their role is to assist in dispute resolution, promoting amicable settlements. Hence, the correct answer is option B."
"c2325b36-99c0-40ec-b3dc-af97d599053c","2016","GS","Indian Polity","Panchayati Raj","Panchayat | Local Self Government | Indian Constitution | Minimum Age Requirement | Premature Dissolution","medium","Consider the following statements: 1. The minimum age prescribed for any person to be a member of Panchayat is 25 years. 2. A Panchayat reconstituted after premature dissolution continues only for the remainder period. Which of the statements given above is/are correct?","1 only","2 only","Both 1 and 2","Neither 1 nor 2","B","**Statement 1 is incorrect:** The minimum age to be a member of a Panchayat is 21 years, not 25 years, as per the Indian Constitution. **Statement 2 is correct:** If a Panchayat is reconstituted after premature dissolution, it does not get a fresh five-year term. Instead, it functions only for the remainder of the original term of the dissolved Panchayat, as specified under Article 243E of the Constitution. Hence, the correct answer is option B. 2 only."
"67b46261-167d-4b53-a484-5fe77c94d49a","2016","GS","Indian Polity","Parliament | Centre-State Relations | Basics of Federal System | Union and Its Territory","Parliamentary Powers | State List | Seventh Schedule | Article 249 | National Interest","easy","The Parliament of India acquires the power to legislate on any item in the State List in the national interest if a resolution to that effect is passed by the -","Lok Sabha by a simple majority of its total membership","Lok Sabha by a majority of not less than two-thirds of its total membership","Rajya Sabha by a simple majority of its total membership","Rajya Sabha by a majority of not less than two-thirds of its members present and voting","D","As per Article 249 of the Indian Constitution, the Parliament of India can legislate on a subject in the State List if the Rajya Sabha passes a resolution stating that it is necessary in the national interest. This resolution must be approved by a majority of not less than two-thirds of the members present and voting. Once passed, this resolution empowers Parliament to make laws on the specified subject for a period of one year, which can be extended further by passing another resolution."
"082da200-ee89-45eb-8cdb-e796dcf27692","2016","GS","International Relations","Multilateral Groupings","Trans-Pacific Partnership (TPP) | International Trade Agreements | Economic Integration | Pacific Rim Countries | Trade Policy","easy","With reference to the ‘Trans-Pacific Partnership’, consider the following statements: 1. It is an agreement among all the Pacific Rim countries except China and Russia. 2. It is a strategic alliance for the purpose of maritime security only. Which of the statements given above is/are correct?","1 only","2 only","Both 1 and 2","Neither 1 nor 2","D","**Statement 1 is Incorrect:** The Trans-Pacific Partnership (TPP) did not include all Pacific Rim countries. While it was signed by 12 nations (Australia, Brunei, Canada, Chile, Japan, Malaysia, Mexico, New Zealand, Peru, Singapore, Vietnam, and the United States), many other Pacific Rim countries such as South Korea, Indonesia, Colombia, Thailand, and the Philippines were not part of the agreement. **Statement 2 is Incorrect:** The TPP was a comprehensive free trade agreement (FTA) aimed at lowering trade barriers, promoting economic integration, and establishing common standards for intellectual property, labor, and environmental protection. It was not a strategic alliance for maritime security. Following the withdrawal of the United States in 2017, the remaining 11 members negotiated a new trade agreement known as the Comprehensive and Progressive Agreement for Trans-Pacific Partnership (CPTPP)."
"0f13b709-8e9c-45a2-a0cb-03113558fbea","2016","GS","International Relations","Multilateral Groupings","International Organizations | Non-Governmental Organizations (NGOs) | Humanitarian Aid | Médecins Sans Frontières (MSF) | Doctors Without Borders","medium","‘Doctors Without Borders (Medecins Sans Frontieres)’, often in the news, is","A division of the World Health Organization","A non-governmental international organization","An inter-governmental agency sponsored by the European Union","A specialized agency of the United Nations","B","Médecins Sans Frontières (MSF), also known as Doctors Without Borders, is an international, independent medical humanitarian **non-governmental organization (NGO)**. - **Origin:** It was founded in 1971 in France by a group of doctors and journalists in the wake of the war and famine in Biafra, Nigeria. - **Objective:** To provide medical assistance to people affected by conflict, epidemics, disasters, or exclusion from healthcare, irrespective of race, religion, or political affiliation. - **Key Recognition:** MSF is known for its independence and impartiality and was awarded the **Nobel Peace Prize in 1999** for its pioneering humanitarian work on several continents."
"8453bd84-61e5-4a1f-9898-a893de0fe63f","2016","GS","International Relations","Multilateral Groupings","Organization for the Prohibition of Chemical Weapons (OPCW) | International Organizations | Chemical Weapons | Disarmament | International Security","medium","With reference to ‘Organization for the Prohibition of Chemical Weapons (OPCW)’ consider the following statements: 1. It is an organization of European Union in working relation with NATO and WHO 2. It monitors the chemical industry to prevent new weapons from emerging 3. It provides assistance and protection to States (Parties) against chemical weapons threats. Which of the statements given above is/are correct?","1 only","2 and 3 only","1 and 3 only","1,2 and 3","B","**Statement 1 is Incorrect:** The OPCW is an independent intergovernmental organization, not affiliated with a specific region like the European Union. It cooperates with various organizations, including NATO and WHO, on matters related to chemical weapons, but it's not directly under their purview **Statement 2 is Correct:** The OPCW plays a crucial role in monitoring the chemical industry to prevent the proliferation of chemical weapons. This includes inspections of declared chemical facilities and verification of disarmament efforts. **Statement 3 is Correct:** The OPCW offers assistance and protection to member states (Parties) facing threats from chemical weapons. This can involve providing training, equipment, and expertise to help countries enhance their chemical security measures. Hence, option B is the correct answer."
"9d03b2f4-4aac-4c3d-9b1e-7d7848884a6b","2016","GS","International Relations","India and South East Asia Relations","Regional Comprehensive Economic Partnership (RCEP) | ASEAN (Association of Southeast Asian Nations) | Free Trade Agreement (FTA) | International Trade Agreements | Regional Economic Integration","easy","The term ‘Regional Comprehensive Economic Partnership’ often appears in the news in the context of the affairs of a group of countries known as","G20","ASEAN","SCO","SAARC","B","The **Regional Comprehensive Economic Partnership (RCEP)** is a free trade agreement that involves the **Association of Southeast Asian Nations (ASEAN)** and its **FTA partners** — Australia, China, Japan, New Zealand, and South Korea. It aims to create a comprehensive economic partnership covering trade in goods, services, investment, intellectual property, and e-commerce. ASEAN was initially a 10-member bloc consisting of **Brunei, Cambodia, Indonesia, Laos, Malaysia, Myanmar, the Philippines, Singapore, Thailand, and Vietnam.** In **2025**, **Timor-Leste (East Timor)** formally became the **11th member** of ASEAN — marking its first expansion since Cambodia’s inclusion in 1999. In the **22nd ASEAN-India Summit (2025)**, both sides endorsed the **ASEAN-India Plan of Action (2026–2030)**, focusing on areas such as **maritime cooperation, digital innovation, education, and sustainable development.** The year **2026** was declared the **ASEAN-India Year of Maritime Cooperation.** Hence, the RCEP continues to be associated with **ASEAN and its FTA partners**, and the correct answer remains **(b) ASEAN.**"
"510ce7c8-5c35-452d-a548-635c7f1e02b6","2016","GS","International Relations","India and its Neighbourhood Relations","Belt and Road Initiative | BRI | China Foreign Policy | International Development | Global Infrastructure","easy","‘Belt and Road Initiative’ is sometimes mentioned in the news in the context of the affairs of -","African Union","Brazil","European Union","China","D","China-Led Initiative BRI is a global development strategy spearheaded by the Chinese government. It aims to create a network of trade routes connecting China with other countries in Asia, Europe, and Africa through investments in infrastructure development. ![Belt and Road Initiative](https://d39jluplm5thpx.cloudfront.net//BRT_12a7293f7b.jpg) Hence, option D is the correct answer."
"8f3c2e25-9ef5-47ae-a59b-32678b9491ca","2016","GS","International Relations","India and Africa Relations","India-Africa Relations | India-Africa Summit | India-Africa Forum Summit (IAFS) | International Relations | Historical Context of India-Africa Relations","medium","Consider the following statements regarding the India-Africa Forum Summit (IAFS): 1. The summit held in 2015 marked the third edition of the IAFS. 2. The IAFS mechanism was instituted under the leadership of Jawaharlal Nehru in 1951. Which of the statements given above is/are correct?","1 only","2 only","Both 1 and 2","Neither 1 nor 2","A","Statement 1 is correct: The Third India-Africa Forum Summit (IAFS-III) was hosted in New Delhi in October 2015. The first and second summits were held in 2008 (New Delhi) and 2011 (Addis Ababa), respectively, making the 2015 event the third edition. Statement 2 is incorrect: The India-Africa Forum Summit was institutionalized in 2008 to serve as the official platform for African-Indian relations. While Jawaharlal Nehru was a pioneer of Afro-Asian solidarity (e.g., the Asian Relations Conference of 1947), the IAFS is a distinct 21st-century initiative and was not established in 1951."
"0fb0f1c8-5dd0-4cd5-95d8-a0cd40d6942e","2016","GS","International Relations","India and its Neighbourhood Relations","Ethnic Groups | International Relations | South Asia | Myanmar | Nepal","medium","Community sometimes mentioned in the news : In the affairs of 1. Kurd: Bangladesh 2. Madhesi: Nepal 3. Rohingya: Myanmar Which of the pairs given above is/are correctly matched?","1 and 2","2 only","2 and 3","3 only","C","**1. Kurd - Bangladesh (Incorrect):** Kurds are a Muslim ethnic group with a significant population in southeastern Turkey, northern Iraq, northwestern Iran, and northern Syria. They are not a major community in Bangladesh. **2. Madhesi - Nepal (Correct):** Madhesis are an Indo-Aryan ethnic group inhabiting the Terai plains of southern Nepal. They are a politically and socially aware community that has sometimes advocated for greater rights and representation within Nepal. **3. Rohingya - Myanmar (Correct):** Rohingya are a Muslim ethnic group facing persecution in Myanmar. They are often mentioned in the news due to human rights concerns and the ongoing Rohingya genocide. Hence, option C is the correct answer."
"df66e69c-9f32-4c68-826b-94886cbf2487","2016","GS","International Relations","Multilateral Groupings","International Monetary Fund (IMF) | International Monetary and Financial Committee (IMFC) | Global Economy | World Bank | International Organizations","medium","With reference to the International Monetary and Financial Committee (IMFC), consider the following statements: 1. IMFC discusses matters of concern affecting the global economy and advises the International Monetary Fund (IMF) on the direction of its work. 2. The World Bank participates as an observer in IMFC’s meetings. Which of the statements given above is/are correct?","1 only","2 only","Both 1 and 2","Neither 1 nor 2","C","**Statement 1 is Correct:** The International Monetary and Financial Committee (IMFC) serves as a vital forum for discussing global economic issues and providing guidance to the International Monetary Fund (IMF). It brings together finance ministers, central bank governors, and other high-level officials from member countries to discuss challenges and opportunities facing the global economy. They also advise the IMF on its policy direction and work program. **Statement 2 is Correct:** The World Bank, while a separate institution, collaborates closely with the IMF. While not a formal member of the IMFC, the World Bank typically participates as an observer in IMFC meetings. This allows for better coordination and exchange of information between the two institutions on matters of mutual interest, such as global economic stability and development. Hence, option C is the correct answer."
"03c2753e-7c0a-4ae9-a0ec-045e83cd1f24","2016","GS","International Relations","Regional Groupings","European Union (EU) | Eurozone | Financial Assistance | International Financial Institutions | Economic Crisis","easy","‘European Stability Mechanism’, sometimes seen in the news, is an","agency created by the EU to deal with the impact of millions of refugees arriving from the Middle East","agency of EU that provides financial assistance to eurozone countries","agency of EU to deal with all the bilateral and multilateral agreements on trade","agency of EU to deal with the conflict arising among the member countries","B","The European Stability Mechanism (ESM) is an intergovernmental organization located in Luxembourg City, which operates under public international law for all eurozone Member States having ratified a special ESM intergovernmental treaty. It was established on 27 September 2012 as a permanent firewall for the eurozone, to safeguard and provide instant access to financial assistance programmes for member states of the eurozone in financial difficulty, with a maximum lending capacity of 500 billion."
"5676b0ef-c444-4d1c-b7b1-91883eaa74eb","2016","GS","International Relations","India and West Asia Relations","Gulf Cooperation Council (GCC) | Arab States of the Persian Gulf | International Organizations | Regional Cooperation | Middle East Geopolitics","easy","Which of the following is not a member of ‘Gulf Cooperation Council’?","Iran","Saudi Arabia","Oman","Kuwait","A","The Cooperation Council for the Arab States of the Gulf, originally (and still colloquially) known as the Gulf Cooperation Council, is a regional intergovernmental political and economic union consisting of all Arab states of the Persian Gulf except Iran. Its member states are Bahrain, Kuwait, Oman, Qatar, Saudi Arabia, and the United Arab Emirates. ![Gulf Cooperation Council](https://d39jluplm5thpx.cloudfront.net//GCC_4da1bf1fac.jpg) The Charter of the Gulf Cooperation Council was signed on 25 May 1981, formally establishing the institution. Hence, option A is the correct answer."
"b24473f7-f7bf-43ff-a6a4-e9167dae235d","2016","GS","International Relations","Regional Groupings","New Development Bank | BRICS | International Financial Institutions | Multilateral Development Banks | Shanghai","medium","Consider the following statements: 1. New Development Bank has been set up by APEC. 2. The headquarters of the New Development Bank is in Shanghai. Which of the statements given above is/are correct?","1 only","2 only","Both 1 and 2","Neither 1 nor 2","B","**Statement 1 is Incorrect:** At the fourth BRICS Summit in New Delhi (2012), the leaders of Brazil, Russia, India, China, and South Africa considered the possibility of setting up a new Development Bank to mobilize resources for infrastructure and sustainable development projects in BRICS and other emerging economies, as well as in developing countries. **Statement 2 is Correct:** The bank is headquartered in Shanghai, China. Hence, option B is the correct answer."
"d6f0487c-e38e-4d0f-aca5-48a9f8c2a884","2016","GS","Medieval History","Mughal Rule","Medieval India | Economic History of Medieval India | Irrigation Technology | Araghatta | Persian Wheel","hard","With reference to the economic history of medieval India, the term ‘Araghatta’ refers to -","bonded labour","land grants made to military officers","waterwheel used in the irrigation of land","wasteland converted to cultivated land","C","Araghatta, also known as the 'Persian wheel' or 'Norias', was a device used in medieval India for lifting water from wells or rivers for irrigation purposes. It typically consisted of a large wheel fitted with pots or buckets along its circumference. As the wheel rotated, the pots would fill with water from a water source and then empty into a trough, channel, or aqueduct for distribution to fields or other areas requiring irrigation. ![Araghatta](https://d39jluplm5thpx.cloudfront.net//araghatta_0957471c3a.jpg)"
"17e9e9d6-8243-4f76-9b54-72bfb3763ccd","2016","GS","Medieval History","The Deccan Kingdoms | Yadavas of Devgiri","Vijayanagara Empire | Krishna Deva Raya | Medieval Indian History | Taxation System | Land Revenue","hard","Regarding the taxation system of Krishna Deva, the ruler of Vijayanagar, consider the following statements : 1. The tax rate on land was fixed depending on the quality of the land. 2. Private owners of workshops paid an industries tax. Which of the statements given above is/are correct?","1 only","2 only","Both 1 and 2","Neither 1 nor 2","C","Both statements (1 and 2) are correct regarding the taxation system of Krishna Deva Raya, the ruler of Vijayanagar. **Statement 1 is correct.** Land tax based on quality The Vijayanagara Empire, under Krishna Deva Raya, had a well-defined taxation system. Land revenue was the primary source of income, and the tax rate was determined based on the land's quality, fertility, and irrigation methods. This ensured a fair system where more productive lands yielded higher tax revenue. **Statement 2 is correct.** Industry tax, besides land tax, the empire levied taxes on various professions and activities. Private workshops and businesses likely paid an industry tax, contributing to the state's treasury."
"a24707be-da23-4b19-bc91-f1211b8163da","2016","GS","Medieval History","Mughal Rule","Medieval Indian History | Social Groups in Medieval India | Banjara Community | Nomadic Tribes | Trade and Commerce in Medieval India","medium","Banjaras during the medieval period of Indian history were generally -","agriculturists","warriors","weavers","traders","D","Banjaras during the medieval period of Indian history were generally traders. They were nomadic communities known for transporting goods like salt, grain, cattle, and other necessities across long distances using bullock caravans called tandas. They played a crucial role in facilitating trade and commerce within the Indian subcontinent."
"6043f2db-94a8-4928-a7e7-b492e14615b3","2016","GS","Modern History","Socio-Religious Reform Movements","Social Reform Movements in India | Jyotirao Phule | Satyashodhak Samaj | Anti-Caste Movement | Maharashtra History","easy","Satya Shodhak Samaj organized -","a movement for the upliftment of tribals in Bihar","a temple-entry movement in Gujarat","an anti-caste movement in Maharashtra","A peasant movement in Punjab","C","Satyashodhak Samaj is a social reform society founded by Jyotirao Phule in Pune, India, on 24 September 1873. Its purpose was to liberate the less privileged in the then-prevailing society such as women, Shudra, and Dalit from exploitation and oppression. Jyotirao's wife Savitribai was the head of the women's section of the society. Through his writing and work, Jyotirao advocated against the caste system and the illogical and orthodox status of Brahmin. Phule had also started a newspaper Deenbandhu which provided the voice for the views of the Samaj. Jyotirao Phule's book Gulamgiri is dedicated to the pain, suffering and hardship faced by slaves."
"e31887a1-1cdb-4162-86e4-7b057b7da053","2016","GS","Modern History","Legal Developments","Montague-Chelmsford Reforms | Constitutional Reforms in British India | Government of India Act 1919 | Indian National Congress | British Raj","easy","The Montagu-Chelmsford Proposals were related to -","social reforms","educational reforms","reforms in police administration","constitutional reforms","D","The Montagu-Chelmsford Proposals were aimed at the gradual introduction of self-governing institutions in India. They led to the enactment of the Government of India Act 1919, which introduced several landmark constitutional changes: - Dyarchy in Provinces: It divided provincial subjects into two parts—Transferred (administered by the Governor with the aid of ministers) and Reserved (administered by the Governor and his executive council without being responsible to the legislative council). - Bicameralism at the Center: For the first time, it introduced a bicameral legislature consisting of an Upper House (Council of State) and a Lower House (Legislative Assembly). - Direct Elections: It introduced direct elections in the country for the first time, though the franchise was limited based on property, tax, or education. - Separation of Budgets: It separated provincial budgets from the Central budget and authorized provincial legislatures to enact their own budgets."
"ae47a90c-11bd-402d-9d2e-3e5654ffe793","2016","GS","Modern History","National Movement Before Gandhi","Indian National Movement | Swadeshi Movement | Boycott Movement | Partition of Bengal | Early 20th Century Indian Nationalism","easy","The ‘Swadeshi’ and ‘Boycott’ adopted as methods of struggle for the first time during the -","Agitation against the Partition of Bengal","Home Rule Movement","Non-Cooperation Movement","Visit of the Simon Commission to India","A","The 'Swadeshi' (promotion of indigenous products and industries) and 'Boycott' (of British goods and institutions) were adopted as methods of struggle for the first time during the Anti-Partition Movement or the Swadeshi Movement of 1905-1911. This movement was sparked by the decision of the British colonial government to partition the province of Bengal in 1905, which was seen as an attempt to weaken the nationalist movement in Bengal."
"369c934c-d0c3-4469-b520-1a120059685b","2016","GS","Modern History","Towards Quit India Movement","Cripps Mission | Indian Independence Movement | Dominion Status | British Raj | World War II","easy","The plan of Sir Stafford Cripps envisaged that after the Second World War -","India should be granted complete independence","India should be partitioned into two before granting independence","India should be made a republic with the condition that she will join the Commonwealth","India should be given Dominion status","D","* The Cripps Mission was a failed attempt in late March 1942 by the British government to secure full Indian cooperation and support for their efforts in World War II. * The mission was headed by a senior minister Sir Stafford Cripps, Lord Privy Seal and leader of the House of Commons. * Cripps was sent to negotiate an agreement with the nationalist Congress leaders, who spoke for the majority Indians, and Muhammad Ali Jinnah and the Muslim League, who spoke for the minority Muslim population. * Cripps worked to keep India loyal to the British war effort in exchange for a promise of elections and full self-government (Dominion status) once the war was over. * Cripps discussed the proposals, which he had drafted himself, with the Indian leaders and published them. * Both the major parties rejected his proposals, and they were also unacceptable to Churchill; no middle way was found and the mission failed."
"a2573670-439d-4a46-9d8a-c382baeeff0e","2016","GS","Modern History","Socio-Religious Reform Movements","Keshab Chandra Sen | Brahmo Samaj | Social Reform Movements in India | 19th Century India | Religious Movements in India","hard","Consider the following: 1. Calcutta Unitarian Committee 2. Tabernacle of New Dispensation 3. Indian Reforms Association Keshab Chandra Sen is associated with the establishment of which of the above?","1 and 3 only","2 and 3 only","3 only","1, 2 and 3","B","**Statement 1 is incorrect.** The Calcutta Unitarian Committee, jointly founded by William Adam and Rammohun Roy in September 1821, sought to bring together prominent Brahmins who were friends of Roy's and supporters of his agenda for the promotion of religious monotheism and social reform among Hindus. **Statement 2 is correct.** On 24th January 1868, Keshab Chandra Sen laid the foundation stone of his mandir called the Tabernacle of New Dispensation. Keshab and his followers marched to the proposed spot early in the morning, performing Sankirtan, and this was the first Brahmo street procession, and it was the first of its kind in Calcutta. **Statement 3 is correct.** Indian Reforms Association aligns better with Sen's social reform activities. He established this association upon returning from Europe in 1870 to advocate for social progress in areas like education, women's rights, and temperance."
"cb0780f1-0eb1-4e05-a29a-cdc05d8b47a2","2016","GS","Modern History","National Movement Before Gandhi","Indian National Congress | Surat Split | Extremists vs Moderates | Nationalist Movement | Indian History","easy","What was the main reason for the split in the Indian National Congress at Surat in 1907?","Introduction of communalism into Indian politics by Lord Minto.","Extremists’ lack of faith in the capacity of the moderates to negotiate with the British Government","Foundation of Muslim League","Aurobindo Ghosh’s inability to be elected as the President of the Indian National Congress","B","The Surat Split of 1907 was primarily caused by the Extremists' lack of faith in the Moderates' methods of 'constitutional agitation' (petitions and prayers). The Extremists, led by Bal Gangadhar Tilak, Lala Lajpat Rai, and Bipin Chandra Pal, believed these methods were ineffective for achieving 'Swaraj' and doubted the Moderates' capacity to negotiate effectively with the British government following the 1905 Partition of Bengal. This ideological divide deepened over the scope of the Swadeshi Movement. The Extremists wanted to extend the boycott nationwide and include all government institutions (schools, courts, and services), whereas the Moderates wanted to limit the movement to Bengal and avoid the use of passive resistance. The immediate trigger for the split was the disagreement over the presidency of the 1907 session: the Extremists proposed Lala Lajpat Rai or Tilak, while the Moderates insisted on Rash Behari Ghosh. The failure to reach a consensus on leadership and strategy led to the formal expulsion of the Extremists from the Congress."
"740734aa-1a44-455f-ba2a-eb232c9b779a","2016","GS","Science & Technology","Science and Technology Policy, IPR, and Achievements","Ramanujan | Indian Scientists | The Man Who Knew Infinity | Biography","easy","A recent movie titled The Man Who Knew Infinity is based on the biography of","S. Ramanujan","S. Chandrasekhar","S. N. Bose","C. V. Raman","A","The movie The Man Who Knew Infinity is based on the life of the famous Indian mathematician Srinivasa Ramanujan. It portrays his journey from India to England and his collaboration with the British mathematician G.H. Hardy."
"6338a51e-43cd-4eab-b953-361e5ed3fb8d","2016","GS","Science & Technology","Defence Technology","Indian Navy | Naval Vessels | Torpedo | Defense Technology | Indigenous Development","medium","Which one of the following is the best description of ‘INS Astradharini’, that was in the news recently?","Amphibious warfare ship","Nuclear-powered submarine","Torpedo launch and recovery vessel","Nuclear-powered aircraft carrier","C","INS Astradharini is India's first indigenously designed and built Torpedo Launch and Recovery Vessel (TLRV), commissioned into the Indian Navy in 2015. Developed with 95% indigenous content, it replaced the aging INS Astravahini. The vessel functions as a specialized platform for the technical trials of underwater weapons, such as torpedoes and mines, developed by the Naval Science and Technological Laboratory (NSTL). Its unique design includes a catamaran hull configuration, which provides significantly improved stability and speed during weapon recovery operations."
"132c621f-350b-4751-b3d3-a39806ecaca3","2016","GS","Science & Technology","Emerging Technologies | Defence Technology","NASA | Electric Aircraft | Hybrid-Electric Aircraft | Vertical Take-Off and Landing (VTOL) | Unmanned Aerial Vehicle (UAV)","hard","What is ‘Greased Lightning-10 (GL-10)’, recently in the news?","Electric plane tested by NASA","Solar-powered two-seater aircraft designed by Japan","Space observatory launched by China","Reusable rocket designed by ISRO","A","Greased Lightning-10 (GL-10) is an experimental, hybrid-electric aircraft developed and tested by NASA as part of its research into advanced aeronautics. Key Features of GL-10: **1. Hybrid-electric Design:** The GL-10 is a subscale, remotely-piloted aircraft that integrates both electric and conventional propulsion for efficiency and flexibility. **2. VTOL Capability:** It is a vertical take-off and landing (VTOL) aircraft, meaning it can take off and land like a helicopter but transition into fixed-wing flight for greater range and efficiency. **3. Potential Applications:** NASA is testing the GL-10 as a future unmanned aerial vehicle (UAV), with potential applications in cargo transport, surveillance, and scientific research. **4. Distributed Electric Propulsion:** The aircraft showcases distributed electric propulsion technology, which uses multiple electric motors and propellers to enhance thrust, control, and efficiency, paving the way for more advanced electric aircraft in the future."
"4477aab4-8059-4016-a5cc-27321f46dee4","2016","GS","Science & Technology","Life Sciences | Biotechnology","Viruses | Bacteriophages | Mycoviruses | Plant Viruses | Viral Infections","medium","Which of the following statements is/are correct? Viruses can infect - 1. Bacteria 2. Fungi 3. Plants","1 and 2 only","3 only","1 and 3 only","1, 2 and 3","D","**Statement 1 is correct:** Viruses that infect bacteria are known as bacteriophages or phages. These viruses use bacterial cells as hosts to replicate and propagate. **Statement 2 is correct:** Certain viruses, called mycoviruses, can infect and replicate within fungal cells, using them as hosts. **Statement 3 is correct:** Viruses that infect plants are known as plant viruses. They can hijack the cellular machinery of plant cells to replicate and spread within the plant. Hence, option D is the correct answer."
"5b9ace49-4a14-455e-b5ad-081de14e091e","2016","GS","Science & Technology","Space Technology","Astrosat | Indian Space Research Organisation (ISRO) | Space Observatories | Astronomy | Satellite Orbits","hard","With reference to ‘Astrosat’, the astronomical observatory launched by India, which of the following statements is/are correct? 1. Other than the USA and Russia, India is the only country to have launched a similar observatory into space. 2. Astrosat is a 2000 kg satellite placed in an orbit at 1650 km above the surface of the Earth.","1 only","2 Only","Both 1 and 2","Neither 1 nor 2","D","**Statement 1 is incorrect:** AstroSat is India's first dedicated multi-wavelength space observatory aimed at studying celestial sources in X-ray, optical and UV spectral bands simultaneously. India is the 5th country to join the space observatory elite list after the USA, Russia, Japan, and Europe. **Statement 2 is incorrect:** AstroSat with a lift-off mass of about 1513 kg was launched into a 650 km orbit inclined at an angle of 6 degrees to the equator by PSLV-C30. Therefore, option D is the correct answer."
"fd2675a6-7d7c-41f6-aad5-623303c82475","2016","GS","Science & Technology","Energy and Clean Technology","Nuclear Fusion | ITER (International Thermonuclear Experimental Reactor) | Power Generation | Science and Technology | International Collaboration","easy","India is an important member of the ‘International Thermonuclear Experimental Reactor’. If this experiment succeeds, what is the immediate advantage for India?","It can use thorium in place of uranium for power generation","It can attain a global role in satellite navigation","It can drastically improve the efficiency of its fission reactors in power generation","It can build fusion reactors for power generation","D","India is a key participant in the International Thermonuclear Experimental Reactor (ITER), a global nuclear fusion research and engineering megaproject. ITER is set to become the world's largest magnetic confinement plasma physics experiment, aiming to demonstrate the feasibility of fusion as a large-scale, sustainable energy source. ![Nuclear Fusion](https://d39jluplm5thpx.cloudfront.net//Nuclear_Fusion_dd7e7926c9.jpg) India's involvement in ITER provides technological expertise, research collaboration, and industrial capabilities, which can significantly contribute to its future efforts in developing nuclear fusion reactors for commercial power generation. By participating in this international project, India gains access to cutting-edge advancements in fusion technology, potentially paving the way for its own fusion-based energy infrastructure. Hence, the correct answer is option D."
"05fc830a-aa56-4b40-ba2b-309847075dfa","2016","GS","Science & Technology","Emerging Technologies","Cryptocurrency | Bitcoin | Blockchain Technology | Decentralized Finance | Digital Currency","hard","With reference to ‘Bitcoins’ sometimes seen in the news, which of the following statements is/are correct? 1. Bitcoins are tracked by the Central Banks of the countries. 2. Anyone with a Bitcoin address can send and receive Bitcoins from anyone else with a Bitcoin address. 3. Online payments can be sent without either side knowing the identity of the other. Select the correct answer using the code given below.","1 and 2 only","2 and 3 only","3 only","1, 2 and 3","B","**Statement 1 is incorrect:** Bitcoins are not tracked by central banks in the same way as traditional fiat currencies. Instead of a centralized tracking system, Bitcoin transactions are recorded on a decentralized public ledger called the blockchain. However, this ledger does not inherently link transactions to individual users, as Bitcoin addresses function pseudonymously rather than being tied directly to identities. **Statement 2 is correct:** Anyone with a Bitcoin address can send and receive Bitcoins from another Bitcoin address. These addresses function similarly to account numbers but do not necessarily require identity verification, making transactions more accessible and less dependent on traditional banking systems. **Statement 3 is correct:** Bitcoin enables online payments with a degree of anonymity. While all transactions are permanently recorded on the blockchain, the identities of the sender and receiver are not explicitly revealed, only their Bitcoin addresses appear. However, absolute anonymity is not guaranteed, as advanced blockchain analysis can sometimes trace transactions back to individuals. Hence the correct answer is option B. 2 and 3 only."
"e71cfbcb-2434-4a74-b516-2fadcf884862","2016","GS","Science & Technology","Emerging Technologies","LiFi | Wireless Communication | Data Transmission | Light Fidelity | High-Speed Internet","medium","With reference to ‘LiFi’, recently in the news, which of the following statements is/are correct? 1. It uses light as the medium for high-speed data transmission. 2. It is a wireless technology and is many times faster than ‘WiFi’.","1 only","2 only","Both 1 and 2","Neither 1 nor 2","C","![Li-fi](https://d39jluplm5thpx.cloudfront.net//LI_FI_9e9303a2a6.png) **Statement 1 is correct:** Li-Fi (Light Fidelity) utilizes light waves for data transmission. It uses rapid flickering of light, invisible to the human eye, to carry information. **Statement 2 is correct:** Li-Fi is a wireless technology and has the potential to be significantly faster than Wi-Fi. While actual speeds depend on various factors, Li-Fi boasts theoretical speeds exceeding 100 Gbps compared to the current Wi-Fi standards offering up to 11 Gbps. Hence, option C is the correct answer."
"1bd43196-aa40-4732-9b63-9eb1bd873ce9","2016","GS","Science & Technology","Biotechnology","Neem-coated Urea | Urea Fertilizer | Nitrogen Fixation | Soil Nutrient Management | Sustainable Agriculture","medium","Why does the Government of India promote the use of ‘Neem-coated Urea’ in agriculture?","Release of Neem oil in the soil increases nitrogen fixation by the soil microorganisms","Neem coating slows down the rate of dissolution of urea in the soil","Nitrous oxide, which is a greenhouse gas, is not at all released into the atmosphere by crop fields","It is a combination of a weedicide and a fertilizer for particular crops","B","Neem-coated Urea dissolves more slowly compared to normal Urea, which helps prevent leaching and ensures a gradual release of nitrogen into the soil. Neem has inhibitory properties that reduce nitrogen loss at multiple stages, including volatilization and denitrification. By slowing down the conversion of Urea into nitrate, it minimizes excess nitrate accumulation, reducing denitrification losses and improving nitrogen use efficiency in crops. To curb misuse and diversion of highly subsidized Urea to the chemical industry, the Government of India made it mandatory for all Urea manufacturers to Neem-coat 100% of their production. This move not only ensures that Urea is used exclusively for agriculture but also enhances soil fertility and crop productivity by improving nitrogen retention."
"1f5e0535-f681-48d7-b482-ba47e134bd6f","2016","GS","Science & Technology","Biotechnology","Banana Species | Botanical Survey of India (BSI) | Andaman Islands | Plant Taxonomy | Biodiversity","medium","Recently, our scientists have discovered a new and distinct species of banana plant which attains a height of about 11 metres and has orange-coloured fruit pulp. In which part of India has it been discovered?","Andaman Islands","Annamalai Forests","Maikala Hills","Tropical rain forest of northeast","A","Scientists from the Botanical Survey of India (BSI) have discovered a new species of banana, Musa indandamanensis, in the remote tropical rainforests of Little Andaman Island. This remarkable species stands out for its exceptional height, reaching up to 11 meters, nearly three times taller than common banana plants. Located 16 km inside the Krishna Nalah forest, this species is globally distinct due to its unique green flowers, an unusually large fruit bunch axis (lux) thrice the size of regular banana species, and cylindrical-shaped flowers instead of the typical conical form. Additionally, the fruit pulp is orange, differing from the usual white or yellow found in common bananas. This discovery adds significant value to botanical research and biodiversity conservation, highlighting the unique flora of the Andaman Islands."
"c4f89099-2cc5-4817-94fa-c775c1468f4d","2016","GS","Science & Technology","Emerging Technologies","Internet Connectivity | Wireless Communication | High-Altitude Balloons | Project Loon | Google","easy","‘Project Loon’, sometimes seen in the news, is related to -","Waste management technology","Wireless communication technology","Solar power production technology","Water conservation technology","B","Project Loon was an ambitious initiative by Loon LLC, a subsidiary of Alphabet Inc. (Google's parent company), aimed at providing internet connectivity to remote and underserved regions worldwide. The project deployed high-altitude balloons in the stratosphere, equipped with networking technology to create an aerial wireless network, functioning like floating cell towers. These balloons were designed to deliver internet access in disaster-hit areas and regions with poor infrastructure. However, despite its technological success, Project Loon was discontinued in January 2021 due to difficulties in achieving commercial sustainability. Hence, the correct answer is option B."
"27a1f740-4e40-4533-925a-70f9d02ee624","2016","GS","Science & Technology","Information and Communication Technology | Science and Technology Policy, IPR, and Achievements | Emerging Technologies","Digital India Programme | e-governance | Digital Locker | Cloud Storage | Government Initiatives","easy","Regarding ‘DigiLocker’, sometimes seen in the news, which of the following statements is/are correct? 1. It is a digital locker system offered by the Government under Digital India Programme. 2. It allows you to access your e-documents irrespective of your physical location. Select the correct answer using the code given below","1 only","2 Only","Both 1 and 2","Neither 1 nor 2","C","**Statement 1 is correct:** DigiLocker is a cloud-based digital locker system launched by the Government of India under the Digital India Programme. Its primary objective is to reduce reliance on physical documents by providing secure digital storage and access to e-documents issued by government departments, educational institutions, and other entities. **Statement 2 is correct:** DigiLocker enables users to access their electronic documents (e-documents) anytime, anywhere, provided they have an internet connection. This enhances convenience, eliminates the need to carry physical documents, and ensures secure and verifiable digital storage. Therefore, both statements are correct."
"33bf9bcf-4313-4318-9323-d952b92a4570","2016","GS","Science & Technology","Space Technology","ISRO | Mars Orbiter Mission (MOM) | Mangalyaan | Space Exploration | India's Space Program","medium","Consider the following statements regarding: The Mangalyaan launched by ISRO 1. is also called the Mars Orbiter Mission 2. made India the second country to have a spacecraft orbit the Mars after USA 3. made India the only country to be successful in making its spacecraft orbit the Mars in its very first attempt Which of the statements given above is/are correct?","1 only","2 and 3 only","1 and 3 only","1, 2 and 3","C","**Statement 1 is correct:** Mangalyaan is also called the Mars Orbiter Mission (MOM). This was its official designation. **Statement 2 is incorrect:** India was not the second country to orbit Mars. Several countries had successfully sent spacecraft to Mars before Mangalyaan, including the USA, Russia, and the European Space Agency (ESA). **Statement 3 is correct:** India was indeed the only country at that time to succeed in placing a spacecraft into Martian orbit on its very first attempt. This was a significant achievement for ISRO. Hence, option C is the correct answer."
"744cb863-5498-40fa-9c46-32c9050dffcd","2016","GS","Science & Technology","Biotechnology | Life Sciences","Bioinformatics | Transcriptome | mRNA | Gene Expression | Molecular Biology","hard","In the context of the developments in bioinformatics, the term ‘transcriptome’, sometimes seen in the news, refers to -","a range of enzymes used in genome editing","the full range of mRNA molecules expressed by an organism","the description of the mechanism of gene expression","a mechanism of genetic mutation taking place in cells","B","The transcriptome refers to the complete set of RNA molecules present in a single cell or a population of cells at a given time. It can include all types of RNA or be limited to messenger RNA (mRNA), depending on the experiment's focus. ![Transcriptome](https://d39jluplm5thpx.cloudfront.net//Transcriptome_5f429c2162.jpg) Unlike the exome, which represents only the protein-coding regions of DNA, the transcriptome captures the actively expressed genes by identifying RNA molecules and their relative abundance. This provides crucial insights into gene expression patterns, cellular functions, and responses to environmental changes."
"b5a7e3e8-dee8-4868-ac85-2373aed15fb1","2016","GS","Social Issues & Schemes","Human Development","SWAYAM | Study Webs of Active Learning for Young Aspiring Minds | Online Education | MOOCs | Government of India Schemes","medium","‘SWAYAM’, an initiative of the Government of India, aims at","Promoting Self Help Groups in rural areas","Providing financial and technical assistance to young start-up entrepreneurs","Promoting the education and health of adolescent girls","Providing affordable and quality education to the citizens for free","D","SWAYAM (Study Webs of Active-Learning for Young Aspiring Minds) is a programme initiated by the Government of India (Ministry of Education) designed to achieve the three cardinal principles of Education Policy: **Access, Equity, and Quality**. **Key Features of SWAYAM:** 1. **Objective:** To bridge the digital divide for students who have remained untouched by the digital revolution and have not been able to join the mainstream of the knowledge economy. 2. **Content:** It provides an integrated platform for online courses (MOOCs), covering school (9th class) to Post-Graduation level. These courses are developed by experts from premier institutions like IITs, IIMs, and Central Universities. 3. **Cost:** The courses hosted on SWAYAM are available **free of cost** to the citizens. However, a nominal fee is charged if a learner requires a certificate. 4. **Quadrants:** The platform offers a four-quadrant approach: video lectures, specially prepared reading material that can be downloaded/printed, self-assessment tests, and an online discussion forum for clearing doubts."
"e8b0d7c3-d008-488a-a802-a59b2414ff56","2016","GS","Social Issues & Schemes","Health and Welfare","Mission Indradhanush | Immunization Programs | Child Health | Public Health Schemes | Government of India Initiatives","easy","‘Mission Indradhanush’ launched by the Government of India pertains to -","Immunization of children and pregnant women","Construction of smart cities across the country","India’s own search for Earth-like planets in outer space","New Educational policy","A","Mission Indradhanush was launched by the Ministry of Health and Family Welfare (MoHFW), Government of India, in December 2014. **Key Features of Mission Indradhanush:** * **Objective:** To achieve full immunization coverage for all children up to two years of age and pregnant women. * **Disease Coverage:** It provides life-saving vaccines against several diseases, including Diphtheria, Whooping Cough, Tetanus, Polio, Tuberculosis, Measles, Meningitis, and Hepatitis B. * **Intensified Mission Indradhanush (IMI):** Subsequent phases like IMI 2.0, 3.0, 4.0, and 5.0 were launched to further reach unvaccinated or partially vaccinated children in remote and high-priority districts. **Note:** Do not confuse this with the 'Indradhanush Plan' for Public Sector Banks (PSBs), which is a separate framework for banking reforms. Hence, option A is the correct answer."
"9da4be2b-1813-48df-b1c4-09d36ed94a83","2016","GS","Social Issues & Schemes","Related to Vulnerable Sections","Rashtriya Garima Abhiyaan | Manual Scavenging | Social Justice and Empowerment | Rehabilitation Schemes | Government Schemes for Social Welfare","medium","‘Rashtriya Garima Abhiyaan’ is a national campaign to -","rehabilitate the homeless and destitute persons and provide them with suitable sources of livelihood","release the sex workers from the practice and provide them with alternative sources of livelihood","eradicate the practice of manual scavenging and rehabilitate the manual scavenger","release the bonded labourers from their bondage and rehabilitate them","C","Rashtriya Garima Abhiyaan (National Campaign for Dignity and Eradication of Manual Scavenging) is a community-led national movement started in 2001 by the NGO Jan Sahas Social Development Society and other civil society organizations. Its primary objective is to eradicate the practice of manual scavenging and ensure the rehabilitation of manual scavengers through alternative livelihoods and social dignity. The campaign gained significant national attention through the 'Maila Mukti Yatra' (March for Liberation from Manual Scavenging), which mobilized thousands of women to leave the practice and demand their rights. While the Ministry of Social Justice and Empowerment implements government schemes like the 'Self Employment Scheme for Rehabilitation of Manual Scavengers' (SRMS), the specific 'Rashtriya Garima Abhiyaan' is a grassroots civil society initiative."
"96da601a-d1bf-4520-bc9d-1e8c654c3c04","2016","GS","Social Issues & Schemes","Industry and Energy","District Mineral Foundations (DMFs) | Mines and Minerals (Development and Regulation) Amendment Act, 2015 | Mining Impact Mitigation | Social Welfare Schemes | Mineral Resources Management","medium","What is/are the purpose of ‘District Mineral Foundations” in India? 1. Promoting mineral explorative activities in mineral-rich districts 2. Protecting the interests of the persons affected by mining operations 3. Authorizing State Governments to issue licenses for mineral exploration Select the correct answer using the code given below:","1 and 2 only","2 only","1 and 3 only","1, 2 and 3","B","District Mineral Foundations (DMFs) were established in India under the Mines and Minerals (Development and Regulation) Amendment Act, 2015. **Statement 1 is Incorrect:** Promoting mineral exploration activities in mineral-rich districts is not a stated objective of DMFs. **Statement 2 is Correct:** The primary purpose of DMFs is to work for the welfare and benefit of areas and individuals affected by mining-related operations. This includes protecting the interests of the persons affected by mining operations. **Statement 3 is Incorrect:** However, DMFs do not have the authority to issue licenses for mineral exploration, as this is the responsibility of the State Governments. Their focus is more on the welfare of the affected persons and areas. Hence, option B is the correct answer."
"d5c16ad3-1f24-4219-a9a1-ede41a3fb3cf","2016","GS","Social Issues & Schemes","Economy and Finance","Atal Pension Yojana | Social Security Schemes | Pension Schemes | Unorganized Sector | Retirement Planning","medium","Regarding ‘Atal Pension Yojana’, which of the following statements is/are correct? 1. It is a minimum guaranteed pension scheme mainly targeted at unorganized sector workers 2. Only one member of a family can join the scheme 3. Some amount of pension is guaranteed for the spouse for life after the subscriber’s death. Select the correct answer using the code given below:","1 only","2 and 3 only","1 and 3 only","1, 2 and 3","C","**Statement 1 is Correct:** Atal Pension Yojana is a minimum guaranteed pension scheme primarily targeted at unorganized sector workers in India. It encourages saving for retirement through regular contributions during their working years. **Statement 2 is Incorrect:** There is no restriction on the number of family members who can join the Atal Pension Yojana scheme. As long as they meet the eligibility criteria (age 18-40 and savings bank account), multiple members within a family can enroll. **Statement 3 is Correct:** Atal Pension Yojana provides a pension benefit for the spouse after the subscriber's death. The spouse becomes the nominee and receives a pension, though the specific amount might differ depending on the chosen pension plan by the subscriber. Hence, option C is the correct answer."
"9a755c78-accf-4213-9873-3a61a04f6b5a","2016","GS","Social Issues & Schemes","Agriculture and Allied Sector","Millets | Nutritional Security | Agriculture Schemes | Government Initiatives | Small and Marginal Farmers","hard","With reference to ‘Initiative for Nutritional Security through Intensive Millets Promotion’, which of the following statements is/are correct? 1. This initiative aims to demonstrate the improved production and post-harvest technologies and to demonstrate value addition techniques, in an integrated manner, with a cluster approach. 2. Poor, small, marginal and tribal farmers have a larger stake in this scheme. 3. An important objective of the scheme is to encourage farmers of commercial crops to shift to millet cultivation by offering them free kits of critical inputs of nutrients and micro-irrigation equipment. Select the correct answer using the code given below.","1 only","2 and 3 only","1 and 2 only","1, 2 and 3","C","**Statement 1 is Correct:** Launched in 2011-12 as part of the Rashtriya Krishi Vikas Yojana (RKVY), the Initiative for Nutritional Security through Intensive Millets Promotion (INSIMP) was designed to demonstrate improved production and post-harvest technologies, including value addition, using a cluster-based approach to enhance millet productivity. **Statement 2 is Correct:** Millets are traditionally grown in rainfed and arid regions with poor soil quality. The primary cultivators in these regions are small, marginal, and tribal farmers who lack access to expensive irrigation; therefore, the scheme specifically targets these vulnerable groups as they have the largest stake in millet production. **Statement 3 is Incorrect:** The scheme provides 'Minikits' and input kits (nutrients and plant protection) to farmers within identified millet clusters to improve existing yields. It does not include a mandate or specific incentives to encourage farmers of commercial crops to shift to millet cultivation."
"3af70a02-4a4c-4214-83f7-e9485aa7f130","2016","GS","Social Issues & Schemes","Economy and Finance","Pradhan Mantri MUDRA Yojana (PMMY) | Micro and Small Enterprises (MSEs) | Financial Inclusion | Non-Farm Sector | Credit Access","easy","Pradhan Mantri MUDRA Yojana is aimed at -","Bringing the small entrepreneurs into the formal financial system","Providing loans to poor farmers for cultivating particular crops","Providing pensions to old and destitute persons","Funding the voluntary organization involved in the promotion of skill development and employment generation","A","Pradhan Mantri MUDRA Yojana (PMMY) is aimed at providing affordable credit to micro and small enterprises (MSEs) in the non-farm sector. Here's a breakdown of its key objectives - **Financial Inclusion:** MUDRA helps bring unbanked or underserved entrepreneurs into the formal financial system, enabling them to access loans from banks and other financial institutions. - **Loan Products:** The scheme offers a range of loan products categorized under three categories based on loan amount Shishu (up to Rs. 50,000), Kishore (above Rs. 50,000 up to Rs. 5 lakh), and Tarun (above Rs. 5 lakh up to Rs. 10 lakh). - **Focus on Non-Farm Sector:** MUDRA loans cater to income-generating micro enterprises engaged in manufacturing, trading, or service activities. - Activities allied to agriculture, like poultry, dairy, and beekeeping, are also included. Hence, option A is the correct answer."
"b15875ac-8536-4dd8-b3c1-015898472e94","2016","GS","Social Issues & Schemes","Economy and Finance","Stand Up India Scheme | Entrepreneurship | SC/ST Entrepreneurs | Women Entrepreneurs | SIDBI (Small Industries Development Bank of India)","medium","With reference to ‘Stand Up India Scheme’, which of the following statements is/are correct? 1. Its purpose is to promote entrepreneurship among SC/ST and women entrepreneurs. 2. It provides for refinancing through SIDBI. Select the correct answer using the code given below.","1 only","2 only","Both 1 and 2","Neither 1 nor 2","C","**Statement 1 is Correct:** The Stand-up India scheme aims at promoting entrepreneurship among women and scheduled castes and tribes. **Statement 2 is Correct:** The scheme is anchored by the Department of Financial Services (DFS), Ministry of Finance, Government of India. - The scheme provides for a refinance window through Small Industries Development Bank of India (SIDBI) with an initial amount of Rs, 10,000 Crore. - Stand-Up India Scheme facilitates bank loans between Rs 10 lakh and Rs 1 Crore to at least one Scheduled Caste (SC) or Scheduled Tribe (ST) borrower and at least one woman borrower per bank branch for setting up a greenfield enterprise. - This enterprise may be in manufacturing, services or the trading sector. - In the case of non-individual enterprises, at least 51% of the shareholding and controlling stake should be held by either an SC/ST or woman entrepreneur. Hence, option C is the correct answer."
"962f0611-838b-4efa-a813-4fc822cce1d7","2016","GS","Social Issues & Schemes","Related to Human Development and Dignity","Global Hunger Index | IFPRI | International Food Policy Research Institute | Undernourishment | Child Stunting | Child Mortality | Child Wasting","medium","Which of the following is/are the indicator/indicators used by IFPRI to compute the Global Hunger Index Report? 1. Undernourishment 2. Child stunting 3. Child mortality Select the correct answer using the code given below:","1 only","2 and 3 only","1, 2 and 3","1 and 3 only","C","All three indicators (1, 2, and 3) are used by IFPRI (International Food Policy Research Institute) to compute the Global Hunger Index Report. The Global Hunger Index (GHI) is a tool designed to comprehensively measure and track hunger at global, regional, and national levels. It's a peer-reviewed annual report, now jointly published by Concern Worldwide and Welthungerhilfe. Purpose: To assess hunger severity and track progress towards ending hunger. Each country's GHI score is calculated based on a formula that combines four indicators that together capture the multidimensional nature of hunger - **Undernourishment** - The share of the population whose caloric intake is insufficient; - **Child Stunting** - The share of children under the age of five who have low height for their age, reflecting chronic undernutrition; - **Child Wasting** - The share of children under the age of five who have low weight for their height, reflecting acute undernutrition; and - **Child Mortality** - The share of children who die before their fifth birthday, reflecting in part the fatal mix of inadequate nutrition and unhealthy environments. ![Global Hunger Index](https://d39jluplm5thpx.cloudfront.net//GHI_b129c7d7d9.jpg) Hence, option C is the correct answer."
"dc88c462-8e43-4f6e-8ab2-791e0b213787","2016","GS","Social Issues & Schemes","Agriculture and Allied Sector","Pradhan Mantri Fasal Bima Yojana (PMFBY) | Crop Insurance Schemes | Agricultural Insurance | Government Schemes | Social Welfare Schemes","medium","With reference to ‘Pradhan Mantri Fasal Bima Yojana’, consider the following statements: 1. Under this scheme, farmers will have to pay a uniform premium of two per cent for any crop they cultivate in any season of the year. 2. This scheme covers post-harvest losses arising out of cyclones and unseasonal rains. Which of the statements given above is/are correct?","1 only","2 only","Both 1 and 2","Neither 1 nor 2","B","The Pradhan Mantri Fasal Bima Yojana (PMFBY) is a government-sponsored crop insurance scheme. **Statement 1 is Incorrect:** Under this scheme, farmers have to pay a uniform premium of 2% for all Kharif crops, 1.5% for all Rabi crops, and 5% for commercial/horticultural crops. The premium rate is not uniform for all crops in all seasons. ![PM Fasal Bima Yojana](https://d39jluplm5thpx.cloudfront.net//fasal_bima_yajana_295fecdcf7.png) **Statement 2 is Correct:** The scheme does cover post-harvest losses arising out of cyclones and unseasonal rains. Hence, option B is the correct answer."