ID,Year,Paper,Subject,Topics,Tags,Difficulty,Question,Option_A,Option_B,Option_C,Option_D,Correct_Answer,Explanation
"cece1f72-f213-4136-9541-f14d06261b5f","2023","GS","Ancient History","Early Cholas | Pandyas | Satavahana Era | Mauryan Empire","Ancient South India | Sangam Period | Port Cities | Trade and Commerce | Maritime History","easy","With reference to ancient South India, Korkai, Poompuhar and Muchiri were well known as","capital cities","ports","centres of iron-and-steel making","shrines of Jain tirthankaras","B","Korkai, Poompuhar, and Muchiri were prominent ancient port cities in South India during the Sangam period (c. 3rd century BCE to 3rd century CE). They played a vital role in maritime trade between India and the Roman Empire, as well as Southeast Asia. * **Korkai:** Located at the mouth of the Thamirabarani River in present-day Tamil Nadu, it was an important port of the **Pandya dynasty**. It was particularly famous for its **pearl fishery**. * **Poompuhar (also known as Kaveripattinam):** Situated at the mouth of the Kaveri River, it was the chief port of the **Early Cholas**. It is vividly described in Sangam literature (like *Silappadikaram*) as a bustling hub of international trade. * **Muchiri (Muziris):** Located on the Malabar Coast (modern-day Kerala), it was a major port of the **Chera dynasty**. It was the primary center for the **pepper trade** with the Roman Empire. **Note:** In Sangam literature, the term 'Puhar' specifically refers to a river mouth or a harbor town where goods were discharged."
"ba29424d-a284-4802-aafa-286da80f6e1f","2023","GS","Art & Culture","Religions in India","Jainism | Anekavada | Ahimsa | Ancient Indian Religions | Religious Beliefs","easy","""Souls are not only the property of animal and plant life, but also of rocks, running water and many other natural objects not looked on as living by other religious sects."" The above statement reflects one of the core beliefs of which one of the following religious sects of ancient India?","Buddhism","Jainism","Shaivism","Vaishnavism","B","The statement reflects the fundamental Jain doctrine that the entire cosmos is alive. According to Jain philosophy, souls (**Jivas**) are not restricted to humans, animals, and plants but are also present in elements like rocks (earth), running water, air, and fire. These are categorized as **Sthavara Jivas** (immobile living beings) or **Ekendriya** (one-sensed beings). This ontological belief is the foundation for the rigorous practice of **Ahimsa** (non-violence) in Jainism, as harming any natural element is considered harming a living soul. Note that **Anekantavada** refers to the doctrine of non-absolutism or the many-sidedness of truth, which is an epistemological concept distinct from the belief in the omnipresence of souls."
"c7d03c12-edad-40ee-9d1b-a1e521f8852d","2023","GS","Art & Culture","Art and Architecture","Ancient Indian Architecture | Buddhist Art and Architecture | Stupa | Relics in Buddhism | Votive and Commemorative Structures","medium","With reference to ancient India, consider the following statements: 1. The concept of Stupa is Buddhist in origin. 2. Stupa was generally a repository of relics. 3. Stupa was a votive and commemorative structure in Buddhist tradition. How many of the statements given above are correct?","Only one","Only two","All three","None","B","**Statement 1 is incorrect**: The concept of a stupa **predates Buddhism**; it originally served as a pre-Buddhist burial mound. However, it was later adopted and popularized by Buddhism as a key religious monument. **Statement 2 is correct**: A stupa typically housed relics of the Buddha or revered monks, serving as a sacred repository. **Statement 3 is correct**: Stupas also functioned as votive and commemorative structures, built to honor significant events or express devotion."
"caebd399-85eb-4d6d-bf7a-12a3244ef99a","2023","GS","Art & Culture","Religions in India","Ancient India | Buddhism | Buddhist Schools | Mahasanghika | Geography of Ancient India","medium","In which one of the following regions was Dhanyakataka, which flourished as a prominent Buddhist centre under the Mahasanghikas, located?","Andhra","Gandhara","Kalinga","Magadha","A","* **Dhanyakataka** was an ancient city situated in the region of South India (Andhra Pradesh). * It was a significant Buddhist centre, particularly associated with the Mahasanghika sect of Buddhism during ancient times. * The Mahasanghika sect (**considered to be the origin of Mahayana Sect**) was one of the early Buddhist schools that emerged in India, and Dhanyakataka played a crucial role in its development and propagation."
"1005785f-4c0c-48d3-91ce-00ed917e0198","2023","GS","Art & Culture","Other Aspects of Indian Culture","Sports Awards | Major Dhyan Chand Khel Ratna Award | Arjuna Award | Dronacharya Award | Rashtriya Khel Protsahan Puraskar | Indian Sports Honors","hard","Consider the following pairs with regard to sports awards: 1. Major Dhyan Chand Khel Ratna Award : For the most Spectacular and outstanding performance by a sportsperson over period of last four years 2. Arujna Award : For the lifetime achievement by a sportsperson 3. Dronacharya Award: To honour eminent coaches who have successfully trained sportspersons or teams 4. Rashtriya Khel Protsahan Puraskar : To recognize the contribution made by sportspersons even after their retirement How many of the above pairs are correctly matched?","Only one","Only two","Only three","All four","B","**National Sports Awards** are given every year to recognize and reward excellence in sports. * **Pair 1 is correctly matched**: **Major Dhyan Chand Khel Ratna Award** is given for the spectacular and most outstanding performance over the previous four years. * **Pair 2 is not correctly matched**: **Arjuna Award** for outstanding performance in Sports and Games is given for good performance over the previous four years and showing qualities of leadership, sportsmanship and a sense of discipline. * **Pair 3 is correctly matched**: **Dronacharya Award** is given to coaches for doing outstanding and meritorious work consistently and enabling sportspersons to excel in International events. * **Dhyan Chand Award for Lifetime Achievement in Sports and Games** is given to honour sportspersons who have contributed to sports through their performance and continue to contribute to the promotion of sports events after their retirement. * **Pair 4 is not correctly matched**: **Rashtriya Khel Protsahan Puruskar** is given to corporate entities (both in the private and public sector), sports control boards, and NGOs including sports bodies at the state and national level who have played a visible role in the area of sports promotion and development."
"125f29a9-1606-4a43-bb89-a5de318df415","2023","GS","Art & Culture","Indian Literature","Sangam Literature | Ancient Tamil Society | Warrior Culture | Ritual Suicide | Vattakirutal","hard","Which one of the following explains the practice of 'Vattakirutal' as mentioned in Sangam poems?","Kings employing women bodyguards","Learned persons assembling in royal courts to discuss religious and philosophical matters","Young girls keeping watch over agricultural fields and driving away birds and animals","A king defeated in a battle committing ritual suicide by starving himself to death","D","* 'Vattakirutal' as mentioned in Sangam poems is best explained by a king defeated in a battle who commits ritual suicide by starving himself to death. * Sangam poems reflect a strong warrior culture in ancient Tamil society. Kings and warriors were expected to display courage and honour. * Defeat in battle was considered a significant dishonour. Hence, Vattakirutal allowed a defeated king to avoid the humiliation of capture by the enemy. * This form of suicide through starving was a ritualistic act, demonstrating the king's commitment to his honour and his unwillingness to compromise his dignity."
"87c54955-b5e7-4ebe-b45e-3878226844a7","2023","GS","Art & Culture","Art and Architecture | Introduction","Ancient Indian Architecture | Rock-Cut Architecture | Buddhist Cave Shrines | Jain Cave Shrines | Historical Sites in India","medium","Consider the following pairs : Site : Well known for 1. Besnagar : Shaivite cave shrine 2. Bhaja : Buddhist cave shrine 3. Sittanavasal : Jain cave shrine How many of the above pairs are correctly matched?","Only one","Only two","All three","None","B","**Pair 1 is incorrectly matched**: **Besnagar (Bhilsa or Vidisha)** in Madhya Pradesh, is not particularly well-known for a Shaivite cave shrine. Archaeological excavations revealed remains of Buddhist, Jain, and Hindu temples, but the site is more famous for the Heliodorus Pillar, an ancient Garuda pillar dedicated to Lord Vishnu. **Pair 2 is correctly matched**: **Bhaja Caves (near Pune, Maharashtra)** are a group of 22 rock-cut caves built during the 2nd century BC and are well known for their Buddhist architecture and sculptures. **Pair 3 is correctly matched**: **Sittanavasal (Pudukottai district, Tamil Nadu)** is a village known for its Jain cave shrine, considered to be among the oldest Jain monuments in India."
"a56d3985-9d1f-43a7-be69-a6d3ca69e4d9","2023","GS","Art & Culture","Indian Literature","Ancient Indian Literature | Sanskrit Literature | Jain Literature | Buddhist Literature | UPSC Art and Culture","hard","With reference to ancient Indian History, consider the following pairs: Literary work: Author 1. Devichandragupta: Bilhana 2. Hammira-Mahakavya: Nayachandra Suri 3. Milinda-panha: Nagarjuna 4. Nitivakyamrita: Somadeva Suri How many of the above pairs are correctly matched?","Only one","Only two","Only three","All four","B","* **Statement 1 is incorrect:** Devichandraguptam is attributed to Vishakhadatta, a Sanskrit playwright. Bilhana was a poet who lived much later. * **Statement 2 is correct:** Hammira-Mahakavya was written by Nayachandra Suri, a Jain scholar and poet. * **Statement 3 is incorrect:** Milinda-Panha is a dialogue between Buddhist philosopher Nagasena and Indo-Greek King Milinda, focusing on Buddhist concepts like non-self (anatta) and nirvana. Nagasena belonged to the Hinayana tradition, while Nagarjuna, often confused with him, was a Mahayana scholar. For clarity in UPSC, refer to the Milinda-Panha philosopher as Nagasena. * **Statement 4 is correct:** Nitivakyamrita was written by Somadeva Suri. **Thus, statements 2 and 4 are correct.**"
"0a3ab45a-418d-49f8-a522-997e9389dcc6","2023","GS","Art & Culture","Other Aspects of Indian Culture","Chess Olympiad | Sports History | Chess Trophies | India Sports Events | International Sports Events","hard","Consider the following statements in respect of the 44th Chess Olympiad, 2022 : 1. It was the first time that Chess Olympiad was held in India. 2. The official mascot was named 'Thambi'. 3. The trophy for the winning team in the open section is the Vera Menchik Cup. 4. The trophy for the winning team in the women's section is the Hamilton-Russell Cup. How many of the statements given above are correct?","Only one","Only two","Only three","All four","B","**Statement 1 is correct:** It was India’s first time hosting the Chess Olympiad (held near Chennai/Mamallapuram, 28 July–9 August 2022). Supporting facts: first-ever Olympiad torch relay across multiple Indian cities; record participation with close to 190 teams in Open and over 160 in Women’s; as host, India fielded multiple teams in each section. **Statement 2 is correct:** The official mascot was ‘Thambi’ (Tamil for “younger brother”). Supporting facts: chosen to reflect Tamil Nadu’s culture and hospitality; widely used in event branding, promotions, and public outreach. **Statement 3 is not correct:** The Open section winners receive the Hamilton–Russell Cup, not the Vera Menchik Cup. Clarification: Hamilton–Russell Cup is the historic team trophy of the Open section (perpetual trophy retained by the winning federation until the next Olympiad). **Statement 4 is not correct:** The Women’s section winners receive the Vera Menchik Cup, not the Hamilton–Russell Cup. Clarification: the trophy honours Vera Menchik, the first Women’s World Chess Champion; awarded to the Women’s section winners."
"af4095ef-6182-4af5-b1f6-e5754c50d67c","2023","GS","Economy","Public Finance in India","Fifteenth Finance Commission | Horizontal Tax Devolution | Fiscal Federalism | Devolution Formula | Criteria for Devolution","easy","Consider the following: 1. Demographic performance 2. Forest and ecology 3. Governance reforms 4. Stable government 5. Tax and fiscal efforts For the horizontal tax devolution, the Fifteenth Finance Commission used how many of the above as criteria other than population, area and income distance?","Only two","Only three","Only four","All five","B","The Fifteenth Finance Commission (XVFC) recommended the following criteria and weights for horizontal tax devolution among states for the 2021-26 period: 1. **Income Distance (45%)**: The distance of a state’s income from the state with the highest income. 2. **Population (15%)**: Based on the 2011 Census data. 3. **Area (15%)**: To account for the higher cost of providing services in larger geographical areas. 4. **Forest and Ecology (10%)**: Calculated based on the share of the dense forest of each state in the total dense forest of all states. 5. **Demographic Performance (12.5%)**: This criterion was introduced to reward states that have made progress in lowering their fertility rates (using 1971 population data as a benchmark). 6. **Tax and Fiscal Efforts (2.5%)**: To reward states with higher tax collection efficiency. **Analysis of the given list:** - **Demographic performance**: Included (Criterion 5) - **Forest and ecology**: Included (Criterion 4) - **Tax and fiscal efforts**: Included (Criterion 6) - **Governance reforms**: Not included as a criterion for horizontal devolution. - **Stable government**: Not included as a criterion for horizontal devolution. Apart from population, area, and income distance, the Commission used **three** criteria from the list provided (Demographic performance, Forest and ecology, and Tax and fiscal efforts)."
"f19d8ea1-a3e1-4f10-afe9-3abc9bea3967","2023","GS","Economy","Agriculture and Allied Activities","Minimum Support Price (MSP) | Kharif Crops | Oilseeds | Agriculture in India | Tribal Communities","medium","Consider the following statements: 1. The Government of India provides Minimum Support Price for niger (Guizotia abyssinica) seeds. 2. Niger is cultivated as a Kharif crop. 3. Some tribal people in India use niger seed oil for cooking. How many of the above statements are correct?","Only one","Only two","All three","None","C","Statement 1 is correct: The Government of India announces Minimum Support Prices (MSP) for 22 mandated crops and Fair and Remunerative Price (FRP) for sugarcane. Niger seed is one of the 14 Kharif crops for which MSP is officially provided by the Commission for Agricultural Costs and Prices (CACP). Statement 2 is correct: Niger (Guizotia abyssinica) is an oilseed crop primarily grown during the Kharif season in India. It is a minor oilseed crop that can grow in poor soils and is often cultivated in hilly and tribal areas. Statement 3 is correct: Niger seed oil is traditionally used for cooking by various tribal communities, particularly in states like Odisha, Chhattisgarh, and Madhya Pradesh. Apart from cooking, the oil is also used for lighting, lubrication, and in the preparation of soaps and medicines."
"c51fd257-0b70-44e8-b64f-cb07307ab817","2023","GS","Economy","Industry and Manufacturing","MSME | Micro Small and Medium Enterprises Development (MSMED) Act, 2006 | Priority Sector Lending (PSL) | Investment in Plant and Machinery | MSME Classification","medium","Consider the following statements with reference to India: 1. According to the 'Micro Small and Medium enterprises Development (MSMED) Act, 2006, the 'medium enterprises' are those with investments in plant and machinery between Rs. 15 crore and Rs. 25 crore. 2. All bank loans to the Micro, Small and Medium Enterprises qualify under the Priority sector. Which of the statements given above is/are correct?","1 Only","2 Only","Both 1 and 2","Neither 1 nor 2","B","**Statement 1 is incorrect:** Following the Union Budget 2025-26 and the subsequent notification by the Ministry of MSME (effective April 1, 2025), the classification criteria were significantly revised to account for inflation and encourage scaling. A Medium enterprise is now defined as an unit where the investment in plant and machinery or equipment does not exceed ₹125 crore and the annual turnover does not exceed ₹500 crore. Even under the previous 2020 definition (which set the limit at ₹50 crore investment), the range of ₹15–25 crore mentioned in the statement does not align with the legal thresholds. **Statement 2 is correct:** Under the RBI Master Direction on Priority Sector Lending (PSL), all bank loans to Micro, Small, and Medium Enterprises are eligible for classification under the priority sector. While Micro enterprises have specific sub-targets within the PSL framework, credit extended to Medium enterprises counts toward a bank's overall Priority Sector achievement."
"20097596-2d4d-4337-ab7c-19548a355be3","2023","GS","Economy","Finance and Financial Markets","Intangible Assets | Investment | Financial Accounting | Business Management | Economics","medium","Consider the investments in the following assets: 1. Brand recognition 2. Inventory 3. Intellectual property 4. Mailing list of clients How many of the above are considered intangible investments?","Only one","Only two","Only three","All four","C","Out of the four listed assets, three are considered intangible investments * **Brand recognition (Intangible):** This is an intangible asset as it's not a physical good but represents the value associated with a brand's reputation and customer recognition. * **Intellectual property (Intangible):** This encompasses intangible assets like patents, copyrights, trademarks, and trade secrets. It represents intellectual creations that provide a competitive advantage. * **Mailing list of clients (Intangible):** This is a customer relationship asset that holds value because it allows you to connect with potential and existing customers. * **Inventory (Tangible):** Inventory refers to the stock of physical goods that a company holds for sale. It's a tangible asset with a physical form."
"3dd7d349-9734-445e-933a-c97dc54a4c7e","2023","GS","Economy","Infrastructure and Investment Models in India | Finance and Financial Markets","Infrastructure Investment Trusts (InvITs) | Taxation of InvITs | Securitization and Reconstruction of Financial Assets and Enforcement of Security Interest Act, 2002 (SARFAESI Act) | Financial Instruments | Indian Financial Market","medium","Consider the following statements: Statement-I: Interest income from the deposits in Infrastructure Investment Trusts (InvITs) distributed to their investors is exempted from tax, but the dividend is taxable. Statement-II: InvITs are recognized as borrowers under the 'Securitization and Reconstruction of Financial Assets and Enforcement of Security Interest Act, 2002'. Which one of the following is correct in respect of the above statements?","Both Statement-I and Statement-II are correct and Statement-II is the correct explanation for Statement-I","Both Statement-I and Statement-II are correct and Statement-II is not the correct explanation for Statement-I","Statement-I is correct but Statement-II is incorrect","Statement-I is incorrect but Statement-II is correct","D","* **Statement I is Incorrect :** Earlier, InvITs offered some tax benefits to investors. However, the budget in 2023 changed the taxation structure. Currently, all income distributed by InvITs, including interest income, dividend income, and rental income, is taxable in the hands of the unitholders according to their income tax slab. * **Statement II is Correct :** InvITs are indeed recognized as borrowers under the Securitization and Reconstruction of Financial Assets and Enforcement of Security Interest Act, 2002 (SARFAESI Act). This Act allows InvITs to access various financing options and enforce security interests in case of defaults."
"865d4061-8a11-4937-b743-e455dd62bdc1","2023","GS","Economy","Money, Banking and Monetary Policy","Monetary Policy | Central Banks | Interest Rates | Inflation | Post-Pandemic Economy","easy","Consider the following statements: Statement-I: In the post-pandemic recent past, many Central Banks worldwide had carried out interest rate hikes. Statement-II: Central Banks generally assume that they have the ability to counteract the rising consumer prices via monetary policy means. Which one of the following is correct in respect of the above statements?","Both Statement-I and Statement-II are correct and Statement-II is the correct explanation for Statement-I","Both Statement-I and Statement-II are correct and Statement-II is not the correct explanation for Statement-I","Statement-I is correct but Statement-II is incorrect","Statement-I is incorrect but Statement-II is correct","A","* **Statement-I is correct:** In the aftermath of the COVID-19 pandemic, global economies faced significant inflationary pressures due to supply chain disruptions and increased demand. To curb this inflation, many central banks, including the US Federal Reserve and the Reserve Bank of India, initiated a series of interest rate hikes to reduce liquidity in the market. * **Statement-II is correct:** A core principle of modern central banking is the belief that monetary policy tools—specifically adjusting interest rates—can influence economic activity and price levels. By raising rates, central banks aim to reduce spending and investment, thereby cooling down rising consumer prices. * **Relationship:** Statement-II explains the underlying logic behind the actions mentioned in Statement-I. Central banks carried out interest rate hikes *because* they operate under the assumption that such monetary policy measures are effective tools to counteract inflation. Thus, Statement-II is the correct explanation for Statement-I."
"af380777-1632-48ec-8037-d05da6c69224","2023","GS","Economy","Money, Banking and Monetary Policy","Central Bank Digital Currency (CBDC) | Digital Currency | Financial Inclusion | International Payments | Programmable Money","medium","With reference to Central Bank digital currencies, consider the following statements: 1. It is possible to make payments in a digital currency without using US dollar or SWIFT system. 2. A digital currency can be distributed with a condition programmed into it such as a time-frame for spending it. Which of the statements given above is/are correct?","1 Only","2 Only","Both 1 and 2","Neither 1 nor 2","C","**Statement 1 is Correct:** Central Bank Digital Currencies (CBDCs) allow for direct peer-to-peer cross-border transactions. By using a common platform or bilateral arrangements between central banks, payments can be settled directly without relying on the US dollar as a vehicle currency or the SWIFT (Society for Worldwide Interbank Financial Telecommunication) messaging system. **Statement 2 is Correct:** CBDCs are considered 'programmable money.' Central banks can embed smart contracts into the currency, allowing it to be distributed with specific conditions, such as an expiration date (time-frame) for spending or restricting its use to specific purposes like fuel or food subsidies."
"a5710732-4f80-4d8d-a866-9602fd3f083e","2023","GS","Economy","Infrastructure and Investment Models in India","Indian Ports | Major Ports of India | Port Management | Private Ports in India | Container Ports in India","medium","Consider the following pairs: Port : Well known as 1. Kamarajar Port : First major port in India registered as a company 2. Mundra Port : Largest privately owned port in India 3. Visakhapatnam : Largest container port in India How many of the above pairs are correctly matched?","Only one pair","Only two pairs","All three pairs","None of the pairs","B","* **Pair 1 is correct:** Kamarajar Port, located on the Coromandel Coast about 24 km north of Chennai Port, Chennai, is the 12th major port of India, and the first port in India which is a public company. The Kamarajar Port is the only corporatized major port and is registered as a company. Today, the landlord port is the dominant port model in larger and medium-sized ports. * **Pair 2 is correct:** Mundra Port is the largest private port in India. The port of Mundra is located on the north shores of the Gulf of Kutch near Mundra, Kutch district, in the state of Gujarat. Mundra is a major hub for containers and bulk cargo. It is run by Adani Ports and SEZ Limited (APSEZ) and began operations in 2001. Mundra Airport is undergoing major developments to convert it into an international airport for air cargo. * **Pair 3 is incorrect:** Jawaharlal Nehru Port Trust Nhava Sheva (JNPT) is the largest container port in India and one of the most essential subcontinent harbours on the Western coast. ![ports](https://d39jluplm5thpx.cloudfront.net//Major_ports_of_India_bea4c0e1ca.png)"
"b5a3cb2b-c23f-4680-8dd8-083692c57728","2023","GS","Economy","Finance and Financial Markets","Capital Markets | Money Markets | Government Bonds | Treasury Bills | Stock Market","easy","Consider the following markets: 1. Government Bond Market 2. Call Money Market 3. Treasury Bill Market 4. Stock Market How many of the above are included in capital markets?","Only one","Only two","Only three","All four","B","Capital markets are financial markets where long-term securities, such as stocks and bonds, are traded. They provide a platform for raising capital for businesses and governments. On the other hand, Money markets are financial markets where short-term securities such as T-Bill, C-Paper, Cash Management Bills, Ways and Means advances, etc are traded. * **Statement 1 is correct-** Government bonds are long-term debt securities issued by governments to finance their activities. The government bond market is a part of the capital market as it involves the trading of long-term debt securities. * **Statement 2 is incorrect-** The call money market is a short-term market where funds are borrowed and lent for very short durations, usually overnight. It deals with short-term funds, and its transactions are not classified as part of the capital market. * **Statement 3 is incorrect-** Treasury bills are short-term debt instruments issued by governments to finance their short-term cash flow requirements. The treasury bill market, similar to the call money market, deals with short-term instruments and is not considered part of the capital market. * **Statement 4 is correct**\- The stock market, also known as the equity market or share market, is where shares or stocks of publicly listed companies are bought and sold. The stock market is a part of the capital market as it involves the trading of ownership interests (equity securities) in companies."
"cd84f3d6-7352-4768-b660-38a88651bb63","2023","GS","Economy","Trade and External Sector","International Trade | Gold Market | Gold Reserves | Switzerland Economy | Global Commodity Trade","medium","Consider the following Statements : Statement-I: Switzerland is one of the leading exporters of gold in terms of value. Statement-II: Switzerland has the second largest gold reserves in the world. Which one of the following is correct in respect of the above statements?","Both Statement-I and Statement-II are correct and Statement-II is the correct explanation for Statement-I","Both Statement-I and Statement-II are correct and Statement-II is not the correct explanation for Statement-I","Statement-I is correct but Statement-II is incorrect","Statement-I is incorrect but Statement-II is correct","C","* **Statement I is correct** In 2021, Switzerland exported $86.7B in Gold, making it the 1st largest exporter of Gold in the world. Switzerland is consistently the world's leading gold-exporting country based on value. (**Please note: The list is dynamic & keeps varying yearly**) * **Statement II is not correct.** The United States is way out in front as the country with the largest gold reserves in the world at 8,000 tonnes (as of 2024). * In India, the largest resources of gold ore (primary) are located in Bihar (44%) followed by Rajasthan (25%), Karnataka (21%), West Bengal (3%), Andhra Pradesh (3% ), Jharkhand (2 %). The remaining 2% resources of ore are located in Chhattisgarh, Madhya Pradesh, Kerala, Maharashtra and Tamil Nadu. (PIB 2021) * India is one of the largest gold importers, sourcing 800-1,000 tons annually, mainly from Switzerland, the UAE, and South Africa. Imports are driven by high domestic demand for jewelry and investment. Gold exports, primarily in jewelry, target the US, UAE, and Hong Kong, supporting India's trade through its jewelry manufacturing sector."
"4b18760d-b4db-4eba-95cb-c471ea6efa1e","2023","GS","Economy","Agriculture and Allied Activities","Small Farmer Large Field (SFLF) | Participatory Collective Action Model | Agricultural Economics | Marginal Farmers | Economies of Scale","medium","Which one of the following best describes the concept of 'Small Farmer Large Field'?","Resettlement of a large number of people, uprooted from their countries due to war, by giving them a large cultivable land which they cultivate collectively and share the produce","Many marginal farmers in an area organize themselves into groups and synchronize and harmonize selected agricultural operations","Many marginal farmers in an area together make a contract with a corporate body and surrender their land to the corporate body for a fixed term for which the corporate body makes payment of agreed amount to the farmers","A company extends loans, technical knowledge and material inputs to a number of small farmers in an area so that they produce the agricultural commodity required by the company for its manufacturing process and commercial production","B","The 'Small Farmer Large Field' (SFLF) model is a participatory collective action model designed to help small and marginal farmers overcome constraints like low bargaining power and lack of economies of scale. * **Why Option B is correct:** In the SFLF model, many marginal farmers in a contiguous area organize themselves into groups to synchronize and harmonize selected agricultural operations (such as land preparation, sowing, and harvesting). This allows them to achieve economies of scale in purchasing inputs and marketing produce without losing their individual land ownership. * **Context:** This model was adapted from the 'Large Field' model successfully implemented in **Vietnam**. In India, it was piloted (notably in Odisha) to address the challenges of land fragmentation. * **Why other options are incorrect:** * **Option A** describes a resettlement or rehabilitation program for displaced persons. * **Options C and D** describe variations of contract farming or corporate farming, where farmers either surrender land for a fixed term or produce specifically for a company's manufacturing needs. SFLF differs because it is a farmer-led collective model rather than a corporate-led one."
"f059fa1c-6a65-475f-aa87-2bff1b90d524","2023","GS","Economy","Trade and External Sector | Money, Banking and Monetary Policy","Reserve Bank of India (RBI) | Monetary Policy | Open Market Operations (OMO) | Sterilization | Foreign Exchange Intervention","easy","Which one of the following activities of the Reserve Bank of India is considered to be part of 'sterilization'?","Conducting 'Open Market Operations'","Oversight of settlement and payment systems","Debt and cash management for the Central and State Governments","Regulating the functions of Nonbanking Financial Institutions","A","Sterilization refers to the process by which the Reserve Bank of India (RBI) neutralizes the impact of foreign exchange inflows or outflows on the domestic money supply. When there is a surge in foreign capital inflows, the RBI often buys foreign currency (like US Dollars) to prevent the Indian Rupee from appreciating excessively. This purchase injects an equivalent amount of Indian Rupees into the banking system, increasing liquidity and potentially causing inflation. To 'sterilize' or offset this effect, the RBI conducts Open Market Operations (OMO) by selling government securities in the open market to absorb the excess liquidity. Conversely, during capital outflows, the RBI sells foreign currency and buys government securities to maintain liquidity. Thus, Open Market Operations are the primary instrument used for sterilization to maintain monetary stability."
"33b4939b-79de-4ccb-9468-9346f61b74d5","2023","GS","Economy","Finance and Financial Markets","Self-Help Groups (SHGs) | Microfinance | Financial Inclusion | NABARD (National Bank for Agriculture and Rural Development) | Regional Rural Banks (RRBs)","easy","Consider the following statements : 1. The Self-Help Group (SHG) programme was originally initiated by the State Bank of India by providing microcredit to the financially deprived. 2. In an SHG, all members of a group take responsibility for a loan that an individual member takes. 3. The Regional Rural Banks and Scheduled Commercial banks support SHGs. How many of the above statements are correct?","Only one","Only two","All three","None","B","* **Statement 1 is incorrect:** NABARD began promoting self-help groups in 1991-1992. And it served as the actual launch pad for the SHG movement. The Reserve Bank of India additionally permitted SHGs to open savings bank accounts in 1993. * **Statement 2 is correct:** The Banks provide the loan to the Self-Help Group as a whole and it is the collective responsibility of the SHG to repay that loan. Hence all members of a group take responsibility for a loan that an individual member takes. Further, the SHG may decide to not provide any share in further loans to the defaulter member. * **Statement 3 is correct:** The Financial Inclusion Fund scheme to support Scheduled Commercial Banks (SCBs) and Regional Rural Banks (RRBs) for enabling Dual Authentication options in the micro ATMs for SHG transactions is being launched to provide an enabling eco-system for the SHGs to seamlessly operate at Business Correspondent points with the proposed Dual Authentication feature. Thus, it can be said that SCBs and RRBs support the SHGs in availing the credits as per their needs."
"4565dd8c-b3ab-4678-b1c1-d8e1db74ec57","2023","GS","Economy","Finance and Financial Markets","Financial Markets | Investment Analysis | Risk Management | Portfolio Management | Beta Coefficient","hard","In the context of finance, the term 'beta' refers to the","process of simultaneous buying and selling of an asset from different platforms.","an investment strategy of a portfolio manager to balance risk versus reward.","a type of systemic risk that arises where perfect hedging is not possible.","a numeric value that measures the fluctuations of a stock to changes in the overall stock market","D","In finance, **Beta** is a measure of the volatility, or systematic risk, of a security or a portfolio in comparison to the market as a whole. It is a key component of the Capital Asset Pricing Model (CAPM). **Key Interpretations of Beta:** * **Beta = 1:** The stock's price moves in lockstep with the market. If the market rises by 10%, the stock is expected to rise by 10%. * **Beta > 1:** The stock is more volatile than the market. For example, a beta of 1.2 suggests the stock is 20% more volatile than the market. * **Beta < 1:** The stock is less volatile than the market. These are often considered 'defensive' stocks. * **Beta = 0:** The asset's price movement is uncorrelated with the market (e.g., cash or certain government bonds). **Analysis of other options:** * **Option A:** Describes **Arbitrage**, which is the simultaneous purchase and sale of the same asset in different markets to profit from tiny differences in the asset's listed price. * **Option C:** Refers to **Basis Risk**, which arises when the investment or hedge does not move in perfect correlation with the underlying asset, making a perfect hedge impossible."
"ef549640-c049-4af9-86e9-207b58e2b404","2023","GS","Economy","Agriculture and Allied Activities","Agriculture in India | Agriculture in China | Arable Land | Irrigated Area | Agricultural Productivity","hard","Consider the following statements: 1. India has more arable area than China. 2. The proportion of irrigated area is more in India as compared to China. 3. The average productivity per hectare in Indian agriculture is higher than that in China. How many of the above statements are correct?","Only one","Only two","All three","None","A","* **Statement 1 is correct.** According to data from the Food and Agriculture Organization (FAO) and other agricultural databases, India does have more arable land than China. As of recent data, India's arable land is approximately 157 million hectares, whereas China's arable land is around 119 million hectares. * **Statement 2 is incorrect.** While India has a substantial amount of irrigated land, China has implemented extensive irrigation projects and has a higher proportion of its arable land irrigated. As a percentage of arable land, China's irrigated land is higher than that of India. * **Statement 3 is also incorrect.** China has a higher average agricultural productivity per hectare compared to India. This is due to several factors, including technological advancements, better infrastructure, and more effective agricultural practices in China."
"feec9a7a-fc9d-4549-8dc5-e14c441ef66d","2023","GS","Economy","Industry and Manufacturing","India's Export Performance | Global Trade | Production-Linked Incentive (PLI) Scheme | Indian Economy | Government Schemes","medium","Consider the following statements : Statement-I : India accounts for 3.2% of global export of goods. Statement-II :Many local companies and some foreign companies operating in India have taken advantage of India's 'Production-linked Incentive' scheme. Which one of the following is correct in respect of the above statements?","Both Statement-I and Statement-II are correct and StatementII is the correct explanation for Statement-I","Both Statement-I and Statement-II are correct and StatementII is not the correct explanation for Statement-I","Statement-I is correct but StatementII is incorrect","Statement-I is incorrect but Statement-II is correct","D","* **Statement I is incorrect:** India's share in global merchandise trade is only 1.8% and 4% in global services. India plans to increase its export share in global trade from 2.1% to 3% by 2027 and 10% by 2047. * **Statement II is correct:** The PLI scheme is open to both domestic and international manufacturers. Samsung as well as Indian firms such as Dixon Technologies, UTL, Neolyncs, Lava International, Optiemus Electronics and Micromax are also expanding their factories to take advantage of the PLI scheme."
"44a8bd8c-5d5e-41d5-b189-ae8777bb5492","2023","GS","Environment & Ecology","Environmental Pollution | Climate Change","Hydrofluorocarbons (HFCs) | Environmental Issues | Ozone Depletion | Greenhouse Gases | Aerosols","hard","Consider the following: 1. Aerosols 2. Foam agents 3. Fire retardants 4. Lubricants In the making of how many of the above are hydrofluorocarbons used?","Only one","Only two","Only three","All four","C","**Statement 1 is Correct:** Hydrofluorocarbons (HFCs) are used as propellants in aerosol products, such as hairsprays, deodorants, and various cleaning sprays, as they are non-flammable and serve as effective carriers for the product. **Statement 2 is Correct:** HFCs are widely used as foam-blowing agents in the manufacture of plastic foams (such as polyurethane and polystyrene) which are used for thermal insulation in buildings, refrigerators, and other appliances. **Statement 3 is Correct:** HFCs (such as HFC-227ea) are used as fire suppressants in fire protection systems. They are often referred to as ""clean agents"" and were developed to replace ozone-depleting Halons in fire extinguishers and total flooding systems. **Statement 4 is Incorrect:** HFCs are not used in the making of lubricants. Lubricants are typically formulated from mineral oils, synthetic hydrocarbons (like polyalphaolefins), or esters to reduce friction and wear between moving surfaces."
"aea2b66c-307b-4425-b8af-e68228f0ebd6","2023","GS","Environment & Ecology","Indian Biodiversity - Fauna","Indian Squirrels | Squirrel Behavior | Animal Ecology | Rodent Characteristics | Wildlife Conservation","hard","Consider the following statements regarding the Indian squirrels: 1. They build nests by making burrows in the ground. 2. They store their food materials like nuts and seeds in the ground. 3. They are omnivorous. How many of the above statements are correct?","Only one","Only two","All three","None","B","**Statement 1 is Incorrect:** Most common Indian squirrels, such as the Indian Palm Squirrel (Funambulus species) and the Malabar Giant Squirrel (Ratufa indica), are arboreal. They build nests, known as dreys, in tree branches, hollows, or crevices using twigs and leaves, rather than making burrows in the ground. **Statement 2 is Correct:** Many squirrel species exhibit ""scatter hoarding"" behavior. They store food materials like nuts and seeds by burying them in various shallow locations in the ground to retrieve them during times of food scarcity. This behavior is a key ecological process for seed dispersal. **Statement 3 is Correct:** Squirrels are opportunistic omnivores. While their diet primarily consists of seeds, nuts, fruits, and fungi, they also consume insects, caterpillars, bird eggs, and occasionally small vertebrates like lizards or young birds."
"7a031358-005f-4c65-8253-a249f6fe51b2","2023","GS","Environment & Ecology","Indian Biodiversity - Fauna | Contemporary Environmental Issues | Institutional Measures for Environment Conservation | Protected Area Network | Conservation Efforts","Nocturnal Animals | Fauna of India | Wildlife Conservation | Animal Behavior | Endangered Species","hard","Consider the following fauna: 1. Lion-tailed Macaque 2. Malabar Civet 3. Sambar Deer How many of the above are generally nocturnal or most active after sunset?","Only one","Only two","All three","None","A","* Lion-tailed Macaque: This is a diurnal animal, meaning it's active during the day. * Malabar Civet: This is a nocturnal animal, primarily active at night. * Sambar Deer: These are crepuscular animals, most active during dawn and dusk. **Therefore, only one (1) of the fauna is generally nocturnal or most active after sunset (Malabar Civet).** ![Lion Tailed Macaque](https://d39jluplm5thpx.cloudfront.net//Lion_Tailed_Maquac_de90cb451d.png)"
"e2ff02f0-3601-4117-a1f6-ebe9762ccaaf","2023","GS","Environment & Ecology","Indian Biodiversity - Fauna","Animal Behavior | Tool Use in Animals | Primate Behavior | Orangutan | Wildlife Conservation","hard","Which one of the following makes a tool with a stick to scrape insects from a hole in a tree or a log of wood?","Fishing cat","Orangutan","Otter","Sloth bear","B","* **Orangutans** are known for their intelligence and tool-use capabilities. They have been observed using sticks in various ways, including scraping insects from holes in trees and logs, extracting honey from beehives, and even using leaves as utensils."
"e8f91570-39f3-40ae-bfd6-4b5ff129d3f7","2023","GS","Environment & Ecology","Renewable Energy","Green Hydrogen | Decarbonization | Heavy Industries | Fertilizer Production | Oil Refining | Steel Industry","medium","Consider the following heavy industries : 1. Fertilizer plants 2. Oil refineries 3. Steel plants Green hydrogen is expected to play a significant role in decarbonizing how many of the above industries?","Only one","Only two","All three","None","C","* Green hydrogen is the hydrogen produced through electrolysis of water using electricity from renewable sources. * Green hydrogen is expected to play a significant role in decarbonizing all three of the mentioned heavy industries. * Green hydrogen can be used in the production of ammonia, which is a key component for many fertilizers. Fertilizer production is energy-intensive and often relies on fossil fuels, particularly natural gas. By using green hydrogen as a clean energy source, the carbon emissions from this industry can be significantly reduced * Green hydrogen can be used in oil refineries to process crude oil into various products, including gasoline, diesel, and jet fuel. This can help to reduce the carbon emissions from the refining process. * The steel industry is one of the largest industrial emitters of carbon dioxide. Green hydrogen can be used in place of coal in the steelmaking process, significantly reducing the industry's carbon emissions. ![Green Hydrogen](https://d39jluplm5thpx.cloudfront.net//Green_Hydrogen_aec0f13997.png)"
"6d047b58-58d3-493e-9dc5-039d693eb262","2023","GS","Environment & Ecology","Environmental Pollution","Recirculating Aquaculture System (RAS) | Biofilters | Waste Treatment | Ammonia Conversion | Nitrification | Aquaculture","medium","With reference to the role of biofilters in Recirculating Aquaculture System, consider the following statements: 1. Biofilters provide waste treatment by removing uneaten fish feed. 2. Biofilters convert ammonia present in fish waste to nitrate. 3. Biofilters increase phosphorus as nutrient for fish in water. How many of the statements given above are correct?","Only one","Only two","All three","None","B","* **Statement 1 is correct:** **Role of Biofilters in Recirculating Aquaculture System (RAS):** Biofilters provide waste treatment by removing uneaten fish feed. Biofilters in a RAS help in waste treatment by removing uneaten fish feed and other organic matter from the water. The biofilter media provide a surface for beneficial bacteria to grow, which help in breaking down and removing these wastes. * **Statement 2 is correct:** Biofilters convert ammonia present in fish waste to nitrate. One of the primary functions of biofilters in a RAS is to convert toxic ammonia (produced from fish waste) into less harmful nitrate. Beneficial bacteria in the biofilter media perform nitrification, a process where ammonia is first converted to nitrite and then further converted to nitrate. * **Statement 3 is incorrect:** Biofilters do not increase phosphorus as a nutrient for fish in the water. Their primary role is to remove wastes and convert ammonia to nitrate. Phosphorus levels in the water are managed through other means, such as fish feed formulation and water quality management. **Therefore, option (B) is the correct answer.**"
"9ec15bae-1849-474c-8077-cc0aa8fdc319","2023","GS","Environment & Ecology","Ecology","Marsupials | Biodiversity | Animal Distribution | Ecology | Mammalian Evolution","medium","Consider the following statements: Statement I: Marsupials are not naturally found in India. Statement II: Marsupials can thrive only in montane grasslands with no predators. Which one of the following is correct in respect of the above statements?","Both Statement-I and Statement-II are correct and Statement-II is the correct explanation for Statement-I","Both Statement-I and Statement-II are correct and StatementII is not the correct explanation for Statement-I","Statement-I is correct but Statement-II is incorrect","Statement-I is incorrect but Statement-II is correct","C","* **Statement I is correct:** Marsupials, which are a type of mammal characterised by the presence of a pouch (marsupium) for carrying their young, are not naturally found in India. Marsupials are primarily native to the Americas and Australia. * **Statement II is incorrect:** Marsupials can thrive in a variety of habitats, not just montane grasslands without predators. Many marsupial species are found in a wide range of ecosystems, including forests, savannas, and even urban areas, and can coexist with a variety of predators. Therefore, the correct answer is: Statement-I is correct, and Statement II is incorrect."
"c6fc89ba-c0a6-4480-824c-5f7200fd56b5","2023","GS","Environment & Ecology","Institutional Measures for Environment Conservation","Invasive Species | International Union for Conservation of Nature (IUCN) | Species Survival Commission (SSC) | Global Invasive Species Database | Environmental Organizations","medium","Invasive species Specialist Group' (that develops Global Invasive Species Database) belongs to which one of the following organizations?","The International Union for Conservation of Nature","The United Nations Environment Programme","The United Nations World Commission for Environment and Development.","The World Wide Fund for Nature","A","The Invasive Species Specialist Group (ISSG) is a global network of scientific and policy experts on invasive species, organised under the auspices of the Species Survival Commission (SSC) of the International Union for Conservation of Nature (IUCN). **Hence, option A is the correct answer.**"
"5a4f16ce-426a-4bb8-8f1f-d9ecf289c06f","2023","GS","Environment & Ecology","Climate Change Mitigation","Groundwater Extraction | World Water Development Report | Water Resources Management | India's Water Crisis | United Nations","medium","Consider the following statements : Statement-I : According to the United Nation's 'World Water Development Report, 2022', India extracts more than a quarter of the world's groundwater withdrawal each year. Statement-II :India needs to extract more than a quarter of the world's groundwater each year to satisfy the drinking water and sanitation needs of almost 18% of world's population living in its territory. Which one of the following is correct in respect of the above statements?","Both Statement-I and Statement-II are correct and Statement-II is the correct explanation for Statement-I","Both Statement-I and Statement-II are correct and Statement-II is not the correct explanation for Statement-I","Statement-I is correct but Statement-II is incorrect","Statement-I is incorrect but Statement-II is correct","C","* **Statement 1 is correct**. According to the United Nations World Water Development Report 2022, with an estimated 251 km3 annual withdrawal from an estimated 20 million wells and tube wells, India is the world's greatest groundwater user. This accounts for more than a quarter of the total groundwater extracted internationally. * **Statement 2 is incorrect.** India uses about 89% of this groundwater for irrigation. Major share of total groundwater extracted by India is utilised for irrigation purposes and not for drinking and sanitation purposes."
"51929cb0-60ba-47f4-ae3d-e8568122461d","2023","GS","Environment & Ecology","Climate Change Mitigation | Climate Change","Carbon Capture and Sequestration | Enhanced Weathering | Ocean Alkalinity | Carbon Dioxide Removal | Climate Change Mitigation","hard","Consider the following activities : 1. Spreading finely ground basalt rock on farmlands extensively 2. Increasing the alkalinity of oceans by adding lime 3. Capturing carbon dioxide released by various industries and pumping it into abandoned subterranean mines in the form of carbonated waters How many of the above activities are often considered and discussed for carbon capture and sequestration?","Only one","Only two","All three","None","C","All three activities mentioned are indeed methods often considered and discussed for carbon capture and sequestration. * Spreading finely ground basalt rock on farmlands extensively is known as enhanced weathering. The basalt reacts with carbon dioxide in the atmosphere and forms stable carbonates, effectively storing the carbon dioxide and preventing it from contributing to global warming. * Increasing the alkalinity of oceans by adding lime can help absorb more carbon dioxide from the atmosphere. The increased alkalinity enhances the ocean's capacity to act as a carbon sink. * Capturing carbon dioxide released by various industries and pumping it into abandoned subterranean mines in the form of carbonated waters is a direct method of carbon capture and sequestration where carbon dioxide is captured at its source and then stored in a way that prevents it from being released into the atmosphere."
"3be4b448-76a2-4dd5-88e5-c6bbf6a8a23a","2023","GS","Environment & Ecology","Climate Change","Climate Change | Carbon Markets | Cap and Trade | Carbon Offsets | Environmental Economics","hard","Consider the following statements: Statement-I: Carbon markets are likely to be one of the most widespread tools in the fight against climate change. Statement-II: Carbon markets transfer resources from the private sector to the State. Which one of the following is correct in respect of the above statements?","Both Statement-I and Statement-II are correct and Statement-II is the correct explanation for Statement-I","Both Statement-I and Statement-II are correct and Statement-II is not the correct explanation for Statement-I","Statement-I is correct but Statement-II is incorrect","Statement-I is incorrect but Statement-II is correct.","B","The Assertion is Correct: Carbon markets, such as Cap-and-Trade systems and voluntary offset markets, are recognized under the Paris Agreement (Article 6) as essential market-based tools to incentivize emission reductions by putting a price on carbon. The Reason is Correct: Carbon markets often involve the transfer of resources from the private sector to the State, especially when governments auction emission allowances or permits, thereby generating public revenue from private emitters. Statement-II is not the correct explanation for Statement-I because the widespread adoption of carbon markets is driven by their ability to achieve climate targets at the lowest economic cost through market flexibility, rather than the specific fiscal mechanism of transferring funds to the State."
"f9c7ded8-2cc6-48af-b9ae-e8afff0c56fe","2023","GS","Environment & Ecology","Environmental Pollution","Mercury Pollution | Environmental Pollution | Gold Mining | Thermal Power Plants | Toxic Elements","medium","Consider the following statements regarding mercury pollution: 1. Gold mining activity is a source of mercury pollution in the world. 2. Coal-based thermal power plants cause mercury pollution. 3. There is no known safe level of exposure to mercury. How many of the above statements are correct?","Only one","Only two","All three","None","B","* **Statement 1 is Correct:** Gold mining is poisoning Amazon forests with mercury. To separate the gold, miners mix liquid mercury into the sediment, which forms a coating around the gold. * **Statement 2 is Correct:** Fly ash generated by TPPs is one of the ways mercury is released into the environment. Fly ash is usually disposed of in ash ponds in the form of ash slurry, forming an aquatic ecosystem of its own. Coal-based TPPs are the major source of mercury – the ninth most toxic element found on earth — emissions into the environment. Mercury contributed over 80 percent of emissions released by the TPPs, according to 2016 estimates by the Delhi-based think-tank Centre for Science and Environment. * **Statement 3 is Incorrect:** While mercury is unquestionably toxic, toxicology works on the principle of dose: “The dose makes the poison.” Hence, scientific bodies define **reference doses** (RfD) or tolerable intake levels, not zero exposure. WHO's Provisional Tolerable Weekly Intake (PTWI) for methylmercury (from fish) → 1.6 µg/kg body weight/week and 1 µg/litre for total mercury in drinking water. If no safe level truly existed: Mercury would be completely banned, not regulated. **NOTE:** UPSC usually considers extreme statement to be wrong."
"05769205-3c7c-4a40-8931-5624d617ebde","2023","GS","Environment & Ecology","Indian Biodiversity - Fauna","Honeybee Communication | Waggle Dance | Animal Behavior | Pollination | Insect Ecology","medium","Which of the following organisms perform waggle dance for others of their kin to indicate the direction and the distance to a source of their food?","Butterflies","Dragonflies","Honeybees","Wasps","C","* The honey bee dance, also known as the waggle dance, is a form of communication performed by worker honey bees to other members of the honey bee colony. The waggle dance was famously decoded by Austrian scientist, Karl von Frisch. * The direction the bee moves in relation to the hive indicates direction; if it moves vertically, the direction to the source is directly towards the Sun. * The duration of the waggle part of the dance signifies the distance. **Hence, option (C) is the correct answer.**"
"235c7d03-7e62-490d-8bbc-dd09001aefbd","2023","GS","Environment & Ecology","International Environmental Framework | Institutional Measures for Environment Conservation | National Environmental Legislations","Biodiversity Management Committees (BMCs) | Nagoya Protocol | Access and Benefit Sharing (ABS) | Convention on Biological Diversity (CBD) | Genetic Resources","easy","Consider the following statements : 1. In India, the Biodiversity Management committees are key to the realization of the objectives of Nagoya Protocol. 2. The Biodiversity Management committees have important functions in determining access and benefit sharing, including the power to levy collection fees on the access of biological resources within its jurisdiction. Which of the statements given above is/are correct?","1 only","2 only","Both 1 and 2","Neither 1 nor 2","C","* The Nagoya Protocol is an international agreement that addresses the fair and equitable sharing of benefits arising from the utilisation of genetic resources. It is a supplementary agreement to the Convention on Biological Diversity (CBD) and specifically focuses on access to genetic resources and the fair and equitable sharing of benefits derived from their utilisation. * **Statement 1 is correct:** In India, the Biodiversity Management Committees (BMCs) are indeed key to the realisation of the objectives of the Nagoya Protocol. The Nagoya Protocol aims at sharing the benefits arising from the utilisation of genetic resources in a fair and equitable way. BMCs play a crucial role in this by ensuring that local communities have a say in the access to and use of these resources. * **Statement 2 is correct:** The Biodiversity Management Committees also have important functions in determining access and benefit sharing. They have the power to levy collection fees on the access of biological resources within their jurisdiction. This is part of their role in managing and conserving biodiversity, and ensuring that the benefits derived from the use of these resources are shared equitably. **Therefore, both statements are correct.**"
"88b94753-b4d7-4038-b122-b568c80035ad","2023","GS","Environment & Ecology","Protected Area Network","Community Reserves | Wildlife Protection Act (WPA) | Protected Areas | Forest Management | Non-Timber Forest Produce","medium","Consider the following statements: Once the Central Government notifies an area as a 'Community Reserve' 1. The Chief Wildlife Warden of the State becomes the governing authority of such forest 2. hunting is not allowed in such area 3. people of such area are allowed to collect non-timber forest produce 4. people of such area are allowed traditional agricultural practices How many of the above statements are correct?","Only one","Only two","Only three","All four","B","* Community reserves in India are terms denoting protected areas of India which typically act as buffer zones to or connectors and migration corridors between established national parks, wildlife sanctuaries and reserved and protected forests of India. * **Statement 1 is incorrect:** As per the Section 36 D of the WildLife Protection Act (WLPA): The State Government shall constitute a Community Reserve management committee, which shall be the authority responsible for conserving, maintaining and managing the community reserve. The committee shall elect a Chairman who shall also be the Honorary WildLife Warden on the community reserve. * **Statement 2 is correct:** After a forest has been made into a community reserve, people are not allowed to hunt there, thus hunting is prohibited in community reserves. * **Statement 3 is correct:** People of such areas are allowed to collect non-timber forest produce. * **Statement 4 is incorrect:** After a forest has been made into a community reserve, people are also not allowed to use it for agricultural practices such as shifting (jhum) cultivation."
"ca1042ab-e42b-4664-bc1c-394af88f0f35","2023","GS","Environment & Ecology","Renewable Energy","Green Hydrogen | Renewable Energy | Hydrogen Fuel Cells | Internal Combustion Engines | Fuel Blending","hard","With reference to green hydrogen, Consider the following statements : 1. It can be used directly as a fuel for internal combustion. 2. It can be blended with natural gas and used as fuel for heat or power generation. 3. It can be used in the hydrogen fuel cell to run vehicles. How many of the above statements are correct?","Only one","Only two","All three","None","C","* Green hydrogen is any hydrogen that is produced from renewable energy. * **Statement 1 is correct:** Green hydrogen can be used as a direct fuel for internal combustion engines, replacing conventional fuels like gasoline or diesel. * **Statement 2 is correct:** Green hydrogen can be blended with natural gas and used as a fuel for various applications like heating, power generation, and industrial processes. * **Statement 3 is correct:** Green hydrogen can be used in hydrogen fuel cells to power electric vehicles, providing a clean and efficient alternative to traditional fossil fuel-powered vehicles. **Therefore, all three statements regarding the uses of green hydrogen are correct.**"
"f8dcc5e7-ffc9-4a8c-ae21-699f5333e248","2023","GS","Physical Geography","Tectonics","Seismic Waves | Earthquake | P Waves | S Waves | Seismograph","easy","Consider the following statements: 1. In a seismograph, P waves are recorded earlier than S waves. 2. In P waves, the individual particles vibrate to and fro in the direction of wave propagation whereas in S waves, the particles vibrate up and down at right angles to the direction of wave propagation. Which of the statements given above is/are correct?","1 only","2 only","Both 1 and 2","Neither 1 nor 2","C","**Statement 1 is correct:** In a seismograph, **P waves** are recorded earlier than S waves. This is true because **P waves**, also known as **Primary waves**, are the first to be recorded by a seismograph during an earthquake. They are faster and hence, reach the recording instrument before the S waves. **Statement 2 is correct: P waves** are longitudinal or compressional waves, which means the particles in these waves vibrate in the same direction as the wave propagation. On the other hand, S waves, or Secondary waves, are transverse waves, where the particle motion is perpendicular to the direction of wave propagation. Therefore, both statements are correct. ![Seismic Waves](https://d39jluplm5thpx.cloudfront.net//Seismic_Wave_a4aecb1b6e.jpg)"
"73c1d742-389f-4554-8233-eb44ce385e04","2023","GS","Indian Geography","Mineral Resource","Ilmenite and Rutile mineral resources in India | Titanium mineral deposits in Indian coastal regions | Beach sand mining in India | Distribution of mineral resources in India | Uses of Titanium","hard","Ilmenite and rutile, abundantly available in certain coastal tracts of India, are rich sources of which one of the following?","Aluminium","Copper","Iron","Titanium","D","* Ilmenite (FeTiO3) and Rutile (TiO2) are both minerals that contain high concentrations of titanium. * Titanium is a strong and lightweight metal known for its excellent corrosion resistance and high strength-to-weight ratio. It is widely used in various industries, including aerospace, automotive, medical, and construction. * In India, certain coastal tracts are known for their significant ilmenite and rutile deposits. Hence these minerals are also called beach sand minerals. These minerals are commonly found in beach sand deposits and are extracted through beach sand mining operations. The extracted ilmenite and rutile are processed to obtain titanium dioxide (TiO2), which is then further refined to produce metallic titanium. * Beach sand is rich in seven heavy minerals—ilmenite, leucoxene, rutile, zircon, sillimanite, garnet and monazite."
"6f407659-9da8-4825-80e9-0b8da5fe1d16","2023","GS","World Geography","World Economic Geography","Cobalt Mining | Electric Vehicle Battery Production | Democratic Republic of Congo | Mineral Resources | World Geography","medium","About three-fourths of world's cobalt, a metal required for the manufacture of batteries for electric motor vehicles, is produced by","Argentina","Botswana","The Democratic Republic of the Congo","Kazakhstan","C","* Cobalt has emerged as a vital ingredient for the shift to a lower-carbon energy system, but reserves of the metal are concentrated heavily in just a single country. * The **Democratic Republic of Congo** (DRC) is home to half of the world's known resources and currently accounts for around 70% of global production. * The metals used in electronic goods, particularly the rechargeable batteries used in electric vehicles and other forms of energy storage means interest in it is growing as the electrification of the global energy system continues to gather pace. * Cobalt is used in batteries, superalloys, catalysts, magnets, and pigments for various industries like electronics, aviation, and manufacturing. * Democratic Republic of Congo (I), Indonesia (II), Russia (III), Australia (IV), and Madagascar (V) are the top 5 Cobalt-producing countries in the world. * Small deposits of Cobalt are known to exist in **Odisha & Jharkhand** in India. * Cobalt has also been classified as a **critical mineral** by the Government of India."
"1999a9b5-e72f-44c7-9e6b-d9536d0801db","2023","GS","Physical Geography","Ocean","Temperature Contrast | Specific Heat Capacity | Land-Water Heating Differences | Continental and Oceanic Influences | Physical Geography","medium","Consider the following statements : Statement-I: The temperature contrast between continents and oceans is greater during summer than in winter. Statement-II: The specific heat of water is more than that of land surface. Which one of the following is correct in respect of the above statements?","Both Statement-I and Statement-II are correct and Statement-II is the correct explanation for Statement-I","Both Statement-I and Statement-II are correct and Statement-II is not the correct explanation for Statement-I","Statement-I is correct but Statement-II is incorrect","Statement-I is incorrect but Statement-II is correct","D","**Statement-I is incorrect**: The temperature contrast between land and ocean is actually **greater in winter**, not in summer. In winter, land loses heat quickly and becomes much colder, while the ocean retains heat and stays relatively warm → large contrast. In summer, both land and ocean warm up, but the difference is less pronounced compared to winter → smaller contrast. **Statement-II is correct**: Water has a higher specific heat capacity than land. It heats up and cools down more slowly, which explains why oceans have a moderating influence on temperature."
"0ae7252e-d72d-4737-b32f-04339d6e02ec","2023","GS","World Geography","Climatic Regions of the World","Tropical Rainforests | Soil Nutrients | Soil Decomposition | Climate and Soil | World Geography","easy","Consider the following statements: Statement-I : The soil in tropical rain forests is rich in nutrients. Statement-II : The high temperature and moisture of tropical rain forests cause dead organic matter in the soil to decompose quickly. Which one of the following is correct in respect of the above statements?","Both Statement I and Statement II are correct and Statement II is the correct explanation for Statement I","Both Statement I and Statement II are correct and Statement II is not the correct explanation for Statement I","Statement I is correct but Statement II is incorrect","Statement I is incorrect but Statement II is correct","D","* **Statement I is incorrect:** The soil in tropical rainforests is not rich in nutrients. The heavy rainfall in these regions washes away the nutrients from the soil, preventing them from accumulating. * **Statement II is correct:** In tropical rainforests, high temperature and humidity help dead plants and animals decompose quickly. The warmth and moisture create the perfect conditions for bacteria and fungi, which are tiny organisms that break down dead material. These decomposers work faster in such an environment, turning dead matter into nutrients that go back into the soil to support new plant growth. Therefore, Statement-I is incorrect but Statement-II is correct."
"0a79b190-55c2-4b99-b933-9dfee13b7340","2023","GS","Indian Geography","Transport","India connectivity projects | Golden Quadrilateral Project | Trilateral Highway (India-Myanmar-Thailand) | Bangladesh-China-India-Myanmar Economic Corridor (BCIM) | National Highways Development Project (NHDP)","hard","With reference to India's projects on connectivity, consider the following statements: 1. East-West Corridor under Golden Quadrilateral Project connects Dibrugarh and Surat. 2. Trilateral Highway connects Moreh in Manipur and Chiang Mai in Thailand via Myanmar. 3. Bangladesh-China- India-Myanmar Economic Corridor connects Varanasi in Uttar Pradesh with Kunming in China. How many of the above statements are correct?","Only one","Only two","All three","None","D","**Statement 1 is incorrect**: The East-West Corridor is a part of the National Highways Development Project (NHDP) in India, which aims to connect Silchar in Assam to Porbandar in Gujarat. It does not connect Dibrugarh in Assam and Surat in Gujarat. ![QUAD](https://d39jluplm5thpx.cloudfront.net//Golden_Quadrilateral_ea02cfad8f.png) **Statement 2 is incorrect:** The Trilateral Highway is a connectivity project that aims to connect Moreh in Manipur, India, with Mae Sot in Thailand via Myanmar. It is an important infrastructure project to enhance trade, connectivity, and people-to-people ties among the three countries. ![imt](https://d39jluplm5thpx.cloudfront.net//IMT_Higgway_08b30f7da2.jpg) **Statement 3 is incorrect:** The Bangladesh-China-India-Myanmar Economic Corridor (BCIM) is a proposed economic corridor that aims to connect Kunming in China with Kolkata in India, passing through Myanmar and Bangladesh. Varanasi in Uttar Pradesh is not directly connected to this corridor. ![BCIM](https://d39jluplm5thpx.cloudfront.net//BCIM_b1f45dad14.png) **Thus, none of the statements are correct**"
"6e7ac58e-caf4-4299-808f-7fc2cfc597e7","2023","GS","Indian Geography","Forests","Indian Forest Types | Deciduous Forests in India | Tropical Deciduous Trees | Artocarpus heterophyllus (Jackfruit) characteristics | Madhuca indica (Mahua) characteristics | Tectona grandis (Teak) characteristics","medium","Consider the following trees: 1. Jackfruit (Artocarpus heterophyllus) 2. Mahua (Madhuca indica) 3. Teak (Tectona grandis) How many of the above are deciduous trees?","Only one","Only two","All three","None","B","**Statement 1 is not a deciduous tree:** Jackfruit (*Artocarpus heterophyllus*) is a tropical evergreen tree native to the Western Ghats of India and other parts of Southeast Asia. It retains its foliage throughout the year and is typically found in regions with high rainfall. **Statement 2 is a deciduous tree:** Mahua (*Madhuca indica*) is a common species found in tropical deciduous forests across the Indian subcontinent, particularly in central and northern India. It sheds its leaves during the dry season, usually between February and April. **Statement 3 is a deciduous tree:** Teak (*Tectona grandis*) is the most dominant and economically important species of tropical deciduous forests (both moist and dry) in India. It is well-known for shedding its leaves during the dry season to conserve moisture. Since only Mahua and Teak are deciduous trees, the correct answer is 'Only two'."
"0014a5b8-b4ed-4022-8ff6-31ed9ed32064","2023","GS","Physical Geography","Atmosphere","Earth's Atmosphere | Insolation | Electromagnetic Spectrum | Infrared Radiation | Greenhouse Effect","easy","With reference to the Earth's atmosphere, which one of the following statements is correct?","The total amount of insolation received at the equator is roughly about 10 times of that received at the poles.","Infrared rays constitute roughly two-thirds of insolation.","Infrared waves are largely absorbed by water vapour that is concentrated in the lower atmosphere.","Infrared waves are a part of visible spectrum of electromagnetic waves of solar radiation.","C","* While it is true that the equator receives more direct sunlight compared to the poles, the actual difference in insolation is not as large as ten times. The difference in insolation between the equator and poles is primarily due to the curvature of the Earth and the tilt of its axis, resulting in varying angles at which sunlight reaches different latitudes. * Insolation includes various wavelengths, such as visible light, ultraviolet rays, and infrared rays, but infrared rays do not constitute two-thirds of it. * Water vapour is a greenhouse gas that absorbs infrared radiation emitted by the Earth's surface. This absorption contributes to the greenhouse effect and helps regulate the Earth's temperature. **Hence, this is the correct statement.** * Infrared waves are not part of the visible spectrum; they have longer wavelengths than visible light."
"b4deb4d3-be06-4810-a19b-4713b0ee2b4e","2023","GS","World Geography","Continents","Eastern Europe Geography | Ukraine Geography | Land Borders | European Countries | Political Geography","medium","Consider the following countries: 1. Bulgaria 2. Czech Republic 3. Hungary 4. Latvia 5. Lithuania 6. Romania How many of the above-mentioned countries share a land border with Ukraine?","Only two","Only three","Only four","Only five","A","* Bulgaria does not share a land border with Ukraine. It is located to the south of Romania and is separated from Ukraine by Romania. * The Czech Republic is located to the west of Ukraine and does not share a land border with it. * **Hungary** shares a land border with Ukraine to the west. * Latvia is located to the north of Ukraine and does not share a land border with it. * Lithuania is located to the north of Ukraine and does not share a land border with it. * **Romania** shares a land border with Ukraine to the south. * Only two of the above-mentioned countries (Hungary and Romania) share a land border with Ukraine. ![Ukraine](https://d39jluplm5thpx.cloudfront.net//Ukraine_f01d3662ab.jpg)"
"7fa83779-edfb-426f-a2e9-6a30eedbcba7","2023","GS","Indian Geography","Drainage System","Indian Rivers and Lakes | Jhelum River Geography | Krishna River Drainage System | Gandak River Meandering and Oxbow Lakes | Kolleru Lake Hydrology","hard","Consider the following statements: 1. Jhelum River passes through Wular Lake. 2. Krishna River directly feeds Kolleru Lake 3. Meandering of Gandak River formed Kanwar Lake. How many of the statements given above are correct?","Only one","Only two","All three","None","A","**Statement 1 is Correct:** The Jhelum River, which originates from the Verinag Spring in the Kashmir Valley, flows through Srinagar and enters the Wular Lake before continuing its course towards Baramulla. **Statement 2 is Incorrect:** Kolleru Lake is located between the deltas of the Krishna and Godavari rivers in Andhra Pradesh. It is not directly fed by the main Krishna River; instead, it receives water from seasonal streams such as the Budameru and Tammileru, which are independent inflows and not distributaries of the Krishna or Godavari systems. **Statement 3 is Incorrect:** Kanwar Lake (also known as Kabartal) in Bihar is an oxbow lake formed by the meandering of the Burhi Gandak River. The Burhi Gandak is a separate river system that flows parallel to the main Gandak River."
"ab415bd2-988a-49f5-b7b3-ba92bc4107df","2023","GS","Indian Geography","Major Physical Divisions of India","Indian Geography: Mountain Ranges | Amarkantak Hills location and ranges | Biligirirangan Hills location and range | Seshachalam Hills location and range | Vindhya Range, Satpura Range, Sahyadri Range, Maikal Range, Eastern Ghats, Western Ghats","medium","Consider the following statements: 1. Amarkantak Hills are at the confluence of Vindhya and Sahyadri Ranges. 2. Biligirirangan Hills constitute the easternmost part of Satpura Range. 3. Seshachalam Hills Constitute the southernmost part of Western Ghats. How many of the statements given above the correct?","Only one","Only two","All three","None","D","* **Statement 1 is incorrect**: Amarkantak is a pilgrim town in Anuppur, Madhya Pradesh. Amarkantak Hills is the meeting point of the **Vindhya**, **Satpura**, and **Maikal** Ranges. It is also the origin of the **Narmada**, **Son**, and **Johilla** Rivers. * **Statement 2 is incorrect:** The Billigirirangan Hills, also known as BR Hills, are not a part of the Satpura range. It is a hill range situated in south-western **Karnataka**, at its border with Tamil Nadu (Erode District). The area is called Biligiri Ranganatha Swamy Temple Wildlife Sanctuary or simply BRT Wildlife Sanctuary. * **Statement 3 is incorrect:** The Seshachalam Hills, also known as Tirumala Hills, are not a part of the Western Ghats. Seshachalam Hills are hilly ranges part of the **Eastern Ghats** in southern Andhra Pradesh. The Seshachalam hill ranges are predominantly present in Tirupati district of the **Rayalaseema region** in Andhra Pradesh."
"8edbb25b-40de-4cf4-9bd1-b781e5a0737c","2023","GS","Indian Geography","Mineral Resource","India uranium deposits and electricity production | Uranium enrichment levels for nuclear power | Indian energy resources and electricity generation mix | Nuclear power in India | Coal based power plants in India","medium","Consider the following statements: Statement-I: India, despite having uranium deposits, depends on coal for most of its electricity production. Statement-II: Uranium, enriched to the extent of at least 60% is required for the production of electricity. Which one of the following is correct in respect of the above statements?","Both Statement-I and Statement-II are correct and Statement-II is the correct explanation for Statement-I","Both Statement-I and Statement-II are correct and Statement-II is not the correct explanation for Statement-I","Statement-I is correct but Statement-II is incorrect","Statement-I is incorrect but Statement-II is correct","C","**The Assertion is Correct:** India possesses domestic uranium deposits in regions such as the Singhbhum Shear Zone (Jharkhand) and the Cuddapah Basin (Andhra Pradesh). Despite these reserves, coal remains the primary source of electricity in India, accounting for over 70% of the total power generation. **The Reason is Incorrect:** Commercial electricity production does not require 60% enrichment. India's Pressurised Heavy Water Reactors (PHWRs) use natural uranium (0.7% U-235) as fuel, while Light Water Reactors (LWRs) typically use Low Enriched Uranium (LEU) enriched to 3-5%. Uranium enriched to 60% or more is classified as Highly Enriched Uranium (HEU), which is used for research reactors or naval propulsion, not standard power plants. The Reason is factually incorrect and does not explain the Assertion."
"b9eb20fb-4d63-4e66-a6e8-1399a08e5d58","2023","GS","Indian Geography","Energy Resource","Coal-based thermal power plants in India | Thermal power plant water usage | Thermal power plant ownership (public vs private) | Water stress and thermal power plants in India | Mundra Thermal Power Plant","medium","With reference to coal-based thermal power plants in India, consider the following statements : 1. None of them uses seawater. 2. None of them is set up in water-stressed district. 3. None of them is privately owned. How many of the above statements are correct?","Only one","Only two","All three","None","D","* **Statement 1 is incorrect:** The Mundra Thermal Power Plant employs a closed-cycle induced draft circulating cooling water system that utilises seawater. Seawater is drawn from the Gulf of Kutch through robust glass reinforced pipes of significant diameter. In addition, purified seawater from a reverse osmosis plant is utilised by various supplementary systems. * **Statement 2 is incorrect:** According to recent research by WRI (World Resources Institute), 40 percent of India's thermal power plants are situated in regions experiencing significant water stress. This poses a challenge as these plants rely on water for cooling purposes. The scarcity of water is already causing disruptions in electricity generation in these areas, with 14 out of India's 20 largest thermal utilities having experienced at least one shutdown between 2013 and 2016 due to water shortages. * **Statement 3 is incorrect:** India has a total of 269 Thermal Power Plants, with 138 of them being owned by the public sector and the remaining 131 owned by the private sector."
"69513424-f480-4428-95f8-06d9f52e48f7","2023","GS","World Geography","Continents","Congo Basin | Central Africa Geography | River Basins | Equatorial Africa | World Geography","medium","Which one of the following is a part of the Congo Basin?","Cameroon","Nigeria","South Sudan","Uganda","A","* The Congo Basin is a vast region in Central Africa that encompasses several countries. It is the sedimentary basin of the Congo River and is located in a region known as West Equatorial Africa. ![Congo](https://d39jluplm5thpx.cloudfront.net//Congo_7dbad9e19b.png) * The Congo Basin spans across mainly six countries Cameroon, Central African Republic, Democratic Republic of the Congo, Republic of the Congo, Equatorial Guinea, and Gabon. **Thus, Option A is correct.**"
"429e6c80-19a3-4b00-b03d-2c3e6b9cd557","2023","GS","Indian Geography","Major Physical Divisions of India","Geomorphology | Coastal Geomorphology | Sea Level Changes | Marshland Formation | Rann of Kutch","medium","Which one of the following is the best example of repeated falls in sea level, giving rise to present-day extensive marshland?","Bhitarkanika Mangroves","Marakkanam Salt Pans","Naupada Swamp","Rann of Kutch","D","* **The Rann of Kutch**, located in the Thar Desert of Gujarat, India, is a vast seasonal salt marsh. * Geological evidence suggests it was once a shallow extension of the Arabian Sea. * Over time, due to a combination of factors like tectonic plate movement and climatic changes, the sea level receded repeatedly, leaving behind saline deposits and creating the marshland we see today. * During the monsoon season, the Rann fills with water, transforming into a shallow lake, but dries up again in the summer, leaving behind a vast expanse of cracked white salt flats. * **Bhitarkanika Mangroves:** Located in Odisha, Bhitarkanika Mangroves is a protected wetland area and a UNESCO Ramsar site. It is home to saltwater crocodiles, migratory birds, and various plant species. The mangroves provide coastal protection and support local fishing communities. * **Marakkanam Salt Pans:** Marakkanam, in Tamil Nadu, is one of India's largest salt-producing regions. The salt pans are a major source of salt production, and the area also attracts migratory birds, including flamingos. * **Naupada Swamp:** Located in Andhra Pradesh, is an important wetland for migratory birds and aquatic life. The swamp supports a wide variety of wildlife, including endangered species like the smooth-coated otter."
"df565b3a-4871-4776-8313-be6b6ddc8e52","2023","GS","Indian Polity","Elections","Electoral College | President of India Election | Presidential Election | Vote Value of MLA | Indian Polity","hard","Consider the following statements in respect of election to the President of India: 1. The members nominated to either House of the Parliament or the Legislative Assemblies of States are also eligible to be included in the Electoral College. 2. Higher the number of elective Assembly seats, higher is the value of vote of each MLA of that State. 3. The value of vote of each MLA of Madhya Pradesh is greater than that of Kerala. 4. The value of vote of each MLA of Puducherry is higher than that of Arunachal Pradesh because the ratio of total population to total number of elective seats in Puducherry is greater as compared to Arunachal Pradesh How many of the above statements are correct?","Only one","Only two","Only three","All four","A","**Statement 1 is Incorrect:** The electoral college for the Presidential election consists only of the elected members of both Houses of Parliament and the elected members of the Legislative Assemblies of the States (including the National Capital Territory of Delhi and the Union Territory of Puducherry). Nominated members of either House of Parliament or State Assemblies are not eligible. Currently, the Union Territory of Jammu & Kashmir is not included in the electoral college under Article 54. **Statement 2 is Incorrect:** The value of an MLA's vote is calculated by dividing the total population of the State (based on the 1971 Census) by the total number of elected members in the Legislative Assembly, and then dividing the result by 1000. A higher number of elective seats (the denominator) does not automatically mean a higher vote value; rather, it depends on the ratio of the population to the number of seats. **Statement 3 is Incorrect:** Based on the 1971 Census data used for elections, the value of the vote of each MLA of Madhya Pradesh is 131, whereas the value of the vote of each MLA of Kerala is 152. Therefore, the value is higher for Kerala. **Statement 4 is Correct:** The value of the vote of each MLA of Puducherry (16) is higher than that of Arunachal Pradesh (8). This is because the ratio of the total population to the total number of elective seats in Puducherry is greater than the corresponding ratio in Arunachal Pradesh."
"1fa69f66-6d71-445a-8602-3ebf539d5920","2023","GS","Indian Polity","Fundamental Rights","Due Process of Law | Natural Justice | Procedural Due Process | Article 21 of the Indian Constitution | Fundamental Rights","hard","In essence, what does 'Due Process of Law' mean?","The principle of natural justice","The procedure established by law","Fair application of law","Equality before law","A","* **Option (a) is correct:** The concept of **'Due Process of Law'** primarily means that the procedure through which a person is deprived of life or liberty must be **fair, just, and reasonable**, following the **principles of natural justice**. It ensures that laws are not only enacted properly but also applied fairly and reasonably. * **Option (b) is not correct:** The phrase **'Procedure established by law'**, used in Article 21 of the Indian Constitution, refers to any procedure laid down by law, even if it is unfair. However, after the **Maneka Gandhi v. Union of India (1978)** judgment, the Supreme Court read into Article 21 the American concept of **‘Due Process of Law’**, ensuring fairness and reasonableness in both substance and procedure. * **Option (c) is not entirely correct:** While fair application of law is part of due process, the phrase ‘Due Process of Law’ has a broader meaning that encompasses **substantive fairness, procedural justice, and conformity with natural justice.** Hence, option (a) captures its essence more accurately. * **Option (d) is not correct:** Equality before law (Article 14) is a distinct constitutional principle and not equivalent to due process."
"a3b95c4a-dcb9-45da-a0df-180fe8f0742a","2023","GS","Indian Polity","Fundamental Rights","Indian Constitution | Fundamental Rights | Preventive Detention | Article 355 | Article 22 | Prevention of Terrorism Act (POTA) | Confession as Evidence","hard","Consider the following statements : 1. According to the Constitution of India, the Central Government has a duty to protect States from internal disturbances. 2. The Constitution of India exempts the States from providing legal counsel to a person being held for preventive detention. 3. According to the Prevention of Terrorism Act, 2002, confession of the accused before the police cannot be used as evidence. How many of the above statements are correct?","Only one","Only two","All three","None","B","* **Statement 1 is correct:** According to **Article 355** of the Indian Constitution, it shall be the duty of the Union to protect every State against external aggression and internal disturbance and to ensure that the government of every State is carried on in accordance with the provisions of this Constitution. * **Statement 2 is correct**: **Article 22(3)(b)** mentions that individuals detained under preventive detention laws are not initially entitled to consult or be defended by a legal practitioner until the grounds of detention are disclosed to them. Although the constitution allows for exceptions in preventive detention cases, it does not prohibit state governments from providing legal counsel to the detained person. The state has the discretion to offer legal assistance if it wishes. * **Statement 3 is incorrect:** Section 32(1) of **POTA 2002** allows confessions made to a police officer of at least Superintendent rank, overriding certain provisions of the Code of Criminal Procedure and the Indian Evidence Act."
"80fc0fca-3cab-4ee0-8493-d3ba64bbfb22","2023","GS","Indian Polity","Constituents of Indian Constitution","Indian Constitution | Constitutional Principles | Separation of Powers | Limited Government | Rule of Law","easy","Which one of the following statements best reflects the chief purpose of the 'Constitution' of a country?","It determines the objective for the making of necessary laws.","It enables the creation of political offices and a government.","It defines and limits the powers of government.","It secures social justice, social equality and social security.","C","* The Constitution contains the basic principles and laws of a nation that determine the powers and duties of the government. A constitution serves multiple purposes. It provides a legitimate legal and political basis for the Government to propose and enact laws, organising public service and settling disputes. * Although the Constitution determines the objectives (DPSP) for the making of necessary laws and aims to promote social, economic and political democracy, its chief purpose is to limit the power of government. In fact the Constitutional government is by definition limited government."
"bcada06f-541e-436f-a605-616c1b1ce637","2023","GS","Indian Polity","Constitutional Bodies","Constitutional Bodies in India | National Commission for Backward Classes (NCBC) | National Human Rights Commission (NHRC) | National Law Commission | National Consumer Disputes Redressal Commission (NCDRC)","easy","Consider the following organizations/bodies in India: 1. The National Commission for Backward Classes 2. The National Human Rights Commission 3. The National Law Commission 4. The National Consumer Disputes Redressal Commission How many of the above are constitutional bodies?","Only one","Only two","Only three","All four","A","* **The National Commission for Backward Classes (NCBC):** This body is a constitutional body. It was given constitutional status by the 102nd Constitutional Amendment Act, 2018, which inserted Article 338B into the Indian Constitution. * **The National Human Rights Commission (NHRC):** This body is not a constitutional body. It is a statutory body established under the Protection of Human Rights Act, 1993. * **The National Law Commission:** This body is not a constitutional body. It is an executive body established by an executive order of the Government of India. * **The National Consumer Disputes Redressal Commission (NCDRC):** This body is not a constitutional body. It is a statutory body set up under the Consumer Protection Act of 1986 (replaced by the Consumer Protection Act 2019)."
"684f3b8e-c4ee-451d-b906-21bfc089f7a5","2023","GS","Indian Polity","Parliament","Finance Bill | Money Bill | Indian Parliament | Lok Sabha | Rajya Sabha | Article 110 of the Constitution of India","hard","With reference to Finance Bill and Money Bill in the Indian Parliament consider the following statements: 1. When the Lok Sabha transmits Finance Bill to the Rajya Sabha, it can amend or reject the Bill. 2. When the Lok Sabha transmits Money Bill to the Rajya Sabha, it cannot amend or reject the Bill, it can only make recommendations. 3. In the case of disagreement between the Lok Sabha and the Rajya Sabha, there is no joint sitting for Money Bill, but a joint sitting becomes necessary for Finance Bill. How many of the above statements are correct?","Only one","Only two","All three","None","B","Statement 1 is correct: While a Finance Bill (Category I under Art 117) is introduced only in the Lok Sabha (similar to a Money Bill), it is passed according to the ordinary legislative procedure. Therefore, the Rajya Sabha has the power to reject or amend it. Statement 2 is correct: A Money Bill (Article 110) cannot be rejected or amended by the Rajya Sabha. It can only make recommendations which the Lok Sabha may accept or reject. Statement 3 is incorrect: While a Joint Sitting is not provided for Money Bills, it is available for Finance Bills. However, it is not ""necessary"" (mandatory) to hold one. Under Article 108, the President ""may"" summon a Joint Sitting to resolve the deadlock, but is not obliged to do so; the bill could simply be allowed to lapse."
"9f45b05b-5dad-4699-b69b-db3457be07bb","2023","GS","Indian Polity","Constituents of Indian Constitution","Constitutional Amendments | Fundamental Rights | Judicial Interpretation | Supreme Court | Article 15 | Article 19 | State of Madras v. Srimathi Champakam","hard","In India, which one of the following Constitutional Amendments was widely believed to be enacted to overcome the judicial interpretations of the Fundamental Rights?","1st Amendment","42nd Amendment","44th Amendment","86th Amendment","A","The First Amendment Act (1951) was enacted specifically to address judicial decisions that hindered the government's socio-economic agenda, particularly regarding land reforms and reservations. 1. **Right to Equality (Article 15):** In the case of *State of Madras v. Champakam Dorairajan (1951)*, the Supreme Court struck down a government order providing caste-based reservations in medical and engineering colleges. To overcome this, the 1st Amendment added Article 15(4), empowering the state to make special provisions for the advancement of socially and educationally backward classes. 2. **Right to Property (Articles 31A and 31B):** Judicial challenges to various Zamindari abolition laws (such as *Kameshwar Singh v. State of Bihar*) led the government to introduce Articles 31A and 31B. It also created the **Ninth Schedule** to protect specific laws from being challenged in courts on the grounds of violating Fundamental Rights. 3. **Freedom of Speech (Article 19):** Following judgments like *Romesh Thappar v. State of Madras*, which limited the state's power to curb free speech, the amendment added three new grounds of 'reasonable restrictions': public order, friendly relations with foreign states, and incitement to an offence. **Note:** While the 1st Amendment is the historically correct context for this question, UPSC dropped/deleted this specific question from the final official answer key for Prelims 2023."
"4cafea47-165b-472e-a175-574f5635743b","2023","GS","Indian Polity","Union Territories and Special Areas","Scheduled Areas | Fifth Schedule | President's Order | Governor's Report | Tribal Administration","hard","With reference to 'Scheduled Areas' in India, consider the following statements: 1. Within a State, the notification of an area as Scheduled Area takes place through an Order of the President. 2. The largest administrative unit forming the Scheduled Area is the District and the lowest is the cluster of villages in the Block. 3. The Chief Ministers of the concerned States are required to submit annual reports to the Union Home Ministry on the administration of Scheduled Areas in the States. How many of the above statements are correct?","Only one","Only two","All three","None","B","* **Statement 1 is correct:** As per **Article 244(1)** of the Constitution's **Fifth Schedule**, Scheduled Areas are areas that the President may declare to be such by order after consultation with the Governor of that State. * **Statement 2 is correct:** District is considered as the largest administrative unit which forms the Scheduled Area while the lowest administrative unit is the cluster of villages in the Block. * **Statement 3 is incorrect:** The Fifth Schedule to the Constitution of India states in para 3 that the **Governor** of each State having Scheduled Areas therein shall annually, or whenever so required by the President, make a report to the President regarding the administration of the Scheduled Areas in that State and the executive power of the Union shall extend to the giving of directions to the State as to the Administration of the said areas."
"2174550a-0841-4903-b22c-7a22fcda8257","2023","GS","Indian Polity","Laws and Legislations","Indian National Flag | Flag Code of India 2002 | National Honour | Prevention of Insults to National Honour Act 1971 | Indian Polity","hard","Consider the following statements in respect of the National Flag of India according to the Flag Code of India, 2002 : Statement-I :One of the standard sizes of the National Flag of India is 600 mm x 400 mm. Statement-II :The ratio of the length to the height (width) of the Flag shall be 3:2. Which one of the following is correct in respect of the above statements?","Both Statement-I and Statement-II are correct and Statement-II is the correct explanation for Statement-I","Both Statement-I and Statement-II are correct and Statement-II is not the correct explanation for Statement-I","Statement-I is correct but Statement-II is incorrect","Statement-I is incorrect but Statement-II is correct","D","* **Statement 1 is incorrect:** The hoisting/use/display of the Indian National Flag is governed by the Prevention of Insults to National Honour Act, 1971, and the Flag Code of India, 2002. The flag code states that the tricolour can be of nine standard dimensions however 600mm x 400mm is not one of them. * **Statement 2 is correct:** The National Flag shall be rectangular in shape and the ratio of the length to the height (width) of the Flag shall be 3:2."
"4a164217-d4c5-4eb3-8d3f-92702de3c432","2023","GS","Indian Polity","Centre-State Relations","Prison Administration in India | Prisons Act 1894 | Seventh Schedule | State List | Federalism in India","hard","Consider the following statements: Statement-I: In India, prisons are managed by State Governments with their own rules and regulations for the day-to-day administration of prisons. Statement-II: In India, prisons are governed by the Prisons Act, 1894 which expressly kept the subject of prisons in the control of Provincial Governments. Which one of the following is correct in respect of the above statements?","Both Statement-I and Statement-II are correct and Statement-II is the correct explanation for Statement-I","Both Statement-I and Statement-II are correct and Statement-II is not the correct explanation for Statement-I","Statement-I is correct but Statement-II is incorrect","Statement-I is incorrect but Statement-II is correct","A","The Prisons Act 1894 is one of the oldest pieces of legislation in India dealing with laws enacted in relation to prisons in India. * **Statement 1 is correct:** Prison is a State subject under List-II of the Seventh Schedule in the Constitution. States have the primary role, responsibility, and power to change the current prison laws, rules, and regulations. Hence it is true that prisons are managed by the state governments with their own rules and regulations. * **Statement 2 is correct:** The management and administration of Prisons falls exclusively in the domain of the State Governments and is governed by the Prisons Act, of 1894 and the Prison Manuals of the respective State Governments. * Hence it is true that the Prisons Act of 1894 kept the subject of prisons in the Provincial government (State governments) and this explains why State governments have the power to frame their own rules and regulations regarding prison management."
"f6cab058-83ee-4f23-a6aa-8db6f1e48e91","2023","GS","Indian Polity","Union Executive","President of India | Election of President | Powers of President | Supreme Court | Indian Constitution | Presidential Assent","hard","Consider the following statements: 1. If the election of the President of India is declared void by the Supreme Court of India, all acts done by him/her in the performance of duties of his/her office of President before the date of decision become invalid. 2. Election for the post of the President of India can be postponed on the ground that some Legislative Assemblies have been dissolved and elections are yet to take place. 3. When a Bill is presented to the President of India, the Constitution prescribes time limits within which he/she has to declare his/her assent. How many of the above statements are correct?","Only one","Only two","All three","None","D","* **Statement 1 is incorrect:** If the election of a person as President is declared void by the Supreme Court, acts done by him before the date of such declaration of the Supreme Court are not invalidated and **continue to remain in force**. * **Statement 2 is incorrect:** The Supreme Court in 1974 held that the dissolution of the state legislative assembly would not be a ground for preventing the holding of the election on the expiry of the term of the President. Nor can it be grounds to suggest that the election to the office of the President could be held only after the election to the state is held, where the Legislative Assembly of a State is dissolved. * **Statement 3 is incorrect:** The Constitution of India does not prescribe any time limit within which the President has to decide concerning a bill presented to him/her for his/her assent. Thus the President of India can simply keep the bills pending for an indefinite period."
"259524f0-6678-4754-bdfa-64d7d4ff9a3a","2023","GS","Indian Polity","Laws and Legislations | Elections","Indian Penal Code | Official Secrets Act, 1923 | Arms Act, 1959 | Indian Evidence Act, 1872 | Criminal Law","hard","With reference to India, Consider the following pairs: Action : The Act under which it is covered 1. Unauthorized wearing of police or military uniforms : The Official Secrets Act, 1923 2. Knowingly misleading or otherwise interfering with a police officer or military officer when engaged in their duties: The Indian Evidence Act, 1872 3. Celebratory gunfire which can endanger the personal safety of others : The Arms (Amendment) Act, 2019 How many of the above pairs are correctly matched?","Only one","Only two","All three","None","B","* **Pair 1 is correctly matched:** The Official Secrets Act, 1923 prohibits a person from using or wearing, without lawful authority, any naval, military, air force, police, or other official uniform, or any uniform so nearly resembling the same as to be calculated to deceive, or falsely represents himself to be a person who is or has been entitled to use or wear any such uniform * **Pair 2 is incorrectly matched:** It is under The Official Secrets Act, 1923, that no person in the vicinity of any prohibited place shall obstruct, knowingly mislead, or otherwise interfere with or impede, any police officer, or any member of 21 \[the Armed Forces of the Union\] engaged on guard, sentry, patrol or other similar duty in relation to the prohibited place. * **Pair 3 is correctly matched:** The Arms Act Amendment of 2019 adds news offenses such as forcefully taking a firearm from police or armed forces and using firearms in a celebratory gunfire which endangers human life or the personal safety of others."
"b91e1725-54fc-4148-a817-8497d5e420a5","2023","GS","Indian Polity","Other Constitutional Dimensions","Article 16(4) of the Indian Constitution | Reservation in India | Article 335 of the Indian Constitution | Efficiency of Administration | Supreme Court Judgments on Reservation","medium","Consider the following statements: Statement-I: The Supreme Court of India has held in some judgements that the reservation policies made under Article 16(4) of the Constitution of India would be limited by Article 335 for maintenance of efficiency of the administration. Statement-II: Article 335 of the Constitution of India defines the term 'efficiency of administration'. Which one of the following is correct in respect of the above statements?","Both Statements-I and Statement-II are correct and Statement-II is the correct explanation for Statement-I","Both Statement-I and Statement-II are correct and Statement-II is not the correct explanation for Statement-I","Statement-I is correct but Statement-II is incorrect","Statement-I is incorrect but Statement-II is correct","C","* **Statement I is correct:** It has frequently been argued that reservation is contrary to efficiency and merit. Even the Supreme Court of India appeared to have agreed with this argument in some of its judgments, holding that Article 335 mention of the term efficiency of administration will limit the scope of Article 16(4) provision for reservation in services. * **Statement II is incorrect:** Article 335 of the Constitution of India states that the claims of the members of the Scheduled Castes and the Scheduled Tribes shall be taken into consideration, consistently with the maintenance of efficiency of administration, in the making of appointments to services and posts in connection with the affairs of the Union or of a State. * Article 335 of the Indian Constitution only mentions the efficiency of administration and does not define the same."
"b4e7402c-f170-41c7-bace-d1b08135edf1","2023","GS","Indian Polity","Centre-State Relations","Home Guards | Auxiliary Force | Internal Security | Border Security Force (BSF) | State Legislation","hard","With reference to Home Guards, consider the following statements : 1. Home Guards are raised under the Home Guards act and Rules of the Central Government. 2. The role of the Home Guards is to serve as an auxiliary force to the police in maintenance of internal security. 3. To prevent infiltration on the international border/coastal areas, the Border Wing Home Guards Battalions have been raised in some States. How Many of the above statements are correct?","Only one","Only two","All three","None","B","* **Statement 1 is incorrect:** Home Guards are raised under the Home Guards Act and Rules of the States/Union Territories (not the central Government). They are recruited from all classes of people and walks of life, who give their spare time to the organisation for the betterment of the community. * **Statement 2 is correct:** The role of Home Guards is to serve as an auxiliary force to the Police in the maintenance of internal security situations, help the community in any kind of emergency such as an air raid, fire, cyclone, earthquake, epidemic, etc., help in the maintenance of essential services, promote communal harmony and assist the administration in protecting weaker sections, participate in socio-economic and welfare activities and perform Civil Defence duties. * **Statement 3 is correct:** Fifteen Border Wing Home Guards (BWHG) Battalions have been raised in the border States viz. Punjab (6 Bns.), Rajasthan ( 4 Bns.), Gujarat (2 Bns.), and one each Battalion for Meghalaya, Tripura, and West Bengal to serve as an auxiliary to Border Security Force for preventing infiltration on the international border/coastal areas, guarding of VA/VPs and lines of communication in the vulnerable area at the time of external aggression. **Therefore, only two statements are correct.**"
"fe1a19ce-a965-42a2-b282-ee7eade1c631","2023","GS","Indian Polity","Historical Background","Constitution Day | Indian Constitution | Constituent Assembly | Dr. B.R. Ambedkar | Drafting Committee","easy","Consider the following statements in respect of the Constitution Day: Statement-I: The Constitution Day is celebrated on 26th November every year to promote constitutional values among citizens Statement-II: On 26th November, 1949, the Constituent Assembly of India set up a Drafting Committee under the Chairmanship of Dr. B. R. Ambedkar to prepare a Draft Constitution of India. Which one of the following is correct in respect of the above statements?","Both Statement-I and Statement-II are correct and Statement-II is the correct explanation for Statement-I","Both Statement-I and Statement-II are correct and Statement-II is not the correct explanation for Statement-I","Statement-I is correct but Statement-II is incorrect","Statement-I is incorrect but Statement-II is correct","C","* **Statement 1 is correct:** In India, the Constitution Day is celebrated in India on 26 November every year to commemorate the adoption of the Constitution of India and also it was celebrated to promote constitutional values among the citizens of India. * **Statement 2 is incorrect:** On 29 August 1947, the Constituent Assembly set up a Drafting Committee under the Chairmanship of Dr. B.R. Ambedkar, to prepare a Draft Constitution for India. On 26 November 1949, the Constituent Assembly of India adopted the Constitution of India, and it came into effect on 26 January 1950."
"0130173e-8904-4d29-99a0-6725d7d2e905","2023","GS","International Relations","","Military Coups | Political Instability | Africa | International Relations | Geopolitics","medium","In the recent years Chad, Guinea, Mali and Sudan caught the international attention for which one of the following reasons common to all of them?","Discovery of rich deposits of rare earth elements","Establishment of Chinese Military bases","Southward expansion of Sahara Desert","Successful coups","D","* Successful Coups There have been several military coups in these countries in recent years - Chad (2021) - Guinea (2021) - Mali (2020, 2021) - Sudan (2019) * Military coups often lead to political instability, international concern about human rights, and potential disruption to trade and regional security. ![Sahara](https://d39jluplm5thpx.cloudfront.net//Sahara_and_Sahel_7a129b9eda.png)"
"f29c349e-dbc7-41b9-923c-39bfcf3dec03","2023","GS","International Relations","Regional Groupings","International Relations | EU-US Relations | Trade and Technology Council | Technological Cooperation | Global Governance","medium","Consider the following statements: Statement-I: Recently, the United States of America (USA) and the European Union (EU) have launched the 'Trade and Technology Council'. Statement-II: The USA and the EU claim that through this they are trying to bring technological progress and physical productivity under their control. Which one of the following is correct in respect of the above statements?","Both Statement-I and Statement-II are correct and Statement-II is the correct explanation for Statement-I","Both Statement-I and Statement-II are correct and Statement-II is not the correct explanation for Statement-I","Statement-I is correct but Statement-II is incorrect","Statement-I is incorrect but Statement-II is correct","C","The Assertion is Correct: The 'Trade and Technology Council' (TTC) was launched by the United States and the European Union during the EU-US Summit in Brussels on June 15, 2021. The Reason is Incorrect: The USA and EU do not aim to bring technological progress and physical productivity under their control; instead, the TTC aims to foster cooperation on digital transformation, supply chain resilience, and shared democratic values. Since the Reason is incorrect, it does not serve as an explanation for the Assertion."
"acfc03f8-f285-4bef-a35a-2e69d66ebb52","2023","GS","International Relations","Basics of International Relations","International Conflicts | Geopolitical Hotspots | Regional Disputes | Current Affairs | International Relations","medium","Consider the following pairs : Regions : often Reason for being in news 1. North Kivu and Ituri : War between Armenia and Azerbaijan 2. Nagorno-Karabakh : Insurgency in Mozambique 3. Kherson and Zaporizhzhia : Dispute between Israel and Lebanon How many of the above pairs are correctly matched ?","Only one","Only Two","All three","None","D","**None of the pairs (1, 2, or 3) are correctly matched.** Let's break it down: 1. North Kivu and Ituri: This region in the Democratic Republic of Congo experiences conflict, but is not related to the war between Armenia and Azerbaijan. 2. Nagorno-Karabakh: This enclave is disputed between Armenia and Azerbaijan, but the insurgency is happening in Mozambique. 3. Kherson and Zaporizhzhia: These are currently under heavy fighting in the Russia-Ukraine war, not a dispute between Israel and Lebanon. ![Places In News](https://d39jluplm5thpx.cloudfront.net//Places_in_News_Tigray_aac76c124e.png)"
"df8990e9-45c6-4ab6-b48d-8c1c60def5ba","2023","GS","International Relations","The United Nations | India and its Neighbourhood Relations | Multilateral Groupings","UNOPS | Sustainable Investments in Infrastructure and Innovation (S3i) | Infrastructure Development | Affordable Housing | Renewable Energy | Health Infrastructure | Mass Rapid Transport","hard","Consider the following infrastructure sectors: 1. Affordable housing 2. Mass rapid transport 3. Health care 4. Renewable energy On how many of the above does UNOPS Sustainable Investments in Infrastructure and Innovation (S3i) initiative focus for its investments?","Only one","Only two","Only three","All four","C","**Statement 1 is Correct:** Affordable housing is one of the three primary focus areas of the UNOPS S3i initiative, aimed at addressing the global shortage of high-quality, sustainable housing. **Statement 2 is Incorrect:** Mass rapid transport is not included in the specific investment mandate of the S3i initiative, which focuses exclusively on housing, energy, and health infrastructure. **Statement 3 is Correct:** Health care (specifically health infrastructure) is a core focus area for S3i to improve access to essential medical services in underserved regions. **Statement 4 is Correct:** Renewable energy is a key focus area for S3i, supporting the global transition to clean energy and climate-resilient infrastructure. **SK Tip:** The UNOPS S3i initiative has a strictly defined mandate focusing on only three sectors: Affordable Housing, Renewable Energy, and Health Infrastructure. While other sectors like transport are vital for the SDGs, they do not fall under the S3i investment umbrella."
"e54905ca-9a84-4738-b44b-715991c581bd","2023","GS","International Relations","India and West Asia Relations","Israel-Arab Relations | Arab Peace Initiative | Middle East Diplomacy | International Relations | Peace Treaties","medium","Consider the following statements: Statement-I :Israel has established diplomatic relations with some Arab States. Statement-II :The 'Arab Peace Initiative' Mediated by Saudi Arabia was signed by Israel and Arab League. Which one of the following is correct in respect of the above statements?","Both Statement-I and Statement-II are correct and Statement- II is the correct explanation for Statement-I","Both Statement-I and Statement-II are correct and Statement- II is not the correct explanation for Statement-I","Statement-I is correct but Statement-II is incorrect","Statement-I is incorrect but Statement-II is correct","C","* **Statement I is correct:** Several Arab states, including Egypt, Jordan, United Arab Emirates, Bahrain, Morocco, and Sudan, have established diplomatic relations with Israel. * **Statement II is incorrect:** The Arab Peace Initiative, mediated by Saudi Arabia, was endorsed by the Arab League but not signed by Israel. It outlines a path towards peace in exchange for Israeli concessions, but Israel has not formally accepted all its terms."
"21315770-7e8c-43b8-b0d8-0d95667fce26","2023","GS","International Relations","The United Nations","Global Compact for Safe, Orderly and Regular Migration (GCM) | International Migration | United Nations (UN) | International Relations | International Law","medium","Consider the following statement : 1. Recently, all the countries of the United Nations have adopted the first-ever compact for international migration, the 'Global Compact for Safe, Orderly and Regular Migration (GCM)'. 2. The objectives and commitments stated in the GCM are binding on the UN member countries. 3. The GCM addresses internal migration or internally displaced people also in its objectives and commitments. How many of the above statements are correct?","Only one","Only two","All three","None","D","* **Statement 1 is incorrect:** So far only 163 countries have adopted the Global Compact for Safe, Orderly and Regular Migration (GCM), the United States, Hungary, Israel, Czech Republic and Poland are some of the countries that voted against the compact. * **Statement 2 is incorrect:** The GCM is not legally binding on UN member countries. It's a non-legally binding framework for cooperation. * **Statement 3 is incorrect:** The GCM primarily focuses on international migration, not internal displacement."
"2105be16-1820-4780-b53c-667b8846d922","2023","GS","International Relations","India and its Neighbourhood Relations","International Conflicts | Geopolitics | Current Affairs | Regional Conflicts | Ukraine | Myanmar | Ethiopia","hard","Consider the following pairs : Area of conflict mentioned in news Country where it is located 1. Donbas : Syria 2. Kachin : Ethiopia 3. Tigray : North Yemen How many of the above pairs are correctly matched?","Only one","Only two","All three","None","D","**Pair 1 is Incorrect:** Donbas is a historical and industrial region in eastern Ukraine, comprising the Donetsk and Luhansk oblasts. It has been a primary theater of conflict between Ukrainian forces and Russian-backed separatists/Russian forces. **Pair 2 is Incorrect:** Kachin State is the northernmost state of Myanmar. It has been the site of long-standing conflict between the Myanmar military and the Kachin Independence Army (KIA) seeking ethnic autonomy. **Pair 3 is Incorrect:** Tigray is the northernmost region of Ethiopia. Since 2020, it has been the center of a major civil conflict involving the Ethiopian federal government, the Tigray People's Liberation Front (TPLF), and neighboring Eritrea."
"6dbad459-acb7-4c51-8b3a-c94394031220","2023","GS","International Relations","Basics of International Relations","Civil War | Food Security | Famine | Somalia | International Relations","medium","Which one of the following countries has been suffering from decades of civil strife and food shortages and was in news in the recent past for its very severe famine?","Angola","Costa Rica","Ecuador","Somalia","D","* Somalia has been experiencing civil war and instability since the early 1990s. This ongoing conflict has severely disrupted agricultural production, trade, and basic services, leading to food insecurity. * Somalia is one of the countries most vulnerable to food insecurity due to a combination of factors like drought, conflict, and poverty. * Somalia has faced several severe famines in recent decades, with the most recent one occurring in 2020-2021. The UN warned it was on the brink of ""famine of unparalleled proportions"" due to a perfect storm of drought, locust infestations, and economic hardship."
"7d4975a4-a30a-4026-a96a-16f9aa000b33","2023","GS","International Relations","Regional Groupings","European Union | Stability and Growth Pact | Fiscal Policy | Budget Deficit | International Organizations","hard","Consider the following statements : The 'Stability and Growth Pact' of the European Union is a treaty that 1. limits the levels of the budgetary deficit of the countries of the European Union 2. makes the countries of the European Union to share their infrastructure facilities 3. enables the countries of the European Union to share their technologies How many of the above statements are correct?","Only one","Only two","All three","None","A","* The Stability and Growth Pact (SGP) is an agreement, among all of the 27 member states of the European Union, to facilitate and maintain the economic stability of the EU countries.The European Commission and the Council of the European Union, monitors the fiscal condition of EU member countries from time to time to ensure their fiscal stability. * **Statement 1 is correct**: It is true that SGP aims to level the budget deficits of European countries. The corrective arm of the Stability and Growth Pact ensures that Member States adopt appropriate policy responses to correct excessive deficits (and/or debts) by implementing the Excessive Deficit Procedure (EDP). Also the SGP requires the EU Member States to lay out their fiscal plans for the next three years to limit their budget deficits. * **Statement 2 and 3 are incorrect:** The SGP treaty does not require its members to share their infrastructure facilities nor their technologies with other countries. The purpose of the SGP was to ensure that fiscal discipline would be maintained and enforced in the European Union."
"8d39a4d8-b698-4170-b104-d88bb6fd42c0","2023","GS","International Relations","Multilateral Groupings","G20 | International Organizations | Global Economic Issues | India's G20 Presidency | Digital Public Infrastructure","medium","Consider the following statements about G-20: 1. The G-20 group was originally established as a platform for the Finance Ministers and Central Bank Governors to discuss the international economic and financial issues. 2. Digital public infrastructure is one of India's G-20 priorities. Which of the statements given above is/are correct?","1 only","2 only","Both 1 and 2","Neither 1 nor 2","C","* Both statements about the G-20 are correct * **Statement 1 is correct:** The G-20 originated as a forum for Finance Ministers and Central Bank Governors to address global economic and financial issues. It has since expanded its focus to other areas of international cooperation. * **Statement 2 is correct:** India, as the chair of the G-20 in 2023, prioritised digital public infrastructure as one of its key areas of focus. This included discussions on promoting responsible use of artificial intelligence, bridging the digital divide, and fostering inclusive growth through digitalization."
"d8e8345b-ac01-46bf-9266-82c5a481b4d9","2023","GS","Medieval History","Hoysalas | Kakatiyas | Chalukyas","Medieval Indian History | Dynasties of South India | Dynasties of North India | Chronology of Indian Dynasties | Early Medieval Period","hard","Consider the following dynasties: 1. Hoysala 2. Gahadavala 3. Kakatiya 4. Yadava How many of the above dynasties established their kingdoms in early eighth century AD?","Only one","Only two","Only three","None","D","None of the listed dynasties established their kingdoms in the early eighth century AD (701-800 AD). 1. Hoysala - 1006 AD 2. Gahadavala - 1026 AD 3. Kakatiya - 1000 AD (established as a sub-feudatory, declared independence around the 10th century) 4. Yadava - 850 AD (although some sources suggest a later date) Even the earliest of these estimates (Yadava dynasty) falls outside the early eighth-century range. **Please note:** Early eighth century AD refers to the beginning of the medieval period. At that time, there were 3 major dynasties that established their empires in India - Palas, Pratiharas, Rashtrakutas."
"11e58fc5-a97c-473a-80a2-93c3fa0fa37b","2023","GS","Medieval History","Mughal Rule","Medieval Gujarat | Gujarat Sultanate | Portuguese Colonialism in India | Diu | Bahadur Shah","medium","Who among the following rulers of medieval Gujarat surrendered Diu to Portuguese?","Ahmad Shah","Mahmud Begarha","Bahadur Shah","Muhammad Shah","C","* The ruler of medieval Gujarat who surrendered Diu to the Portuguese was Sultan Bahadur Shah. Diu was an important port city strategically located on the western coast of India, and its surrender to the Portuguese in 1535 marked a significant event in the history of Portuguese colonial expansion in India. * This was done to seek Portuguese military assistance against his rival Humayun, the Mughal emperor. As a result, the Portuguese established a strong foothold in Diu, turning it into a significant strategic and trading post."
"ce766618-ff64-43c5-8b55-300085af47d7","2023","GS","Medieval History","The Deccan Kingdoms","Vijayanagara Empire | Devaraya I | Tungabhadra River | Irrigation Systems | Medieval Indian History","easy","Who among the following rulers of Vijayanagara Empire constructed a large dam across Tungabhadra River and a canal-cum-aqueduct several kilometres long from the river to the capital city?","Devaraya I","Mallikarjuna","Vira Vijaya","Virupaksha","A","* **Devaraya I**, around 1410 A.D., got a barrage constructed across the Tungabhadra river and commissioned a 24 km long aqueduct from the Tungabhadra river to the capital. * The account provided by **Nuniz** gives details of the projects undertaken by Deva Raya I that brought prosperity to the Kingdom. **Hence option (a) is the correct answer.**"
"adf764cb-f7e1-4219-a3f5-c65e81dc551d","2023","GS","Modern History","National Movement Before Gandhi","National Handloom Day | Swadeshi Movement | Indian National Movement | Partition of Bengal | Modern Indian History","medium","Consider the following statements : Statement-I: 7th August is declared as the National Handloom Day. Statement-II: It was in 1905 that the Swadeshi Movement was launched on the same day. Which one of the following is correct in respect of the above statements?","Both Statement-I and Statement-II are correct and Statement-II is the correct explanation for Statement-I","Both Statement-I and Statement-II are correct and Statement-II is not the correct explanation for Statement-I","Statement-I is correct but Statement-II is incorrect","Statement-I is incorrect but Statement-II is correct","A","* **Statement 1 is correct** The National Handloom Day is observed annually on 7th August to honour the handloom weavers in the country and also highlight India's handloom industry. The first National Handloom Day was held on 7th August 2015. * **Statement 2 is correct** August 7 was chosen as the National Handloom Day to commemorate the Swadeshi Movement which was launched on August 7 in 1905 in Calcutta Town Hall to protest against the partition of Bengal by the British Government. The Swadeshi movement had aimed at reviving domestic products and production processes. **Hence Statement 2 is the correct explanation of Statement 1.**"
"d9b8a87f-34ec-4e3e-97bd-c35e33a1394b","2023","GS","Modern History","Evaluation of British Policies in India","British Colonial Archaeology in India | Archaeological Survey of India | History of Archaeology in India | Colonial Period in India | Indian History","medium","With reference to the Indian History, Alexander Rea, A. H. Longhurst, Robert Sewell, James Burgess and Walter Elliot were associated with","Archaeological excavations","Establishment of English Press in Colonial India","Establishment of Churches in Princely States","Construction of railways in Colonial India","A","* **Alexander Rea (1858-1924)** was a British archaeologist who worked mainly in South British India. He is known for unearthing a sarcophagus from the hillocks of Pallavaram in Tamil Nadu. * **Albert Henry Longhurst (1876-1955)** was a British archaeologist and art historian, working in India and Ceylon. From 1927 to 1931 he was in-charge of the systematic digging of Nagarjunakonda. * **Robert Sewell (1845-1925)** worked in the civil service of the Madras Presidency during the period of colonial rule in India. Sewell undertook archaeological work at the Buddhist stupa at Amaravati, which had already been largely destroyed prior to his arrival. The site had previously been surveyed by Colin Mackenzie and Walter Elliot (1803-1887) * **James Burgess (1832-1916)**, was the founder of the Indian Antiquary in 1872 and an important archaeologist of British India in the 19th century. From 1886-89 he was Director General, Archaeological Survey of India. * **Walter Elliot (1803-1887)**, visited the Amaravati site in 1854, collecting sculpture panels that later became crucial for understanding South Indian Buddhist art."
"538b6a13-7ace-48d5-ab88-5e13bd8dabf3","2023","GS","Modern History","Legal Developments","Charter Act of 1833 | British India | Governor General of India | Centralization of Power | British Administration in India","easy","By which one of the following Acts was the Governor General of Bengal designated as the Governor General of India?","The Regulating Act","The Pitt's India Act","The Charter Act of 1793","The Charter Act of 1833","D","* The Charter Act of 1833 was the final step towards centralisation in British India. * It made the Governor-General of Bengal as the **Governor-General of India** and vested in him all civil and military powers. The act created, for the first time, the Government of India having authority over the entire territorial area possessed by the British in India. * **Lord William Bentick** was the first Governor-General of India. * It deprived the Governor of Bombay and Madras of their legislative powers. The Governor-General of India was given **exclusive legislative powers** for the entire British India. **Hence option (D) is the correct answer.**"
"92de6090-6fa5-45d2-bae5-bf8eb30e82cf","2023","GS","Science & Technology","Life Sciences","Microbiology | Extremophiles | Thermophiles | Psychrophiles | Acidophiles","easy","Consider the following statements: 1. Some microorganisms can grow in environments with temperature above the boiling point of water. 2. Some microorganisms can grow in environments with temperature below the freezing point of water. 3. Some microorganisms can grow in highly acidic environment with a pH below 3. How many of the above statements are correct?","Only one","Only two","All three","None","C","**Statement 1 is Correct:** Hyperthermophiles are microorganisms that can thrive in temperatures above 100°C (the boiling point of water). For example, *Pyrolobus fumarii* is an archaeon that lives in hydrothermal vents at temperatures up to 113°C. **Statement 2 is Correct:** Psychrophiles (or cryophiles) are extremophilic organisms capable of growth and reproduction in cold temperatures, often ranging from -20°C to +10°C, which is below the freezing point of water (0°C). **Statement 3 is Correct:** Acidophiles are microorganisms that thrive in highly acidic environments. Extreme acidophiles, such as *Picrophilus oshimae*, can grow optimally at pH levels below 3, with some species surviving at pH levels near 0."
"1bac0e70-05a4-4a68-97e5-8eb3df4d9f5e","2023","GS","Science & Technology","Space Technology","Satellite Navigation Systems | Global Positioning System (GPS) | GLONASS | Galileo | BeiDou | NavIC | QZSS","easy","Which one of the following countries has its own Satellite Navigation System?","Australia","Canada","Israel","Japan","D","* Satellite navigation is based on the use of range measurements between navigational satellites and the user. Information about the satellite's coordinates is given to the user through a navigation signal. Range measurements are based on the calculation of the receiving signal time delay compared with the signals generated by the user equipment. * Currently, there are four global systems viz., GPS from the USA, GLONASS from Russia, Galileo from the European Union, and BeiDou from China. In addition, there are two regional systems viz., NavIC from India and QZSS from Japan. * Global navigation system caters to the users in the entire world, whereas the regional navigation system caters to the users in the limited service area. **Hence, option (D) is the correct answer.**"
"b4e28838-249b-4cc3-8300-033864e83fa7","2023","GS","Science & Technology","Biotechnology","Metagenomics | Environmental Genomics | eDNA | DNA Sampling | Aerial Sampling","medium","Aerial metagenomics' best refers to which one of the following situations?","Collecting DNA samples from air in a habitat at one go","Understanding the genetic makeup of avian species of a habitat","Using air-borne devices to collect blood samples from moving animals","Sending drones to inaccessible areas to collect plant and animal samples from land surfaces and water bodies","A","Aerial metagenomics refers to the scientific technique of collecting and analyzing DNA samples directly from the air to identify the biological community present in a habitat. * **Metagenomics:** This is the study of genetic material (genomes) recovered directly from environmental samples (like soil, water, or air). It bypasses the need for isolating and culturing individual species in a lab. * **Environmental DNA (e-DNA):** Organisms shed DNA into their surroundings through various means such as breath, skin, fur, or waste. This genetic material found in the environment is known as e-DNA. * **Aerial Sampling:** In 'Aerial' metagenomics, researchers use specialized filters or vacuum systems to capture this e-DNA from the air. This allows for the simultaneous monitoring of multiple species (animals, plants, fungi, and microbes) in a specific area at one go, providing a non-invasive way to track biodiversity. **Hence, option A is correct.**"
"c6822c2a-4453-404f-95af-a9c18390229d","2023","GS","Science & Technology","","Astronomy | Stars | Neutron Stars | Cepheids | Nebulae","medium","Consider the following pairs : Objects in space: Description 1. Cepheids: Giant clouds of dust and gas in space 2. Nebulae: Stars which brighten and dim periodically 3. Pulsars: Neutron stars that are formed when massive stars run out of fuel and collapse How many of the above pairs are correctly matched?","Only one","Only two","All three","None","A","* **Pair 1 is incorrect:** Cepheids are actually stars that brighten and dim periodically, not giant clouds of dust and gas. * **Pair 2 is incorrect:** Nebulae are giant clouds of dust and gas in space, not stars that brighten and dim periodically. **Thus, the first two pairs are reversed.** * **Pair 3 is correct:** Pulsars are rapidly rotating neutron stars that are formed when massive stars exhaust their fuel and collapse. * **So out of the 3 pairs given, only 1 pair (pair 3) is correctly matched.**"
"bdc75fca-292f-4fc5-b8bf-0215a75b061a","2023","GS","Science & Technology","Biotechnology","Microsatellite DNA | Short Tandem Repeats (STRs) | Genetic Diversity | Population Structure | Evolutionary Relationships","hard","'Microsatellite DNA' is used in the case of which one of the following?","Studying the evolutionary relationships among various species of fauna","Stimulating 'stem cells' to transform into diverse functional tissues","Promoting clonal propagation of horticultural plants","Assessing the efficacy of drugs by conducting series of drug trials in a population","A","* Microsatellite DNA, also known as short tandem repeats (STRs), are highly polymorphic DNA sequences that are widely used in the case of studying the evolutionary relationships among various species of fauna. * Microsatellite DNA analysis is a powerful tool for studying genetic diversity, population structure, and evolutionary relationships among different species of animals. * The variations in the number of repeated DNA sequences in microsatellites can provide insights into the genetic similarities and differences between species, which can be used to infer their evolutionary relationships."
"02359ed4-e5c5-4a3b-a3d4-fd450edb4f8e","2023","GS","Science & Technology","Life Sciences","Wolbachia | Mosquito-borne diseases | Dengue fever | Biological control | Vector control","hard","'Wolbachia method' is sometimes talked about with reference to which one of the following?","Controlling the viral diseases spread by mosquitoes","Converting crop residues into packing material","Producing biodegradable plastics","Producing biochar from thermochemical conversion of biomass","A","The Wolbachia method is a biological method that utilises the Wolbachia bacteria to control the spread of mosquito-borne diseases, particularly dengue fever. * Wolbachia naturally infects some insect species, but not Aedes aegypti mosquitoes, the primary vector for dengue fever transmission. Scientists introduce Wolbachia into Aedes aegypti populations. Wolbachia reduces the ability of these mosquitoes to transmit dengue virus. * As Wolbachia spreads through the mosquito population, it can significantly reduce the incidence of dengue fever. * This method offers a natural and sustainable approach to controlling dengue fever, a major public health concern in tropical and subtropical regions."
"f9bd1685-8db7-4524-988d-f25cbeb0a1cd","2023","GS","Science & Technology","Emerging Technologies","Accelerometer | Sensors | Smartphone Technology | Car Safety Features | Laptop Hardware","hard","Consider the following actions: 1. Detection of car crash/collision which results in the deployment of airbags almost instantaneously 2. Detection of accidental free fall of a laptop towards the ground which results in the immediate turning off of the hard drive 3. Detection of the tilt of the smartphone which results in the rotation of display between portrait and landscape mode In how many of the above actions is the function of accelerometer required?","Only one","Only two","All three","None","C","* **Car Crash Detection and Airbag Deployment:** Modern cars use accelerometers as part of a complex system to detect rapid deceleration that can indicate a crash. The accelerometer data, along with other sensors, triggers the airbag deployment almost instantaneously. * **Laptop Fall Detection and Hard Drive Shut Off:** Some laptops use accelerometers to detect a sudden fall or impact. This can trigger the hard drive heads to retract or park, protecting the drive from potential damage. * **Smartphone Tilt Detection and Display Rotation:** Accelerometers are widely used in smartphones to detect orientation changes (tilt). This allows the device to automatically switch the display between portrait and landscape mode depending on how you hold the phone. * In all these scenarios, the accelerometer detects changes in acceleration or tilt, which is then used by the system to perform the specific action. **Therefore, all three statements are correct.**"
"948550fb-b475-47e0-b68c-f24cf5ecdea1","2023","GS","Science & Technology","Life Sciences","Mushrooms | Fungi | Medicinal Properties | Psychoactive Properties | Bioluminescent Organisms","easy","Consider the following statements: 1. Some mushrooms have medicinal properties. 2. Some mushrooms have psychoactive properties. 3. Some mushrooms have insecticidal properties. 4. Some mushrooms have bioluminescent properties. How many of the above statements are correct?","Only one","Only two","Only three","All four","D","**All four statements are correct.** * Medicinal mushrooms: Certain mushroom species have been used in traditional medicine for centuries and are still being studied for their potential health benefits. Examples include reishi mushrooms (Ganoderma lucidum) for immune system support and lion's mane mushrooms (Hericium erinaceus) for cognitive function. * Psychoactive mushrooms: Some mushrooms contain psilocybin, a naturally occurring psychoactive compound that can induce hallucinations. These are commonly referred to as ""magic mushrooms"" or psilocybin mushrooms. * Insecticidal mushrooms: Some mushroom species produce natural compounds that can repel or even kill insects. These compounds act as a defence mechanism for the mushrooms against insect pests. * Bioluminescent mushrooms: A less common but fascinating property, bioluminescence, is found in some mushroom species. These mushrooms can produce and emit light, creating a glowing effect."
"959d9755-a600-4349-a79e-26242572de07","2023","GS","Science & Technology","Defence Technology","Ballistic Missiles | Cruise Missiles | Missile Technology | Agni-V | BrahMos","easy","Consider the following statements: 1. Ballistic missiles are jet-propelled at subsonic speeds throughout their flights, while cruise missiles are rocket-powered only in the initial phase of flight. 2. Agni-V is a medium-range supersonic cruise missile, while BrahMos is a solid-fuelled intercontinental ballistic missile. Which of the statements given above is/are correct?","1 Only","2 Only","Both 1 and 2","Neither 1 nor 2","D","**Statement 1 is Incorrect:** Ballistic missiles are rocket-powered and follow a high, arcing trajectory, reaching supersonic speeds. In contrast, cruise missiles are jet-propelled, fly at lower altitudes, and can be subsonic, supersonic, or hypersonic. The statement incorrectly swaps their propulsion characteristics. **Statement 2 is Incorrect:** Agni-V is a solid-fuelled Intercontinental Ballistic Missile (ICBM) with a range of over 5,000 km. BrahMos is a supersonic cruise missile developed jointly by India and Russia. The statement incorrectly swaps the types of these two missiles."
"0ca621e1-3138-4c5e-b670-fd56b28abaf0","2023","GS","Science & Technology","Emerging Technologies","Carbon Fiber | Material Science | Composite Materials | Recycling Technologies | Sustainable Manufacturing","medium","Consider the following statements: 1. Carbon fibres are used in the manufacture of components used in automobiles and aircrafts. 2. Carbon fibres once used cannot be recycled. Which of the statements given above is/are correct?","1 only","2 only","Both 1 and 2","Neither 1 nor 2","A","* Carbon fibres are highly valued for their unique properties like strength, lightness, and stiffness. They are widely used in the manufacturing of various components in automobiles and aircraft to reduce weight and improve performance. * Carbon Fiber Recycling: While traditional carbon fibre recycling methods were limited, advancements are being made in this field. Here are some possibilities 1. **Mechanical recycling** - This process breaks down carbon fibres into smaller pieces for use in applications where their original form is not necessary. 2. **Chemical recycling** -This method dissolves the resin holding the fibres together, potentially allowing the extraction of reusable carbon fibres. 3. **Thermal recycling** - High temperatures are used to convert the resin into usable materials while recovering the carbon fibres. * These recycling technologies are still evolving, but they offer a more sustainable approach to using carbon fibres. **Hence, statement 2 is incorrect.**"
"be4de7bb-58ee-45b3-bcc6-6b55ac472018","2023","GS","Social Issues & Schemes","Related to Human Development and Dignity","Public Health System in India | Curative Care | Preventive Care | Promotive Care | Rehabilitative Care | Decentralized Healthcare | State Government Role in Healthcare","hard","Consider the following statements : Statement-I :India's public sector health care system largely focuses on curative care with limited preventive, promotive and rehabilitative care. Statement-II: Under India's decentralized approach to health care delivery, the States are primarily responsible for organizing health services. Which one of the following is correct in respect of the above statements?","Both Statement-I and Statement-II are correct and Statement-II is the correct explanation for Statement-I","Both Statement-I and Statement-II are correct and Statement-II is not the correct explanation for Statement-I","Statement-I is correct but Statement-II is incorrect","Statement-I is incorrect but Statement-II is correct","B","**Statement-I is Correct:** India's public healthcare system has historically prioritized curative care through hospital-based services, while preventive, promotive, and rehabilitative services (such as early screening, health education, and post-treatment recovery) receive significantly less budgetary and structural emphasis. **Statement-II is Correct:** Under the Seventh Schedule of the Indian Constitution, 'Public health and sanitation; hospitals and dispensaries' are listed under the State List (Entry 6). This decentralized framework makes State governments primarily responsible for the organization and delivery of health services. **Relationship:** While both statements are factually accurate, Statement-II describes the administrative and constitutional division of power, which does not serve as the reason for the curative-heavy nature of the system described in Statement-I. The focus on curative care is a result of historical policy choices, infrastructure development patterns, and funding models rather than the fact that States manage the services. Therefore, Statement-II is not the correct explanation for Statement-I."
"b09728ca-dfa0-4dfb-818f-1817328824df","2023","GS","Social Issues & Schemes","Health and Welfare","Janani Suraksha Yojana | Maternal Health | Neonatal Mortality | Institutional Delivery | National Rural Health Mission (NRHM)","medium","Consider the following statements in relation to Janani Suraksha Yojana: 1. It is safe motherhood intervention of the State Health Departments. 2. Its objective is to reduce maternal and neonatal mortality among poor pregnant women. 3. It aims to promote institutional delivery among poor pregnant women. 4. Its objective includes providing public health facilities to sick infants up to one year of age. How many of the statements given above are correct?","Only one","Only two","Only three","All four","B","Statement 1 is incorrect: Janani Suraksha Yojana (JSY) is a 100% Centrally Sponsored Scheme under the National Health Mission (NHM). It is a central intervention implemented by states, not an intervention of the State Health Departments. Statement 2 is correct: The primary objective is to reduce maternal and neonatal mortality by encouraging safe, institutional births. Statement 3 is correct: The scheme provides a cash incentive to mothers to promote institutional delivery, particularly among those from BPL, SC, and ST households. Statement 4 is incorrect: While care for sick infants is a priority under the National Health Mission, the provision of free facilities for sick infants up to one year of age is specifically a feature of the Janani Shishu Suraksha Karyakram (JSSK) launched in 2011. JSY, launched in 2005, is primarily a conditional cash transfer scheme for delivery."
"f39904b7-84b5-4db9-bb89-5da36009017a","2023","GS","Social Issues & Schemes","Health and Welfare | Types of Schemes","Anaemia Mukt Bharat Strategy | Nutritional Anemia | Iron Folic Acid Supplementation | Delayed Cord Clamping | Deworming | National Deworming Day (NDD)","medium","Consider the following statements in the context of interventions being undertaken under Anaemia Mukt Bharat Strategy: 1. It provides prophylactic calcium supplementation for pre-school children, adolescents and pregnant women. 2. It runs a campaign for delayed cord clamping at the time of child-birth. 3. It provides for periodic deworming to children and adolescents. 4. It addresses non-nutritional causes of anaemia in endemic pockets with special focus on malaria, hemoglobinopathies and fluorosis. How many of the statements given above are correct?","Only one","Only two","Only three","All four","C","* **Statement 1 is incorrect**: Prophylactic Iron Folic Acid supplementation (not Prophylactic calcium) given to children, adolescents, women of reproductive age and pregnant women, irrespective of anaemia is a key continued intervention. * **Statement 2 is correct:** Promotion and monitoring of delayed clamping of the umbilical cord for at least 3 minutes (or until cord pulsations cease) for newborns across all health facilities will be carried out for improving the infants iron reserves up to 6 months after birth. Simultaneously, all birth attendants should make an effort to ensure early initiation of breastfeeding within 1 hour of birth. * **Statement 3 is correct:** The Anaemia Mukt Bharat, also integrates deworming of women of reproductive age and for pregnant women as part of the NDD strategy. Bi-annual mass deworming for children in the age groups between 1-19 years is carried out on designated dates 10th February and 10th August every year under National Deworming Day (NDD) programme. * **Statement 4 is correct:** The Anaemia Mukt Bharat strategy attempts to intensify awareness and integrate screening and treatment for non-nutritional causes of anaemia with special focus on malaria, haemoglobinopathies and fluorosis."