ID,Year,Paper,Subject,Topics,Tags,Difficulty,Question,Option_A,Option_B,Option_C,Option_D,Correct_Answer,Explanation
"7cbe8494-5a15-4aac-9037-5085026459be","2024","GS","Ancient History","Pre-Historic Time","Ancient India | Archaeological Sites | Chalcolithic Period | Megalithic Sites | Buddhist Monuments","hard","Consider the following information: | Archaeological Site | State | Description | |---|---|---| | 1. Chandraketugarh | Odisha | Trading Port town | | 2. Inamgaon | Maharashtra | Chalcolithic site | | 3. Mangadu | Kerala | Megalithic site | | 4. Salihundam | Andhra Pradesh | Rock-cut cave shrines | In which of the above rows is the given information correctly matched ?","1 and 2","2 and 3","3 and 4","1 and 4","B","* **Statement 1 is incorrect.** Chandraketugarh, located in West Bengal, not Odisha, was an ancient port city known for its extensive trade networks. * **Statement 2 is correct.** Inamgaon is a well-known archaeological site in Maharashtra, providing valuable insights into the Chalcolithic period. * **Statement 3 is correct.** Kerala has numerous megalithic sites, The megalithic monuments at Mangadu consisted of 28 hard compact and unhewn laterite blocks within an area of 5 cents of land. * **Statement 4 is incorrect.** Salihundam, is a village and panchayat in Gara Mandal of Srikakulam district in Andhra Pradesh. It is a historically important Buddhist monument of ancient Kalinga, not rock-cut caves. Therefore, the correctly matched rows are 2 and 3."
"a55ab870-c4a8-4d8c-bbc7-1aabdcb9c135","2024","GS","Ancient History","Vedic Period | Janapadas and Mahajanapadas","Upanishads | Vedas | Vedanta | Puranas | Hindu Texts | Ancient Indian Literature | Religious Texts","medium","Consider the following statements: 1. There are no parables in Upanishads. 2. Upanishads were composed earlier than the Puranas. Which of the statements given above is/are correct?","1 only","2 only","Both 1 and 2","Neither 1 nor 2","B","* **Statement 1 is incorrect:** Upanishads are known for their philosophical dialogues and teachings, and they often employ allegories and parables to convey complex ideas. For example, the Chandogya Upanishad contains the well-known parable of 'Satyakama Jabala' and his search for truth. * **Statement 2 is correct:** Upanishads form the concluding part of the Vedas and are known as 'Vedanta' (the end of the Vedas). They are believed to have been composed between 800-500 BCE. Puranas, on the other hand, are a later genre of Hindu texts, composed from around the 3rd century CE onwards."
"fbdf44a3-13b8-4e4e-a0cb-ff02ced817b4","2024","GS","Ancient History","Post Mauryan Empire","Ancient India | Buddhism | Gautama Buddha | Epithets | Religious History","hard","With reference to ancient India, Gautama Buddha was generally known by which of the following epithets? 1. Nayaputta 2. Shakyamuni 3. Tathagata Select the correct answer using the code given below:","1 only","2 and 3 only","1, 2 and 3","None of the above are epithets of Gautama Buddha","B","1. **Nayaputta:** This term means 'the son of Naya' and is NOT associated with Gautama Buddha rather this epithet is used for Mahavira. 2. **Shakyamuni:** This epithet means 'Sage of the Shakya clan'. Gautama Buddha belonged to the Shakya clan, making this a correct epithet. 3. **Tathagata:** This term means 'one who has thus gone' or 'one who has thus come'. It signifies enlightenment and is a common epithet for Gautama Buddha. Therefore, statements 2 and 3 are correct."
"3c5ad26e-fcda-4caf-a464-1e12de474503","2024","GS","Art & Culture","Other Aspects of Indian Culture","UNESCO Intangible Cultural Heritage List | Intangible Cultural Heritage | Garba Dance | Gujarat Culture | Representative List of Intangible Cultural Heritage","easy","Which one of the following was the latest inclusion in the Intangible Cultural Heritage List of UNESCO ?","Chhau dance","Durga puja","Garba dance","Kumbh mela","C","**Chhau dance** - Chhau is a traditional Indian dance-drama form originating from eastern India, primarily in Odisha, Jharkhand, and West Bengal. It has three styles: **Seraikella Chhau (Jharkhand), Mayurbhanj Chhau (Odisha) and Purulia Chhau (West Bengal)**. Chhau dance got inscribed in the UNESCO Representative List of the Intangible Cultural Heritage of Humanity in the year **2010**. ![Intangible Heritage List](https://d39jluplm5thpx.cloudfront.net//unesco_cultural_heritages_9bd157fee9.png) _Please Note: Chhau is basically a mask dance. However, Mayurbhanj Chhau is the only one which is performed without a mask._ **Durga Puja (West Bengal)** - It is an annual Hindu festival particularly significant in West Bengal, Assam, Odisha, and other parts of India. Durga Puja was added to the UNESCO Representative List of the Intangible Cultural Heritage of Humanity in the year **2021.** **Garba Dance (Gujarat)** - has been inscribed in the Representative List of Intangible Cultural Heritage (ICH) of Humanity by UNESCO, under the provisions of the 2003 Convention for the Safeguarding of Intangible Cultural Heritage during the 18th meeting of the Intergovernmental Committee for the Safeguarding of the Intangible Cultural Heritage from 5th -9th December 2023 in Kasane, Botswana. **Kumbh Mela** - Kumbh Mela is a major Hindu pilgrimage and festival celebrated at four sites: Prayagraj (Uttar Pradesh), Haridwar (Uttarakhand), Ujjain (Madhya Pradesh) and Nashik (Maharashtra). The Kumbh Mela was recognized as an Intangible Cultural Heritage of Humanity in the year **2017.**"
"e43bd2f3-a2cf-49c2-b1bd-6295ba26e04d","2024","GS","Art & Culture","Indian Theatre","Ancient Indian Literature | Sanskrit Plays | Bhasa | Playwrights | Indian Theatre","hard","Which one of the following is a work attributed to playwright Bhasa?","Kavyalankara","Natyashastra","Madhyama-vyayoga","Mahabhashya","C","The correct answer is (C) Madhyama-vyayoga. Here's why: * **Bhasa** was an ancient Indian playwright believed to have predated Kalidasa. He is known for his Sanskrit plays, often characterized by their dramatic intensity and focus on emotions. * **Madhyama-vyayoga** (meaning 'The Middle One') is one of Bhasa's famous plays. It's part of a trilogy and tells a story from the Mahabharata. _Let's look at the other options:_ * **Kavyalankara** is a work on Sanskrit poetics by the renowned scholar **Bhamaha.** * **Natyashastra** is the foundational text on Indian classical dance and drama, attributed to the sage **Bharata Muni.** * **Mahabhashya** is a comprehensive commentary on the Sanskrit grammar of Patanjali, based on **Panini's Ashtadhyayi.**"
"8511ce7f-890c-46f2-944c-04468da3f60e","2024","GS","Art & Culture","Religions in India","Buddhist Literature | Buddhist Schools | Sarvastivada | Vinaya Texts | Indian Buddhist Monks","hard","Sanghabhuti, an Indian Buddhist monk, who travelled to China at the end of the fourth century AD, was the author of a commentary on :","Prajnaparamita Sutra","Visuddhimagga","Sarvastivada Vinaya","Lalitavistara","C","Sanghabhuti was a prominent Buddhist scholar known for his work on the Sarvastivada school of Buddhism, particularly their Vinaya texts. Vinaya texts focus on monastic rules and discipline. He traveled to China to translate these texts, making them accessible to Chinese Buddhists. **Let's look at the other options:** * **Prajnaparamita Sutra:** These sutras are central to Mahayana Buddhism and focus on the concept of 'emptiness' (sunyata). While important, they are not primarily associated with Sanghabhuti's work. * **Visuddhimagga:** This text, meaning 'Path of Purification,' is a comprehensive Theravada Buddhist treatise written by Buddhaghosa, not Sanghabhuti. * **Lalitavistara:** This Mahayana sutra narrates the life of the Buddha and is not directly linked to Sanghabhuti's scholarship."
"c1761894-9fb6-4908-ab4a-63e27c829227","2024","GS","Art & Culture","Other Aspects of Indian Culture","UNESCO World Heritage Sites | Indian World Heritage Sites | Shantiniketan | Rani-ki-Vav | Hoysala Architecture","medium","Consider the following properties included in the World Heritage List released by UNESCO: 1. Shantiniketan 2. Rani-ki-Vav 3. Sacred Ensembles of the Hoysalas 4. Mahabodhi Temple Complex at Bodhgaya How many of the above properties were included in 2023?","Only one","Only two","Only three","All four","B","Out of the four sites listed, two were included in the World Heritage List (WHS) in 2023: Shantiniketan and Sacred Ensembles of the Hoysalas. While Rani-ki-Vav was added to the WHS list in 2014 and the Mahabodhi Temple Complex at Bodhgaya in 2002. * **Shantiniketan:** It was founded by Rabindranath Tagore's father, **Maharshi Debendranath Tagore**, in 1863 as a spiritual retreat. Shantiniketan was further expanded by **Rabindranath Tagore** into **Visva-Bharati University** in 1921, emphasizing the fusion of traditional Indian and modern Western education. * **Rani ki Vav:** It was built in the 11th century CE by **Queen Udayamati** of the **Solanki dynasty** in Patan, Gujarat, as a memorial to her husband, King Bhimdev I. It is an exceptional example of stepwell design. * **Sacred Ensembles of Hoysalas:** These were built during the 12th-13th centuries CE under the patronage of the Hoysala dynasty, centered in Karnataka. Hoysala temples are characterized by **star-shaped platforms (jagatis).** Some of the renowned temples are **Chennakeshava Temple** (Belur), **Hoysaleswara Temple** (Halebidu), and **Keshava Temple** (Somanathapura). * **Mahabodhi Temple Complex at Bodhgaya:** It was built during the reign of **Emperor Ashoka** in the 3rd century BCE at the site where **Gautama Buddha** attained **enlightenment** under the Bodhi tree."
"0fe70d89-4e4c-4d99-b7a4-d709f476bfb0","2024","GS","Economy","Finance and Financial Markets","Money Market | Collateral Borrowing and Lending Obligations (CBLO) | Short-Term Liquidity Management | Financial Instruments | Indian Economy","easy","With reference to the Indian economy, ""Collateral Borrowing and Lending Obligations"" are the instruments of :","Bond market","Forex market","Money market","Stock market","C","* **Collateral Borrowing and Lending Obligations (CBLO)** are instruments of the: C. Money market * CBLO is a **money market instrument** that facilitates borrowing and lending operations on a **collateralized basis**. It is used by banks, financial institutions, and other entities to manage their short-term liquidity requirements."
"c03c3a4a-bb96-474d-990a-17088c3a3835","2024","GS","Economy","Finance and Financial Markets","Financial Instruments | Exchange-Traded Funds (ETFs) | Currency Swap | Derivatives | Financial Markets","easy","Consider the following: 1. Exchange-Traded Funds (ETF) 2. Motor vehicles 3. Currency swap Which of the above is/are considered financial instruments?","1 only","2 and 3 only","1, 2 and 3","1 and 3 only","D","* **Exchange-Traded Funds (ETFs)**: ETFs are baskets of securities (like stocks) that are traded on stock exchanges, similar to individual stocks. They represent a financial instrument. * **Motor vehicles**: Motor vehicles are tangible assets, not financial instruments. Financial instruments represent claims to assets or cash flows. * **Currency swap**: A currency swap is a derivative contract where two parties exchange principal and interest payments in different currencies. It is a type of financial instrument. **Therefore, only ETFs and currency swaps are considered financial instruments.**"
"ecc95b26-f98f-4f06-92d2-b6e8e0698b6d","2024","GS","Economy","Finance and Financial Markets | Money, Banking and Monetary Policy","Non-Banking Financial Companies (NBFCs) | Liquidity Adjustment Facility (LAF) | Reserve Bank of India (RBI) | Foreign Institutional Investors (FIIs) | Government Securities (G-Secs) | Stock Exchanges | Debt Securities","hard","Consider the following statements: 1. In India, Non-Banking Financial Companies can access the Liquidity Adjustment Facility window of the Reserve Bank of India. 2. In India, Foreign Institutional Investors can hold the Government Securities (G-Secs). 3. In India, Stock Exchanges can offer separate trading platforms for debts. Which of the statements given above is/are correct?","1 and 2 only","3 only","1, 2 and 3","2 and 3 only","C","**Statement 1 is Correct:** While the Liquidity Adjustment Facility (LAF) is primarily used by Scheduled Commercial Banks, certain Non-Banking Financial Companies (NBFCs) that are registered as Primary Dealers (PDs) have direct access to the RBI's LAF window. Additionally, during periods of liquidity stress, the RBI has historically introduced special windows (such as the Special Liquidity Facility) that allow funds to be channeled to NBFCs, justifying the statement that they can access this facility. **Statement 2 is Correct:** Foreign Institutional Investors (FIIs), now categorized under the Foreign Portfolio Investor (FPI) framework, are permitted to invest in and hold Government Securities (G-Secs) and Treasury Bills. The RBI and SEBI regulate these investments through specific caps and routes like the Fully Accessible Route (FAR). **Statement 3 is Correct:** Stock exchanges in India, such as the National Stock Exchange (NSE) and Bombay Stock Exchange (BSE), provide dedicated trading platforms for debt instruments. These include segments like the Wholesale Debt Market (WDM) and the Retail Debt Market (RDM), which facilitate the trading of government securities and corporate bonds."
"124a083d-200c-4677-bfd1-1150229e1291","2024","GS","Economy","Finance and Financial Markets","Financial Markets | Debt Market | Corporate Bonds | Government Securities | Institutional Investors","easy","In India, which of the following can trade in Corporate Bonds and Government Securities? 1. Insurance Companies 2. Pension Funds 3. Retail Investors Select the correct answer using the code given below:","1 and 2 only","2 and 3 only","1 and 3 only","1, 2 and 3","D","* **Insurance Companies:** Insurance companies have large funds that they need to invest securely for long-term returns. Corporate bonds and government securities fit this investment profile. **Hence, this statement is correct.** * **Pension Funds:** Similar to insurance companies, pension funds manage retirement savings and need safe, long-term investment avenues like corporate bonds and government securities. **Hence, this statement is correct.** * **Retail Investors:** Retail investors can also invest in corporate bonds and government securities, though the process might be slightly more complex than investing in stocks. Various platforms and brokers facilitate such investments. **Hence, this statement is correct.** **Therefore, all three statements are correct.**"
"48e14e2d-1d12-42f8-81f2-cf2bf2080e9c","2024","GS","Economy","Introduction to Economics | Infrastructure and Investment Models in India | Public Finance in India | Money, Banking and Monetary Policy | Trade and External Sector","Physical Capital | Working Capital | Fixed Capital | Indian Economy | Economics","easy","With reference to physical capital in Indian economy, consider the following pairs: | Items | Category | |---------------------|--------| | 1. Farmer's plough | Working capital | | 2. Computer | Fixed capital | | 3. Yarn used by the weaver | Fixed capital | | 4. Petrol | Working capital | How many of the above pairs are correctly matched?","Only one","Only two","Only three","All four","B","* **Farmer's plough - Working capital - Incorrect**: A farmer's plough is a long-term asset used repeatedly over time, making it fixed capital. * **Computer - Fixed capital - Correct**: A computer is a long-term asset used over a period of time, making it fixed capital. * **Yarn used by the weaver - Fixed capital - Incorrect**: Yarn is consumed in the production process and needs to be replaced regularly, making it working capital. * **Petrol - Working capital - Correct**: Petrol is consumed in the production process and needs to be replenished regularly, making it working capital. **Therefore, only two pairs are correctly matched.**"
"70565170-cc53-4139-8ccd-9d4333c400bb","2024","GS","Economy","","Total Fertility Rate (TFR) | Demographic Indicators | Population Growth | Birth Rate | Reproductive Health","easy","The total fertility rate in an economy is defined as:","the number of children born per 1000 people in the population in a year.","the number of children born to a couple in their lifetime in a given population.","the birth rate minus death rate.","the average number of live births a woman would have by the end of her child-bearing age.","D","* The number of children born per 1000 people in the population in a year. This describes the **crude birth rate**, not the total fertility rate. * The number of children born to a couple in their lifetime in a given population. This is close but not quite accurate. The total fertility rate is calculated for women, not couples. * The birth rate minus death rate. This defines the rate of natural increase, which indicates population growth, not fertility. * The average number of live births a woman would have by the end of her child-bearing age. This is the correct definition of **Total Fertility Rate (TFR)**. It's a hypothetical measure assuming a woman lives through her childbearing years and experiences the age-specific fertility rates of a given period. * In simple terms, TFR tells us the average number of children a woman would have if current birth trends continued."
"25d03f87-0235-43d2-b03a-a22302d87d34","2024","GS","Economy","Money, Banking and Monetary Policy","Foreign Banks in India | Reserve Bank of India (RBI) | Banking Regulations | Minimum Capital Requirement | Board Composition","hard","With reference to the rule/rules imposed by the Reserve Bank of India while treating foreign banks, consider the following statements: 1. There is no minimum capital requirement for wholly owned banking subsidiaries in India. 2. For wholly owned banking subsidiaries in India, at least 50% of the board members should be Indian nationals. Which of the statements given above is/are correct?","1 only","2 only","Both 1 and 2","Neither 1 nor 2","D","**Statement 1 is incorrect:** Under the RBI’s 2013 Scheme for Setting up of Wholly Owned Subsidiaries (WOS), a foreign bank must have a minimum paid-up voting equity capital of ₹500 crore (₹5 billion). The claim that there is ""no minimum capital"" is factually false. **Statement 2 is incorrect:** This is the high-nuance part. The actual RBI rule states that not less than 50% of the directors should be Indian nationals/NRIs/PIOs. Because the statement in the question restricted the 50% requirement only to ""Indian nationals,"" it excluded NRIs and PIOs, making the statement legally inaccurate. Furthermore, there is a separate sub-condition that at least one-third of the directors must be Indian nationals who are specifically resident in India."
"8699fcc8-d089-44ae-a9d3-0b7defd1e4c1","2024","GS","Economy","Introduction to Economics | Services and Digital Economy | Industry and Manufacturing","Indian Economy | Sectors of Economy | Primary Sector | Secondary Sector | Tertiary Sector","medium","With reference to the sectors of the Indian economy, consider the following pairs: | Economic activity | Sector | |---------------------|--------| | 1. Storage of agricultural produce | Secondary | | 2. Dairy farm | Primary | | 3. Mineral exploration | Tertiary | | 4. Weaving cloth | Secondary | How many of the pairs given above are correctly matched?","Only one","Only two","Only three","All four","B","* **Storage of agricultural produce | Secondary (Incorrect)** - Storage is a tertiary activity. It falls under the service sector, facilitating the smooth flow of goods from producers to consumers. * **Dairy farm | Primary (Correct)** - Dairy farming involves the direct extraction of raw materials (milk) from natural resources (animals). Hence, it's a primary activity. * **Mineral exploration | Tertiary (Incorrect)** - Mineral exploration is a primary activity. It involves extracting raw materials from the earth. * **Weaving cloth | Secondary (Correct)** - Weaving cloth transforms raw materials (cotton, silk, etc.) into a finished product (cloth). This transformation signifies a secondary activity. **Therefore, only two pairs are correctly matched.**"
"4e534c78-a038-4ff7-b534-b1c5b0f6b6a7","2024","GS","Economy","International Institutions | Agriculture and Allied Activities","International Grains Council (IGC) | India's Membership in International Organizations | International Trade in Grains | Rice and Wheat Trade | Global Commodity Markets","easy","Consider the following statements : 1. India is a member of the International Grains Council. 2. A country needs to be a member of the International Grains Council for exporting or importing rice and wheat. Which of the statements given above is/are correct?","1 only","2 only","Both 1 and 2","Neither 1 nor 2","A","* **Statement 1: Correct.** India is indeed a member of the International Grains Council (IGC). * **Statement 2: Incorrect.** Membership in the IGC is not a prerequisite for engaging in the rice and wheat trade. Countries that are not members can still export and import these grains. The IGC primarily serves as a forum for intergovernmental cooperation and policy discussion on grain trade."
"11eb9f07-569b-4175-9b23-64400ac67fa0","2024","GS","Economy","Public Finance in India","US Government Debt | Treasury Bonds | Government Debt | Sovereign Debt | Faith and Credit","medium","Consider the following statements: Statement-I: If the United States of America (USA) were to default on its debt, holders of US Treasury Bonds will not be able to exercise their claims to receive payment. Statement-II : The USA Government debt is not backed by any hard assets, but only by the faith of the Government. Which one of the following is correct in respect of the above statements?","Both Statement-I and Statement-II are correct and Statement-II explains Statement-I","Both Statement-I and Statement-II are correct, but Statement-II does not explain Statement-I","Statement-I is correct, but Statement-II is incorrect","Statement-I is incorrect, but Statement-II is correct","A","* **Statement-I**: **This statement is correct.** If the United States of America (USA) were to default on its debt, holders of US Treasury Bonds would not be able to exercise their claims to receive payment. This statement is correct because, in the event of a default, the government would not be able to fulfil its debt obligations, meaning bondholders would not receive the payments they are due. * **Statement-II**: **This statement is correct.** The US government debt is not backed by any hard assets, but only by the faith of the Government. This statement is also correct. US Government debt, such as Treasury Bonds, is backed by the full faith and credit of the US Government rather than any specific physical assets. * **Statement II explains Statement I** because the faith and credit of the US Government are the guarantees behind its debt. If this faith is shaken or if the government defaults, bondholders cannot claim any specific assets to recover their investment, hence they would not receive their payments."
"23129b99-9a85-4f33-a263-553be2b2d9ce","2024","GS","Economy","Agriculture and Allied Activities","International Trade | Agricultural Imports | Genetically Modified Organisms (GMOs) | Food Safety Regulations | Genetic Engineering Appraisal Committee (GEAC)","medium","Consider the following statements: Statement-I: India does not import apples from the United States of America. Statement-II : In India, the law prohibits the import of Genetically Modified food without the approval of the competent authority. Which one of the following is correct in respect of the above statements?","Both Statement-I and Statement-II are correct and Statement-II explains Statement-I","Both Statement-I and Statement-II are correct, but Statement-II does not explain Statement-I","Statement-I is correct, but Statement-II is incorrect","Statement-I is incorrect, but Statement-II is correct","D","* **Statement I is incorrect**: India does import apples from the USA. In fact, the USA is one of the major sources of apple imports for India. * **Statement II is correct**: India has stringent regulations regarding the import of Genetically Modified (GM) food. The Genetic Engineering Appraisal Committee (GEAC) is the competent authority responsible for assessing the safety of GM crops and foods. Importing GM food without GEAC approval is illegal. * **Therefore, statement 1 is incorrect, while statement 2 is correct.**"
"eb62542b-7602-413f-b0cf-03b88315ca07","2024","GS","Economy","Finance and Financial Markets","Syndicated Lending | Loan Types | Credit Risk Management | Financial Markets | Banking and Finance","medium","Consider the following statements : Statement-I: Syndicated lending spreads the risk of borrower default across multiple lenders. Statement-II: The syndicated loan can be a fixed amount/lump sum of funds, but cannot be a credit line. Which one of the following is correct in respect of the above statements?","Both Statement-I and Statement-II are correct and Statement-II explains Statement-I","Both Statement-I and Statement-II are correct, but Statement-II does not explain Statement-I","Statement-I is correct, but Statement-II is incorrect","Statement-I is incorrect, but Statement-II is correct","C","* **Statement-I: This statement is correct**. Syndicated lending, by definition, involves multiple lenders pooling resources to provide a loan to a single borrower. This inherently distributes the risk of default, as no single lender bears the entire burden if the borrower fails to repay. * **Statement II: This statement is incorrect**. Syndicated loans can take various forms, including both fixed-amount term loans (lump sum) and revolving credit facilities (credit lines). **Therefore, the correct option is C: Statement I is correct, but Statement II is incorrect.** _Note: UPSC dropped this question from the final answer key._"
"a3e5c36b-0af3-4301-9677-45cda31f9676","2024","GS","Economy","Money, Banking and Monetary Policy","Digital Rupee | Central Bank Digital Currency (CBDC) | Reserve Bank of India (RBI) | Monetary Policy | Inflation","easy","Consider the following statements in respect of the digital rupee : 1. It is a sovereign currency issued by the Reserve Bank of India (RBI) in alignment with its monetary policy. 2. It appears as a liability on the RBI's balance sheet. 3. It is insured against inflation by its very design. 4. It is freely convertible against commercial bank money and cash. Which of the statements given above are correct?","1 and 2 only","1 and 3 only","2 and 4 only","1, 2 and 4","D","* **Statement 1 is correct**. The digital rupee, also known as the e-rupee or Central Bank Digital Currency (CBDC), is indeed a sovereign currency issued by the RBI. It's a digital representation of India's fiat currency and is part of the RBI's monetary policy toolkit. * **Statement 2 is correct**. Like physical currency, the digital rupee is a liability on the RBI's balance sheet. When you hold digital rupees, it's essentially a claim you have on the RBI, similar to holding physical banknotes. * **Statement 3 is incorrect**. The digital rupee, by itself, doesn't come with inherent inflation protection. Its value, like physical currency, is subject to inflationary pressures. The RBI manages inflation through its monetary policy measures, not through the inherent design of the digital rupee. * **Statement 4 is correct**. The digital rupee is designed to be freely convertible. This means you can easily exchange it with bank deposits (commercial bank money) and cash at a 1:1 ratio without any restrictions. **Therefore, the correct answer is (D) 1, 2 and 4.**"
"488f36d5-33a1-4dc1-b09a-5727b849fe90","2024","GS","Environment & Ecology","Environmental Pollution","Wastewater Treatment | Membrane Bioreactors (MBRs) | Environmental Engineering | Water Pollution Control | Microfiltration and Ultrafiltration","easy","""Membrane Bioreactors"" are often discussed in the context of:","Assisted reproductive technologies","Drug delivery nanotechnologies","Vaccine production technologies","Wastewater treatment technologies","D","* Membrane Bioreactors are often discussed in the context of: D. Wastewater treatment technologies. * Membrane Bioreactors (MBRs) combine a membrane process like microfiltration or ultrafiltration with a biological wastewater treatment process. * They are used to improve the quality of treated wastewater and are known for their efficiency in removing contaminants."
"28413bb6-af3e-4311-8e44-c461fc723f01","2024","GS","Environment & Ecology","Indian Biodiversity - Fauna","Animal Behaviour | Big Cat Characteristics | Lion Reproduction | Cheetah Vocalization | Territory Marking","easy","Consider the following statements : 1. Lions do not have a particular breeding season. 2. Unlike most other big cats, cheetahs do not roar. 3. Unlike male lions, male leopards do not proclaim their territory by scent marking. Which of the statements given above are correct?","1 and 2 only","2 and 3 only","1 and 3 only","1, 2 and 3","A","* **Statement 1 is correct**. Lions can breed throughout the year, but they do show some seasonal preferences depending on their location and environmental factors like rainfall. * **Statement 2 is correct.** Cheetahs have a different vocal structure compared to lions, tigers, leopards, and jaguars, preventing them from roaring. They purr, chirp, and make other bird-like sounds. * **Statement 3 is incorrect**. Both male lions and male leopards use scent marking extensively to define their territories. They spray urine and scrape the ground, leaving both olfactory and visual signals for other cats. _Therefore, only statements 1 and 2 are correct._"
"6c919d2c-5c9b-4697-b721-9403f246a4d6","2024","GS","Environment & Ecology","Ecology","Parasitoid | Insects | Arthropods | Ecology | Biodiversity","hard","Consider the following: 1. Carabid beetles 2. Centipedes 3. Flies 4. Termites 5. Wasps Parasitoid species are found in how many of the above kind of organisms?","Only two","Only three","Only four","All five","B","1. **Carabid beetles:** Many carabid beetles are predatory, and some species are known to be parasitoids, particularly of other insects. 2. **Centipedes:** Centipedes are predatory arthropods and not parasitoids. They hunt and kill their prey. 3. **Flies:** The order Diptera (flies) includes a large number of parasitoid species. For example, Tachinid flies are parasitoids of various insects. 4. **Termites:** Termites are not parasitoids. They are social insects that primarily feed on wood and other plant matter. 5. **Wasps:** The order Hymenoptera (wasps, bees, ants) has numerous parasitoid species. Many wasp species are parasitoids, laying their eggs on or in other insects. _Therefore, parasitoid species are found in Carabid beetles, Flies, and Wasps._"
"059b5fc6-e370-4fd5-8f81-a1172c9b7e71","2024","GS","Environment & Ecology","National Environmental Legislations","Wildlife Protection Act 1972 | Indian Flying Fox | Schedule V | Schedule II | Frugivore","medium","Consider the following statements: Statement-I: The Indian Flying Fox is placed under the ""vermin"" category in the Wild Life (Protection) Act, 1972. Statement-II: The Indian Flying Fox feeds on the blood of other animals. Which one of the following is correct in respect of the above statements?","Both Statement-I and Statement-II are correct and Statement-II explains Statement-I","Both Statement-I and Statement-II are correct, but Statement-II does not explain Statement-I","Statement-I is correct, Statement-II is incorrect","Statement-I is incorrect, but Statement-II is correct","C","Statement-I is incorrect: Following the Wild Life (Protection) Amendment Act, 2022, the number of schedules was reduced from six to four. Schedule V (the vermin category) was abolished. The Indian Flying Fox is currently listed under Schedule II, providing it with higher protection. It is no longer legally classified as ""vermin"" under the Act. Statement-II is incorrect: The Indian Flying Fox is one of the largest bats in the world and is a frugivore. Its diet consists of fruits (like mangoes, guavas, and figs) and nectar. It does not feed on blood; ""vampire bats"" are a different group of species found primarily in Central and South America. **Note:** None of the option is correct as both options are incorrect, UPSC dropped this question from the final answer key."
"f21e1be6-67c9-41da-abce-2767ddf1ee2e","2024","GS","Environment & Ecology","Renewable Energy","Sustainable Aviation Fuel (SAF) | Biofuel Production | Biomass Conversion | Waste Management | Renewable Energy","medium","Consider the following materials: 1. Agricultural residues 2. Corn grain 3. Wastewater treatment sludge 4. Wood mill waste Which of the above can be used as feedstock for producing Sustainable Aviation Fuel ?","1 and 2 only","3 and 4 only","1, 2, 3 and 4","1, 3 and 4 only","C","* **Agricultural residues:** These include materials like crop stalks, husks, and leaves. They are a viable source of biomass that can be converted into biofuels, including Sustainable Aviation Fuel (SAF). * **Corn grain:** Corn grain is a source of sugars that can be fermented to produce ethanol, a biofuel. While ethanol is primarily used in gasoline blends, it can also be further processed into SAF. * **Wastewater treatment sludge:** This sludge is rich in organic matter. Through processes like anaerobic digestion, it can produce biogas, which can be further converted into SAF. * **Wood mill waste:** This includes sawdust, wood chips, and bark. These lignocellulosic materials can be converted into biofuels through various thermochemical or biochemical processes, ultimately leading to SAF production. ![Feedstock](https://d39jluplm5thpx.cloudfront.net//saf_production_43eea2380d.jpeg) Therefore, all four materials can be used as feedstock for producing Sustainable Aviation Fuel."
"1b55927b-1bef-4139-ac77-965be32f36f6","2024","GS","Environment & Ecology","Contemporary Environmental Issues","Poisonous Animals | Animal Adaptations | Biodiversity | Ecology | Wildlife Conservation","easy","Consider the following: 1. Butterflies 2. Fish 3. Frogs How many of the above have poisonous species among them?","Only one","Only two","All three","None","C","* **Butterflies:** Some butterfly species, like the Monarch butterfly, are poisonous. They consume milkweed during their larval stage, which makes them toxic to predators. * **Fish:** Many fish species are poisonous, such as pufferfish, lionfish, and stonefish. They possess venom as a defense mechanism. * **Frogs:** Poison dart frogs are a well-known example of poisonous frogs. Their skin secretes toxins that can be deadly. _Therefore, all three groups have poisonous species._"
"e491b556-5e81-4819-aabd-c6ce5c6582bd","2024","GS","Environment & Ecology","Functions of Ecosystem","Pollination | Mutualism | Coevolution | Fig Wasp | Fig Tree","easy","Which one of the following shows a unique relationship with an insect that has coevolved with it and that is the only insect that can pollinate this tree?","Fig","Mahua","Sandalwood","Silk cotton","A","**Fig-Wasp Mutualism:** Figs and fig wasps share an obligate mutualistic relationship, meaning they are entirely dependent on each other for survival and reproduction. Fig wasps are the only insects that can pollinate fig trees, and fig trees are the sole source of food and shelter for developing fig wasps. **Highly Specialized Pollination:** The fig fruit (technically a syconium) has its flowers enclosed within. Female fig wasps enter the syconium through a tiny opening called the ostiole. They lay eggs inside and pollinate the flowers in the process. ![Fig-Wasp Mutualism](https://d39jluplm5thpx.cloudfront.net//fig_wasp_mutualism_37a5eafd2a.jpeg) **Coevolution:** This intricate relationship is a classic example of coevolution, where two species have evolved together over millions of years, with each species' adaptations influencing the other's. _The other options are incorrect:_ * **Mahua (B):** It is pollinated by various insects and even bats. Mahua (Madhuca indica) is found in the **dry deciduous** type of forests like the Forests of Chhattisgarh and Jharkhand. * **Sandalwood (C):** It is primarily pollinated by bees and flies. Sandalwood is a **dry deciduous** forest species native to China, India, Indonesia, Australia, and the Philippines. Sandalwood is listed as **Vulnerable** in the IUCN Red list. Sandalwood grows as a **partial or hemiparasite,** relying on the presence of four or five other trees nearby. Beneath the ground, its roots develop a **haustorium,** an octopus-like structure that attaches to the host tree's roots, drawing water and nutrients from them. * **Silk cotton (D):** It is pollinated by bats and birds. The **Silk Cotton Tree** is a tropical **deciduous tree** native to the Indian subcontinent and other parts of Southeast Asia. It produces a capsule that, when ripe, contains white fibres like cotton."
"6db0fce0-0e13-45bf-80f1-788396b68488","2024","GS","Environment & Ecology","Environmental Pollution","PFAS | Perfluoroalkyl and Polyfluoroalkyl Substances | Environmental Pollution | Bioaccumulation | Persistent Organic Pollutants","easy","With reference to perfluoroalkyl and polyfluoroalkyl substances (PFAS) that are used in making many consumer products, consider the following statements : 1. PFAS are found to be widespread in drinking water, food and food packaging materials. 2. PFAS are not easily degraded in the environment. 3. Persistent exposure to PFAS can lead to bioaccumulation in animal bodies. Which of the statements given above are correct?","1 and 2 only","2 and 3 only","1 and 3 only","1, 2 and 3","D","* **Statement 1 is Correct.** PFAS are used in a wide range of consumer products, and due to their persistence, they can leach into the environment and contaminate water sources, food, and packaging materials. * **Statement 2 is Correct.** PFAS are known as 'forever chemicals' because the strong carbon-fluorine bond makes them highly resistant to natural degradation processes. This persistence leads to their accumulation in the environment. * **Statement 3 is Correct.** Because PFAS don't break down easily, they can build up in the tissues of animals and humans over time, leading to potential health concerns. ![PFAS](https://d39jluplm5thpx.cloudfront.net//pfas_products_3012eaeeda.jpeg) _Therefore, all three statements are correct._"
"92d7a14a-f56d-433b-824d-60c4835baa29","2024","GS","Environment & Ecology","Climate Change Mitigation | Contemporary Environmental Issues","Tropical Peatlands | Carbon Sink | Climate Change | Congo Basin | Environmental Degradation","medium","One of the following regions has the world's largest tropical peatland, which holds about three years worth of global carbon emissions from fossil fuels; and the possible destruction of which can exert detrimental effect on the global climate. Which one of the following denotes that region?","Amazon Basin","Congo Basin","Kikori Basin","Rio de la Plata Basin","B","The **Congo Basin** is home to the **Cuvette Centrale**, which is the world's largest tropical peatland complex. Spanning the Republic of Congo and the Democratic Republic of Congo, this peatland covers about 145,000 square kilometres and stores approximately 30 billion tonnes of carbon—a value roughly equivalent to three years of global fossil fuel emissions. The protection of this region is highlighted by the **Brazzaville Declaration (2018)**, signed by the Republic of Congo, the Democratic Republic of Congo, and Indonesia, to prevent land-use changes and drainage that would release this stored carbon and exacerbate global climate change."
"2ad6db68-9b95-4f9a-a2d5-9031d0e0be76","2024","GS","Environment & Ecology","Climate Change","Greenhouse Effect | Atmospheric Radiation | Insolation | Terrestrial Radiation | Greenhouse Gases","easy","Consider the following statements: Statement-I: The atmosphere is heated more by incoming solar radiation than by terrestrial radiation. Statement-II: Carbon dioxide and other greenhouse gases in the atmosphere are good absorbers of long wave radiation. Which one of the following is correct in respect of the above statements?","Both Statement-I and Statement-II are correct and Statement-II explains Statement-I","Both Statement-I and Statement-II are correct, but Statement-II does not explain Statement-I","Statement-I is correct, but Statement-II is incorrect","Statement-I is incorrect, but Statement-II is correct","D","**Statement 1 is incorrect.** Insolation reaches the earth's surface in short waves and heat is radiated from the earth in long waves, Hence energy leaving the earth's surface i.e. terrestrial radiation heats up the atmosphere more than the incoming solar radiation i.e. insolation. ![Insolation](https://d39jluplm5thpx.cloudfront.net//heat_budget_of_earth_594783a4ea.jpeg) **Statement 2 is correct.** Greenhouse gases in the atmosphere (such as water vapour and carbon dioxide) absorb most of the Earth's emitted longwave infrared radiation, which heats the lower atmosphere."
"efed3e90-cf27-49a7-8059-cc24fc796f71","2024","GS","Environment & Ecology","Indian Biodiversity - Fauna","Insects | Entomology | Animal Classification | Biodiversity | Ecology","medium","The organisms ""Cicada, Froghopper and Pond skater"" are:","Birds","Fish","Insects","Reptiles","C","* **Cicada:** Known for their loud buzzing sounds, cicadas are insects. * **Froghopper:** Also known as spittlebugs, they are small, jumping insects. * **Pond Skater:** These insects are known for their ability to walk on the surface of water. All three organisms are classified as insects."
"c7bdb2e6-9a20-4061-b6ea-9ffe0859d64c","2024","GS","Environment & Ecology","Environmental Pollution","Environmental Pollution | Waste Management | Biodegradable Materials | Plastic Pollution | Chewing Gum","medium","Consider the following statements : Statement-I: Many chewing gums found in the market are considered a source of environmental pollution. Statement-II: Many chewing gums contain plastic as gum base. Which one of the following is correct in respect of the above statements?","Both Statement-I and Statement-II are correct and Statement-II explains Statement-I","Both Statement-I and Statement-II are correct, but Statement-II does not explain Statement-I","Statement-I is correct, but Statement-II is incorrect","Statement-I is incorrect, but Statement-II is correct","A","**Statement-I: Correct.** Chewing gums are a source of environmental pollution due to several factors: * **Non-biodegradable gum base**: Traditional chewing gums often contain polymers like polyisobutylene, polyvinyl acetate, or polyethylene, which do not decompose easily in the environment. * **Littering**: Discarded chewing gum remains on sidewalks, streets, and other public spaces, creating an eyesore and requiring significant resources for removal. **Statement-II: Correct and explains Statement-I** * The plastic-like polymers used as gum bases in many chewing gums are the primary reason they are difficult to biodegrade. These polymers contribute significantly to the environmental persistence of chewing gum litter. Therefore, the correct option is (A): Both Statement-I and Statement-II are correct and Statement-II explains Statement-I."
"6504c252-e1c8-4fbc-b62b-4e5a5bc7d060","2024","GS","Environment & Ecology","Environmental Pollution","Environmental Protection Agency (EPA) | Sulphur Dioxide (SO2) Emissions | Fossil Fuel Combustion | Power Plants | Air Pollution","easy","According to the Environmental Protection Agency (EPA), which one of the following is the largest source of sulphur dioxide emissions?","Locomotives using fossil fuels","Ships using fossil fuels","Extraction of metals from ores","Power plants using fossil fuels","D","Power plants burning fossil fuels (coal, oil, and, to a lesser extent, natural gas) are the **largest source of sulfur dioxide emissions globally**. Coal, in particular, contains high levels of sulfur, and when burned, it releases large amounts of SO₂. * **Locomotives,** especially older ones, use diesel fuel which contains sulfur. While locomotives do contribute to sulfur dioxide (SO₂) emissions, their contribution is relatively minor compared to larger industrial sources. * **Ships,** particularly large cargo vessels and tankers, often use bunker fuel, a heavy, sulfur-rich fuel oil. This contributes significantly to SO₂ emissions, particularly in maritime regions. However, they are still overshadowed by emissions from power plants * The process of **extraction of metals from ore** involves heating ores that contain sulfur compounds, releasing SO₂ into the atmosphere. However, its contribution is less than that of power plants."
"90a22cb7-ef94-4b64-8c84-4c4c55d3fbc8","2024","GS","Physical Geography","Atmosphere","Coriolis Force | Earth's Rotation | Inertial Force | Wind Velocity | Physical Geography","easy","With reference to ""Coriolis force”, which of the following statements is/are correct? 1. It increases with increase in wind velocity. 2. It is maximum at the poles and is absent at the equator. Select the answer using the code given below :","1 only","2 only","Both 1 and 2","Neither 1 nor 2","C","**Statement 1 is Correct:** The Coriolis force is directly proportional to the velocity of the moving object. Therefore, as wind velocity increases, the magnitude of the Coriolis force acting on it also increases, leading to a greater deflection. **Statement 2 is Correct:** The Coriolis force is proportional to the sine of the latitude. At the equator (0° latitude), the sine of 0° is zero, so the Coriolis force is absent. At the poles (90° latitude), the sine of 90° is 1 (maximum), making the Coriolis force strongest at these points. It is important to note that while the linear velocity of Earth's rotation is highest at the equator and zero at the poles, the Coriolis effect depends on the rotation of the coordinate system itself, which is most pronounced at the poles."
"5b6f0aeb-39d2-4190-b435-3422ce2e9696","2024","GS","World Geography","Climatic Regions of the World","Animal Geography | Wildlife Distribution | Endemic Species | World Geography | Biogeography","hard","Consider the following pairs: Country - Animal found in its natural habitat 1\. Brazil - Indri 2\. Indonesia - Elk 3\. Madagascar - Bonobo How many of the pairs given above are correctly matched ?","Only one","Only two","All three","None","D","1. Brazil - **Indri**: Indris are _lemurs_ found only in **Madagascar**, not Brazil. **So, this pair is incorrect.** 2. Indonesia - Elk: Elks are found in North America, Europe, and Asia, but not in Indonesia. **This pair is incorrect.** ![Indri - Bonobo- Elk](https://d39jluplm5thpx.cloudfront.net//Indri_c5910efc84.png) 3. Madagascar - Bonobo: Bonobos are found in the Democratic Republic of Congo, not Madagascar. This pair is also incorrect. **Therefore, none of the pairs are correctly matched.**"
"2dbad05c-ec87-43b6-9ae6-6f9b5b756b92","2024","GS","Physical Geography","Movement of Earth","Earth's Tilt | Summer Solstice | Latitude and Longitude | Daylight Hours | Solar Insolation","easy","On June 21 every year, which of the following latitude(s) experience(s) a sunlight of more than 12 hours? 1. Equator 2. Tropic of Cancer 3. Tropic of Capricorn 4. Arctic Circle Select the correct answer using the code given below :","1 only","2 only","3 and 4","2 and 4","D","**Statement 1 (Equator) is incorrect**: The Equator experiences exactly 12 hours of daylight throughout the year, as it lies midway between the poles and the sun’s rays fall almost equally throughout the year. **Statement 2 (Tropic of Cancer) is correct**: On June 21 (Summer Solstice), the Northern Hemisphere is tilted toward the Sun, and the Tropic of Cancer (23.5° N) receives the direct rays of the Sun. Hence, regions along this latitude experience more than 12 hours of daylight. **Statement 3 (Tropic of Capricorn) is incorrect**: The Tropic of Capricorn (23.5° S) lies in the Southern Hemisphere, which is tilted away from the Sun on June 21. Therefore, it experiences less than 12 hours of daylight. **Statement 4 (Arctic Circle) is correct**: On June 21, the Arctic Circle (66.5° N) experiences 24 hours of continuous daylight — known as the Midnight Sun phenomenon. **Therefore, both the Tropic of Cancer and the Arctic Circle experience more than 12 hours of daylight on June 21st.** ![Movement of Earth](https://d39jluplm5thpx.cloudfront.net//movement_of_earth_51975c8fb7.png)"
"e462a9af-477f-4fbc-8a64-5e841216d06c","2024","GS","Indian Geography","Indian Soils | Land Resource in India | Forests | Physical Setting of India | Indian Climate","Indian Geography | Flora of India | Endemic Species | Plant Origins | Agriculture in India","hard","Consider the following : 1. Cashew 2. Papaya 3. Red sanders How many of the above trees are actually native to India?","Only one","Only two","All three","None","A","* **Cashew**: Originally native to **Brazil**, cashew was brought to India by Portuguese traders in the 16th century. * **Papaya**: Papaya also originated in the **Americas**, specifically in southern Mexico and Central America. * **Red Sanders**: This tree, known for its valuable reddish wood, is **endemic to India**. It is found in the Eastern Ghats, particularly in Andhra Pradesh. **Therefore, only Red Sanders is native to India.**"
"fe9cc63d-b1c8-49ae-96db-9e441960ee96","2024","GS","Physical Geography","Atmosphere","Köppen Climate Classification | Marine West Coast Climate | Climate Characteristics | Temperature Range | Precipitation Patterns","easy","Consider the following description: 1. Annual and daily range of temperatures is low. 2. Precipitation occurs throughout the year. 3. Precipitation varies between 50 cm - 250 cm. What is this type of climate?","Equatorial climate","China type climate","Humid subtropical climate","Marine West coast climate","D","The climate described by these characteristics is most likely a Marine West Coast Climate (Cfb) according to the Köppen climate classification system. **Annual and daily range of temperatures is low**: Marine west coast climates are known for their mild temperatures year-round. The influence of the nearby ocean moderates both summer highs and winter lows, resulting in a smaller range of temperatures compared to continental climates at similar latitudes. ![Global Climate Zone](https://d39jluplm5thpx.cloudfront.net//global_climate_zone_0cb0835d38.png) **Precipitation occurs throughout the year**: These regions experience frequent precipitation due to prevailing westerly winds carrying moist air from the ocean. The cyclones associated with these winds bring rain or snowfall throughout the year. **Precipitation varies between 50 cm and 250 cm**: The amount of precipitation in marine west coast climates can vary depending on factors like latitude, topography, and proximity to the ocean. The range of 50 cm to 250 cm falls within the typical range observed in these regions."
"88176dee-746a-426a-b7d8-e4076bdd7cd7","2024","GS","Indian Geography","Transport","Greenfield Airport Projects in India | Indian Airport Infrastructure Development | Donyi Polo Airport (Itanagar) | Kushinagar International Airport | Vijayawada International Airport","hard","Consider the following airports: 1. Donyi Polo Airport 2. Kushinagar International Airport 3. Vijayawada International Airport In the recent past, which of the above have been constructed as Greenfield projects?","1 and 2 only","2 and 3 only","1 and 3 only","1, 2 and 3","A","* **Donyi Polo Airport (Itanagar, Arunachal Pradesh)**: This newly constructed airport was inaugurated in 2022. It was built on undeveloped land, making it a greenfield project. * **Kushinagar International Airport (Uttar Pradesh)**: This airport was inaugurated in 2021. It was also built as a new entity on undeveloped land, qualifying as a greenfield project. * **Vijayawada International Airport (Andhra Pradesh)**: This airport has existed for several decades. While it has undergone significant expansion and modernization, it wasn't built from scratch on undeveloped land. Therefore, it's not a greenfield project. **Therefore, only Donyi Polo Airport and Kushinagar International Airport are greenfield projects.**"
"536a6cca-8eb5-4bee-8803-ba2f3bdb0a85","2024","GS","Physical Geography","Atmosphere","Atmospheric Composition | Water Vapor | Humidity | Altitude and Humidity | Atmospheric Pressure","easy","With reference to ""water vapour"", which of the following statements is/are correct? 1. It is a gas, the amount of which decreases with altitude. 2. Its percentage is maximum at the poles. Select the answer using the code given below :","1 only","2 only","Both 1 and 2","Neither 1 nor 2","A","* **Statement 1: Correct -** Water vapour is indeed a gas, and its concentration generally decreases with altitude. This is because the air gets colder as we go higher, and colder air has a lower capacity to hold moisture. * **Statement 2: Incorrect -** The percentage of water vapour in the atmosphere is highest near the equator and decreases as we move towards the poles. This is because the tropics receive the maximum solar radiation, leading to higher temperatures and more evaporation, which in turn increases the amount of water vapour in the air."
"dab6fab5-6948-4d23-b5c6-1e5e8f8a2be1","2024","GS","World Geography","Continents","Mountain Ranges | Types of Mountains | Fold Mountains | Block Mountains | World Geography","medium","Consider the following information : | Region| Name of the mountain range| Type of mountain| |-|-|-| |1. Central Asia | Vosges | Fold mountain| |2. Europe| Alps| Block mountain| |3. North America | Appalachians | Fold mountain| |4. South America|Andes|Fold mountain| In how many of the above rows is the given information correctly matched?","Only one","Only two","Only three","All four","B","* **Central Asia - Vosges - Fold Mountain: This is incorrect.** The Vosges Mountains are located in Europe, not Central Asia. They are block mountains. * **Europe - Alps - Block Mountain: This is incorrect.** The Alps, located in Europe, are a classic example of fold mountains, formed due to the collision of the African and Eurasian tectonic plates. * **North America - Appalachians - Fold Mountain: This is correct.** The Appalachian Mountains in North America are old fold mountains. ![Mountain Ranges of the World](https://d39jluplm5thpx.cloudfront.net//mountain_ranges_b838679dbb.jpg) * **South America - Andes - Fold Mountain**: This is correct. The Andes, running along the western edge of South America, are the longest continental mountain range in the world and are fold mountains formed due to the convergence of the Nazca and South American plates. **Therefore, only two rows have the information correctly matched.**"
"56255ccb-9aef-4121-981f-b0105e1f8ee1","2024","GS","World Geography","World Economic Geography","Cocoa Production | World Geography | Agriculture | Major Cocoa Producers | Côte d'Ivoire | Ghana","medium","Which of the following countries are well known as the two largest cocoa producers in the world?","Algeria and Morocco","Botswana and Namibia","Côte d'Ivoire and Ghana","Madagascar and Mozambique","C","**The Ivory Coast and Ghana** are by far the two largest producers of cocoa, accounting for more than 50 per cent of the world's cocoa. ![Cocoa](https://d39jluplm5thpx.cloudfront.net//Cocoa_production_8f2f649b22.png) **West Africa** is home to the largest cocoa producing countries worldwide, with 3.9 million tonnes of production in 2022. In fact, there are about one million farmers in **Côte d’Ivoire** supplying cocoa to key customers such as Nestlé, Mars, and Hershey. However, the massive influence of this industry has led to significant forest loss to plant cocoa trees."
"9fee337d-1858-4429-a70f-2b9044db6e35","2024","GS","Physical Geography","Atmosphere","Troposphere | Atmospheric Layers | Convection | Heat Transfer | Equatorial Climate","easy","Consider the following statements: Statement-I: Thickness of the troposphere at the equator is much greater as compared to poles. Statement-II: At the equator, heat is transported to great heights by strong convectional currents. Which one of the following is correct in respect of the above statements?","Both Statement-I and Statement-II are correct and Statement-II explains Statement-I","Both Statement-I and Statement-II are correct, but Statement-II does not explain Statement-I","Statement-I is correct, but Statement-II is incorrect","Statement-I is incorrect, but Statement-II is correct","A","* **Statement-I: Correct** - The troposphere is thicker at the equator than at the poles. This is because the equator receives more direct sunlight, leading to warmer temperatures and greater air expansion. This expanded air results in a greater height of the troposphere. * **Statement-II: Correct** - Convection is a significant mode of heat transfer in the atmosphere. At the equator, intense solar heating causes air to rise rapidly in strong convectional currents. This rising air carries heat to higher altitudes, contributing to the vertical distribution of heat in the troposphere. * **Statement II directly explains Statement I.** The strong convectional currents mentioned in Statement II are the primary reason for the greater thickness of the troposphere at the equator, as explained in Statement I. The rising air due to convection leads to the expansion and increased height of the troposphere in equatorial regions."
"c01323f4-d7b0-445c-b04f-be71c419afdd","2024","GS","Indian Geography","Drainage System","Himalayan River Systems | Ganga River Tributaries | River Geography of India | River Ordering (West to East) | Ganga River Basin","medium","With reference to the Himalayan rivers joining the Ganga downstream of Prayagraj from West to East, which one of the following sequences is correct?","Ghaghara – Gomati – Gandak – Kosi","Gomati - Ghaghara – Gandak – Kosi","Ghaghara – Gomati – Kosi – Gandak","Gomati - Ghaghara - Kosi - Gandak","B","The correct sequence of the tributaries joining the Ganga from West to East is **Gomati - Ghaghara - Gandak - Kosi**. **Gomati:** It is a plains-fed river that originates from Gomat Taal (Fulhaar Jheel) in the Pilibhit district of Uttar Pradesh. It joins the Ganga near Varanasi. **Ghaghara:** It originates in the Mapchachungo glaciers near Mansarovar in Tibet. It flows through Nepal before joining the Ganga at Chhapra, Bihar. **Gandak:** It rises in the Nepal Himalayas between the Dhaulagiri and Mount Everest. It enters the Ganga plain in Bihar and joins the Ganga at Sonpur near Patna. **Kosi:** Known as the 'Sorrow of Bihar', it originates in the Himalayas (Tibet/Nepal) and joins the Ganga near Kursela in the Katihar district of Bihar."
"ffaf819b-00cd-4db6-8a46-f53a887384bc","2024","GS","Physical Geography","Landforms | Atmosphere","Weathering | Chemical Weathering | Physical Weathering | Rainwater Composition | Carbon Dioxide in Rainwater","medium","Consider the following statements : Statement-I: Rainfall is one of the reasons for weathering of rocks. Statement-II: Rain water contains carbon dioxide in solution. Statement-III: Rain water contains atmospheric oxygen. Which one of the following is correct in respect of the above statements?","Both Statement-II and Statement-III are correct and both of them explain Statement-I","Both Statement-II and Statement-III are correct, but only one of them explains Statement-I","Only one of the Statements II and III is correct and that explains Statement-I","Neither Statement-II nor Statement-III is correct","A","* **Statement I:** **This statement is true**. Rainfall is one of the reasons for the weathering of rocks. Rainwater can cause both physical and chemical weathering. Physical weathering occurs due to the impact of raindrops, especially during heavy downpours. Chemical weathering happens when rainwater reacts with minerals in rocks, leading to their breakdown. * **Statement-II: This statement is true.** Rainwater contains carbon dioxide in solution. Rainwater absorbs carbon dioxide from the atmosphere, forming weak carbonic acid (H2CO3). This slightly acidic nature of rainwater contributes to chemical weathering. * **Statement-III: This statement is true**. Rainwater contains atmospheric oxygen. Rainwater dissolves atmospheric gases, including oxygen. The dissolved oxygen in rainwater plays a role in the oxidation of certain minerals in rocks, which is a form of chemical weathering. Therefore, both Statement II and Statement III are correct, and both explain Statement I. Rainwater's acidity (due to dissolved carbon dioxide) and dissolved oxygen content contribute to the chemical weathering of rocks."
"7d73cc20-ff89-47a8-a42a-b580fab8106f","2024","GS","World Geography","Continents","North Sea | European Geography | Coastal Countries | Bordering Countries | Physical Geography","medium","Consider the following countries : 1. Finland 2. Germany 3. Norway 4. Russia How many of the above countries have a border with the North Sea?","Only one","Only two","Only three","All four","B","* Finland: Finland borders the Baltic Sea, not the North Sea. * Germany: Germany shares a border with the North Sea. * Norway: Norway has a long coastline along the North Sea. * Russia: Russia does not border the North Sea. * In total 7 countries border the North Sea - United Kingdom, Norway, Denmark, Germany, The Netherlands, Belgium, France. ![North Sea](https://d39jluplm5thpx.cloudfront.net//north_sea_1156b4c198.jpg) **Therefore, only Germany and Norway border the North Sea.**"
"ef35e462-8e85-43c1-958b-2860665a4c05","2024","GS","Physical Geography","Earth's Internal Structure","Volcanic Eruptions | Volcanic Products | Pyroclastic Material | Volcanic Gases | Physical Geography","easy","Consider the following: 1. Pyroclastic debris 2. Ash and dust 3. Nitrogen compounds 4. Sulphur compounds How many of the above are products of volcanic eruptions?","Only one","Only two","Only three","All four","D","**Pyroclastic debris:** This is a general term for fragmental material ejected from a volcano during an eruption. It includes ash, pumice, cinders, and volcanic bombs. **Ash and dust:** These are fine-grained particles of volcanic rock and glass that can be carried long distances by wind. ![Volcanoes](https://d39jluplm5thpx.cloudfront.net//types_of_volcanoes_bce782bc45.png) **Nitrogen compounds:** Nitrogen is a common gas released by volcanoes, and it can react with other elements in the atmosphere to form compounds such as ammonia and nitrogen oxides. **Sulphur compounds:** Sulphur dioxide (SO2) is one of the main gases released by volcanoes. It can irritate the respiratory system and contribute to acid rain. Other sulphur compounds, such as hydrogen sulphide (H2S), can also be released in smaller amounts. All of the above (1, 2, 3, and 4) are products of volcanic eruptions."
"22dbf40b-2d01-457c-9198-bb30110f2175","2024","GS","Indian Geography","Major Physical Divisions of India | Drainage System","Indian waterfalls location | Narmada River waterfalls | Subarnarekha River waterfalls | Sharavati River waterfalls (Jog Falls/Gersoppa Falls) | Chota Nagpur Plateau waterfalls","hard","Consider the following information: | Waterfall | Region | River | |--|--|--| |1. Dhuandhar | Malwa |Narmada| |2. Hundru | Chota Nagpur | Subarnarekha| |3. Gersoppa | Western Ghats | Netravati| In how many of the above rows is the given information correctly matched?","Only one","Only two","All three","None","A","* **Dhuandhar**: This waterfall is located on the Narmada River, but the region is not Malwa. It is in Madhya Pradesh Mahakoshal region. **Hence, pair 1 is incorrectly matched.** * **Hundru**: This waterfall is indeed located on the Subarnarekha River within the Chota Nagpur Plateau. **Hence, pair 2 is correctly matched.** * **Gersoppa (also known as Jog Falls)**: This waterfall is on the Sharavati River in the Western Ghats, not the Netravati River. **Hence, pair 3 is incorrectly matched.**"
"326ed2b5-98aa-46cb-a4b1-21340e898497","2024","GS","Physical Geography","Ocean","Isotherms | Temperature Distribution | Ocean Currents | Land-Water Heating Differences | January Isotherms","easy","Which of the following is/are correct inference/inferences from isothermal maps in the month of January?. 1. The isotherms deviate to the north over the ocean and to the south over the continent. 2. The presence of cold ocean currents, Gulf Stream and North Atlantic Drift make the North Atlantic Ocean colder and the isotherms bend towards the north. Select the answer using the code given below :","1 only","2 only","Both 1 and 2","Neither 1 nor 2","A","Understanding Isotherms and Their Behavior * Isotherms are lines on a map connecting points with the same temperature. * January is a winter month in the Northern Hemisphere. * Land and Water Heating Differences: Land heats up and cools down faster than water. This leads to significant temperature differences between continents and oceans in winter. **Statement 1: Correct** * In January, continents are colder than oceans in the Northern Hemisphere. * Isotherms bend northward over oceans, indicating warmer temperatures. * Isotherms bend southward over continents, indicating colder temperatures. **Statement 2: Incorrect** * The Gulf Stream and North Atlantic Drift are warm ocean currents, not cold. * These currents bring warm water from the tropics towards Europe, making the North Atlantic relatively warmer in winter. * Isotherms bend northward over the North Atlantic due to these warm currents. **Conclusion: Only statement 1 is a correct inference from isothermal maps in January.**"
"469bcd0f-57a1-4fa3-a923-7a8706247a56","2024","GS","World Geography","World Human Geography","Population Growth | Demographic Trends | Ageing Population | Low Birth Rates | World Geography","hard","Consider the following countries : 1. Italy 2. Japan 3. Nigeria 4. South Korea 5. South Africa Which of the above countries are frequently mentioned in the media for their low birth rates, or ageing population or declining population?","1, 2 and 4","1, 3 and 5","2 and 4 only","3 and 5 only","A","* **Italy and Japan** are often cited as prime examples of countries with rapidly ageing populations and **very low birth rates**. Both countries have been grappling with the economic and social consequences of these demographic trends for several years. * **South Korea** has also emerged as a country with significant demographic concerns. Its fertility rate is one of the lowest in the world, and its population is projected to start declining in the coming years. ![Fertility Rate](https://d39jluplm5thpx.cloudfront.net//Fertility_Rate_a1a3558c58.png) * Nigeria and South Africa, while facing their own set of demographic challenges, are generally not highlighted for low birth rates or declining populations. Nigeria has a very young and rapidly growing population. South Africa’s population growth has slowed in recent years, but it is not yet experiencing a decline."
"6dea43dc-0a41-4f3a-afa1-045aa82686f5","2024","GS","World Geography","World Economic Geography","International Boundaries | World Geography | Longest Border | Geopolitics | Border Disputes","easy","The longest border between any two countries in the world is between :","Canada and the United States of America","Chile and Argentina","China and India","Kazakhstan and Russian Federation","A","The border between **Canada and the United States** is the longest international border in the world, stretching approximately **8,891 kilometers (5,525 miles)**, including the border shared with Alaska. It is a peaceful boundary and includes both land and water segments. ![Border](https://d39jluplm5thpx.cloudfront.net//north_america_01a3d55d0d.jpg) **Chile and Argentina:** * **Length:** Approx. **5,308 kilometres** * This is the third-longest international border in the world and the longest in South America. * It follows the Andes mountain range for most of its length, with several high-altitude border crossings. **China and India:** * **Length:** Approx. **3,488 kilometers** * It is highly disputed in areas such as Aksai Chin and Arunachal Pradesh, leading to occasional tensions between the two nations. **Kazakhstan and Russian Federation:** * **Length:** Approx. **7,644 kilometers** * This is the second-longest international border in the world. * It is largely flat, passing through vast steppes, and is a vital region for trade and natural resources between the two countries."
"b42f3297-e97a-46e7-9095-3a97297b9763","2024","GS","World Geography","Oceans","Red Sea | Geography of Seas and Oceans | Precipitation Patterns | River Systems | Physical Geography","medium","Consider the following statements : 1. The Red Sea receives very little precipitation in any form. 2. No water enters the Red Sea from rivers. Which of the statements given above is/are correct?","1 only","2 only","Both 1 and 2","Neither 1 nor 2","C","* **Statement 1: Correct.** The Red Sea is located in a desert region with very high temperatures and low humidity. This leads to very little rainfall or any form of precipitation. * **Statement 2: Correct.** Due to its location, no major rivers are flowing into the Red Sea. The water in the Red Sea comes primarily from the inflow of saltier water from the Gulf of Aden through the Bab el-Mandeb Strait. ![Red Sea](https://d39jluplm5thpx.cloudfront.net//red_sea_fc1428275e.jpg) **Hence, both statements (1 and 2) are correct.**"
"800e5930-9bfc-403d-9580-55db22e92e04","2024","GS","World Geography","World Economic Geography","Pipeline Geography | Middle East Oil and Gas | Suez Canal Alternatives | Red Sea-Mediterranean Connection | Strategic Energy Routes","medium","Consider the following statements: Statement-I : Sumed pipeline is a strategic route for Persian Gulf oil and natural gas shipments to Europe. Statement-II : Sumed pipeline connects the Red Sea with the Mediterranean Sea. Which one of the following is correct in respect of the above statements?","Both Statement-I and Statement-II are correct and Statement-II explains Statement-I","Both Statement-I and Statement-II are correct, but Statement-II does not explain Statement-I","Statement-I is correct, but Statement-II is incorrect","Statement-I is incorrect, but Statement-II is correct","A","The Assertion (Statement-I) is Correct: The Sumed (Suez-Mediterranean) pipeline is a critical strategic route for transporting energy resources from the Persian Gulf to Europe. It serves as a vital alternative to the Suez Canal, particularly for Ultra Large Crude Carriers (ULCCs) that are too large to navigate the canal fully loaded. The Reason (Statement-II) is Correct: The pipeline physically connects the Red Sea to the Mediterranean Sea. It runs from the Ain Sokhna terminal on the Gulf of Suez to the Sidi Kerir terminal near Alexandria. Crude oil from the Persian Gulf is unloaded from tankers at the Red Sea terminal, transported through the pipeline, and then reloaded onto tankers at the Mediterranean terminal for shipment to European ports. Statement-II correctly explains Statement-I because the geographical connection between the Red Sea and the Mediterranean is the specific factor that enables the pipeline to function as a strategic transit bypass for shipments heading to Europe."
"664b3c07-9494-4b17-b51f-bff86b3a1b37","2024","GS","Indian Polity","Parliament","Parliament of India | President of India | Council of Ministers | Prorogation | Adjournment Sine Die | Dissolution of Lok Sabha","easy","With reference to the Parliament of India, consider the following statements : 1. Prorogation of a House by the President of India does not require the advice of the Council of Ministers. 2. Prorogation of a House is generally done after the House is adjourned sine die but there is no bar to the President of India prorogating the House which is in session. 3. Dissolution of the Lok Sabha is done by the President of India who, save in exceptional circumstances, does so on the advice of the Council of Ministers. Which of the statements given above is/are correct?","1 only","1 and 2","2 and 3","3 only","C","**Statement 1 is incorrect.** Under Article 85(2) of the Constitution, the President has the authority to prorogue the Houses, or either House of Parliament, from time to time. The termination of a session of the House by an order from the President under this provision is referred to as 'prorogation.' The President exercises this power of prorogation only upon the recommendation of the Prime Minister or the Cabinet, i.e., the Council of Ministers. **Statement 2 is correct.** Typically, prorogation follows adjournment sine die, but technically, the President can prorogue a House even while it is in session. **Statement 3 is correct.** The President usually dissolves the Lok Sabha based on the advice of the Council of Ministers, except in exceptional circumstances such as a vote of no confidence or other political crises."
"fac29d88-2d73-4d5f-ade9-c8f4491beebe","2024","GS","Indian Polity","Parliament","Indian Parliament | Lok Sabha | Rajya Sabha | Bill Lapsing | Dissolution of Lok Sabha | Joint Sitting","medium","With reference to the Indian Parliament, consider the following statements: 1. A bill pending in the Lok Sabha lapses on its dissolution. 2. A bill passed by the Lok Sabha and pending in the Rajya Sabha lapses on the dissolution of the Lok Sabha. 3. A bill in regard to which the President of India notified his/her intention to summon the Houses to a joint sitting lapses on the dissolution of the Lok Sabha. Which of the statements given above is/are correct?","1 only","1 and 2","2 and 3","3 only","B","* **Statement 1: Correct.** When the Lok Sabha is dissolved, any bill pending in the Lok Sabha automatically lapses. This is because the dissolution of the Lok Sabha ends its session, and all legislative business in progress becomes void. * **Statement 2: Correct.** If a bill has been passed by the Lok Sabha but is pending in the Rajya Sabha, it lapses upon the dissolution of the Lok Sabha. This is true even if the Rajya Sabha has not yet acted on the bill. * **Statement 3: Incorrect.** A bill regarding which the President has notified a joint sitting will not lapse on the dissolution of the Lok Sabha. It can be taken up in the next session after the Lok Sabha is reconstituted. A joint sitting is called only when there is a deadlock between the Lok Sabha and Rajya Sabha."
"7f1a7eed-5fb9-496d-85b8-045f031081df","2024","GS","Indian Polity","Parliament","Speaker of Lok Sabha | Removal of Speaker | Article 96 of Indian Constitution | Parliamentary Procedure | Indian Polity","easy","With reference to the Speaker of the Lok Sabha, consider the following statements : While any resolution for the removal of the Speaker of the Lok Sabha is under consideration 1. He/She shall not preside. 2. He/She shall not have the right to speak. 3. He/She shall not be entitled to vote on the resolution in the first instance. Which of the statements given above is/are correct?","1 only","1 and 2 only","2 and 3 only","1, 2 and 3","A","**Statement 1 is correct:** Under Article 96(1), the Speaker cannot preside over the House while a resolution for their removal is active, even if they are present. **Statement 2 is incorrect:** Under Article 96(2), the Speaker maintains the right to speak and participate in the proceedings of the House during the consideration of the removal resolution. **Statement 3 is incorrect:** According to Article 96(2), the Speaker is entitled to vote only in the first instance. They do not have a ""casting vote"" (the vote used to break a tie/second instance) in this specific scenario."
"92a768a2-1a54-431f-98b6-cda3d6b07f6c","2024","GS","Indian Polity","Parliament","Union Budget | Annual Financial Statement | President of India | Parliamentary Procedure | Article 112 | Article 113 | Indian Constitution","easy","With reference to Union Budget, consider the following statements : 1. The Union Finance Minister on behalf of the President lays the Annual Financial Statement before both the Houses of Parliament. 2. At the Union level, no demand for a grant can be made except on the recommendation of the President of India. Which of the statements given above is/are correct?","1 only","2 only","Both 1 and 2","Neither 1 nor 2","C","**Statement 1 is Correct:** Under Article 112, the President causes the Annual Financial Statement (Union Budget) to be laid before Parliament. In practice, the Union Finance Minister presents the Budget on behalf of the President before both Houses of Parliament. **Statement 2 is Correct:** Article 113(3) of the Constitution explicitly provides that no demand for a grant shall be made except on the recommendation of the President of India. This ensures executive control over the proposal of expenditures from the Consolidated Fund of India."
"0cc50ab5-41db-4d55-a5e6-77061de68ab1","2024","GS","Indian Polity","Supreme Court | High Court","Writs | Judicial Review | Supreme Court | High Courts | Jurisdiction","easy","A Writ of Prohibition is an order issued by the Supreme Court or High Courts to :","a government officer prohibiting him from taking a particular action.","the Parliament/Legislative Assembly to pass a law on Prohibition.","the lower court prohibiting continuation of proceedings in a case.","the Government prohibiting it from following an unconstitutional policy.","C","**Writ of Prohibition:** * It is a judicial order issued by a higher court (Supreme Court or High Court) to a lower court or tribunal. * It prevents the lower court from exceeding its jurisdiction or acting contrary to law. * **Purpose:** To stop ongoing proceedings in a case where the lower court lacks jurisdiction or violates legal procedures. * **Nature:** It is preventive, ensuring the lower court does not act unlawfully rather than correcting a wrong decision after it has occurred. * **Example:** If a tribunal starts hearing a case that legally falls under the jurisdiction of a civil court, the Writ of Prohibition can halt such proceedings. * **Comparison with Certiorari:** Prohibition is issued before judgment to stop proceedings, whereas Certiorari is issued after judgment to quash orders passed unlawfully."
"1b0a87c3-11d5-4ee8-b8a4-4499a76fe648","2024","GS","Indian Polity","Amendment of the Constitution","Indian Constitution | Article 368 | Amendment Procedure | Parliamentary Powers | Constitutional Law","easy","As per Article 368 of the Constitution of India, the Parliament may amend any provision of the Constitution by way of: 1. Addition 2. Variation 3. Repeal Select the correct answer using the code given below:","1 and 2 only","2 and 3 only","1 and 3 only","1, 2 and 3","D","Article 368 of the Indian Constitution outlines the process for amending the Constitution. It grants Parliament the authority to amend any provision of the Constitution by way of: 1. **Addition** * Parliament can add new provisions or articles to the Constitution that were not originally included. This allows the Constitution to evolve by incorporating new concepts or requirements. * **Example:** The 93rd Amendment Act, 2005 added Article 15(5), which allows for reservations in educational institutions for backward classes. 2. **Variation** * Parliament has the power to modify or alter existing provisions of the Constitution. This means changes can be made to existing articles without removing them entirely. * **Example:** The 42nd Amendment Act, 1976 altered several provisions, including changes to the Preamble and the relationship between the President and Parliament. 3. **Repeal** * Parliament can also repeal provisions of the Constitution, effectively removing them. This allows for the removal of outdated or irrelevant provisions. * **Example:** The 26th Amendment Act, 1971 abolished the privy purse that was being paid to former rulers of princely states. _Therefore, the correct answer is All of the above (1, 2, and 3)._"
"136b1a9d-ce27-4dc8-a905-91bc5d2061fa","2024","GS","Indian Polity","Other Constitutional Dimensions","Indian Constitution | Eighth Schedule | Constitutional Amendments | Language Recognition | 71st Amendment Act","medium","The Constitution (71st Amendment) Act, 1992 amends the Eighth Schedule to the Constitution to include which of the following languages? 1. Konkani 2. Manipuri 3. Nepali 4. Maithili Select the correct answer using the code given below:","1, 2 and 3","1, 2 and 4","1, 3 and 4","2, 3 and 4","A","* The 71st Amendment Act, 1992 amended the Eighth Schedule of the Indian Constitution to include Konkani, Manipuri, and Nepali languages. ![Official Languages](https://d39jluplm5thpx.cloudfront.net//official_languages_da18a5e8ac.png) * These languages were added to grant official recognition and promote their cultural and linguistic development. * **Konkani** is primarily spoken in Goa, Manipuri in Manipur, and Nepali in Sikkim and Darjeeling (West Bengal). * **Maithili**, however, was added later through the 92nd Amendment Act, 2003, along with Bodo, Dogri, and Santhali."
"532912fd-e2eb-4070-8b4a-3431d7dd553f","2024","GS","Indian Polity","Centre-State Relations | Basics of Federal System | Other Constitutional Dimensions","Indian Defence Forces | Rank Structure | Army | Navy | Air Force | Comparative Analysis","hard","Which of the following is/are correctly matched in terms of equivalent rank in the three services of Indian Defence forces? |Army | Airforce | Navy| |------- | -------- | --------| |1. Brigadier | Air Commodore| Commander| |2. Major General | Air Vice Marshal | Vice Admiral| |3. Major | Squadron Leader | Lieutenant Commander| |4. Lieutenant Colonel | Group Captain | Captain| Select the correct answer using the code given below:","1 and 4","1 and 3","2, 3 and 4","3 only","D","Pair 1 is incorrect: A Brigadier (Army) is equivalent to an Air Commodore (Air Force) and a Commodore (Navy). A Commander in the Navy is actually two ranks junior to a Brigadier. Pair 2 is incorrect: A Major General (Army) is equivalent to an Air Vice Marshal (Air Force) and a Rear Admiral (Navy). A Vice Admiral is a rank higher (equivalent to a Lieutenant General). Pair 3 is correct: A Major (Army) is equivalent to a Squadron Leader (Air Force) and a Lieutenant Commander (Navy). Pair 4 is incorrect: A Lieutenant Colonel (Army) is equivalent to a Wing Commander (Air Force) and a Commander (Navy). A Group Captain and Captain (Navy) are equivalent to a Colonel in the Army. The correct equivalent rank in the three services of Indian Defence forces are: ![Defense Rank](https://d39jluplm5thpx.cloudfront.net//rank_defence_51adab148f.png) | Indian Army | Indian Navy | Indian Air Force | | --------------- | ---------------------- | -------------------------- | | Field Marshal | Admiral of the fleet | Marshal of the Air Force | | General | Admiral | Air Chief Marshal | | Lt. General | Vice Admiral | Air Marshal | | Major General | Rear Admiral | Air Vice Marshal | | Brigadier | Commodore | Air Commodore | | Colonel | Captain | Group Captain | | Lt. Colonel | Commander | Wing Commander | | Major | Lt. Commander | Squadron Leader | | Captain | Lieutenant | Flight Lieutenant | | Lieutenant | Sub Lieutenant | Flying Officer | **Thus only pair 3 is correctly matched, hence option D is the correct answer**"
"3f68b085-f51b-4ffc-b375-142a04a9f4ce","2024","GS","Indian Polity","Inter-State Relations","North Eastern Council (NEC) | NEC Act 1971 | NEC Act Amendment 2002 | Council Members | Indian Polity","medium","The North Eastern Council (NEC) was established by the North Eastern Council Act, 1971. Subsequent to the amendment of NEC Act in 2002, the Council comprises which of the following members? 1. Governor of the Constituent State 2. Chief Minister of the Constituent State 3. Three Members to be nominated by the President of India 4. The Home Minister of India Select the correct answer using the code given below :","1, 2 and 3 only","1, 3 and 4 only","2 and 4 only","1, 2, 3 and 4","A","**Statement 1 is Correct:** According to Section 3(1) of the North Eastern Council Act, 1971, as amended by the North Eastern Council (Amendment) Act, 2002, the Governors of the constituent states (Arunachal Pradesh, Assam, Manipur, Meghalaya, Mizoram, Nagaland, Sikkim, and Tripura) are members of the Council. **Statement 2 is Correct:** Section 3(1) of the amended Act also includes the Chief Ministers of the constituent states as members of the Council. **Statement 3 is Correct:** The 2002 Amendment specifically expanded the Council's composition to include three members to be nominated by the President of India. **Statement 4 is Incorrect:** The North Eastern Council (Amendment) Act, 2002, does not include the Union Home Minister in the list of members. While the Union Home Minister was made the ex-officio Chairman of the NEC in June 2018 following a Union Cabinet decision, this was done through a Presidential nomination under the powers provided by the Act, rather than being a statutory membership requirement defined in the 2002 amendment text itself."
"6166c158-8fcb-4a36-8b5f-b096db9cf9a3","2024","GS","Indian Polity","Fundamental Rights","Right to Privacy | Fundamental Rights | Article 21 | Right to Life and Personal Liberty | Supreme Court Judgments | Justice K.S. Puttaswamy vs Union of India","easy","Under which of the following Articles of the Constitution of India, has the Supreme Court of India placed the Right to Privacy?","Article 15","Article 16","Article 19","Article 21","D","* The Supreme Court of India, in its landmark judgment in Justice K.S. Puttaswamy (Retd.) vs Union of India (2017), declared that the **Right to Privacy** is a fundamental right enshrined in the Constitution of India. * The court held that this right is protected under **Article 21 of the Constitution**, which guarantees the Right to Life and Personal Liberty. * **Article 21:** States that 'No person shall be deprived of his life or personal liberty except according to the procedure established by law.' The court interpreted 'personal liberty' broadly to include various aspects of privacy. _While the other options are fundamental rights, they are not directly where the Right to Privacy is placed:_ * **Article 15:** Prohibits discrimination on grounds of religion, race, caste, sex or place of birth. * **Article 16:** Guarantees equality of opportunity in matters of public employment. * **Article 19:** Guarantees certain freedoms like speech and expression, assembly, etc."
"835735af-1b78-46ea-8b00-777458e4a59b","2024","GS","Indian Polity","Union Executive","Chief of Defence Staff (CDS) | Department of Military Affairs | Chiefs of Staff Committee (COSC) | Defence Minister | Tri-services","medium","What are the duties of the Chief of Defence Staff (CDS) as Head of the Department of Military Affairs? 1. Permanent Chairman of Chiefs of Staff Committee 2. Exercise military command over the three Service Chiefs 3. Principal Military Advisor to Defence Minister on all tri-service matters Select the correct answer using the code given below:","1, 2 and 3","1 and 2 only","2 and 3 only","1 and 3 only","D","1. **Permanent Chairman of Chiefs of Staff Committee: This is correct**. The CDS is designated as the Permanent Chairman of the Chiefs of Staff Committee (COSC), which includes the chiefs of the Army, Navy, and Air Force. 2. **Exercise military command over the three Service Chiefs: This is incorrect.** The CDS does not have direct operational command authority over the three service chiefs. The service chiefs continue to exercise operational command over their respective services. The CDS acts as a coordinator and advisor, promoting jointness and integration among the services. 3. **Principal Military Advisor to Defence Minister on all tri-service matters: This is correct.** The CDS acts as the single-point military advisor to the Defence Minister on matters related to all three services. This ensures streamlined and integrated military advice to the political leadership. 4. **Additional Information** - The creation of the post of the Chief of Defence Staff was recommended by these committees: Group of Ministers (2001), Naresh Chandra Committee and D.B. Shekatkar Committee. **Therefore, the correct statements are 1 and 3.**"
"d1628967-547d-47b9-86d7-d8d705e9691f","2024","GS","Indian Polity","Non-Constitutional Bodies","Delimitation Commission | Indian Polity | Election Process | Parliamentary System | Representation of the People Act","easy","How many Delimitation Commissions have been constituted by the Government of India till December 2023?","One","Two","Three","Four","D","Delimitation Commissions have been constituted four times in India—in 1952, 1963, 1973, and 2002—under the Delimitation Commission Acts of 1952, 1962, 1972, and 2002. The Delimitation Commission is a high-power body appointed by the President of India that works in collaboration with the Election Commission of India. Its primary mandate is to redraw the boundaries of the various assembly and Lok Sabha constituencies based on a recent census. Key features of the Delimitation Commission: 1. **Legal Authority:** The orders of the Commission have the force of law and cannot be called into question before any court of law. 2. **Finality of Orders:** When the orders are laid before the Lok Sabha or the State Legislative Assembly, they cannot effect any modifications in the orders. 3. **Composition:** The Commission consists of three members: a retired judge of the Supreme Court (as Chairperson), the Chief Election Commissioner or an Election Commissioner nominated by them, and the State Election Commissioner of the concerned state."
"36fdc256-caac-4645-9d19-c340443a09e4","2024","GS","Indian Polity","Other Constitutional Dimensions","Scheduled Tribes | President of India | Governor | Constitutional Provisions | Article 342","medium","Consider the following statements: 1. It is the Governor of the State who recognizes and declares any community of that State as a Scheduled Tribe. 2. A community declared as a Scheduled Tribe in a State need not be so in another State. Which of the statements given above is/are correct?","1 only","2 only","Both 1 and 2","Neither 1 nor 2","B","**Statement 1 is incorrect:** The President of India, not the Governor of a State, has the power to specify a community as a Scheduled Tribe (ST) for a particular state or Union Territory. This is done through a notification in the Official Gazette, after consultation with the concerned State government. **Statement 2 is correct:** The specification of Scheduled Tribes is not uniform across the country. A community recognized as an ST in one State may not be recognized as such in another State. This is because the criteria for scheduling are based on social, educational, and economic backwardness, which can vary across regions."
"1359a375-6691-4241-ba8a-4e1eb7e17a9a","2024","GS","Indian Polity","Historical Background","Indian Constitution | Constituent Assembly | Provisional President | Dr. Rajendra Prasad | Dr. Sachchidananda Sinha","medium","Who was the Provisional President of the Constituent Assembly before Dr. Rajendra Prasad took over?","C. Rajagopalachari","Dr. B.R. Ambedkar","T.T. Krishnamachari","Dr. Sachchidananda Sinha","D","**Dr. Sachchidananda Sinha** was elected as the Provisional President of the Constituent Assembly on December 9, 1946. This was a **temporary position**. He served as the Chairman for two days, after which Dr. Rajendra Prasad was elected as the President of the Constituent Assembly on December 11, 1946. **Here's why the other options are incorrect:** * **C. Rajagopalachari:** He was the last Governor-General of India and played a significant role in the Indian independence movement. * **Dr. B.R. Ambedkar:** He was the Chairman of the Drafting Committee of the Constitution. * **T.T. Krishnamachari:** He was a prominent member of the Constituent Assembly and later served as the Finance Minister of India."
"d9a24305-2b2c-4237-8ebd-bc5900cacb30","2024","GS","Indian Polity","Centre-State Relations | Constituents of Indian Constitution","Indian Constitution | Seventh Schedule | Union List | State List | Inter-State Quarantine | Inter-State Trade and Commerce | Inter-State Migration | Corporation Tax","medium","Which one of the following statements is correct as per the Constitution of India?","Inter-State trade and commerce is a State subject under the State List.","Inter-State migration is a State subject under the State List.","Inter-State quarantine is a Union subject under the Union List.","Corporation tax is a State subject under the State List.","C","**Inter-State quarantine** falls under the purview of the **Union List (List I)** in the Seventh Schedule of the Indian Constitution. This is because matters of inter-state significance, especially those related to health and disease control, are best handled by the central government to ensure uniformity and prevent the spread of diseases across state borders. _Let's examine why the other options are incorrect:_ * **Option A is incorrect**: Inter-State trade and commerce is explicitly mentioned in the **Union List** (List I), giving the central government the power to regulate commerce that transcends state boundaries. * **Option B is incorrect** While individual states have some powers related to internal migration, Inter state migration is mentioned in the **Union List**. * **Option D is incorrect** Corporation tax, levied on the net income of companies, is a subject under the **Union List**. However, the Constitution allows for the sharing of corporation tax revenue with states. ![7th Schedule Lists](https://d39jluplm5thpx.cloudfront.net//seventh_schedule_3ac8066551.png)"
"8088228c-9937-4e5e-84e9-4ab32ba31b00","2024","GS","Indian Polity","Concept and Salient Features of the Constitution | Union and Its Territory | Constituents of Indian Constitution","Indian Constitution | Part IX A | Municipalities | Part XVIII | Emergency Provisions | Part XX | Amendment of Constitution | Article 368","medium","Which of the following statements are correct about the Constitution of India? 1. Powers of the Municipalities are given in Part IX A of the Constitution. 2. Emergency provisions are given in Part XVIII of the Constitution. 3. Provisions related to the amendment of the Constitution are given in Part XX of the Constitution Select the answer using the code given below:","1 and 2 only","2 and 3 only","1 and 3 only","1, 2 and 3","D","* **Powers of the Municipalities are given in Part IX A of the Constitution. - This statement is correct.** Part IXA of the Indian Constitution (added by the 74th Amendment Act, 1992) deals with Municipalities and provides for their powers and functions. * **Emergency provisions are given in Part XVIII of the Constitution. - This statement is correct.** Part XVIII of the Indian Constitution (Articles 352 to 360) deals with 'Emergency Provisions' outlining situations like national emergency, state emergency, and financial emergency. * **Provisions related to the amendment of the Constitution are given in Part XX of the Constitution - This statement is correct.** Part XX of the Indian Constitution contains only Article 368, which deals with the power of the Parliament to amend the Constitution and the procedure for it. _**Therefore, all three statements are correct.**_"
"f1d150a6-b5cf-4eba-934a-8c32204bc820","2024","GS","Indian Polity","Parliament","Money Bill | Parliamentary Procedure | Article 109 | Lok Sabha | Rajya Sabha | Indian Constitution","easy","Which of the following statements are correct in respect of a Money Bill in the Parliament? 1. Article 109 mentions special procedure in respect of Money Bills. 2. A Money Bill shall not be introduced in the Council of States. 3. The Rajya Sabha can either approve the Bill or suggest changes but cannot reject it. 4. Amendments to a Money Bill suggested by the Rajya Sabha have to be accepted by the Lok Sabha. Select the answer using the code given below :","1 and 2 only","2 and 3 only","1, 2 and 3","1, 3 and 4","C","* **Article 109 of the Indian Constitution** specifically deals with the special procedure for Money Bills. **(Correct)** * **Article 109(1)** states that a Money Bill shall not be introduced in the Council of States (Rajya Sabha). It can only be introduced in the Lok Sabha (House of the People). **(Correct)** * **Article 109(5)** states that the Rajya Sabha can't reject a Money Bill. It can only make recommendations within 14 days, which the Lok Sabha may or may not accept. **(Correct)** * The Lok Sabha has the ultimate power regarding Money Bills. It is not bound to accept any amendments suggested by the Rajya Sabha. **(Incorrect)** Therefore, statements 1, 2, and 3 are correct."
"87cb9191-f2f7-4576-8996-ebf49170d4bc","2024","GS","Indian Polity","Parliamentary Committees","Lok Sabha Ethics Committee | Parliamentary Committees | Ethics in Parliament | Indian Polity | Code of Conduct for MPs","medium","Which of the following statements about the Ethics Committee in the Lok Sabha are correct? 1. Initially it was an ad-hoc Committee. 2. Only a Member of the Lok Sabha can make a complaint relating to unethical conduct of a member of the Lok Sabha. 3. This Committee cannot take up any matter which is sub-judice. Select the answer using the code given below :","1 and 2 only","2 and 3 only","1 and 3 only","1, 2 and 3","C","**Statement 1 is Correct:** The Ethics Committee of the Lok Sabha was first constituted as an ad-hoc committee by the Speaker in 2000. It became a permanent standing committee of the House only in 2015. **Statement 2 is Incorrect:** Any person can make a complaint of unethical conduct against a member of the Lok Sabha. While a complaint made by an outsider must be forwarded by a member of the Lok Sabha, the initiator of the complaint does not necessarily have to be a member of the House. **Statement 3 is Correct:** According to the Rules of Procedure, the Ethics Committee cannot take up any matter that is sub-judice, meaning a matter that is currently under consideration or trial by a court of law."
"4685af47-ced9-4b33-a05f-9ceb3a88b185","2024","GS","Indian Polity","Parliament","Nari Shakti Vandan Adhiniyam | Women Reservation Bill | Reservation for Women | Scheduled Castes (SCs) | Parliamentary Legislation","easy","Consider the following statements regarding 'Nari Shakti Vandan Adhiniyam': 1. Provisions will come into effect from the 18th Lok Sabha. 2. This will be in force for 15 years after becoming an Act. 3. There are provisions for the reservation of seats for Scheduled Castes Women within the quota reserved for the Scheduled Castes. Which of the statements given above are correct?","1, 2 and 3","1 and 2 only","2 and 3 only","1 and 3 only","C","**Statement 1 is Incorrect:** According to the 106th Constitutional Amendment Act (Nari Shakti Vandan Adhiniyam), the newly inserted Article 334A specifies that the reservation will come into effect only after an exercise of delimitation is undertaken for this purpose after the relevant figures for the first census taken after the commencement of the Act have been published. Consequently, it did not apply to the 18th Lok Sabha elections. **Statement 2 is Correct:** The Act provides that the reservation of seats for women shall continue for a period of 15 years from the date of its commencement. However, the Parliament has the authority to extend this period by law. **Statement 3 is Correct:** The Act includes provisions for horizontal reservation, ensuring that one-third of the seats already reserved for Scheduled Castes (SCs) and Scheduled Tribes (STs) in the Lok Sabha and State Legislative Assemblies are reserved for women from those respective categories."
"f1b157ff-ad86-45d1-9a66-15648e7af28b","2024","GS","International Relations","India and Latin America-Caribbean Relations","Venezuela | Economic Crisis | Oil Reserves | International Relations | Latin America","medium","Consider the following statements: Statement-I: Recently, Venezuela has achieved a rapid recovery from its economic crisis and succeeded in preventing its people from fleeing/emigrating to other countries. Statement-II: Venezuela has the world's largest oil reserves. Which one of the following is correct in respect of the above statements?","Both Statement-I and Statement-II are correct and Statement-II explains Statement-I","Both Statement-I and Statement-II are correct, but Statement-II does not explain Statement-I","Statement-I is correct, but Statement-II is incorrect","Statement-I is incorrect, but Statement-II is correct","D","**Statement-I: Incorrect.** Venezuela continues to suffer from a severe economic crisis marked by hyperinflation, shortages of basic goods, and political instability. This crisis has led to a massive exodus of Venezuelans seeking better living conditions in neighboring countries and beyond. ![Oil Reserves](https://d39jluplm5thpx.cloudfront.net//countries_with_oil_reserves_029ab0f352.png) **Statement-II: Correct.** Venezuela indeed possesses the world's largest proven oil reserves, surpassing even Saudi Arabia. However, despite this vast resource wealth, economic mismanagement, corruption, and international sanctions have crippled its oil industry and hindered its ability to leverage this asset for economic recovery."
"fe004d82-fbfa-41c3-ab59-4acdfd1873bb","2024","GS","International Relations","Regional Groupings","European Union | Climate Change | Carbon Neutrality | Net-Zero Industry Act | International Environmental Policy","easy","Consider the following statements: Statement-I : The European Parliament approved The Net-Zero Industry Act recently. Statement-II: The European Union intends to achieve carbon neutrality by 2040 and therefore aims to develop all of its own clean technology by that time. Which one of the following is correct in respect of the above statements?","Both Statement-I and Statement-II are correct and Statement-II explains Statement-I","Both Statement-I and Statement-II are correct, but Statement-II does not explain Statement-I","Statement-I is correct, but Statement-II is incorrect","Statement-I is incorrect, but Statement-II is correct","C","The Assertion is Correct: The European Parliament officially approved the Net-Zero Industry Act in April 2024 to scale up the manufacturing of clean technologies within the EU. The Reason is Incorrect: The European Union's target for achieving carbon neutrality is 2050 (as per the European Climate Law), not 2040, and the Act sets a target to meet 40% of its clean technology needs by 2030 rather than developing all of its own technology by 2040. Statement-II is factually incorrect and therefore does not explain Statement-I."
"b5f1bcd0-bcae-41b2-8473-cf1ef525edf9","2024","GS","International Relations","India and its Neighbourhood Relations","Sahel Region | Political Instability | Military Coups | Security Challenges | International Relations","medium","Consider the following statements : Statement-I : There is instability and worsening security situation in the Sahel region. Statement-II: There have been military takeovers/coups d'état in several countries of the Sahel region in the recent past. Which one of the following is correct in respect of the above statements?","Both Statement-I and Statement-II are correct and Statement-I Statement-II explains","Both Statement-I and Statement-II are correct, but Statement-II does not explain Statement-I","Statement-I is correct, but Statement-II is incorrect","Statement-I is incorrect, but Statement-II is correct","A","* **Statement-I:** There is instability and worsening security situation in the Sahel region. This statement is correct as the Sahel region has been experiencing significant instability and security challenges, including terrorism, armed conflict, and humanitarian crises. * **Statement-II:** There have been military takeovers/coups d'état in several countries of the Sahel region in the recent past. This statement is also correct. Several countries in the Sahel region, such as Mali, Burkina Faso, and Chad, have experienced military coups in recent years. ![Sahel](https://d39jluplm5thpx.cloudfront.net//sahel_region_bc36b88bac.png) * Statement-II explains Statement-I because the military takeovers and coups contribute to the instability and worsening security situation in the Sahel region. The political instability resulting from these coups disrupts governance, exacerbates conflict, and undermines efforts to address security and development challenges in the region."
"e67f36bd-5f60-4e75-922c-192baa3a99a6","2024","GS","International Relations","Multilateral Groupings","International Relations | Current Affairs | Global Conflicts | Economic Crisis | NATO","medium","Consider the following pairs : Country | Reason for being in the news| |- | -| |1. Argentina | Worst economic crisis| |2. Sudan | War between the country's regular army and paramilitary forces| |3. Turkey | Rescinded its membership of NATO| How many of the pairs given above are correctly matched?","Only one pair","Only two pairs","All three pairs","None of the pairs","B","* **Argentina - Worst economic crisis: Correct.** Argentina has been facing a severe economic crisis for a while, marked by high inflation, debt, and poverty. * **Sudan - War between the country's regular army and paramilitary forces: Correct.** Sudan has been engulfed in a violent conflict between the Sudanese Armed Forces and the paramilitary Rapid Support Forces. * **Turkey - Rescinded its membership of NATO: Incorrect.** Turkey has not rescinded its membership of NATO. While there have been tensions between Turkey and other NATO members, it remains a member. ![Location](https://d39jluplm5thpx.cloudfront.net//Turkey_Sudan_Argentina_9fe1540a90.png) _Therefore, only two out of the three pairs are correctly matched._"
"4217e18c-638b-4702-a574-88972c16b0bf","2024","GS","International Relations","India and its Neighbourhood Relations | Evolution of India's Foreign Policy","Indian Foreign Policy | Indian Diplomacy | International Relations | Contemporary Indian Authors | Minister of External Affairs","easy","Who of the following is the author of the books ""The India Way"" and ""Why Bharat Matters""?","Bhupender Yadav","Nalin Mehta","Shashi Tharoor","Subrahmanyam Jaishankar","D","* **Subrahmanyam Jaishankar** is an Indian diplomat and politician serving as the Minister of External Affairs of India since 2019. He has authored two prominent books: * 'The India Way: Strategies for an Uncertain World' (2020) which provides insights into India's foreign policy approach. * 'Why Bharat Matters' is a compilation of his articles and speeches that delve into India's global significance. ![books](https://d39jluplm5thpx.cloudfront.net//book_273080d13e.png)"
"622cdc6f-aae8-4bfd-9479-bb7d2f20aec9","2024","GS","International Relations","India and its Neighbourhood Relations","India-Sri Lanka Relations | Military Exercises | Joint Military Operations | Counter-Terrorism | Indian Armed Forces","medium","Which of the following statements about 'Exercise Mitra Shakti-2023' are correct? 1. This was a joint military exercise between India and Bangladesh. 2. It commenced in Aundh (Pune). 3. Joint response during counter-terrorism operations was a goal of this operation. 4. Indian Air Force was a part of this exercise. Select the answer using the code given below :","1, 2 and 3","1, 2 and 4","1, 3 and 4","2, 3 and 4","D","* **Statement 1 is incorrect:** Exercise MITRA SHAKTI-2023 was a joint military exercise between India and **Sri Lanka**. * **Statement 2 is correct:** The ninth edition of Joint Military exercise “Exercise MITRA SHAKTI-2023” commenced in Aundh (Pune). * **Statement 3 is correct:** The Scope of the exercise includes synergizing joint responses during counter-terrorist operations. * **Statement 4 is correct:** 15 personnel from Indian Air Force and five personnel from Sri Lankan Air Force participated in the exercise."
"d55d5cec-0d0f-4bd5-9a95-69e98b1eea3b","2024","GS","Medieval History","The Deccan Kingdoms","Medieval Indian History | Vijayanagara Empire | Krishnadevaraya | Portuguese in India | Bhatkal Fort","medium","Who of the following rulers of medieval India gave permission to the Portuguese to build a fort at Bhatkal?","Krishnadevaraya","Narasimha Saluva","Muhammad Shah III","Yusuf Adil Shah","A","* **Krishnadeva Raya**, the ruler of the Vijayanagara Empire (1509-1529), maintained friendly relations with the Portuguese. In 1510, with his permission, Alphonso de Albuquerque, the Portuguese governor, constructed a fort at Bhatkal, located in the Uttara Kannada district of Karnataka. * **Narasimha Saluva** (**reigned 1491–1505) was a ruler of the Saluva dynasty, which briefly controlled the Vijayanagara Empire. The Portuguese presence in India was only beginning to take root during his reign, and their focus was primarily on establishing trade rather than fortifications. * **Muhammad Shah III** (reigned 1463–1482) was a ruler of the Bahmani Sultanate, a medieval kingdom in the Deccan region. By the time of his reign, the Portuguese had not yet arrived in India (their arrival occurred in 1498). * **Yusuf Adil Shah:** He was the founder of the Adil Shahi dynasty of Bijapur and ruled from 1489 to 1510. His engagements with the Portuguese were more conflictual, particularly over the control of Goa."
"d9dd1748-858f-4c24-a72c-2d480eec4711","2024","GS","Modern History","Evaluation of British Policies in India","Land Revenue Systems in British India | Permanent Settlement | Ryotwari Settlement | Cornwallis | British Colonial Administration","easy","With reference to revenue collection by Cornwallis, consider the following statements: 1. Under the Ryotwari Settlement of revenue collection, the peasants were exempted from revenue payment in case of bad harvests or natural calamities. 2. Under the Permanent Settlement in Bengal, if the Zamindar failed to pay his revenues to the state, on or before the fixed date, he would be removed from his Zamindari. Which of the statements given above is/are correct?","1 only","2 only","Both 1 and 2","Neither 1 nor 2","B","* **Statement 1 is incorrect:** Introduced primarily in Madras (now Tamil Nadu) and Bombay (now Mumbai) presidencies by **Alexander Reed and Thomas Munro.** Ryotwari System, while aiming to establish direct contact with the cultivators (ryots), did not offer blanket exemption from revenue payment during bad harvests or calamities. While some provisions for remission existed, they were not automatic or guaranteed. * **Statement 2 is correct:** Introduced in Bengal, Bihar, and parts of Odisha by **Lord Cornwallis** in 1793. A key feature of the Permanent Settlement was the strict revenue collection timeline. Zamindars were obligated to pay a fixed amount of revenue to the British by a specific date. Failure to do so could result in the auctioning of their Zamindari to recover the dues. _Note: UPSC dropped this question from the final answer key._"
"520d99de-f3a8-468f-8f09-309011f86578","2024","GS","Modern History","Towards Freedom and Partition | Towards Quit India Movement","Indian National Congress | Post-Independence India | Political Parties in India | Indian Politics | Indian History","hard","Consider the following pairs : |Party | Its Leader| |------- | --------| |1. Bharatiya Jana Sangh | Dr. Shyama Prasad Mukherjee| |2. Socialist Party | C. Rajagopalachari| |3. Congress for Democracy | Jagjivan Ram| |4. Swatantra Party | Acharya Narendra Dev| How many of the above are correctly matched?","Only one","Only two","Only three","All four","B","* **Bharatiya Jana Sangh | Dr. Shyama Prasad Mukherjee:** This is **correctly matched.** Dr. Shyama Prasad Mukherjee was the founder and first president of the Bharatiya Jana Sangh (BJS), the forerunner of the Bharatiya Janata Party (BJP). * **Socialist Party | C. Rajagopalachari:** **This is incorrect**. C. Rajagopalachari founded the Swatantra Party, advocating free-market principles. The Socialist Party was established in the year 1934 and had leaders like Acharya Narendra Dev, Jayaprakash Narayan, Yusuf Mehrali, Mino Masani, Acchut Patwardhan and Ashok Mehta. * **Congress for Democracy | Jagjivan Ram:** **This is correctly matched.** Congress for Democracy (CFD) was a political party founded by Jagjivan Ram in 1977 after breaking away from the Indian National Congress. It was a short-lived party, formed during the Emergency to oppose Indira Gandhi's regime. It later merged with the Janata Party. * **Swatantra Party | Acharya Narendra Dev:** **This is incorrect**. The Swatantra Party was founded by C. Rajagopalachari in 1959, advocating for free-market economic policies and opposing the socialist policies of the Congress. Acharya Narendra Dev was associated with the Socialist Party and is regarded as one of its key leaders. Therefore, only two pairs are correctly matched. Hence, the answer is B."
"1241f6b9-2507-4dae-974d-d7bba9d7b898","2024","GS","Modern History","Towards Quit India Movement | Legal Developments","Government of India Act 1935 | Indian National Congress | British Raj | Princely States | Federalism in India","easy","With reference to the Government of India Act, 1935, consider the following statements: 1. It provided for the establishment of an All India Federation based on the union of the British Indian Provinces and Princely States. 2. Defence and Foreign Affairs were kept under the control of the federal legislature. Which of the statements given above is/are correct?","1 only","2 only","Both 1 and 2","Neither 1 nor 2","A","* **Statement 1 is correct.** The Government of India Act, 1935, proposed an All India Federation that would encompass both the British Indian Provinces and the Princely States. However, this federation never fully materialized due to the reluctance of many Princely States to join. * **Statement 2 is incorrect.** The Act reserved key subjects like Defence and Foreign Affairs under the control of the Governor General, representing the British Crown, and not the federal legislature. This ensured British dominance in these crucial areas."
"9d9912be-a598-4ddd-8b20-7cbf71d7dc5b","2024","GS","Science & Technology","Energy and Clean Technology","Pumped Storage Hydropower | Hydroelectric Power Generation | Energy Storage | Renewable Energy | Grid Stability","easy","Recently, the term ""pumped-storage hydropower"" is actually and appropriately discussed in the context of which one of the following?","Irrigation of terraced crop fields","Lift irrigation of cereal crops","Long duration energy storage","Rainwater harvesting system","C","Pumped-storage hydropower (PSH) is used for long-duration energy storage. It works by pumping water to a higher reservoir during low electricity demand and releasing it to generate power during peak demand. This process helps balance the grid supply and demand, making PSH an effective tool for energy storage over extended periods. **Thus, the correct answer is C**."
"b9f66146-7f41-4eb2-b41c-46b374874bc0","2024","GS","Science & Technology","Emerging Technologies","Hydrogels | Biomedical Applications | Controlled Drug Delivery | Evaporative Cooling | Mobile Air Conditioning","hard","In which of the following are hydrogels used ? 1. Controlled drug delivery in patients 2. Mobile air-conditioning systems 3. Preparation of industrial lubricants Select the correct answer using the code given below:","1 only","1 and 2 only","2 and 3 only","1, 2 and 3","A","**Statement 1 is correct:** Hydrogels are widely used in biomedical applications, especially in controlled drug delivery systems. Their high water content, biocompatibility, and ability to swell and release drugs in a controlled manner make them ideal for: - Transdermal drug delivery - Oral and ocular delivery - Injectable drug systems **Statement 2 is incorrect:** Hydrogels are not commonly used in mobile air-conditioning systems. These systems typically use refrigerants and mechanical components (like compressors, condensers, and evaporators) to provide cooling. While hydrogels can absorb and release moisture, they are not suitable for the cooling and dehumidification processes involved in air conditioning. **Statement 3 is incorrect:** Hydrogels are not used in the formulation of industrial lubricants. Lubricants generally consist of base oils (mineral, synthetic, or vegetable) and additives for enhancing properties like viscosity, anti-wear, and corrosion resistance. Hydrogels do not possess the required lubricating properties, especially under high pressure and temperature conditions."
"c9b3decc-8188-45a3-bb20-6020a17badfc","2024","GS","Science & Technology","Emerging Technologies | Energy and Clean Technology","Fuel Cell Technology | Hydrogen Energy | Electric Vehicles | Environmental Impact | Emissions","easy","Which one of the following is the exhaust pipe emission from Fuel Cell Electric Vehicles, powered by hydrogen?","Hydrogen peroxide","Hydronium","Oxygen","Water vapour","D","**Fuel Cell Electric Vehicles (FCEVs)** powered by hydrogen generate electricity by combining hydrogen (H₂) with oxygen (O₂) in a fuel cell. This process produces electricity, heat, and the only exhaust emission is water vapour (H₂O), making hydrogen fuel cells zero-emission."
"6ecac9e1-e4b0-4852-ad73-ca92c56eb613","2024","GS","Science & Technology","Defence Technology","Radar Technology | Weather Monitoring | Animal Tracking | Remote Sensing | Applications of Radar","easy","Consider the following activities: 1. Identification of narcotics on passengers at airports or in aircraft 2. Monitoring of precipitation 3. Tracking the migration of animals In how many of the above activities can the radars be used?","Only one","Only two","All three","None","B","* **Statement 1 is incorrect:** This is typically done using **X-ray scanners** or advanced imaging technologies like **millimeter wave scanners**, not traditional radar. * **Statement 2 is correct:** Radars, specifically weather radars, are commonly used to monitor precipitation. They can detect rain, snow, and other weather conditions by bouncing radio waves off precipitation particles. * **Statement 3 is correct:** Radars can be used to track the migration of birds and other animals. They are often used in ornithological studies to monitor bird migration patterns."
"00487494-8695-4b03-beca-18fb3f0a4495","2024","GS","Science & Technology","Defence Technology","Fighter Aircraft | Aircraft Generations | Military Technology | Defense Technology | Aeronautics","hard","Consider the following aircraft: 1. Rafale 2. MiG-29 3. Tejas MK-1 How many of the above are considered fifth generation fighter aircraft?","Only one","Only two","All three","None","D","Fifth-generation fighter aircraft are characterized by advanced stealth, superior agility, advanced avionics, and integrated computer systems. Let's consider the aircraft listed: 1. **Rafale:** This is a 4.5 generation multirole fighter aircraft developed by Dassault Aviation. 2. **MiG-29:** This is a fourth-generation multirole fighter aircraft developed by Mikoyan in the Soviet Union. 3. **Tejas MK-1:** This is a fourth-generation light multirole fighter aircraft developed by Hindustan Aeronautics Limited (HAL) in India. _None of the above aircraft are considered fifth-generation fighter aircraft._"
"4e77ac07-eac9-43dd-94a9-995ebb68802a","2024","GS","Science & Technology","Core Concepts and Foundational Science","Human Physiology | Blood Circulation | Vasodilation | Nitric Oxide | Science and Technology","hard","Which one of the following is synthesised in human body that dilates blood vessels and increases blood flow ?","Nitric oxide","Nitrous oxide","Nitrogen dioxide","Nitrogen pentoxide","A","Nitric oxide (NO) is synthesized in the human body by the enzyme nitric oxide synthase from the amino acid arginine. It plays a crucial role in dilating blood vessels, which increases blood flow and reduces blood pressure. This function helps in regulating cardiovascular health. _Why the other options are incorrect:_ **B. Nitrous oxide:** Used as an anesthetic, not a vasodilator. **C. Nitrogen dioxide:** A toxic air pollutant, not involved in vasodilation. **D. Nitrogen pentoxide:** A reactive compound, not related to blood vessel dilation."
"c29319ba-9b1f-4cdc-b7c4-15ffaf694cd8","2024","GS","Science & Technology","Core Concepts and Foundational Science","Stellar Evolution | Star Life Cycle | Nuclear Fusion | Giant Stars | Dwarf Stars","medium","Consider the following statements: Statement-I: Giant stars live much longer than dwarf stars. Statement-II: Compared to dwarf stars, giant stars have a greater rate of nuclear reactions. Which one of the following is correct in respect of the above statements?","Both Statement-I and Statement-II are correct and Statement-II explains Statement-I","Both Statement-I and Statement-II are correct, but Statement-II does not explain Statement-I","Statement-I is correct, but Statement-II is incorrect","Statement-I is incorrect, but Statement-II is correct","D","* **Statement-I is incorrect**: Giant stars do not live much longer than dwarf stars. In fact, giant stars have shorter lifespans compared to dwarf stars because they burn through their nuclear fuel at a much faster rate. * **Statement-II is correct:** Compared to dwarf stars, giant stars have a greater rate of nuclear reactions. This is correct as giant stars are more massive and have higher pressures and temperatures in their cores, leading to faster nuclear fusion rates."
"5bf5be54-1475-477a-ae2a-99524ee5d46e","2024","GS","Science & Technology","Energy and Clean Technology","Radioisotope Thermoelectric Generators (RTGs) | Spacecraft Power Systems | Nuclear Energy | Radioactive Decay | Plutonium-238","medium","With reference to radioisotope thermoelectric generators (RTGs), consider the following statements: 1. RTGs are miniature fission reactors. 2. RTGs are used for powering the onboard systems of spacecrafts. 3. RTGs can use Plutonium-238, which is a by-product of weapons development. Which of the statements given above are correct?","1 and 2 only","2 and 3 only","1 and 3 only","1, 2 and 3","B","* **Statement 1: Incorrect.** RTGs (Radioisotope Thermoelectric Generators) are not miniature fission reactors. Fission reactors use nuclear fission, a process of splitting atoms to release a tremendous amount of energy. RTGs, on the other hand, utilize the natural radioactive decay of isotopes to generate heat, which is then converted to electricity through a process called thermoelectricity. * **Statement 2: Correct.** RTGs are indeed a reliable power source for spacecraft, especially those venturing far from the sun where solar panels become ineffective. They provide consistent, low-level electric power for extended periods, making them ideal for probes, satellites, and rovers in deep space. * **Statement 3: Correct.** Plutonium-238 is a common isotope used in RTGs due to its long half-life (the time it takes for half of the material to decay) and its ability to generate a steady heat output from its decay process. While it can be a byproduct of weapons development, there are also alternative ways to produce Plutonium-238 specifically for peaceful applications like RTGs."
"50b21326-f988-4153-83e7-8dee4fe53445","2024","GS","Science & Technology","Biotechnology","Fabaceae | Leguminosae | Legumes | Nitrogen Fixation | Plant Families","medium","Consider the following plants: 1. Groundnut 2. Horse-gram 3. Soybean How many of the above belong to the pea family?","Only one","Only two","All three","None","C","All three plants—Groundnut, Horse-gram, and Soybean—belong to the pea family, scientifically known as **Leguminosae or Fabaceae.** This family is characterized by plants that produce legumes (pods containing seeds). Here's a breakdown of each: **Groundnut (Arachis hypogaea):** * Groundnut, also known as peanut, belongs to the Leguminosae family. It produces peanuts, which grow underground in pods, typical of legumes. * It is part of the subfamily Faboideae, a major division within the pea family. **Horse-gram (Macrotyloma uniflorum):** * Horse-gram is another plant in the Leguminosae family. It is commonly cultivated in tropical regions and is known for its high protein content and use in animal feed and food. * It belongs to the subfamily Faboideae as well. **Soybean (Glycine max):** * Soybean, one of the most important leguminous crops, also belongs to the Leguminosae family. It is widely grown for its edible beans and oil extraction. * Soybean is part of the subfamily Faboideae too. All three plants are legumes, characterized by their pod-like fruit and ability to fix nitrogen from the atmosphere through a symbiotic relationship with bacteria in their root nodules."
"c1e91d1b-6ee6-42c4-ae7b-bca6421b1e2d","2024","GS","Science & Technology","Emerging Technologies","Metaverse | Virtual Reality | 3D Virtual Worlds | Interoperability | Virtual Assets","easy","Which one of the following words/phrases is most appropriately used to denote “an interoperable network of 3D virtual worlds that can be accessed simultaneously by millions of users, who can exert property rights over virtual items""?","Big data analytics","Cryptography","Metaverse","Virtual matrix","C","**Metaverse:** This term accurately describes a network of interconnected, persistent 3D virtual spaces. Key characteristics of the metaverse often include: * **Interoperability:** Users can move between different virtual worlds seamlessly. * **User-Generated Content:** Users can create, own, and trade virtual assets. * **Social Interaction:** The metaverse facilitates social experiences and interactions. _Let's look at why the other options are incorrect:_ * **Big data analytics:** This involves analyzing large and complex datasets to uncover patterns and insights. It's not directly related to virtual worlds. * **Cryptography:** This focuses on secure communication and data protection techniques. While relevant to security within a metaverse, it doesn't define the concept itself. * **Virtual matrix:** This term is not commonly used to describe the concept outlined in the question. The term 'matrix' is often associated with a grid-like structure or a virtual reality environment, but not the broader interconnected network the question describes."
"60ace18e-a6c7-4ee4-8239-3550631ed7cc","2024","GS","Science & Technology","Energy and Clean Technology","Distributed Energy Resources | DERs | Renewable Energy | Energy Storage | Decentralized Energy","easy","Consider the following: 1. Battery storage 2. Biomass generators 3. Fuel cells 4. Rooftop solar photovoltaic units How many of the above are considered ""Distributed Energy Resources""?","Only one","Only two","Only three","All four","D","Distributed Energy Resources (DERs) are small-scale units of power generation or storage that are situated closer to the end-users. Let's analyze each option: * **Battery storage:** These store energy and can be deployed within the distribution network or at the consumer end, making them DERs. * **Biomass generators:** These can be small-scale and located near the biomass source, making them suitable for distributed generation. * **Fuel cells:** Similar to biomass generators, fuel cells can be deployed in a decentralized manner, qualifying as DERs. * **Rooftop solar photovoltaic units:** These are a classic example of DERs, generating power at the point of consumption. _Therefore, all four options are considered Distributed Energy Resources._"
"45f9ebdd-deb4-42d3-805d-6ae092296bac","2024","GS","Social Issues & Schemes","Economy and Finance","Corporate Social Responsibility (CSR) | CSR Rules in India | Companies Act 2013 | CSR Spending | Social Issues & Schemes","medium","With reference to Corporate Social Responsibility (CSR) rules in India, consider the following statements: 1. CSR rules specify that expenditures that benefit the company directly or its employees will not be considered as CSR activities. 2. CSR rules do not specify minimum spending on CSR activities. Which of the statements given above is/are correct?","1 only","2 only","Both 1 and 2","Neither 1 nor 2","A","* **Statement 1: Correct.** The Corporate Social Responsibility (CSR) rules in India state that expenditures aimed at benefiting the company's business interests or its employees (such as those related to employee welfare or activities that are a direct business benefit) will not be counted as CSR activities. The focus of CSR is on activities that benefit society at large and not just the company or its direct stakeholders. * **Statement 2: Incorrect.** Under the Companies Act, 2013, CSR rules do specify a minimum spending requirement. Companies meeting certain criteria (like having a net worth of ₹500 crore or more, or an annual turnover of ₹1,000 crore or more, or a net profit of ₹5 crore or more) must allocate at least 2% of their average net profits over the last three years towards CSR activities. So, the correct answer is: A. 1 only"
"8ac81cc2-5f85-4ce2-883d-e2870eafdfe3","2024","GS","Social Issues & Schemes","Environment","Sustainable Agriculture | Climate Change Resilience | Net-Zero Emissions | Food Systems Transformation | Farmer Empowerment","medium","Which one of the following is the correct description of ""100 Million Farmers""?","It is a platform for accelerating the transition towards food and water systems that are net-zero (carbon), nature-positive and that aims to increase farmer resilience.","It is an international alliance and a network of individuals and farming organisations interested in supporting and strengthening the development of the organic animal husbandry.","It is a digital platform fully integrated with service providers and built on blockchain that lets buyers, sellers and third parties trade fertilizers quickly and securely.","It is a platform with the mission of encouraging the farmers to form Farmer Product Organisations or Agribusiness Consortiums, thus facilitating the access to global open markets to sell their products.","A","The **100 Million Farmers** is a global initiative launched by the **World Economic Forum (WEF)**. It serves as a platform to accelerate the transition toward food and water systems that are net-zero, nature-positive, and resilient. The program aims to support 100 million farmers by 2030 in adopting regenerative agriculture practices, which improve soil health, sequester carbon, and enhance biodiversity while securing farmer livelihoods. **Option B is Incorrect:** This description refers to general organic animal husbandry networks, whereas the 100 Million Farmers initiative focuses on broader regenerative agriculture and climate-resilient food systems. **Option C is Incorrect:** This describes a blockchain-based fertilizer trading platform, which is not the objective of this initiative. **Option D is Incorrect:** While farmer collectives are important, the primary mission of ""100 Million Farmers"" is the transition to sustainable, net-zero, and nature-positive agricultural practices rather than just facilitating market access through FPOs."
"8edd3cce-d461-4493-9577-c81cf02e23a0","2024","GS","Social Issues & Schemes","Infrastructure and Communication | Types of Schemes | Related to Society and Its Fabric","World Toilet Organization | WTO | Global Sanitation Crisis | World Toilet Summit | World Toilet Day | World Toilet College | International Non-Profit Organization | Sanitation and Hygiene","hard","Consider the following statements regarding World Toilet Organization : 1. It is one of the agencies of the United Nations. 2. World Toilet Summit, World Toilet Day and World Toilet College are the initiatives of this organization, to inspire action to tackle the global sanitation crisis. 3. The main focus of its function is to grant funds to the least developed countries and developing countries to achieve the end of open defecation. Which of the statements given above is/are correct?","2 only","3 only","1 and 2","2 and 3","A","* **Statement 1 is incorrect**. The World Toilet Organization (WTO) is not an agency of the United Nations. It is an international non-profit organization. * **Statement 2 is correct.** The WTO is known for its initiatives like World Toilet Summit, World Toilet Day, and World Toilet College, all aimed at addressing the global sanitation crisis. * **Statement 3 is incorrect.** While the WTO advocates for improved sanitation and hygiene, its primary function is not to grant funds. It focuses on advocacy, education, and capacity building to achieve its goals. _Therefore, only statement 2 is correct._"
"dcc6e0b2-3f2d-440d-8b90-b8c44b12ac2b","2024","GS","Social Issues & Schemes","Science and Technology","Digital India Land Records Modernization Programme (DILRMP) | Land Records Modernization | Cadastral Maps | Records of Rights | Central Sector Scheme","medium","With reference to the Digital India Land Records Modernisation Programme, consider the following statements : 1. To implement the scheme, the Central Government provides 100% funding. 2. Under the Scheme, Cadastral Maps are digitised. 3. An initiative has been undertaken to transliterate the Records of Rights from local language to any of the languages recognized by the Constitution of India. Which of the statements given above are correct?","1 and 2 only","2 and 3 only","1 and 3 only","1, 2 and 3","D","**Statement 1 is Correct:** Since April 1, 2016, the Digital India Land Records Modernisation Programme (DILRMP) has been implemented as a Central Sector Scheme. Under this revised structure, the Central Government provides 100% funding for the implementation of the programme in all States and Union Territories. **Statement 2 is Correct:** A core component of the scheme is the digitization of cadastral maps, which are detailed maps showing the boundaries and ownership of individual land parcels, to ensure accurate and accessible digital land records. **Statement 3 is Correct:** The Department of Land Resources has undertaken an initiative to transliterate the Records of Rights (RoR) from local languages into any of the 22 languages recognized by the Eighth Schedule of the Constitution of India to improve accessibility and transparency across states."
"c9d5fed3-fa06-4999-899d-457534304b56","2024","GS","Social Issues & Schemes","Economy and Finance","Pradhan Mantri Shram Yogi Maan-dhan (PM-SYM) Yojana | Social Security Schemes | Pension Schemes | Government Schemes | Social Welfare","medium","With reference to the Pradhan Mantri Shram Yogi Maan-dhan (PM-SYM) Yojana, consider the following statements: 1. The entry age group for enrolment in the scheme is 21 to 40 years. 2. Age specific contribution shall be made by the beneficiary. 3. Each subscriber under the scheme shall receive a minimum pension of ₹ 3,000 per month after attaining the age of 60 years. 4. Family pension is applicable to the spouse and unmarried daughters. Which of the statements given above is/are correct?","1,3 and 4","2 and 3 only","2 only","1, 2 and 4","B","With reference to the Pradhan Mantri Shram Yogi Maan-dhan (PM-SYM) Yojana, here's the breakdown of the statements: * **Statement 1: Incorrect.** The eligible age group for enrolment in the scheme is 18 to 40 years, not 21 to 40 years. This allows younger workers to join early and contribute for a longer period. * **Statement 2: Correct.** Beneficiaries are required to make age-specific monthly contributions, which increase with age. For instance, contributions start at ₹55 for an 18-year-old and go up to ₹200 for a 40-year-old. * **Statement 3: Correct.** Subscribers will receive a minimum pension of ₹3,000 per month after attaining 60 years of age. This provides social security for workers in the unorganized sector. * **Statement 4: Incorrect.** Family pension is available only to the spouse, who will receive 50% of the pension amount after the subscriber's death. Unmarried daughters are not eligible for this benefit."
"889f454a-2243-4013-850d-5780b74dcc48","2024","GS","Social Issues & Schemes","Health and Welfare","Pradhan Mantri Surakshit Matritva Abhiyan (PMSMA) | Antenatal Care | Maternal Health | Government Health Schemes | Ministry of Health & Family Welfare (MoHFW)","medium","With reference to the 'Pradhan Mantri Surakshit Matritva Abhiyan', consider the following statements: 1. This scheme guarantees a minimum package of antenatal care services to women in their second and third trimesters of pregnancy and six months post-delivery health care service in any government health facility. 2. Under this scheme, private sector health care providers of certain specialities can volunteer to provide services at nearby government health facilities. Which of the statements given above is/are correct?","1 only","2 only","Both 1 and 2","Neither 1 nor 2","B","* **Statement 1: Incorrect.** The Pradhan Mantri Surakshit Matritva Abhiyan (PMSMA) provides a minimum package of antenatal care (ANC) services only during the second and third trimesters of pregnancy. It does not cover post-delivery health care services for six months. The focus is on ensuring safe pregnancies through early detection and management of high-risk cases. * **Statement 2: Correct.** Under PMSMA, private sector health care providers (such as gynecologists, radiologists, and physicians) can volunteer to provide free services at nearby government health facilities on the 9th of every month. This public-private partnership enhances access to specialized care for pregnant women."
"de1063dc-8434-430d-ad65-6d37c4a9a1ff","2024","GS","Social Issues & Schemes","Governance","Indian Army | Operation Sadbhavana | Social Welfare Schemes | Rural Development | Armed Forces and Society","easy","Operations undertaken by the Army towards upliftment of the local population in remote areas to include addressing of their basic needs is called:","Operation Sankalp","Operation Maitri","Operation Sadbhavana","Operation Madad","C","**Operation Sadbhavana** is a unique initiative undertaken by the Indian Army in Jammu & Kashmir and the North East regions. It focuses on winning the hearts and minds of the local population through various developmental activities and assistance. This includes providing education, healthcare, infrastructure development, and promoting skill development initiatives. _Let's look at the other options:_ * **Operation Sankalp** was launched by the Indian Navy to ensure maritime security in the Persian Gulf and the Gulf of Oman. * **Operation Maitri** refers to the Indian Armed Forces' humanitarian assistance and disaster relief operations to assist friendly countries. A notable example was the aid provided to Nepal during the 2015 earthquake. * **Operation Madad** is the Indian Navy's effort to provide humanitarian assistance and disaster relief during natural calamities, both within India and to neighboring countries."