Id,Year,Paper,Subject,Topics,Tags,Difficulty,Question,Option_A,Option_B,Option_C,Option_D,Correct_Answer,Explanation
CDS-2024-II-GK-001,2024,GK,General Knowledge,General Knowledge,General Knowledge | UPSC CDS | Prelims,easy,Which one among the following is not a micronutrient for plants?,Iron,Manganese,Magnesium,Chlorine,C,"Solution: Concept: Micronutrients are elements required by plants in very small amounts, while macronutrients are needed in larger quantities. Explanation: The options include Iron ( F e \mathrm{Fe} Fe ), Manganese ( M n \mathrm{Mn} Mn ), Magnesium ( M g \mathrm{Mg} Mg ), and Chlorine ( C l \mathrm{Cl} Cl ). Iron, Manganese, and Chlorine are micronutrients essential in trace amounts for processes like photosynthesis and enzyme activation. Magnesium, however, is a macronutrient because it is needed in larger quantities — it is a central component of chlorophyll and vital for photosynthesis. Therefore, Magnesium is not a micronutrient. Answer: Magnesium ( M g \mathrm{Mg} Mg ) © examsnet.com"
CDS-2024-II-GK-002,2024,GK,General Knowledge,General Knowledge,General Knowledge | UPSC CDS | Prelims,easy,Xylem in the plants are responsible for the transport of:,Water,Water and dissolved minerals,Gases,Food,B,"Solution: Concept: Xylem is the plant vascular tissue that transports water and dissolved minerals from roots to the rest of the plant. Explanation: Water is absorbed by root hairs from the soil and moves upward through xylem vessels. Dissolved minerals like nitrates, phosphates, and potassium are carried along with the water. This upward movement is mainly driven by transpiration pull and root pressure. Xylem consists of specialized cells such as tracheids and vessel elements for efficient water conduction. In contrast, phloem transports food (sugars) from leaves to other parts. Therefore, xylem is responsible for moving water and dissolved minerals, not gases or food. Answer: B. Water and dissolved minerals © examsnet.com"
CDS-2024-II-GK-003,2024,GK,Science & Tech,General Science & Emerging Technologies,Science & Tech | General Science | Applied Science | Physics | Chemistry | Biology,easy,Which one among the following hormones inhibits the growth activity in plants?,Auxins,Cytokinins,Abscisic acid,Gibberellins,C,"Solution: Concept: Abscisic acid (ABA) is the hormone that inhibits plant growth and induces stress responses. Explanation: Abscisic acid (ABA) promotes dormancy and stops growth during adverse conditions. It closes stomata to reduce water loss during drought. It also triggers abscission (shedding) of leaves, fruits, and flowers. During seed development, ABA maintains seed dormancy until conditions are favourable. ABA acts opposite to growth-promoting hormones like auxins, cytokinins, and gibberellins. Auxins promote cell elongation, cytokinins stimulate cell division, and gibberellins encourage stem elongation and seed germination. By inhibiting cell division and elongation, ABA slows overall plant growth. Answer: Abscisic acid © examsnet.com"
CDS-2024-II-GK-004,2024,GK,Science & Tech,General Science & Emerging Technologies,Science & Tech | General Science | Applied Science | Physics | Chemistry | Biology,easy,Which of the the following following category of biomolecules does Starch belong to?,Protein,Carbohydrate,Lipid,Nucleic acid,B,"Solution: Concept: Starch is a type of biomolecule classified as a carbohydrate, specifically a polysaccharide. Explanation: Biomolecules are divided into four main categories: carbohydrates, proteins, lipids, and nucleic acids. Starch is made up of many glucose units linked by glycosidic bonds, so it is a polysaccharide. Polysaccharides are a sub‑group of carbohydrates, which serve as a major energy source. In plants, starch is the primary form of energy storage. Common food sources of starch include potatoes, rice, and corn. During digestion, starch is broken down into glucose, which the body uses for energy. Carbohydrates can be simple (sugars) or complex (starches and fibres). Answer: Carbohydrate © examsnet.com"
CDS-2024-II-GK-005,2024,GK,General Knowledge,General Knowledge,General Knowledge | UPSC CDS | Prelims,easy,Which one among the following is not a feature of Xerophytes?,Smaller leaves,Large number of stomata,Waxy cuticle,Stomata in pits,B,"Solution: Concept: Xerophytes possess specific adaptations to conserve water in arid habitats. Explanation: Smaller leaves lower the surface area for transpiration, helping retain water. Waxy cuticle acts as a waterproof barrier, preventing excessive water loss. Stomata sunken in pits create a humid microclimate, reducing transpiration rate. In contrast, a large number of stomata would drastically increase water loss through transpiration. Xerophytes typically have fewer stomata, often sunken, to minimize water loss. Hence, having a large number of stomata is not a characteristic feature of xerophytes. Answer: Large number of stomata. © examsnet.com"
CDS-2024-II-GK-006,2024,GK,Geography,Physical and Indian Geography,Geography | Physical Geography | Indian Geography | Geomorphology,easy,"Halophytes are the plants that grow on which one, among the following categories of soil?",Acidic soil,Saline soil,Black soil,Sandy soil,B,"Solution: Concept: Halophytes are plants specially adapted to survive and grow in environments with high salt concentration, such as coastal and marshy areas. Explanation: Saline soil contains a high amount of soluble salts, mainly sodium chloride, which makes it difficult for normal plants to absorb water. Halophytes have evolved unique mechanisms like salt-excreting glands, succulent leaves, and extensive root systems to tolerate these conditions. Common examples are mangroves, saltbush, and glasswort. Therefore, halophytes are found only on saline soil, not on acidic, black, or sandy soil. Answer: Saline soil © examsnet.com"
CDS-2024-II-GK-007,2024,GK,General Knowledge,General Knowledge,General Knowledge | UPSC CDS | Prelims,easy,Which one among the following is not a part of vascular bundle in plants?,Phloem,Xylem,Cambium,Endodermis,D,"Solution: Concept: Vascular bundles consist of xylem, phloem, and cambium (in dicots), but the endodermis is a boundary layer outside the vascular cylinder. Explanation: The vascular bundle is the plant's transport system. It contains xylem (water and minerals), phloem (organic nutrients), and sometimes cambium (secondary growth). The endodermis is a single-cell layer in roots that regulates water flow into the vascular cylinder. It lies outside the vascular bundle, between the cortex and the pericycle. Thus, endodermis is not part of the vascular bundle itself. Answer: Endodermis © examsnet.com"
CDS-2024-II-GK-008,2024,GK,General Knowledge,General Knowledge,General Knowledge | UPSC CDS | Prelims,easy,In which one among the following mediums would the speed of sound be maximum?,Distilled water,Sea water,Drinking water,Methanol,B,"Solution: Concept: The speed of sound in a medium depends on its density and elasticity (bulk modulus). A higher bulk modulus and optimal density increase the speed. Explanation: The speed of sound is given by v = B ρ v = \sqrt{\frac{B}{\rho}} v = ρ B ​ ​ , where B B B is the bulk modulus and ρ \rho ρ is the density. Sea water contains dissolved salts and minerals, which increase both its density and its bulk modulus compared to pure water. This combination makes sound travel faster in sea water than in distilled water, drinking water, or methanol. Distilled water has the lowest density and bulk modulus among water types, so sound is slower. Drinking water has some impurities but less than sea water, so its speed is intermediate. Methanol, being an alcohol, has much lower density and elasticity than water, resulting in the slowest speed of sound. Typical values: Sea water ~1531 m/s, distilled water ~1498 m/s, drinking water slightly higher than distilled, methanol ~1100 m/s. Thus, among the options, sea water offers the maximum speed of sound. Answer: Sea water (Option B) © examsnet.com"
CDS-2024-II-GK-009,2024,GK,Science & Tech,General Science & Emerging Technologies,Science & Tech | General Science | Applied Science | Physics | Chemistry | Biology,easy,Which organelle in animal cells can digest foreign materials?,Endoplasmic reticulum,Lysosome,Golgi body,Mitochondria,B,"Solution: Concept: Lysosomes are membrane-bound organelles containing digestive enzymes that break down foreign materials and cellular waste. Explanation: Lysosomes are found in animal cells and function as the cell's ""stomach."" They contain hydrolytic enzymes that can digest proteins, lipids, nucleic acids, and carbohydrates. When foreign particles like bacteria or viruses enter the cell via phagocytosis, lysosomes fuse with the engulfing vesicle and destroy the invaders. Lysosomes also perform autophagy, recycling damaged organelles and proteins. Other organelles have different roles: the endoplasmic reticulum synthesizes proteins and lipids; the Golgi body modifies and packages molecules for transport; mitochondria generate ATP energy. Thus, only lysosomes are specialized for digesting foreign materials. Answer: Lysosome (Option B). © examsnet.com"
CDS-2024-II-GK-010,2024,GK,Science & Tech,General Science & Emerging Technologies,Science & Tech | General Science | Applied Science | Physics | Chemistry | Biology,medium,"Photosynthesis that converts light energy into chemical energy by the plants, involves the use of green pigments of leaves called chlorophyll. The only structure in a leaf that hosts chlorophyll is :",Nucleus,Ribosome,Chloroplast,Chromosome,C,"Solution: Concept: Chlorophyll, the green pigment essential for photosynthesis, is located exclusively within chloroplasts in leaf cells. Explanation: Photosynthesis uses sunlight to convert carbon dioxide and water into glucose and oxygen. Chlorophyll absorbs light energy and initiates this conversion. In plant cells, chlorophyll is contained in specialized organelles called chloroplasts. Chloroplasts have a double membrane and internal stacks of thylakoids (grana) where light reactions occur. The stroma, the fluid around grana, hosts the Calvin cycle (light-independent reactions). Other cellular structures like the nucleus (genetic material), ribosome (protein synthesis), and chromosome (DNA) do not contain chlorophyll. Therefore, chlorophyll is only found in chloroplasts. Answer: C. Chloroplast © examsnet.com"
CDS-2024-II-GK-011,2024,GK,General Knowledge,General Knowledge,General Knowledge | UPSC CDS | Prelims,easy,In which of the following colloids is the dispersing medium a liquid?,Mist,Foam,Jelly,Shaving Cream,D,"Solution: Concept: In a colloid, the dispersing medium is the substance that holds the dispersed particles. Explanation: A colloid where the dispersing medium is a liquid must have liquid as the continuous phase. Examine each option: • Mist : Liquid droplets dispersed in a gas. Dispersing medium is gas, not liquid. • Foam : This term is ambiguous. It can mean gas dispersed in a liquid or gas dispersed in a solid. Not a definite correct choice. • Jelly : Liquid dispersed in a solid. Dispersing medium is solid, not liquid. • Shaving Cream : Gas (dispersed phase) is trapped in a liquid (dispersing medium). It is a foam where the liquid is the continuous phase. Thus, only shaving cream clearly fits the condition. Answer: Shaving Cream © examsnet.com"
CDS-2024-II-GK-012,2024,GK,General Knowledge,General Knowledge,General Knowledge | UPSC CDS | Prelims,easy,The two isotopes of elemental chlorine are:,17 35 C l a n d 17 36 C l \rm ^{35}_{17}Cl\ and\ _{17}^{36}Cl 17 35 ​ Cl and 17 36 ​ Cl,17 34 C l a n d 18 36 C l \rm ^{34}_{17}Cl\ and\ _{18}^{36}Cl 17 34 ​ Cl and 18 36 ​ Cl,17 35 C l a n d 18 37 C l \rm ^{35}_{17}Cl\ and\ _{18}^{37}Cl 17 35 ​ Cl and 18 37 ​ Cl,17 35 C l a n d 17 37 C l \rm ^{35}_{17}Cl\ and\ _{17}^{37}Cl 17 35 ​ Cl and 17 37 ​ Cl,D,"Solution: Concept: Isotopes are atoms of the same element with the same number of protons but different numbers of neutrons, leading to different mass numbers. Explanation: Chlorine has atomic number Z = 17 Z = 17 Z = 17 , meaning every chlorine atom has 17 protons. The two common isotopes of chlorine are: • 17 35 C l \mathrm{^{35}_{17}Cl} 17 35 ​ Cl (Chlorine‑35) — with 35 − 17 = 18 35 - 17 = 18 35 − 17 = 18 neutrons. • 17 37 C l \mathrm{^{37}_{17}Cl} 17 37 ​ Cl (Chlorine‑37) — with 37 − 17 = 20 37 - 17 = 20 37 − 17 = 20 neutrons. The correct isotopic notation shows the mass number (top) and atomic number (bottom) both on the left of the element symbol. Only option D lists the isotopes as 17 35 C l \mathrm{^{35}_{17}Cl} 17 35 ​ Cl and 17 37 C l \mathrm{^{37}_{17}Cl} 17 37 ​ Cl , which matches the required notation. Options A, B, and C either have incorrect mass numbers or mismatched atomic numbers. Answer: Option D: 17 35 C l a n d 17 37 C l \rm ^{35}_{17}Cl\ and\ _{17}^{37}Cl 17 35 ​ Cl and 17 37 ​ Cl (properly written as 17 35 C l \mathrm{^{35}_{17}Cl} 17 35 ​ Cl and 17 37 C l \mathrm{^{37}_{17}Cl} 17 37 ​ Cl ). © examsnet.com"
CDS-2024-II-GK-013,2024,GK,Science & Tech,General Science & Emerging Technologies,Science & Tech | General Science | Applied Science | Physics | Chemistry | Biology,easy,Which one among the following metals is not stored under oil?,Sodium,Rubidium,Potassium,Lithium,D,"Solution: Concept: Alkali metals are highly reactive and are usually stored under oil to prevent contact with moisture and oxygen. Lithium is an exception because it is less reactive. Explanation: Sodium, potassium, and rubidium are very reactive with air and water. They can catch fire or explode when exposed. Therefore, they are stored under oil to create a protective barrier. Lithium is also an alkali metal but is the least reactive of the group. Its reaction with water is much slower and less violent. Lithium does not need to be stored under oil; it can be kept in air or sealed in a container without immediate danger. The reactivity of alkali metals increases as you move down the group. Lithium is at the top, so it is the least reactive. That is why it is not stored under oil. Answer: Lithium © examsnet.com"
CDS-2024-II-GK-014,2024,GK,General Knowledge,General Knowledge,General Knowledge | UPSC CDS | Prelims,easy,Potassium nitrate is not used:,as a fertilizer,in medicine,in making gunpowder,as a preservative of meat products,D,"Solution: Concept: Potassium nitrate ( K N O 3 \mathrm{KNO}_3 KNO 3 ​ ) is used in fertilizers, medicine, and gunpowder, but not as a meat preservative. Explanation: Potassium nitrate is a key component in fertilizers, providing nitrogen and potassium for plant growth. It has medical uses, such as reducing tooth sensitivity in toothpaste and as a diuretic. It is an oxidizer in gunpowder, mixed with charcoal and sulfur. However, for preserving meat products, sodium nitrate ( N a N O 3 \mathrm{NaNO}_3 NaNO 3 ​ ) or sodium nitrite ( N a N O 2 \mathrm{NaNO}_2 NaNO 2 ​ ) are preferred. These sodium compounds inhibit bacterial growth (e.g., Clostridium botulinum) and maintain meat colour better than potassium nitrate. Thus, potassium nitrate is not used as a preservative for meat. Answer: As a preservative of meat products (Option D). © examsnet.com"
CDS-2024-II-GK-015,2024,GK,Modern History,Indian National Movement,Modern History | Freedom Struggle | British Colonial Rule,easy,The surface of the concrete structure of a new construction is covered with straw/gunny bags by wetting. This is done to :,"prevent fast evaporation, until hydration has proceeded well",protect the concrete structure from contamination by dust particles,prevent development of any fungus on the surface,give smoother and cleaner surface over cement structure,A,"Solution: Concept: The practice of wetting straw or gunny bags on new concrete maintains moisture for proper hydration. Explanation: Concrete hardens through hydration, a chemical reaction between cement and water. Fast evaporation reduces water needed for hydration, leading to weak and cracked concrete. Covering with wet straw or gunny bags prevents rapid water loss. This ensures hydration proceeds well, giving full strength and durability. Other options are not the primary reason. Answer: Option A: prevent fast evaporation, until hydration has proceeded well © examsnet.com"
CDS-2024-II-GK-016,2024,GK,General Knowledge,General Knowledge,General Knowledge | UPSC CDS | Prelims,easy,Which one among the following statements for the gases mentioned below is not correct?,Hydrogen has 3 isotopes.,Helium is a commonly used gas in electric bulbs.,Oxygen is used to burn fuel in rocket engines in spacecraft.,Nitrogen can be used in gaseous form to replace air in food packaging.,B,"Solution: Concept: Identifying the false statement among given facts about gases. Explanation: The question asks which statement is not correct. Statement A: Hydrogen has three isotopes: protium ( 1 H ^{1}\text{H} 1 H ), deuterium ( 2 H ^{2}\text{H} 2 H ), and tritium ( 3 H ^{3}\text{H} 3 H ). This is correct. Statement B: Helium is commonly used in electric bulbs. This is false. The common filling gas in incandescent bulbs is argon, not helium. Argon is inert and prevents the tungsten filament from oxidizing. Helium is used in balloons, airships, and cooling applications, not in electric bulbs. Statement C: Oxygen is used to burn fuel in rocket engines in spacecraft. This is correct. Liquid oxygen (LOX) serves as an oxidizer for combustion in the vacuum of space. Statement D: Nitrogen can be used in gaseous form to replace air in food packaging. This is correct. Nitrogen is inert and used in modified atmosphere packaging (MAP) to reduce spoilage. Thus, only statement B is incorrect. Answer: B. Helium is a commonly used gas in electric bulbs. (This statement is not correct.) © examsnet.com"
CDS-2024-II-GK-017,2024,GK,General Knowledge,General Knowledge,General Knowledge | UPSC CDS | Prelims,hard,"Match List-I with List-II and select the correct answer using the code given below the Lists: List I (Trade Name) List II (Chemical Name) A. Bleaching powder 1. Sodium bicarbonate B. Baking soda 2. Sodium carbonate, 10 water C. Washing soda 3. Calcium oxychloride D. Plaster of Paris 4. Calcium sulphate, 1 2 \frac{1}{2} 2 1 ​ water","A - 3, B - 1, C - 2, D - 4","A - 3, B - 2, C - 1, D - 4","A - 4, B - 2, C - 1, D - 3","A - 4, B - 1, C - 2, D - 3",A,"Solution: Concept: Matching common trade names of chemicals with their correct chemical names. Explanation: Bleaching powder is chemically known as calcium oxychloride. Its formula is C a ( O C l ) 2 \mathrm{Ca(OCl)_2} Ca ( OCl ) 2 ​ . Hence, A matches with 3. Baking soda is chemically sodium bicarbonate, formula N a H C O 3 \mathrm{NaHCO_3} NaHC O 3 ​ . Hence, B matches with 1. Washing soda is sodium carbonate decahydrate, formula N a 2 C O 3 ⋅ 10 H 2 O \mathrm{Na_2CO_3·10H_2O} N a 2 ​ C O 3 ​ ⋅ 10 H 2 ​ O . Hence, C matches with 2. Plaster of Paris is calcium sulphate hemihydrate, formula C a S O 4 ⋅ 1 2 H 2 O \mathrm{CaSO_4·\frac12H_2O} CaS O 4 ​ ⋅ 2 1 ​ H 2 ​ O . Hence, D matches with 4. Therefore, the correct pairing is A-3, B-1, C-2, D-4. Answer: A - 3, B - 1, C - 2, D - 4 © examsnet.com"
CDS-2024-II-GK-018,2024,GK,General Knowledge,General Knowledge,General Knowledge | UPSC CDS | Prelims,easy,Which one among the following statements is not true for glass?,Sodium silicate is known as water glass.,Glass is also called super cooled liquid.,Crystallinity develops on cooling of the molten mass of the glass.,Coloured glasses can be made by adding different colouring materials.,C,"Solution: Concept: Glass is an amorphous solid that does not crystallize when cooled from a molten state. Explanation: Sodium silicate is known as water glass — this statement is true. Glass is often called a supercooled liquid because it retains a disordered structure like a liquid — this statement is true. Crystallinity does not develop on cooling glass; it remains an amorphous solid with no long-range order — this statement is false. Coloured glasses are made by adding metallic oxides such as cobalt oxide (blue) or chromium oxide (green) — this statement is true. Answer: The statement that is not true is: ""Crystallinity develops on cooling of the molten mass of the glass."" (Option C). © examsnet.com"
CDS-2024-II-GK-019,2024,GK,General Knowledge,General Knowledge,General Knowledge | UPSC CDS | Prelims,easy,Which one among the following is responsible for determining the chemical properties of an element?,Protons,Electrons,Neutrons,Nucleus,B,"Solution: Concept: Chemical properties depend on how atoms interact, which is governed by electron arrangement. Explanation: Electrons, especially valence electrons in the outermost shell, determine an element's chemical behavior. Atoms with similar valence electron configurations show similar chemical properties. Protons and neutrons in the nucleus define the element's identity and mass but do not directly influence chemical reactions. The nucleus itself is not involved in bonding; only electrons participate in bond formation. Thus, it is the electrons that control reactivity, bonding, and other chemical characteristics. Answer: B. Electrons © examsnet.com"
CDS-2024-II-GK-020,2024,GK,Science & Tech,General Science & Emerging Technologies,Science & Tech | General Science | Applied Science | Physics | Chemistry | Biology,easy,Which one among the following is used in bleaching of paper?,Chloride,Chlorobenzene,Ammonium chloride,Hydrochloric acid,A,"Solution: Concept: Chloride-based compounds are effective bleaching agents for paper pulp, removing color through chemical reactions. Explanation: Bleaching of paper uses chloride compounds to break down color-causing chromophores in the pulp. These agents include chlorine gas ( C l 2 \mathrm{Cl}_2 Cl 2 ​ ), sodium hypochlorite ( N a O C l \mathrm{NaOCl} NaOCl ), and calcium hypochlorite ( C a ( O C l ) 2 \mathrm{Ca(OCl)}_2 Ca ( OCl ) 2 ​ ). They are cost-effective and efficient, producing bright white paper. However, chlorine gas can form toxic by-products like dioxins. Modern processes use Elemental Chlorine Free (ECF) methods with chlorine dioxide ( C l O 2 \mathrm{ClO}_2 ClO 2 ​ ) to reduce environmental harm. Total Chlorine Free (TCF) methods use oxygen-based chemicals like ozone ( O 3 \mathrm{O}_3 O 3 ​ ) and hydrogen peroxide ( H 2 O 2 \mathrm{H}_2\mathrm{O}_2 H 2 ​ O 2 ​ ), but are less common due to cost. Among the given options, ""Chloride"" (the ion present in these bleaching agents) is the correct choice. Answer: Option A: Chloride. © examsnet.com"
CDS-2024-II-GK-021,2024,GK,Science & Tech,General Science & Emerging Technologies,Science & Tech | General Science | Applied Science | Physics | Chemistry | Biology,medium,X-rays can be used to: 1. inspect welded joints between two metal parts of a machine. 2. study structure of crystals. Select the answer using the code given below:,1 only,2 only,Both 1 and 2,Neither 1 nor 2,C,"Solution: Concept: X‑rays are high‑energy electromagnetic waves with many applications beyond medicine, including industrial inspection and crystallography. Explanation: Statement 1: X‑rays can penetrate metals and reveal internal flaws. In industrial radiography, they detect cracks, voids, and inclusions in welded joints without damaging the parts. Thus, statement 1 is correct. Statement 2: In X‑ray crystallography, a crystal diffracts X‑rays. By analysing the diffraction pattern, the three‑dimensional arrangement of atoms in the crystal can be determined. This technique has been crucial for understanding structures of molecules like DNA and proteins. Thus, statement 2 is correct. Answer: Both 1 and 2. © examsnet.com"
CDS-2024-II-GK-022,2024,GK,General Knowledge,General Knowledge,General Knowledge | UPSC CDS | Prelims,easy,Which one of the following heat transfers is an example of convection?,Heating of food in a microwave oven,Boiling water in a pot on a gas stove,Feeling the warmth in sun,Heating a brass rod at one end and observing the temperature rise at the other end,B,"Solution: Concept: Convection is the transfer of heat through the movement of fluids (liquids or gases), driven by density differences. Explanation: In convection, a fluid is heated, becomes less dense, and rises, while cooler fluid sinks, creating a continuous circulation called a convection current. When boiling water in a pot on a gas stove, the water at the bottom is heated first. This heated water expands, becomes less dense, and rises to the top. The cooler, denser water above sinks to the bottom to be heated again, forming a convection cycle. This motion of the fluid itself carries heat throughout the pot — that is convection. The other options involve different mechanisms: Microwave ovens heat food by radiation (microwaves excite water molecules directly). Feeling the warmth from the sun is radiation (heat travels through space via electromagnetic waves). Heating a brass rod transfers heat by conduction (vibrations pass from molecule to molecule without fluid movement). Only boiling water in a pot involves the bulk movement of a fluid (liquid water) and therefore exemplifies convection. Answer: Boiling water in a pot on a gas stove. © examsnet.com"
CDS-2024-II-GK-023,2024,GK,Science & Tech,General Science & Emerging Technologies,Science & Tech | General Science | Applied Science | Physics | Chemistry | Biology,easy,The phenomenon of rainbow formation by water droplets involves :,single refraction of sunlight,one internal reflection of sunlight,two internal reflections of sunlight,both refraction and internal reflection of sunlight,D,"Solution: Concept: Rainbow formation involves both refraction and internal reflection of sunlight inside water droplets, along with dispersion into colors. Explanation: Sunlight enters a water droplet and bends due to refraction. Inside the droplet, the light undergoes a single internal reflection off the inner surface. After reflection, the light exits the droplet, undergoing another refraction. During these processes, white light disperses into its constituent colors because each color bends by a different amount. The combination of refraction, internal reflection, and dispersion produces the rainbow. Thus, both refraction and internal reflection are essential; one without the other cannot form a rainbow. Answer: The correct option is D: both refraction and internal reflection of sunlight. © examsnet.com"
CDS-2024-II-GK-024,2024,GK,Environment & Ecology,"Ecology, Biodiversity & Climate Change",Environment & Ecology | Biodiversity | Conservation | Climate Change,easy,Ozone hole is a region over:,the Antarctic caused mainly by CFC gases.,the Antarctic caused mainly by carbon dioxide gas.,the Arctic caused mainly by CFC gases.,the Arctic caused mainly by carbon dioxide gas.,A,"Solution: Concept: Ozone depletion is caused mainly by chlorofluorocarbons (CFCs) and is most severe over the Antarctic region. Explanation: The ozone layer is a region in the stratosphere with a high concentration of O 3 O_{3} O 3 ​ molecules that absorb most harmful ultraviolet (UV) radiation from the Sun. The ozone hole refers to the thinning of this layer, observed primarily over the Antarctic. The primary cause is the emission of CFCs and other ozone‑depleting substances. When CFCs reach the stratosphere, UV light breaks them down, releasing chlorine atoms. These chlorine atoms catalytically destroy ozone molecules. During the long Antarctic winter, extremely cold temperatures allow polar stratospheric clouds (PSCs) to form. PSCs provide surfaces for chemical reactions that convert inactive chlorine into active forms. When sunlight returns in spring, these active chlorine compounds rapidly deplete ozone, creating the ozone hole. International treaties like the Montreal Protocol (1987) have phased out CFCs, and the ozone layer is slowly recovering. Scientists expect it to return to pre‑1980 levels by the mid‑21st century. Answer: Option A: the Antarctic caused mainly by CFC gases. © examsnet.com"
CDS-2024-II-GK-025,2024,GK,General Knowledge,General Knowledge,General Knowledge | UPSC CDS | Prelims,hard,Which of the following are the major missions of Indian Space Research Organization in 2023? 1. Chandrayaan-3 2. Solar Mission Aditya-L1 3. Liquid fuel powered rockets 4. Solar powered rockets Select the answer using the code given below:,1 and 2 only,"1, 2 and 3",3 and 4 only,"1, 2, 3 and 4",A,"Solution: Concept: ISRO's major missions in 2023 2023 2023 are specific projects, not generic technologies. Explanation: Chandrayaan- 3 3 3 is a lunar mission aiming for a soft landing on the Moon. It is a major mission for 2023 2023 2023 . Aditya- L 1 L1 L 1 is India's first solar mission, placed at Lagrange point L 1 L1 L 1 to study the Sun continuously. It is also a major 2023 2023 2023 mission. Liquid fuel powered rockets are a propulsion technology used in many missions, not a standalone mission. Therefore, it is not a major mission of 2023 2023 2023 . Solar powered rockets do not exist as a mission; solar power is used for satellite operations, not propulsion. Thus, statement 4 4 4 is incorrect. Hence, only statements 1 1 1 and 2 2 2 are correct. Answer: A. 1 1 1 and 2 2 2 only © examsnet.com"
CDS-2024-II-GK-026,2024,GK,Polity,Indian Constitution & Governance,Polity | Constitution of India | Governance | Constitutional Bodies,easy,Which one of the following is the most appropriate reason for aircraft being equipped with conducting tyres?,They can transfer the charge accumulated on their surfaces during lightning,They can transfer the charge accumulated on their surfaces being rubbed by air particles,They can transfer the charge accumulated on their surfaces due to inflight operation of several gadgets,For preventing sparks while they land on the ground,D,"Solution: Concept: Conducting tyres are used on aircraft primarily to safely discharge static electricity that builds up from friction with the runway during landing, preventing dangerous sparks. Explanation: When an aircraft lands, its tyres rub against the runway, generating static electric charge. If this charge is not safely grounded, it can cause sparks near flammable aviation fuel. Conducting tyres are made with conductive materials that allow the charge to flow into the ground. This prevents the accumulation of static electricity and eliminates the risk of sparks. Although aircraft can also accumulate charge from lightning, air friction, or onboard gadgets, those are not the main reasons for using conducting tyres. The critical safety concern is during landing, when fuel vapours are present and a spark could ignite a fire. Hence, the most appropriate reason is to prevent sparks while landing. Answer: Option D: For preventing sparks while they land on the ground. © examsnet.com"
CDS-2024-II-GK-027,2024,GK,Science & Tech,General Science & Emerging Technologies,Science & Tech | General Science | Applied Science | Physics | Chemistry | Biology,hard,Which of the following statements for persons suffering from presbyopia is/are correct? 1. They cannot distinguish colours. 2. It usually develops with ageing. 3. They wear either bi-focal lenses consisting of both concave and convex lenses or progressive lenses. Select the answer using the code given below:,1 only,2 only,1 and 3,2 and 3,D,"Solution: Concept: Presbyopia is an age-related vision condition where the eye's lens hardens, causing difficulty focusing on close objects. Explanation: Statement 1 is incorrect. Presbyopia affects near vision, not colour discrimination. Colour blindness is a separate condition. Statement 2 is correct. Presbyopia usually develops with ageing, typically after age 40, due to lens hardening. Statement 3 is correct. People with presbyopia often wear bifocal lenses (which combine concave and convex powers for distance and near) or progressive lenses (which provide a gradual power change). Thus, only statements 2 and 3 are correct. Answer: Option D (2 and 3) © examsnet.com"
CDS-2024-II-GK-028,2024,GK,Science & Tech,General Science & Emerging Technologies,Science & Tech | General Science | Applied Science | Physics | Chemistry | Biology,medium,A sound wave having frequency of 300 Hz is travelling in an unknown medium. Its wavelength is not known. It travels a distance equal to 150 times its wavelength in time t. The value of t is:,0.5 s,1 s,1.5 s,2 s,A,"Solution: Concept: Use the wave equation v = f λ v = f \lambda v = f λ and the relation v = d t v = \frac{d}{t} v = t d ​ to find time t t t . Explanation: Given frequency f = 300 f = 300 f = 300 Hz. The wave travels a distance d = 150 λ d = 150 \lambda d = 150 λ , where λ \lambda λ is the wavelength. Speed of the wave: v = d t = 150 λ t v = \frac{d}{t} = \frac{150 \lambda}{t} v = t d ​ = t 150 λ ​ . Also, from the wave equation: v = f λ = 300 λ v = f \lambda = 300 \lambda v = f λ = 300 λ . Equate the two expressions for v v v : 300 λ = 150 λ t 300 \lambda = \frac{150 \lambda}{t} 300 λ = t 150 λ ​ . Cancel λ \lambda λ (since λ ≠ 0 \lambda \neq 0 λ  = 0 ): 300 = 150 t 300 = \frac{150}{t} 300 = t 150 ​ . Solve for t t t : t = 150 300 = 0.5 t = \frac{150}{300} = 0.5 t = 300 150 ​ = 0.5 s. Answer: 0.5 0.5 0.5 s (Option A). © examsnet.com"
CDS-2024-II-GK-029,2024,GK,Science & Tech,General Science & Emerging Technologies,Science & Tech | General Science | Applied Science | Physics | Chemistry | Biology,easy,Mission Shakti (DRDO) of India is related to which one among the following?,Launch of multiple satellites using a single rocket,Launch of heavy satellites,Use of high power rockets in launching of satellites,Use of rocket to destroy an orbiting satellite,D,"Solution: Concept: Mission Shakti is India's anti-satellite (ASAT) test, demonstrating the ability to destroy an orbiting satellite using a rocket. Explanation: The mission was jointly executed by the Defence Research and Development Organisation (DRDO) and the Indian Space Research Organisation (ISRO). It used a modified ballistic missile interceptor from the Ballistic Missile Defence (BMD) program to hit a target satellite in low Earth orbit. The test took place on March 27, 2019. With this success, India became the fourth country after the United States, Russia, and China to possess ASAT capability. This technology is crucial for safeguarding India's space assets and deterring potential threats from adversaries. The test was conducted at a low altitude to minimise the creation of space debris. Anti-satellite weapons (ASAT) are designed to incapacitate or destroy satellites for strategic military purposes. India's achievement underscored its growing space defence capabilities and commitment to responsible behaviour in outer space. Answer: D. Use of rocket to destroy an orbiting satellite. © examsnet.com"
CDS-2024-II-GK-030,2024,GK,Quantitative Aptitude,Basic Numeracy & Quantitative Aptitude,Aptitude | Mathematics | Quantitative Reasoning | Problem Solving,easy,"In Sun-Earth system, the Sun, the Earth and the Lagrange point L4 form:",an isosceles triangle,an equilateral triangle,a straight line,a scalene triangle,B,"Solution: Concept: Lagrange point L4 in the Sun-Earth system is a location where gravitational forces balance, forming a specific geometric shape with the two large bodies. Explanation: The Sun-Earth system has five Lagrange points (L1 to L5). Points L4 and L5 are positioned 6 0 ∘ 60^\circ 6 0 ∘ ahead of and 6 0 ∘ 60^\circ 6 0 ∘ behind Earth along its orbit. At L4, the gravitational pull from the Sun and Earth combines with the centripetal force to create a stable equilibrium. This equilibrium forces the three bodies – Sun, Earth, and L4 – to occupy the vertices of a triangle. Because the distances from L4 to Sun and L4 to Earth are equal, and the angle at L4 between the Sun and Earth is 6 0 ∘ 60^\circ 6 0 ∘ , the triangle has all sides equal. Thus, the triangle is equilateral. No other shape (isosceles, scalene, or straight line) satisfies the force balance at L4. Answer: B. an equilateral triangle © examsnet.com"
CDS-2024-II-GK-031,2024,GK,Economy,Indian Economy & Financial System,Economy | Macroeconomics | Banking & Finance | Public Finance,hard,"Match List-I with List-II and select the correct answer using the code given below the Lists: List I (Training Institute) List II (Location) A. National Academy of Customs, Indirect Taxes and Narcotics 1. Mussoorie B. LBS National Academy of Administration 2. Shimla C. National Academy of Audit and Accounts 3. Mumbai D. All India Institute of Local Self Government 4. Palasamudram","A - 3, B - 2, C - 1, D - 4","A - 3, B - 1, C - 2, D - 4","A - 4, B - 1, C - 2, D - 3","A - 4, B - 2, C - 1, D - 3",C,"Solution: Concept: Matching national training institutes with their correct locations. Explanation: National Academy of Customs, Indirect Taxes and Narcotics (NACIN) is located in Palasamudram, Andhra Pradesh. LBS National Academy of Administration (LBSNAA) is located in Mussoorie, Uttarakhand. National Academy of Audit and Accounts (NAAA) is located in Shimla, Himachal Pradesh. All India Institute of Local Self Government (AIILSG) is based in Mumbai, Maharashtra. Thus the correct matching is: A - 4 (Palasamudram), B - 1 (Mussoorie), C - 2 (Shimla), D - 3 (Mumbai). Answer: Option C: A - 4, B - 1, C - 2, D - 3. © examsnet.com"
CDS-2024-II-GK-032,2024,GK,Ancient History,Ancient Indian History,Ancient History | Indian History | Archaeological Sources,medium,Consider the following statements : 1. The Flag Code of India supersedes the 'Flag Code of India'. 2. The state emblem of India is an adaptation of the Lion Capital of Ashoka at Sarnath. Which of the statements given above is/are correct?,1 only,2 only,Both 1 and 2,Neither 1 nor 2,C,"Solution: Concept: Both statements are historically and legally correct regarding the Flag Code of India and the State Emblem of India. Explanation: Statement 1: The Flag Code of India, 2002, indeed superseded the earlier 'Flag Code-India'. It consolidated all previous laws, conventions, and instructions for the display of the National Flag. This unified code replaced earlier guidelines to ensure consistent and respectful usage of the flag. Statement 2: The State Emblem of India is an adaptation of the Lion Capital of Ashoka at Sarnath. The emblem features four Asiatic lions standing back to back, symbolizing power and courage. It also includes a horse, a bull, and the Dharma Chakra (wheel) at the center. The emblem was officially adopted on 26 January 1950, the day India became a republic. Answer: Both 1 and 2 © examsnet.com"
CDS-2024-II-GK-033,2024,GK,Environment & Ecology,"Ecology, Biodiversity & Climate Change",Environment & Ecology | Biodiversity | Conservation | Climate Change,easy,Which one of the following is not among the thematic areas of National Mission on Sustainable Habitat?,Energy and Green Building,Mobility and Air Quality,Waste Management,"Rural Planning, Green cover and Biodiversity",D,"Solution: Concept: The National Mission on Sustainable Habitat focuses on making cities sustainable through energy efficiency, waste management, and public transport, not rural planning. Explanation: This mission is one of the eight missions under the National Action Plan on Climate Change. Its thematic areas are limited to urban sustainability. Energy and Green Building promotes energy efficiency and green building practices. Mobility and Air Quality focuses on sustainable urban transport and improving air quality. Waste Management covers solid waste handling, recycling, and waste‑to‑energy initiatives. Rural Planning, Green cover and Biodiversity falls under other missions like the National Mission for a Green India, not this one. Thus, only option D is not a thematic area of the National Mission on Sustainable Habitat. Answer: Rural Planning, Green cover and Biodiversity © examsnet.com"
CDS-2024-II-GK-034,2024,GK,Modern History,Indian National Movement,Modern History | Freedom Struggle | British Colonial Rule,hard,Which of the following are the components of the Indian Legal System? 1. Basic values and principles enshrined in the Constitution 2. Rights and obligations conferred by ordinary statutes 3. Organizational set-up to enforce rights and obligations within the constitutional norms 4. Legal and judicial persons Select the answer using the code given below:,"1, 2, 3 and 4","1, 2 and 4 only","1, 2 and 3 only",3 and 4 only,C,"Solution: Concept: The Indian Legal System consists of the constitutional framework, statutory laws, and the institutional machinery to enforce them. Judicial and legal persons are participants, not separate components. Explanation: Statement 1 is correct because the Constitution provides the foundational values and principles, such as fundamental rights and the governance structure, which form the core of the legal system. Statement 2 is correct because ordinary statutes (e.g., IPC, Consumer Protection Act) enacted by legislatures add specific rights and duties that operate within the constitutional framework. Statement 3 is correct because the organizational setup—courts, tribunals, law enforcement agencies—enforces these rights and obligations in line with constitutional norms. Statement 4 is incorrect. Legal and judicial persons (lawyers, judges, legal entities) are actors within the system, not components of the system itself. The system includes values, laws, and institutions, not the individuals who work within them. Answer: C. 1, 2 and 3 only © examsnet.com"
CDS-2024-II-GK-035,2024,GK,Current Affairs,Current Events of National & International Importance,Current Affairs | International Relations | Government Schemes | Awards,easy,Which one among the following statements about the objectives of Vibrant Village Programme is correct?,It is a Centrally sponsored scheme.,This programme was launched in 2021.,"Arunachal Pradesh, Sikkim and Manipur are the states selected under this scheme.",Villages of Uttar Pradesh along the Nepal border are selected as flagship villages under this scheme.,A,"Solution: Concept: The Vibrant Village Programme is a Central Government scheme focused on the comprehensive development of border villages. Explanation: The programme aims to improve infrastructure, connectivity, basic amenities, and livelihood opportunities in remote border villages. It is a centrally sponsored scheme, meaning it is funded and monitored by the central government but implemented by state governments. The scheme was announced in the 2023–24 Union Budget, not in 2021. The states covered are primarily along the northern border, including Arunachal Pradesh, Sikkim, Uttarakhand, Himachal Pradesh, and Ladakh. Manipur is not included. Villages along the Nepal border are not part of this scheme; the focus is on the China border. Hence, only option A is correct as a statement about its objectives. Answer: A. It is a Centrally sponsored scheme. © examsnet.com"
CDS-2024-II-GK-036,2024,GK,Current Affairs,Current Events of National & International Importance,Current Affairs | International Relations | Government Schemes | Awards,easy,Which one of the following UN organizations has not been awarded the Nobel Prize ?,WFP,ILO,UNESCO,UNHCR,C,"Solution: Concept: This question checks your knowledge of which major UN organization has not received the Nobel Peace Prize. Explanation: The World Food Programme (WFP) won the Nobel Peace Prize in 2020 for its work against hunger and for using food aid to foster peace. The International Labour Organization (ILO) won in 1969 for advancing social justice and decent working conditions globally. The United Nations High Commissioner for Refugees (UNHCR) won twice – in 1954 and 1981 – for protecting refugees and displaced persons. The United Nations Educational, Scientific and Cultural Organization (UNESCO), despite its peace‑building mission through education and culture, has never been awarded the Nobel Peace Prize. Answer: UNESCO (Option C) is the correct answer. © examsnet.com"
CDS-2024-II-GK-037,2024,GK,Polity,Indian Constitution & Governance,Polity | Constitution of India | Governance | Constitutional Bodies,easy,"Which of the following areas has been exempted from the purview of the Citizenship (Amendment) Act, 2019?",Ladakh,Jammu and Kashmir,The Sixth Schedule Areas,The Fifth Schedule Areas,C,"Solution: Concept: The Citizenship (Amendment) Act, 2019 exempts certain regions from its provisions to protect the cultural and social fabric of indigenous communities. Explanation: The Citizenship (Amendment) Act, 2019 provides a fast‑track to Indian citizenship for persecuted religious minorities (Hindu, Sikh, Buddhist, Jain, Parsi, Christian) from Pakistan, Bangladesh, and Afghanistan who entered India before December 31, 2014. However, the Act exempts regions where such an influx could disturb the demographic balance and cultural integrity. The Sixth Schedule Areas, located in the North‑Eastern states of Assam, Meghalaya, Tripura, and Mizoram, are specifically exempted. These areas are governed by Autonomous District Councils (ADCs) under the Sixth Schedule of the Constitution, which grant them significant legislative and judicial powers over land, forests, and local customs. By exempting these areas, the government aims to preserve the unique identity and rights of the tribal communities living there. The Fifth Schedule Areas, which cover Scheduled Areas in other parts of India, do not enjoy the same level of autonomy and are not exempted under the CAA. Thus, only the Sixth Schedule Areas are kept outside the purview of this law. Answer: The Sixth Schedule Areas. © examsnet.com"
CDS-2024-II-GK-038,2024,GK,General Knowledge,General Knowledge,General Knowledge | UPSC CDS | Prelims,medium,Who among the following stated that 'A just society is that society in which ascending sense of reverence and descending sense of contempt is dissolved into the creation of a compassionate society'?,Vinoba Bhave,Bhimrao Ramji Ambedkar,Rammanohar Lohia,Jayaprakash Narayan,B,"Solution: Concept: The given quote expresses Dr. B.R. Ambedkar’s ideal of a society where caste-based reverence and contempt are replaced by compassion and equality. Explanation: Dr. Bhimrao Ramji Ambedkar was the principal architect of the Indian Constitution and a lifelong crusader against caste discrimination. He argued that a just society cannot exist when some groups are treated with reverence and others with contempt. This statement appears in his writings and speeches advocating for the annihilation of caste and the establishment of a compassionate, egalitarian social order. Ambedkar’s vision emphasises dissolving all hierarchical distinctions to create a society based on fraternity, liberty, and mutual respect. None of the other listed leaders—Vinoba Bhave (Gandhian land reformer), Rammanohar Lohia (socialist), or Jayaprakash Narayan (socialist and freedom fighter)—are known for this specific formulation. Answer: B. Bhimrao Ramji Ambedkar © examsnet.com"
CDS-2024-II-GK-039,2024,GK,Modern History,Indian National Movement,Modern History | Freedom Struggle | British Colonial Rule,medium,Which of the following statements is/are correct? 1. Criminal law is exclusively a subject under the State List of the Constitution of India. 2. Code of Civil Procedure falls under the Concurrent List of the Constitution of India. Select the answer using the code given below:,1 only,2 only,Both 1 and 2,Neither 1 nor 2,B,"Solution: Concept: The division of legislative subjects between the Centre and States under the Seventh Schedule determines whether a subject is in the Union List, State List, or Concurrent List. Explanation: Statement 1 is incorrect because criminal law falls under the Concurrent List (List III), not exclusively under the State List. Both the Centre and States can legislate on criminal law, but central law prevails in case of conflict. Statement 2 is correct because the Code of Civil Procedure (CPC) is listed under Entry 13 of the Concurrent List. This allows both the Centre and States to make laws on civil procedure. Answer: B. 2 only © examsnet.com"
CDS-2024-II-GK-040,2024,GK,Geography,Physical and Indian Geography,Geography | Physical Geography | Indian Geography | Geomorphology,hard,Arrange the following agreements between India and Pakistan in chronological order: 1. Tashkent Declaration 2. Indus Water Treaty 3. Agreement on the Prohibition of Attack Against Each Other's Nuclear Installations and Facilities 4. Agreement on Reducing the Risk from Accidents Relating to Nuclear Weapons Select the answer using the code given below:,"1, 2, 3, 4","2, 3, 1, 4","2, 1, 3, 4","1, 4, 2, 3",C,"Solution: Concept: The correct chronological order of key India-Pakistan agreements is based on their signing years. Explanation: First, the Indus Water Treaty was signed in 1960. Next, the Tashkent Declaration was signed in 1966 after the 1965 war. Then, the Agreement on Prohibition of Attack Against Nuclear Installations was signed in 1988. Finally, the Agreement on Reducing Nuclear Accident Risks was signed in 2007. So the correct sequence is 2 (1960), 1 (1966), 3 (1988), 4 (2007). Answer: Option C: 2, 1, 3, 4 © examsnet.com"
CDS-2024-II-GK-041,2024,GK,Quantitative Aptitude,Basic Numeracy & Quantitative Aptitude,Aptitude | Mathematics | Quantitative Reasoning | Problem Solving,hard,Which of the following statements with regard to the Shanghai Cooperation Organization (SCO) is/are correct? 1. The official languages of the SCO are Russian and Chinese. 2. The SCO enjoys observer status in the UN General Assembly. 3. The SCO consists of 13 member states. Select the answer using the code given below:,1 only,1 and 3,1 and 2,2 and 3,C,"Solution: Concept: The Shanghai Cooperation Organization (SCO) is a Eurasian political, economic, and security alliance. This question tests knowledge of its official languages, UN observer status, and membership count. Explanation: The official languages of the SCO are Russian and Chinese. Hence, statement 1 1 1 is correct. The SCO has enjoyed observer status in the UN General Assembly since 2005 2005 2005 . Hence, statement 2 2 2 is correct. The SCO currently has 8 8 8 member states: China, India, Kazakhstan, Kyrgyzstan, Pakistan, Russia, Tajikistan, and Uzbekistan. Therefore, statement 3 3 3 (claiming 13 13 13 members) is incorrect. Thus, only statements 1 1 1 and 2 2 2 are correct. Answer: C. 1 1 1 and 2 2 2 © examsnet.com"
CDS-2024-II-GK-042,2024,GK,Modern History,Indian National Movement,Modern History | Freedom Struggle | British Colonial Rule,easy,Financial Action Task Force is:,A wing under the Central Economic Intelligence Bureau,A division of Enforcement Directorate,A global money laundering and terrorist financing watchdog,A UN Anti-Corruption Agency,C,"Solution: Concept: The Financial Action Task Force (FATF) is an inter-governmental body that sets international standards to prevent money laundering and terrorist financing. Explanation: FATF was founded in 1989 by the G7 countries. Its role is to strengthen legal, regulatory, and operational measures against financial crimes. It issues 40 Recommendations, which are the global benchmark for anti-money laundering and counter-terrorist financing efforts. FATF monitors member countries through regular evaluations and can place non‑compliant nations on a grey list or blacklist. Its headquarters is in Paris, France. FATF is not a wing of the Central Economic Intelligence Bureau, a division of the Enforcement Directorate, or a UN agency. Therefore, it is correctly called a global watchdog for money laundering and terrorist financing. Answer: Option C: A global money laundering and terrorist financing watchdog. © examsnet.com"
CDS-2024-II-GK-043,2024,GK,General Knowledge,General Knowledge,General Knowledge | UPSC CDS | Prelims,hard,"In which of the following matters placed before the UN General Assembly, a resolution by two-thirds majority of the members present and voting is required? 1. Admission of new members to the UN 2. Election of the non-permanent members of the Security Council 3. Election of members of the Economic and Social Council Select the answer using the code given below:",1 and 2 only,2 and 3 only,1 and 3 only,"1, 2 and 3",D,"Solution: Concept: Under Article 18 of the UN Charter, certain important questions require a two‑thirds majority of members present and voting. Explanation: Statement 1: Admission of new members needs a recommendation from the Security Council and a two‑thirds majority in the General Assembly (Article 4). Statement 2: Election of non‑permanent members of the Security Council requires a two‑thirds majority (Article 23). Statement 3: Election of members of the Economic and Social Council also requires a two‑thirds majority (Article 61). Answer: All three statements are correct. The correct option is D: 1, 2 and 3. © examsnet.com"
CDS-2024-II-GK-044,2024,GK,General Knowledge,General Knowledge,General Knowledge | UPSC CDS | Prelims,hard,'Bharat Parv' was organized by the Government of India during which of the following programmes ? 1. Republic Day 2024 2. National Film Festival 2024 3. Cannes Film Festival 2024 Select the answer using the code given below:,1 and 2 only,2 and 3 only,1 and 3 only,"1, 2 and 3",C,"Solution: Concept: Bharat Parv is a cultural festival organized by the Government of India to showcase the nation's diversity, unity, and heritage. Explanation: Bharat Parv is typically held to coincide with Republic Day celebrations in January each year. It features Republic Day tableaux, cultural performances, food festivals, and handicraft exhibitions. The event promotes the theme of ""Ek Bharat Shreshtha Bharat"" (One India, Great India). Statement Analysis: Statement 1 ( Republic Day 2024 ): Bharat Parv is indeed organized around Republic Day, so this statement is correct. Statement 2 ( National Film Festival 2024 ): This is a separate event focused on Indian cinema and is not associated with Bharat Parv, so this statement is incorrect. Statement 3 ( Cannes Film Festival 2024 ): India showcased Bharat Parv at the Cannes Film Festival 2024 to promote its culture on an international platform, making this statement correct. Thus, the correct statements are 1 and 3 only. Answer: C: 1 and 3 only © examsnet.com"
CDS-2024-II-GK-045,2024,GK,Polity,Indian Constitution & Governance,Polity | Constitution of India | Governance | Constitutional Bodies,easy,Which one of the following organizations challenged the constitutionality of Section 377 of the Indian Penal Code in the Supreme Court of India?,Naz Foundation (India) Trust,Bachpan Bachao Andolan,Sambhav Foundation India,ActionAid India,A,"Solution: Concept: The Naz Foundation (India) Trust filed the first Public Interest Litigation (PIL) in the Delhi High Court in 2001 to challenge the constitutional validity of Section 377 of the Indian Penal Code. Explanation: This NGO works on HIV/AIDS and sexual health issues. In 2001, it filed a PIL in the Delhi High Court arguing that Section 377 violates fundamental rights under Articles 14, 19, and 21 of the Indian Constitution. The Delhi High Court in 2009 decriminalized consensual homosexual acts, but the Supreme Court overturned that in 2013. Finally, on 6th September 2018, the Supreme Court partially struck down Section 377, affirming LGBTQ+ rights. Thus, the organization that initiated the legal challenge was the Naz Foundation (India) Trust. Answer: A. Naz Foundation (India) Trust © examsnet.com"
CDS-2024-II-GK-046,2024,GK,Polity,Indian Constitution & Governance,Polity | Constitution of India | Governance | Constitutional Bodies,medium,"As per Article 371G of the Constitution of India, special provisions have been made with respect to the state of Mizoram. Accordingly, no Act of Parliament shall apply on certain matters unless the Legislative Assembly of Mizoram so decides by a resolution. Which one of the following matters is not covered under this Article ?",Religious or social practices of the Mizos,Mizo customary law and procedure,Administration of civil and criminal justice involving decisions according to Mizo customary law,Ownership and transfer of natural resources,D,"Solution: Concept: Article 371G of the Indian Constitution grants special provisions to Mizoram, allowing its Legislative Assembly to decide which Parliament laws apply to certain local matters. Explanation: The article explicitly lists the matters that require a resolution by the Mizoram Legislative Assembly before any Act of Parliament can apply. These matters are: • Religious or social practices of the Mizos • Mizo customary law and procedure • Administration of civil and criminal justice involving decisions according to Mizo customary law The matter of “Ownership and transfer of natural resources” is not mentioned in Article 371G. Therefore, Parliament can legislate on natural resources in Mizoram without needing a resolution from the state assembly. Answer: Ownership and transfer of natural resources (Option D) is the matter not covered under Article 371G. © examsnet.com"
CDS-2024-II-GK-047,2024,GK,General Knowledge,General Knowledge,General Knowledge | UPSC CDS | Prelims,medium,"Which of the following statements, as per the Information Technology Act, 2000, is/are correct? 1. This Act provides that electronic signature is legally valid in the same manner as the handwritten signature. 2. Both the Central Government and State Governments have been given the power to make rules with respect to electronic signature. Select the answer using the code given below:",1 only,2 only,Both 1 and 2,Neither 1 nor 2,C,"Solution: Concept: The Information Technology Act, 2000 provides legal recognition to electronic signatures and allows both Central and State Governments to make rules regarding them. Explanation: Statement 1 is correct. The Act declares that an electronic signature is legally valid and enforceable just like a handwritten signature. It defines electronic signatures and sets a framework to ensure authenticity and integrity of documents. Hence, electronic signatures hold the same legal standing as handwritten ones. Statement 2 is correct. Both the Central Government and State Governments are empowered to make rules concerning electronic signatures. This allows a cohesive and comprehensive regulation of electronic signatures across the nation. The provision ensures effective implementation and governance at multiple levels. Thus, both statements are accurate under the Act. Answer: C. Both 1 and 2 © examsnet.com"
CDS-2024-II-GK-048,2024,GK,Polity,Indian Constitution & Governance,Polity | Constitution of India | Governance | Constitutional Bodies,easy,Which of the following statements about National Recruitment Agency is correct?,It is a body to conduct Common Eligibility Test (CET) to shortlist the candidates for vacancies under 'Group B' and 'Group C' of the Government.,"Employment in private sector is facilitated in all the districts, particularly 117 aspirational districts.",It was set up in 2014.,It has been accorded Constitutional status in 2021.,A,"Solution: Concept: The National Recruitment Agency (NRA) is a central body created to conduct the Common Eligibility Test (CET) for non‑gazetted Group B and Group C government posts. Explanation: The NRA was established by the Government of India to simplify and speed up the recruitment process. Its main task is to hold the CET, which will replace multiple separate exams conducted by different recruitment agencies. This reduces the burden on candidates and the administrative machinery. The CET will be offered in many languages and at three levels: graduate, higher secondary (12th pass), and matriculate (10th pass). Examination centres will be set up in every district to help candidates from rural and remote areas. The CET score is valid for three years, and candidates can take the exam multiple times to improve their scores. The NRA was not set up in 2014, nor has it been given constitutional status in 2021. It does not facilitate private sector employment, nor is it limited to aspirational districts. Answer: Option A – It is a body to conduct the Common Eligibility Test (CET) to shortlist candidates for vacancies under Group B and Group C of the Government. © examsnet.com"
CDS-2024-II-GK-049,2024,GK,General Knowledge,General Knowledge,General Knowledge | UPSC CDS | Prelims,easy,The Research Design and and Standards Organization is the R&D wing of which one of the following organizations?,Bhabha Atomic Research Centre,Indian Space Research Organization,Indian Railways,Defence Research and Development Organization,C,"Solution: Concept: The Research Design and Standards Organization (RDSO) is the research and development (R&D) arm of the Indian Railways. Explanation: RDSO is a specialized wing under the Ministry of Railways. It is responsible for R&D, standardization, and technology upgrades in the Indian Railways network. RDSO is located in Lucknow and works on developing new technologies and improving safety and efficiency. It also sets technical standards for railway equipment and infrastructure. The organization helps in indigenous development of railway systems, reducing reliance on foreign technology. Answer: Indian Railways © examsnet.com"
CDS-2024-II-GK-050,2024,GK,General Knowledge,General Knowledge,General Knowledge | UPSC CDS | Prelims,hard,Match List-I with List-II and select the correct answer using the code given below the Lists: List I (Speaker of Lok Sabha) List II (Tenure) A. Manohar Gajanan Joshi 1. 14th Lok Sabha B. Somnath Chatterjee 2. 13th Lok Sabha C. Meira Kumar 3. 16th Lok Sabha D. Sumitra Mahajan 4. 15th Lok Sabha,"A - 2, B - 1, C - 4, D - 3","A - 2, B - 4, C - 1, D - 3","A - 3, B - 4, C - 1, D - 2","A - 3, B - 1, C - 4, D - 2",A,"Solution: Concept: Match each Speaker of Lok Sabha with the correct Lok Sabha term. Explanation: Manohar Gajanan Joshi was Speaker of the 13th Lok Sabha . Somnath Chatterjee served as Speaker of the 14th Lok Sabha . Meira Kumar (first woman Speaker) held office during the 15th Lok Sabha . Sumitra Mahajan was Speaker of the 16th Lok Sabha . Thus, A- 2 2 2 , B- 1 1 1 , C- 4 4 4 , D- 3 3 3 is the correct pairing. Answer: A - 2 2 2 , B - 1 1 1 , C - 4 4 4 , D - 3 3 3 (Option A). © examsnet.com"
CDS-2024-II-GK-051,2024,GK,General Knowledge,General Knowledge,General Knowledge | UPSC CDS | Prelims,medium,Consider the following statements about the Vedanta philosophy: 1. Shankara was the founder of Advaita Vedanta. 2. The philosophy of Dvaita was elaborated by Madhva. Which of the statements given above is/are correct?,1 only,2 only,Both 1 and 2,Neither 1 nor 2,C,"Solution: Concept: Vedanta philosophy includes two major schools: Advaita (non-dualism) founded by Shankara and Dvaita (dualism) founded by Madhva. Explanation: Statement 1: Shankara, also known as Adi Shankaracharya (8th century), established Advaita Vedanta. This school teaches that the individual self ( A t m a n \mathrm{Atman} Atman ) and the universal self ( B r a h m a n \mathrm{Brahman} Brahman ) are identical. Shankara wrote commentaries on the Upanishads, Bhagavad Gita, and Brahma Sutras. Therefore, statement 1 is correct. Statement 2: Madhva, or Madhvacharya (13th century), founded the Dvaita (dualistic) school of Vedanta. Dvaita holds that the individual soul ( A t m a n \mathrm{Atman} Atman ) and the supreme soul ( B r a h m a n \mathrm{Brahman} Brahman ) are eternally separate. Madhva emphasized worship of Vishnu as the supreme deity. Thus, statement 2 is also correct. Answer: Both statements 1 and 2 are correct. Hence, the correct option is C (Both 1 and 2). © examsnet.com"
CDS-2024-II-GK-052,2024,GK,Modern History,Indian National Movement,Modern History | Freedom Struggle | British Colonial Rule,easy,The distribution of charkhas on a wide scale among the people was decided by:,Congress Working Committee in 1919,All India Congress Committee in 1921,Mahatma Gandhi at the start of Dandi March,All India Congress Committee in 1947,B,"Solution: Concept: The All India Congress Committee (AICC) was the key body that authorized the mass distribution of charkhas to boost the Swadeshi movement. Explanation: In 1921, the AICC decided to widely distribute charkhas (spinning wheels) among the people. This decision aligned with Mahatma Gandhi’s call for self-reliance and resistance to British rule. The charkha symbolized the Swadeshi movement, which promoted Indian-made goods and boycotted British products. The move aimed to empower rural Indians, generate employment, and build national pride. It was part of the broader Non‑Cooperation Movement (1920–22) that sought Swaraj through non‑violent means. The AICC, as the central decision‑making body of the Indian National Congress, directed such strategies during the freedom struggle. Thus, the wide‑scale distribution of charkhas was officially approved by the All India Congress Committee in 1921. Answer: All India Congress Committee in 1921 © examsnet.com"
CDS-2024-II-GK-053,2024,GK,General Knowledge,General Knowledge,General Knowledge | UPSC CDS | Prelims,easy,The terms used for cereals in the Rig Veda are:,Godhuma and Vrihi,Yava and Dhanya,Tila and Khala,Priyangu and Shyamaka,A,"Solution: Concept: The Rig Veda mentions specific terms for cereals that reflect the agricultural knowledge of the Vedic people. Explanation: The Rig Veda, composed around 1500–1200 BCE, contains hymns that describe the crops cultivated by the early Vedic society. Among the cereals, Godhuma (wheat) and Vrihi (rice) are the primary terms used to denote grains in this text. Wheat and rice were staple cereals, and their mention highlights their importance in Vedic agriculture and diet. Other options like Yava (barley), Dhanya (general grain term), Tila (sesame), Khala (threshed grain), Priyangu, and Shyamaka (millets) appear in later or other Vedic contexts, but they are not the main terms for cereals in the Rig Veda itself. Answer: Godhuma and Vrihi © examsnet.com"
CDS-2024-II-GK-054,2024,GK,Medieval History,Medieval Indian History,Medieval History | Delhi Sultanate | Mughal Empire | Administration,hard,Consider the following statements about the condition of widows in the 18th century India : 1. Raja Sawai Jai Singh of Amber promoted widow remarriage. 2. Maratha General Parshuram Bhau promoted widow remarriage. 3. Raja Ram Mohan Roy opposed Sati. Which of the statements given above are correct?,1 and 2 only,1 and 3 only,2 and 3 only,"1, 2 and 3",C,"Solution: Concept: This question tests knowledge of social reforms in 18th-century India, specifically widow remarriage and opposition to Sati. Explanation: Statement 1: Raja Sawai Jai Singh of Amber is famous for contributions to astronomy and architecture, not for social reforms like widow remarriage. No historical evidence supports this claim. Hence, statement 1 is incorrect. Statement 2: Maratha General Parshuram Bhau supported social reforms, including the promotion of widow remarriage. This aligns with progressive Maratha policies. Hence, statement 2 is correct. Statement 3: Raja Ram Mohan Roy, a leading social reformer in the early 19th century, actively opposed the practice of Sati. His efforts contributed to the Sati Regulation Act of 1829, which banned the practice. Hence, statement 3 is correct. Therefore, only statements 2 and 3 are correct. Answer: Option C (2 and 3 only) © examsnet.com"
CDS-2024-II-GK-055,2024,GK,Medieval History,Medieval Indian History,Medieval History | Delhi Sultanate | Mughal Empire | Administration,hard,Consider the following statements about the administrative measures of Shivaji: 1. The scheme of Ashta Pradhan (eight) ministers was completed and announced at the time of Shivaji's coronation with regulations and duties properly defined. 2. Shivaji introduced Marathi in place of Persian and coined Sanskrit technical E terms for administrative purposes. Which of the statements given above is/are correct?,1 only,2 only,Both 1 and 2,Neither 1 nor 2,C,"Solution: Concept: Shivaji's administrative reforms included the formal creation of a council of ministers and the replacement of Persian with Marathi and Sanskrit. Explanation: The Ashta Pradhan, a council of eight ministers, was formally constituted at Shivaji's coronation in 1674. Each minister had clearly defined roles and responsibilities. The ministers were: Peshwa (Prime Minister), Amatya (Finance), Sachiv (Secretary), Waqia-Navis (Interior), Sumant (Foreign), Senapati (Military), Nyayadhish (Justice), and Pandit Rao (High Priest). Thus, statement 1 is correct. Shivaji replaced Persian with Marathi as the official administrative language. He also coined Sanskrit technical terms for administrative purposes. This change increased transparency and fostered cultural pride among the local population. Thus, statement 2 is correct. Answer: Both 1 and 2 © examsnet.com"
CDS-2024-II-GK-056,2024,GK,Art & Culture,Indian Culture and Heritage,Art & Culture | Architecture | Performing Arts | Heritage Sites,hard,"With reference to the Mesolithic art in India, consider the following statements: 1. Alexander Burns discovered the first rock paintings in India at Sohagighat in Uttar Pradesh. 2. Bhimbetka rock paintings were discovered when archaeologist V.S. Wakankar noticed the rocks out of a train window while travelling from Bhopal to Itarsi and got off at the nearest railway station to explore the site. 3. The paintings and engravings do not exist in the same shelter in the rock art of Orissa. Which of the statements given above is/are correct?",1 only,2 only,2 and 3,1 and 2,B,"Solution: Concept: Mesolithic rock art sites in India and their discovery history. Explanation: The first rock paintings in India were discovered at Bhimbetka, Madhya Pradesh, by V.S. Wakankar, not by Alexander Burns at Sohagighat. Statement 1 is incorrect. V.S. Wakankar indeed noticed the Bhimbetka rock formations from a train window while travelling from Bhopal to Itarsi, and he got off at the nearest station to explore them. Statement 2 is correct. In the rock art of Orissa, paintings and engravings often appear together in the same shelter. Statement 3 is incorrect. Thus, only statement 2 is correct. Answer: 2 only © examsnet.com"
CDS-2024-II-GK-057,2024,GK,Art & Culture,Indian Culture and Heritage,Art & Culture | Architecture | Performing Arts | Heritage Sites,easy,"In the decoration of Stupas, what does the term 'Kinjalkini' refer to?",Creepers showing ornaments and textiles,Scarves and saris,Mango shaped pendants,A garland of thousand lotus flowers,D,"Solution: Concept: Kinjalkini is a specific decorative element in Stupa architecture, denoting a garland of lotus flowers. Explanation: Stupas are dome-shaped Buddhist structures used for meditation and housing relics. They are decorated with various symbolic ornaments to inspire devotion. The term Kinjalkini refers to a garland composed of a thousand lotus flowers. Lotus flowers hold deep symbolism in Buddhism, representing purity, spiritual awakening, and rebirth. Thus, the Kinjalkini garland enhances the sacred atmosphere of the Stupa. Other notable decorative features include toranas (gateways), harmika (platform), and chattras (umbrellas). The Great Stupa at Sanchi, built by Emperor Ashoka, is a famous example with such ornamentation. Answer: A garland of thousand lotus flowers. © examsnet.com"
CDS-2024-II-GK-058,2024,GK,Science & Tech,General Science & Emerging Technologies,Science & Tech | General Science | Applied Science | Physics | Chemistry | Biology,hard,"Which of the following is/are the correct components of the ""Lion Capital"" at Sarnath ? 1. The shaft (stambha-yashti) or the tall tapering column 2. An elliptical top part the abacus, devoid of any carvings 3. Overflowing inverted petals below the abacus Select the answer using the code given below:",1 only,1 and 3 only,2 and 3 only,"1, 2 and 3",B,"Solution: Concept: The Lion Capital at Sarnath consists of a tapering shaft, an abacus with carvings, and inverted lotus petals below the abacus. Explanation: Statement 1: The shaft (stambha-yashti) is a tall, tapering column that supports the capital. It is correct. Statement 2: The abacus is not elliptical and devoid of carvings; it actually features four lions, Ashoka Chakra, and animal motifs. So it is incorrect. Statement 3: Below the abacus, there are overflowing inverted petals (lotus petals). This is correct. Thus, only statements 1 and 3 are correct. Answer: B. 1 and 3 only © examsnet.com"
CDS-2024-II-GK-059,2024,GK,General Knowledge,General Knowledge,General Knowledge | UPSC CDS | Prelims,hard,Consider the following events leading to the Indian Independence: 1. Lucknow Pact 2. Return of Subhash Chandra Bose to India 3. Cripps Mission 4. Naval Mutiny in Bombay Select the chronological sequence of these events (earliest to latest) from the code given below:,"4, 3, 2, 1","3, 4, 2, 1","1, 2, 3, 4","2, 1, 3, 4",C,"Solution: Concept: Chronological order of key pre-independence events in India: Lucknow Pact (1916), Subhash Chandra Bose's return (1934), Cripps Mission (1942), Naval Mutiny (1946). Explanation: The Lucknow Pact was signed in 1916 between the Indian National Congress and the Muslim League, promoting Hindu-Muslim unity. Subhash Chandra Bose returned to India in 1934 after resigning from the Indian Civil Services and became a prominent leader. The Cripps Mission arrived in 1942 to offer dominion status after World War II, but Indian leaders rejected it. The Royal Indian Navy Mutiny erupted in 1946 in Bombay, reflecting deep unrest among soldiers. Thus the correct order is Lucknow Pact (1916), Bose's return (1934), Cripps Mission (1942), Naval Mutiny (1946). Answer: 1, 2, 3, 4 (Option C). © examsnet.com"
CDS-2024-II-GK-060,2024,GK,Science & Tech,General Science & Emerging Technologies,Science & Tech | General Science | Applied Science | Physics | Chemistry | Biology,easy,Who among the following were famous for their metal-casting skills and used to cast excellent matchlocks during the medieval period?,Marathas,Rajputs,Ahoms,Gonds,C,"Solution: Concept: The Ahoms were renowned for their advanced metal-casting skills, particularly in crafting high-quality matchlocks during the medieval period. Explanation: The Ahoms ruled the Ahom Kingdom (present-day Assam) from the 13th to the 19th century. They were skilled metallurgists and produced durable metal objects, including matchlocks – early firearms using a slow-burning match to ignite gunpowder. These matchlocks were a key part of the Ahom military arsenal and were known for their precision and reliability. Their metal-casting techniques were sophisticated, allowing them to create not only weapons but also tools and ceremonial items. Answer: Ahoms © examsnet.com"
CDS-2024-II-GK-061,2024,GK,Medieval History,Medieval Indian History,Medieval History | Delhi Sultanate | Mughal Empire | Administration,medium,Consider the following statements about the Ancient Hindu metal images in India: 1. The Chola period is well known for the aesthetic and technical finesse of its metal sculpture. 2. The iconography and style of Chola metal images were similar to those of their stone counterparts. Which of the statements given above is/are correct?,1 only,2 only,Both 1 and 2,Neither 1 nor 2,C,"Solution: Concept: The Chola period (9th–13th centuries) is famous for its metal sculptures, which share stylistic and iconographic features with stone sculptures. Explanation: Statement 1 is correct. The Chola dynasty achieved exceptional skill in bronze sculpture, using the lost-wax technique to create detailed, elegant, and lifelike images of deities. These sculptures were used in religious ceremonies and reflect the artistic excellence of the period. Statement 2 is correct. The iconography (postures, attributes, themes) and style of Chola metal images matched those of their stone counterparts. Both mediums used the same religious conventions to ensure consistent representation of gods like Shiva, Vishnu, and others. Thus, both statements are accurate. Answer: Both 1 and 2 (Option C). © examsnet.com"
CDS-2024-II-GK-062,2024,GK,Polity,Indian Constitution & Governance,Polity | Constitution of India | Governance | Constitutional Bodies,easy,"Which one of the following terms was used for the States in the Draft Constitution presented by Dr. B.R. Ambedkar on 4th November, 1948 ?",Union of States,Federation of States,Autonomous States,Subsidiary States,A,"Solution: Concept: The term used for the states in the Draft Constitution of India was “Union of States”, chosen to stress the indivisible and unified nature of the Indian nation. Explanation: Dr. B.R. Ambedkar presented the Draft Constitution to the Constituent Assembly on 4th November, 1948. In this draft, the states were referred to as a “Union of States”, not as a “Federation of States” or any other term. The word “Union” was deliberately selected to show that the Indian federation is not based on an agreement among independent states. Therefore, no state has the right to secede from the Union. This choice emphasized the integrity and indivisibility of India, especially in the post-Partition context. Later, Article 1 of the Constitution stated: “India, that is Bharat, shall be a Union of States.” The term also reflects the centralised nature of the Indian polity, where the Centre has significant powers over the states. The Drafting Committee, under Dr. Ambedkar, wanted to avoid any implication of a loose confederation. Thus, “Union of States” was the official term used in the Draft Constitution. Answer: Union of States © examsnet.com"
CDS-2024-II-GK-063,2024,GK,Ancient History,Ancient Indian History,Ancient History | Indian History | Archaeological Sources,easy,The antariya was a garment worn by people during the Mauryan period. It was:,an unstitched length of cloth draped around the body.,a sewn garment consisting of a sleeved tunic.,a head covering used exclusively by women.,made of strips sewn together tied at the waist with a cord.,A,"Solution: Concept: The antariya was a traditional unstitched lower garment worn during the Mauryan period. Explanation: It was an unstitched length of cloth draped around the body, commonly made of fine cotton or muslin. Both men and women wore it as a lower garment: men wrapped it around waist and legs (extending to knees or ankles), while women draped it as a skirt often paired with an uttariya (upper garment). This style was simple and suited the hot climate, and is often depicted in ancient sculptures and paintings. The garment could be decorated with borders or embroidery, but remained unstitched. The Mauryan Empire (c. 322–185 BCE) flourished under Chandragupta Maurya and Ashoka, and the antariya reflects the clothing practices of that period. Answer: A. an unstitched length of cloth draped around the body. © examsnet.com"
CDS-2024-II-GK-064,2024,GK,Modern History,Indian National Movement,Modern History | Freedom Struggle | British Colonial Rule,medium,"Consider the following statements with reference to the Utpala dynasty of Kashmir : 1. Avantivarman, the founder, devoted his energies to the economic upliftment of his subjects. 2. Avantivarman's period in Kashmir is known for the engineering operations under his minister Suyya, resulting in the enormous increase of grains and fall in prices. Which of the statements given above is/are correct?",1 only,2 only,Both 1 and 2,Neither 1 nor 2,C,"Solution: Concept: The Utpala dynasty of Kashmir under Avantivarman was a period of economic growth and infrastructure development. Explanation: Avantivarman founded the Utpala dynasty in Kashmir. He focused his efforts on the economic upliftment of his subjects, ensuring prosperity. Thus, statement 1 is historically correct. During Avantivarman's reign, his minister Suyya carried out large-scale engineering projects. These included irrigation systems and flood control measures. The improved water management led to a massive increase in grain production. The resulting surplus caused a significant fall in food prices. Therefore, statement 2 is also correct. Answer: Both statements 1 and 2 are correct. © examsnet.com"
CDS-2024-II-GK-065,2024,GK,Ancient History,Ancient Indian History,Ancient History | Indian History | Archaeological Sources,hard,Consider the following pairs of High Offices and concerned Departments in the Mauryan Administration: 1. Samahartri :Chief Collector of Revenue 2. Dauvarika : Chief of Army 3. Akshapatala : Records-cum-Audit Officer 4. Samnidhatri : Treasurer Which of the pairs given above are correctly matched?,1 and 2 only,"1, 3 and 4 only",3 and 4 only,"1, 2, 3 and 4",B,"Solution: Concept: The Mauryan administration had specific officials like Samahartri (chief revenue collector), Dauvarika (palace chamberlain), Akshapatala (records and audit), and Samnidhatri (treasurer). Explanation: Samahartri was indeed the chief collector of revenue, so pair 1 is correct. Dauvarika was not the army chief; the army chief was Senapati. Dauvarika was a palace chamberlain, so pair 2 is incorrect. Akshapatala was the records-cum-audit officer, so pair 3 is correct. Samnidhatri was the treasurer, so pair 4 is correct. Thus the correctly matched pairs are 1, 3, and 4 only. Answer: Option B: 1, 3 and 4 only. © examsnet.com"
CDS-2024-II-GK-066,2024,GK,Polity,Indian Constitution & Governance,Polity | Constitution of India | Governance | Constitutional Bodies,easy,"Which kingdom was described by Governor-General Lord Dalhousie as ""A cherry that will drop into our mouth one day""?",Delhi,Awadh,Jhansi,Gwalior,B,"Solution: Concept: Lord Dalhousie’s metaphor likens the annexation of a princely state to a ripe fruit falling effortlessly. Explanation: Lord Dalhousie, Governor-General from 1848 to 1856, viewed the kingdom of Awadh as easy to annex. He called Awadh “A cherry that will drop into our mouth one day,” meaning it would be taken without much struggle. Awadh was wealthy and strategically located in northern India. Dalhousie justified annexation on grounds of misgovernance by the Nawab. In 1856, the British formally annexed Awadh. This caused widespread discontent and helped spark the Indian Rebellion of 1857. The statement reflects Dalhousie’s expansionist approach, not directly the Doctrine of Lapse. Answer: Awadh © examsnet.com"
CDS-2024-II-GK-067,2024,GK,General Knowledge,General Knowledge,General Knowledge | UPSC CDS | Prelims,hard,"Consider the following statements with reference to Census in India : 1. The first All India Census was attempted in 1872. 2. From 1881, decennial censuses became a regular feature. Which of the statements given above is/are correct?",1 only,2 only,Both 1 and 2,Neither 1 nor 2,C,"Solution: Concept: The question checks the historical timeline of census operations in India, specifically the first attempt and the start of regular decennial censuses. Explanation: The first All India Census was attempted in 1872. It was not synchronous; different regions were counted at different times. This 1872 census laid the foundation for systematic demographic data collection across the country. Hence, statement 1 is correct. From 1881, decennial censuses became a regular feature. The first synchronous census, conducted simultaneously across India, was held in 1881 under Census Commissioner W.C. Plowden. Since then, a census has been conducted every ten years without fail. This regularity has built a continuous demographic record. Hence, statement 2 is also correct. Answer: Both statements 1 and 2 are correct. Therefore, the correct option is C: Both 1 and 2. © examsnet.com"
CDS-2024-II-GK-068,2024,GK,Modern History,Indian National Movement,Modern History | Freedom Struggle | British Colonial Rule,hard,"Which of the following statements is/are correct? 1. During the Second Round Table Conference held in London in 1931, the British Government refused to accept the basic nationalist demand for freedom. 2. India was granted dominion status in 1932. 3. Viceroy Lord Willingdon adopted a policy of reconciliation with Congress. 4. The Civil Disobedience Movement was started with the breaking of salt laws. Select the answer using the code given below:",2 and 3 only,4 only,1 and 4 only,"1, 2 and 4",C,"Solution: Concept: The question tests knowledge of specific events and policies during India's freedom struggle, particularly the Round Table Conferences, dominion status, Lord Willingdon's viceroyalty, and the Civil Disobedience Movement. Explanation: Statement 1: The Second Round Table Conference (September–December 1931) saw Mahatma Gandhi representing Congress, but the British refused to accept India's demand for complete independence. This is correct. Statement 2: India was never granted dominion status in 1932. The Simon Commission (1929) and the Government of India Act 1935 discussed it, but it was never implemented before independence. This is incorrect. Statement 3: Lord Willingdon (Viceroy 1931–1936) adopted repressive policies, not reconciliation. He arrested Congress leaders and suppressed the Civil Disobedience Movement. This is incorrect. Statement 4: The Civil Disobedience Movement (1930) began with the Dandi March, where Gandhi broke the salt laws by making salt from seawater. This is correct. Thus, only statements 1 and 4 are correct. Answer: C. 1 and 4 only © examsnet.com"
CDS-2024-II-GK-069,2024,GK,Modern History,Indian National Movement,Modern History | Freedom Struggle | British Colonial Rule,hard,"Which of the following statements about Cabinet Mission are correct? 1. It was sent to India in 1946 to negotiate the transfer of power with the Indian leaders. 2. It proposed a two-tiered federal plan while conceding the largest measure of regional autonomy. 3. There was to be a federation of provinces and states, alongside a federal centre. 4. The individual provinces were allowed to form regional unions to which they could surrender some of their powers by mutual agreement. Select the answer using the code given below:",1 and 3 only,"1, 2 and 4 only","2, 3 and 4 only","1, 2, 3 and 4",D,"Solution: Concept: The Cabinet Mission of 1946 proposed a federal plan for India to facilitate the transfer of power. Explanation: The Cabinet Mission was sent to India in 1946 to negotiate the transfer of power from British rule to Indian leaders. It proposed a two‑tiered federal plan: a central government and provincial governments with maximum regional autonomy. A federation of provinces and princely states would exist, with a strong federal centre controlling defence, foreign affairs and communications. Individual provinces were allowed to form regional unions by mutual agreement, to which they could surrender some of their powers. All four statements accurately describe the Cabinet Mission's proposals. Therefore, statements 1, 2, 3 and 4 are correct. Answer: Option D: 1, 2, 3 and 4 © examsnet.com"
CDS-2024-II-GK-070,2024,GK,Medieval History,Medieval Indian History,Medieval History | Delhi Sultanate | Mughal Empire | Administration,hard,Consider the following pairs: 1. Gajapati - Name of a powerful Dynasty in Orissa 2. Ashvapati - Deccan Sultans 3. Narapati - Rayas of Vijayanagara Which of the above pairs is/are correctly matched?,1 only,2 only,"1, 2 and 3",None of the above,C,"Solution: Concept: The medieval Indian titles Gajapati, Ashvapati, and Narapati correspond to the rulers of Orissa, the Deccan Sultans, and the Vijayanagara Empire respectively. Explanation: The term Gajapati means “lord of elephants” and refers to the powerful Gajapati Dynasty of Orissa (present-day Odisha). This dynasty ruled the Kalinga region during the medieval period and is known for its patronage of art and architecture, especially the Jagannath Temple at Puri. Hence, pair 1 is correctly matched. The term Ashvapati means “lord of horses” and is associated with the Deccan Sultans, particularly the rulers of the Bahmani Sultanate and its successor states (Bijapur, Golkonda, etc.). These sultans held the title Ashvapati to signify their cavalry strength. Hence, pair 2 is correctly matched. The term Narapati means “lord of men” and is used for the Rayas (kings) of the Vijayanagara Empire. The Vijayanagara rulers, such as those of the Sangama and Tuluva dynasties, styled themselves as Narapati. Hence, pair 3 is correctly matched. All three pairs accurately reflect the historical titles used by these medieval Indian kingdoms. Answer: C. 1, 2 and 3 © examsnet.com"
CDS-2024-II-GK-071,2024,GK,General Knowledge,General Knowledge,General Knowledge | UPSC CDS | Prelims,hard,Which of the following pairs of Himalayan Glaciers and their location is/are correctly matched? 1. Siachen - Nubra Valley Region 2. Chungphar - Kumaon-Garhwal Region 3. Zemu - Central Nepal Region 4. Gasherbrum - Pir Panjal Range Select the answer using the code given below:,1 only,1 and 2,2 and 3,3 and 4,A,"Solution: Concept: The correct matching of Himalayan glaciers with their regions is tested. Explanation: Statement 1: Siachen Glacier is located in the Nubra Valley region of the Karakoram range. This is correct because Siachen lies in the eastern Karakoram, accessible from Nubra Valley in Ladakh. Statement 2: Chungphar Glacier is not a well-known glacier in the Kumaon-Garhwal region. The prominent glaciers there are Pindari, Milam, and Gangotri. Hence, this match is incorrect. Statement 3: Zemu Glacier is the largest in the Eastern Himalayas, located in Sikkim, India, not in Central Nepal. Central Nepal glaciers are in Annapurna and Dhaulagiri ranges. So, this match is incorrect. Statement 4: Gasherbrum peaks belong to the Karakoram range, not the Pir Panjal range. Pir Panjal is in the lower Himalayas, far south. Thus, this match is incorrect. Therefore, only statement 1 is correctly matched. Answer: A. 1 only © examsnet.com"
CDS-2024-II-GK-072,2024,GK,Geography,Physical and Indian Geography,Geography | Physical Geography | Indian Geography | Geomorphology,hard,"Consider the following statements regarding the rivers of India : 1. The Barak River, the head stream of the Meghna, rises in the hills of Meghalaya. 2. The Ghaggar River does not drain out to the sea and gets lost in the Rajasthan desert. 3. Puthimari and Manas are important tributaries of the Brahmaputra. Which of the statements given above is/are correct?",1 only,2 only,1 and 2,2 and 3,D,"Solution: Concept: The question tests knowledge of the origins, drainage patterns, and tributaries of major Indian rivers. Explanation: Statement 1: The Barak River, the head stream of the Meghna, actually rises in the Manipur hills, not Meghalaya. It flows through Manipur, Nagaland, Mizoram, and Assam before entering Bangladesh as the Meghna. Hence, statement 1 is incorrect. Statement 2: The Ghaggar River originates in the Shivalik Hills of Himachal Pradesh and flows through Haryana and Punjab. It does not reach the sea and dries up in the Thar Desert of Rajasthan. Hence, statement 2 is correct. Statement 3: Puthimari and Manas are important tributaries of the Brahmaputra River. Puthimari flows through Assam and joins the Brahmaputra; Manas originates in Bhutan and also meets the Brahmaputra in Assam. Hence, statement 3 is correct. Answer: D. 2 and 3 © examsnet.com"
CDS-2024-II-GK-073,2024,GK,General Knowledge,General Knowledge,General Knowledge | UPSC CDS | Prelims,hard,Consider the following statements regarding transportation functions associated with important ports: 1. Singapore functions both as a port of call and an entrepot. 2. Karwar in India is an example of a naval port. 3. Dover in England is an example of an outport. Which of the statements given above is/are correct?,1 only,3 only,1 and 3,1 and 2,D,"Solution: Concept: The question tests the understanding of different types of ports based on their functions. Explanation: Statement 1: Singapore serves both as a port of call (stop for supplies, refueling) and an entrepot (hub for re-exporting goods). This is correct. Statement 2: Karwar in Karnataka hosts INS Kadamba, a major naval base, making it a naval port. This is correct. Statement 3: Dover in England is not an outport (secondary port to a major port). It is a cross-channel port for passenger and freight traffic between UK and Europe. Hence, this is incorrect. Therefore, statements 1 and 2 are correct. Answer: D. 1 and 2 © examsnet.com"
CDS-2024-II-GK-074,2024,GK,General Knowledge,General Knowledge,General Knowledge | UPSC CDS | Prelims,easy,Cumulonimbus clouds develop from which among the following clouds ?,Cumulus congestus clouds,Cumulus and Nimbostratus clouds,Cumulus and Altostratus clouds,Cirrocumulus clouds,A,"Solution: Concept: Cumulonimbus clouds, associated with thunderstorms, develop from the most advanced stage of cumulus clouds, known as cumulus congestus. Explanation: Cumulonimbus clouds form when a cumulus cloud undergoes strong vertical growth. Among cumulus cloud types, cumulus congestus is the tallest and most developed. As cumulus congestus continues to rise due to powerful updrafts, it can transform into a cumulonimbus cloud. This growth pushes the cloud top high into the upper troposphere, often reaching altitudes above 12 , 000 12{,}000 12 , 000 meters. Once the cloud hits the tropopause (the boundary with the stratosphere), it spreads sideways, forming the classic anvil shape. Other cloud types, such as nimbostratus or altostratus, do not possess the vertical development needed to become cumulonimbus. Thus, the direct precursor to a cumulonimbus cloud is always cumulus congestus. Answer: A. Cumulus congestus clouds © examsnet.com"
CDS-2024-II-GK-075,2024,GK,Environment & Ecology,"Ecology, Biodiversity & Climate Change",Environment & Ecology | Biodiversity | Conservation | Climate Change,easy,Which of the following Ramsar Wetland sites is not situated in any of the Union Territories of India?,Hokera Wetland,Point Calimere Wildlife and Bird Sanctuary,Tsomoriri Lake,Wular Lake,B,"Solution: Concept: Ramsar sites are wetlands of international importance under the Ramsar Convention. The question asks which site is not in a Union Territory (UT). Explanation: Hokera Wetland is in Jammu & Kashmir, a Union Territory. Wular Lake is also in Jammu & Kashmir, a Union Territory. Tsomoriri Lake is in Ladakh, a Union Territory. Point Calimere Wildlife and Bird Sanctuary is in Tamil Nadu, a state, not a Union Territory. Hence, the only site not in any UT is Point Calimere Wildlife and Bird Sanctuary. Answer: Point Calimere Wildlife and Bird Sanctuary © examsnet.com"
CDS-2024-II-GK-076,2024,GK,Science & Tech,General Science & Emerging Technologies,Science & Tech | General Science | Applied Science | Physics | Chemistry | Biology,easy,"Eratosthenes, a Greek philosopher measured the Earth's circumference based on the angle of Sun rays at two different points. Which cities were they?",Alexandria and Syene,Syene and Troy,Alexandria and Troy,Alexandria and Thebes,A,"Solution: Concept: Eratosthenes measured Earth's circumference by comparing the angle of sunlight at two different cities on the same day. Explanation: Eratosthenes chose two cities in Egypt: Alexandria and Syene (modern Aswan). At noon on the summer solstice, the Sun was directly overhead in Syene, casting no shadow. In Alexandria, a vertical stick cast a shadow, and the angle of the Sun's rays was about 7. 2 ∘ 7.2^\circ 7. 2 ∘ from the vertical. Knowing the distance between the two cities (roughly 800 800 800 km), he used simple geometry to estimate Earth's circumference. This method required only the angle difference and the arc distance along Earth's surface. Thus, the two cities were Alexandria and Syene. Answer: Option A: Alexandria and Syene. © examsnet.com"
CDS-2024-II-GK-077,2024,GK,Geography,Physical and Indian Geography,Geography | Physical Geography | Indian Geography | Geomorphology,easy,Which kind of mass wasting processes are commonly associated with creep?,Fast speed with soil,Slow speed with rock,Slow speed with ice,Slow speed with soil,D,"Solution: Concept: Creep is a slow, downslope movement of soil or rock, but it is most commonly associated with soil. Explanation: Mass wasting refers to the movement of rock, soil, or debris down a slope due to gravity. Creep is a specific type of mass wasting that occurs at an extremely slow speed. This movement is so gradual that it is often only noticeable over months or years. Creep primarily involves the upper layers of soil, not solid rock or ice. Factors like freeze-thaw cycles, wetting and drying, and constant gravity cause soil particles to shift slowly downhill. Unlike landslides or rockfalls, which are fast, creep is a slow and steady process. Common signs of creep include tilted trees, curved trunks, and displaced fences on slopes. Therefore, creep is characterized by slow speed with soil. Answer: D. Slow speed with soil. © examsnet.com"
CDS-2024-II-GK-078,2024,GK,Geography,Physical and Indian Geography,Geography | Physical Geography | Indian Geography | Geomorphology,medium,"Consider the following statements: 1. Hadley cells are key to understanding the wind patterns of Earth. 2. Hadley cells are formed because the Equator is heated more strongly by the Sun than other places, creating thermal circulations. With regard to the statements given above, which of the following is correct?",Both the statements are correct and statement 2 is the correct explanation of statement 1.,"Both the statements are correct, but statement 2 is not the correct explanation of statement 1.","Statement 1 is correct, but statement 2 is false.","Statement 1 is false, but statement 2 is correct.",A,"Solution: Concept: Hadley cells are large-scale atmospheric circulation patterns driven by differential solar heating, and they form the basis for understanding global wind patterns. Explanation: The Equator receives more direct sunlight than other regions, causing intense heating. This heat makes the air rise, creating a low-pressure zone at the Equator. The rising air cools and moves toward higher latitudes, then sinks around 3 0 ∘ 30^\circ 3 0 ∘ north and south, forming high-pressure zones. This cycle of rising and sinking air creates a thermal circulation known as a Hadley cell. The movement of air within Hadley cells directly produces the trade winds, westerlies, and other major wind belts. Thus, statement 1 is correct: Hadley cells are key to understanding Earth's wind patterns. Statement 2 correctly states that Hadley cells form because the Equator is heated more strongly, creating the thermal circulations described above. Therefore, both statements are correct, and statement 2 provides the correct explanation for statement 1. Answer: Option A. Both statements are correct and statement 2 is the correct explanation of statement 1. © examsnet.com"
CDS-2024-II-GK-079,2024,GK,Geography,Physical and Indian Geography,Geography | Physical Geography | Indian Geography | Geomorphology,medium,"Consider the following statements: 1. Ocean currents are dominated by huge surface gyres that are driven by the global surface wind pattern. 2. Equatorial currents move cold water westward and then poleward along the east coasts of continents. With regard to the statements given above, which of the following is correct?",Both the statements are correct and statement 2 is the correct explanation of statement 1.,"Both the statements are correct, but statement 2 is not the correct explanation of statement 1.","Statement 1 is correct, but statement 2 is false.","Statement 1 is false, but statement 2 is correct.",C,"Solution: Concept: Ocean currents are large-scale surface water movements primarily driven by global wind patterns and Earth’s rotation, forming circular gyres. Equatorial currents transport warm water, not cold. Explanation: Statement 1: Huge surface gyres dominate ocean currents. These gyres are driven by the global surface wind pattern and the Coriolis effect. Hence, statement 1 is correct. Statement 2: Equatorial currents move cold water westward and then poleward along east coasts of continents. In reality, equatorial currents move warm water westward. Once this warm water reaches the western boundaries of ocean basins, it splits and flows poleward along the western coasts, not the eastern coasts. Therefore, statement 2 is false. Answer: C. Statement 1 is correct, but statement 2 is false. © examsnet.com"
CDS-2024-II-GK-080,2024,GK,Current Affairs,Current Events of National & International Importance,Current Affairs | International Relations | Government Schemes | Awards,easy,"As per India State of Forest Report 2021, which one of the following states is not among the top three with reference to maximum area under forest?",Arunachal Pradesh,Chhattisgarh,Madhya Pradesh,Maharashtra,D,"Solution: Concept: The India State of Forest Report 2021 ranks states by forest cover area. Explanation: The top three states with the maximum forest area are Madhya Pradesh, Arunachal Pradesh, and Chhattisgarh. Madhya Pradesh has the largest forest cover at approximately 77 , 482 77,482 77 , 482 sq km. Arunachal Pradesh is second with about 66 , 964 66,964 66 , 964 sq km. Chhattisgarh is third with around 55 , 611 55,611 55 , 611 sq km. Maharashtra, though having significant forest cover, is not in the top three. Therefore, Maharashtra is the state that is not among the top three. Answer: Option D: Maharashtra. © examsnet.com"
CDS-2024-II-GK-081,2024,GK,General Knowledge,General Knowledge,General Knowledge | UPSC CDS | Prelims,easy,How is strong pressure gradient represented on a weather map?,Closely spaced isobars,Widely spaced isobars,Closely spaced isobars at the periphery,A set of two widely spaced isobars followed by two closely spaced isobars,A,"Solution: Concept: Isobars connect points of equal pressure; their spacing indicates pressure gradient strength. Explanation: A pressure gradient is the rate of pressure change over distance. On a weather map, isobars are lines joining places with same atmospheric pressure. Closely spaced isobars mean pressure changes rapidly over a short distance, i.e., a strong pressure gradient. This leads to strong winds, as air rushes from high to low pressure. Widely spaced isobars indicate a weak gradient and light winds. Thus, a strong pressure gradient is shown by closely packed isobars. Answer: Closely spaced isobars. © examsnet.com"
CDS-2024-II-GK-082,2024,GK,Science & Tech,General Science & Emerging Technologies,Science & Tech | General Science | Applied Science | Physics | Chemistry | Biology,easy,Which one of the following is not an example of chemical weathering?,Acid action,Hydrolysis,Salt Crystal Growth,Oxidation,C,"Solution: Concept: Chemical weathering changes the mineral composition of rocks through chemical reactions. In contrast, physical weathering breaks rocks mechanically without altering their composition. Explanation: Acid action: Rocks react with acidic solutions like carbonic acid ( H 2 C O 3 \mathrm{H}_2\mathrm{CO}_3 H 2 ​ CO 3 ​ ), dissolving minerals. Hydrolysis: Water reacts with minerals (e.g., feldspar converts to clay), forming new substances. Oxidation: Oxygen combines with elements such as iron, producing oxides (e.g., rust). All these are chemical processes that change the rock’s chemistry. Salt crystal growth: Salt crystals form from evaporating saline water in rock pores or cracks. As crystals grow, they expand and exert physical pressure, causing the rock to fracture. This is a mechanical, not chemical, breakdown – no new minerals are formed. Therefore, salt crystal growth is an example of physical weathering. Answer: Salt Crystal Growth (Option C) © examsnet.com"
CDS-2024-II-GK-083,2024,GK,Geography,Physical and Indian Geography,Geography | Physical Geography | Indian Geography | Geomorphology,hard,"Which of the following statements regarding Arc Volcanoes is/are correct? 1. Arc volcanoes are found near divergent plate boundaries. 2. Some of the world's classical examples of cone-shaped stratovolcanoes, such as Mount Fuji in Japan, Mayon in the Philippines are Arc volcanoes. 3. Some of the highest volcanoes on Earth are of the Arc type, notably Nevado Ojos del Salado in the Chilean Andes. Select the answer using the code given below:",2 only,2 and 3 only,1 and 3 only,"1, 2 and 3",B,"Solution: Concept: Arc volcanoes form at convergent plate boundaries where one plate subducts beneath another. Explanation: Statement 1 is incorrect because arc volcanoes are not found near divergent plate boundaries. They occur at convergent boundaries, where subduction generates magma. Statement 2 is correct. Mount Fuji in Japan and Mayon in the Philippines are classic cone-shaped stratovolcanoes that are indeed arc volcanoes. Statement 3 is correct. Nevado Ojos del Salado in the Chilean Andes is a very high arc volcano, formed by subduction of the Nazca Plate beneath the South American Plate. Thus only statements 2 and 3 are accurate. Answer: B. 2 and 3 only © examsnet.com"
CDS-2024-II-GK-084,2024,GK,Geography,Physical and Indian Geography,Geography | Physical Geography | Indian Geography | Geomorphology,easy,Which one of the one of the following statements regarding S-waves is not correct?,S-waves are slower than P-waves.,During an earthquake S-waves are less destructive to structures like buildings and highway overpasses.,S-waves can travel only through solids and cannot travel through the Earth's outer core.,Seismologists have concluded that the Earth's outer core must be liquid or fluid.,B,"Solution: Concept: Seismic S-waves (secondary/shear waves) have specific properties that distinguish them from P-waves and help determine Earth’s internal structure. Explanation: S-waves travel slower than P-waves, so statement A is correct. However, S-waves have higher amplitude and produce stronger ground shaking than P-waves, making them more destructive to buildings and overpasses — not less destructive. Hence statement B is incorrect. S-waves are shear waves that can only propagate through solids; they cannot travel through the liquid outer core. Statement C is correct. The absence of S-waves on the opposite side of an earthquake’s epicenter led seismologists to conclude the outer core is liquid or fluid. Statement D is correct. Answer: The incorrect statement is: During an earthquake S‑waves are less destructive to structures like buildings and highway overpasses . This is the correct option (B). © examsnet.com"
CDS-2024-II-GK-085,2024,GK,Geography,Physical and Indian Geography,Geography | Physical Geography | Indian Geography | Geomorphology,hard,Which of the following states is/are part of the Ganga Basin? 1. Chhattisgarh 2. Himachal Pradesh 3. Rajasthan Select the answer using the code given below:,1 only,1 and 2 only,2 and 3 only,"1, 2 and 3",D,"Solution: Concept: The Ganga Basin covers a vast area of India, including several states beyond the immediate course of the Ganga River. Explanation: Chhattisgarh, located in central India, has rivers that drain into the Ganga system, making it part of the basin. Himachal Pradesh lies in the upper catchment region of the Ganga, contributing to its flow. Rajasthan, though mostly arid, includes eastern areas drained by the Chambal and other tributaries that join the Yamuna and then the Ganga. Thus, all three states—Chhattisgarh, Himachal Pradesh, and Rajasthan—are within the Ganga Basin. Answer: 1, 2 and 3 (Option D) © examsnet.com"
CDS-2024-II-GK-086,2024,GK,Geography,Physical and Indian Geography,Geography | Physical Geography | Indian Geography | Geomorphology,easy,Which peninsular river has a tributary named 'Kabini'?,Godavari,Krishna,Mahanadi,Kaveri,D,"Solution: Concept: The Kabini River is a significant tributary that belongs to the Kaveri river system in southern India. Explanation: The Kabini River originates in the Western Ghats of Karnataka. It flows eastward and merges with the Kaveri River at Shivanasamudra. Thus, Kabini is a tributary of the Kaveri River. None of the other major peninsular rivers (Godavari, Krishna, Mahanadi) have a tributary named Kabini. Answer: D. Kaveri © examsnet.com"
CDS-2024-II-GK-087,2024,GK,Geography,Physical and Indian Geography,Geography | Physical Geography | Indian Geography | Geomorphology,medium,"Consider the following statements: 1. Bajra is predominantly grown in states like Rajasthan, Uttar Pradesh and Gujarat, while Ragi is mainly cultivated in Karnataka and Tamil Nadu. 2. Bajra grows well in sandy and shallow black soils, whereas red and shallow black soil is suited for Ragi. With regard to the statements given above, which of the following is correct?",Both the statements are correct and statement 2 is the correct explanation of statement 1.,"Both the statements are correct, but statement 2 is not the correct explanation of statement 1.","Statement 1 is correct, but statement 2 is false.","Statement 1 is false, but statement 2 is correct.",B,"Solution: Concept: Both statements about the soil and growing regions of bajra and ragi are factually correct, but the soil types in statement 2 do not directly explain the specific states listed in statement 1. Explanation: Statement 1 says bajra is mainly grown in Rajasthan, Uttar Pradesh, and Gujarat, while ragi is primarily cultivated in Karnataka and Tamil Nadu. This is true because these regions have the appropriate climate and conditions for each crop. Statement 2 says bajra thrives in sandy and shallow black soils, while ragi grows best in red and shallow black soils. This is also correct based on the known soil preferences of these millets. However, statement 2 does not explain why those particular states are the major producers. Many other factors like rainfall, temperature, and historical farming practices also determine the growing regions. Therefore, both statements are individually true, but statement 2 is not the correct explanation of statement 1. Answer: Both the statements are correct, but statement 2 is not the correct explanation of statement 1. © examsnet.com"
CDS-2024-II-GK-088,2024,GK,General Knowledge,General Knowledge,General Knowledge | UPSC CDS | Prelims,hard,Which of the following peaks are situated in India 1. Dhaulagiri 2. Namcha Barwa 3. Kamet 4. Makalu Select the answer using the code given below:,"1, 2 and 3",1 and 3 only,3 only,2 and 4 only,C,"Solution: Concept: The question assesses knowledge of the geographical locations of major Himalayan peaks, specifically which ones lie within India's territorial boundaries. Explanation: • Dhaulagiri is the seventh highest mountain in the world, located entirely in Nepal. So it is not in India. • Namcha Barwa is situated in the Eastern Himalayas in Tibet, China, near the Indian border but not within India. So it is not in India. • Kamet is the second-highest mountain in the Garhwal region of Uttarakhand, India. It is located in the Indian Himalayas. So it is in India. • Makalu is the fifth highest mountain, located on the border between Nepal and Tibet, China. It is not within Indian territory. Thus, only Kamet among the given peaks is situated in India. Answer: The correct answer is option C (3 only). © examsnet.com"
CDS-2024-II-GK-089,2024,GK,Geography,Physical and Indian Geography,Geography | Physical Geography | Indian Geography | Geomorphology,medium,Which of the following statements regarding River Rhine is/are correct? 1. Rhine River is an important pathway for industrial activity in northern Germany. 2. Port of Rotterdam is located at the mouth of the Rhine River. Select the answer using the code given below:,1 only,2 only,Both 1 and 2,Neither 1 nor 2,C,"Solution: Concept: The Rhine River is a major European waterway that supports industrial transport, and its mouth hosts one of the world's largest ports. Explanation: The Rhine River flows through several European countries, including Germany. In northern Germany, it serves as a crucial transport route for industrial goods and raw materials. Factories and industries along the Rhine rely on it for shipping and logistics. Therefore, statement 1 is correct. The Rhine ends in the Netherlands, emptying into the North Sea. The Port of Rotterdam is situated precisely at this mouth. It is Europe's largest port, handling massive international trade. Thus, statement 2 is also correct. Answer: Both statements 1 and 2 are correct. Hence, the correct option is C. © examsnet.com"
CDS-2024-II-GK-090,2024,GK,General Mental Ability,Logical & Analytical Reasoning,Mental Ability | Logical Reasoning | Analytical Ability,hard,With reference to the continent of 'Antarctica' which of the following statements are correct? 1. It is larger than Europe in terms of area. 2. It has the highest average elevation as compared to all other continents. 3. Mt. Ross is the highest peak of this continent. 4. Waters of the Southern Ocean (West Wind Drift) move in an anticlockwise direction around it. Select the answer using the code given below:,1 and 2 only,1 and 3 only,"1, 2 and 3","2, 3 and 4",A,"Solution: Concept: Evaluating geographical facts about Antarctica to identify correct statements among three given ones. Explanation: Statement 1: Antarctica covers about 14 14 14 million square kilometers. Europe covers about 10 10 10 million square kilometers. Thus, Antarctica is larger than Europe. This statement is correct. Statement 2: Antarctica has an average elevation of about 2 , ⁣ 500 2,\!500 2 , 500 meters above sea level. This is the highest average elevation among all continents, mainly due to its thick ice sheet. This statement is correct. Statement 3: The highest peak in Antarctica is Mount Vinson, at 4 , ⁣ 892 4,\!892 4 , 892 meters. Mount Ross is not the highest peak. This statement is incorrect. Statement 4: The Southern Ocean's West Wind Drift (Antarctic Circumpolar Current) flows from west to east around Antarctica. This causes a clockwise movement, not anticlockwise. This statement is incorrect. Answer: Thus, only statements 1 and 2 are correct. The correct code is A. 1 and 2 only. © examsnet.com"
CDS-2024-II-GK-091,2024,GK,Modern History,Indian National Movement,Modern History | Freedom Struggle | British Colonial Rule,hard,"Consider the following statements: 1. A rupee Vostro account is an account that an Indian bank holds for a foreign bank in the domestic currency (rupee) to enable domestic banks to provide international banking services. 2. Insurance density, i.e., average insurance premium per capita does not fully capture the financing gap in the event of a premature death because most of the insurance products sold in India are savings-linked with a small component of protection. Which of the statements given above is/are correct?",1 only,2 only,Both 1 and 2,Neither 1 nor 2,C,"Solution: Concept: A rupee Vostro account helps Indian banks offer international services, while insurance density in India understates protection due to savings-linked products. Explanation: A rupee Vostro account is held by an Indian bank for a foreign bank in Indian rupees. It allows foreign banks to act as intermediaries for international banking in local currency. This facilitates cross-border trade and remittances. Thus, statement 1 is correct. Insurance density is the average premium per person. In India, most insurance products are savings-oriented with a small protection component. Therefore, insurance density does not fully show the financial gap in case of premature death. Hence, statement 2 is also correct. Answer: Both 1 and 2 (Option C). © examsnet.com"
CDS-2024-II-GK-092,2024,GK,Modern History,Indian National Movement,Modern History | Freedom Struggle | British Colonial Rule,medium,Consider the following statements: 1. An additional spending by the Government of X is likely to have less impact on income than an additional transfer of X to households. 2. An additional spending by the Government of X is likely to have less impact on income if it is not accompanied by an expansion in money supply. Which of the statements given above is/are correct?,1 only,2 only,Both 1 and 2,Neither 1 nor 2,B,"Solution: Concept: Fiscal policy effectiveness depends on both spending type and monetary policy accompaniment. Explanation: Statement 1: Government spending typically has a stronger multiplier effect than transfers because spending directly creates demand and jobs, whereas transfers may be partly saved. Hence statement 1 is false. Statement 2: If government spending is not matched by an expansion in money supply, it can raise interest rates and crowd out private investment, reducing the impact on income. Thus statement 2 is true. Answer: Only statement 2 is correct. © examsnet.com"
CDS-2024-II-GK-093,2024,GK,Modern History,Indian National Movement,Modern History | Freedom Struggle | British Colonial Rule,hard,"Long-Term Low Emissions Development Strategy envisions : 1. a transition from fossil fuels in a just, smooth, sustainable manner. 2. increased use of bio-fuels. 3. climate resistant urban development. 4. financing of sustainable development through Green Bonds. Select the answer using the code given below:",1 and 2 only,"1, 2 and 3",2 and 4 only,"1, 3 and 4",B,"Solution: Concept: The Long-Term Low Emissions Development Strategy is a climate action framework that emphasizes a just transition from fossil fuels, promotion of biofuels, and climate-resilient urban planning. Financing via Green Bonds is not a stated component of this specific strategy. Explanation: Statement 1: The strategy aims to reduce fossil fuel dependency through a just, smooth, and sustainable transition that accounts for socio-economic impacts. This is correct. Statement 2: Increased use of biofuels is encouraged as a cleaner energy alternative to cut greenhouse gas emissions. This is correct. Statement 3: Climate-resistant urban development is included to make cities more resilient to extreme weather, rising seas, and higher temperatures. This is correct. Statement 4: While Green Bonds are used for financing green projects, they are not explicitly mentioned in the Long-Term Low Emissions Development Strategy. Hence, this statement is incorrect. Only statements 1, 2, and 3 align with the strategy. Answer: Option B: 1, 2 and 3 © examsnet.com"
CDS-2024-II-GK-094,2024,GK,Modern History,Indian National Movement,Modern History | Freedom Struggle | British Colonial Rule,easy,Which one among the following was the focus of the Twelfth Five-Year Plan?,Sustainable and Inclusive Growth,Social Justice and Equality,"Food, Work and Productivity",Attainment of Self-reliance,A,"Solution: Concept: The Twelfth Five-Year Plan (2012-2017) focused on achieving balanced economic growth that is both sustainable and inclusive. Explanation: The plan set a target of 8% economic growth with a strong emphasis on environmental sustainability and social equity. It aimed to reduce poverty, improve health and education, and generate employment in agriculture, manufacturing, and infrastructure. Sustainable growth means development that meets current needs without compromising future generations' ability to meet theirs. Inclusive growth ensures that the benefits of economic progress are distributed fairly across all sections of society, particularly the poor and disadvantaged. The plan also focused on improving governance, enhancing skill development, and promoting technological advancement. This approach distinguished the Twelfth Plan from earlier plans that prioritized growth alone. Answer: A. Sustainable and Inclusive Growth © examsnet.com"
CDS-2024-II-GK-095,2024,GK,Modern History,Indian National Movement,Modern History | Freedom Struggle | British Colonial Rule,easy,Which of the following is not included in the Capital Account of the Balance of Payments of a country?,Foreign Direct Investment,Invisibles,Commercial Borrowing,External Assistance,B,"Solution: Concept: The Capital Account records cross-border transactions in assets, loans, and investments; ""Invisibles"" belong to the Current Account. Explanation: The Balance of Payments (BoP) has two main accounts: Current Account and Capital Account. The Capital Account includes transactions involving assets, such as Foreign Direct Investment (FDI), Commercial Borrowing, and External Assistance. FDI is when a foreign entity invests in a country's business interests – it is part of the Capital Account. Commercial Borrowing refers to loans from foreign entities to domestic businesses or government – also in the Capital Account. External Assistance includes financial aid from international organizations or foreign governments – again part of the Capital Account. Invisibles cover services, income, and current transfers (e.g., travel, remittances) – these are recorded in the Current Account, not the Capital Account. Therefore, Invisibles is the item not included in the Capital Account. Answer: Invisibles (Option B) © examsnet.com"
CDS-2024-II-GK-096,2024,GK,Modern History,Indian National Movement,Modern History | Freedom Struggle | British Colonial Rule,medium,The Atmanirbhar Bharat Scheme announced by the Government helps in: 1. Enhancing India's manufacturing capabilities and exports across the industries 2. Incentivizing foreign investments for domestic production Select the answer using the code given below:,1 only,2 only,Both 1 and 2,Neither 1 nor 2,C,"Solution: Concept: The Atmanirbhar Bharat Scheme aims to make India self-reliant by boosting domestic manufacturing, exports, and attracting foreign investment. Explanation: The scheme focuses on enhancing India's manufacturing capabilities and exports across industries. It provides financial support, policy reforms, and infrastructure development for industries. These measures help Indian products become more competitive globally, boosting exports. Hence, statement 1 is correct. The scheme also incentivizes foreign investments for domestic production. It simplifies regulations and offers incentives to attract Foreign Direct Investment (FDI). This aims to make India a global manufacturing hub and reduce import dependency. Thus, statement 2 is also correct. Both statements accurately describe key objectives of the Atmanirbhar Bharat Scheme. Answer: Both 1 and 2 © examsnet.com"
CDS-2024-II-GK-097,2024,GK,Modern History,Indian National Movement,Modern History | Freedom Struggle | British Colonial Rule,easy,Which one of the following statements for a firm's equilibrium in Perfect Competition is not correct?,The market price must be greater or equal to average variable cost in the short run.,The market price must be equal to marginal cost.,The market price must be equal to average cost in the long run.,The marginal cost decreases at the equilibrium output.,D,"Solution: Concept: In perfect competition, a firm's equilibrium conditions for profit maximization are clearly defined in the short run and long run. Explanation: Statement A is correct: In the short run, the firm must cover its average variable cost ( A V C AVC A V C ); if price P < A V C P < AVC P < A V C , the firm shuts down. Statement B is correct: The profit-maximizing output is where P = M C P = MC P = MC (marginal cost). Statement C is correct: In the long run, free entry/exit drives price to equal average total cost ( A T C ATC A TC ), resulting in zero economic profit. Statement D is incorrect: At the equilibrium output, the M C MC MC curve is rising, not decreasing. In perfect competition, M C MC MC initially falls but eventually rises due to diminishing returns; equilibrium occurs on the rising portion of M C MC MC , where M C MC MC is increasing. Answer: The incorrect statement is: ""The marginal cost decreases at the equilibrium output."" (Option D). © examsnet.com"
CDS-2024-II-GK-098,2024,GK,Modern History,Indian National Movement,Modern History | Freedom Struggle | British Colonial Rule,easy,Which one of the following taxes is not included in the Central Pool to be shared with the States according to the recommendations of Finance Commission of India?,Personal Income Tax,Corporate Profit Tax,Surcharge and Cess,Excise Duties,C,"Solution: Concept: The Central Pool of taxes shared with states excludes surcharge and cess, which are retained entirely by the central government. Explanation: Personal income tax and corporate profit tax are part of the divisible pool under Article 270 of the Constitution. Excise duties are also included in the pool shared with states. However, surcharges and cesses are levied for specific purposes and are not distributed to states. Therefore, they are kept by the central government and not shared. This makes surcharge and cess the correct choice. Answer: Surcharge and Cess (Option C). © examsnet.com"
CDS-2024-II-GK-099,2024,GK,Modern History,Indian National Movement,Modern History | Freedom Struggle | British Colonial Rule,easy,Which one of the following dimensions is not included in Human Development Index ?,Life Expectancy at birth,Mean years of schooling,Expected years of schooling,Mortality rate,D,"Solution: Concept: The Human Development Index (HDI) measures three basic dimensions: health, education, and standard of living. Mortality rate is not part of the HDI calculation. Explanation: The HDI’s health dimension uses L i f e E x p e c t a n c y a t b i r t h Life\;Expectancy\;at\;birth L i f e E x p ec t an cy a t bi r t h , not the mortality rate. The education dimension uses two indicators: M e a n y e a r s o f s c h o o l i n g Mean\;years\;of\;schooling M e an ye a rs o f sc h oo l in g and E x p e c t e d y e a r s o f s c h o o l i n g Expected\;years\;of\;schooling E x p ec t e d ye a rs o f sc h oo l in g . The standard of living dimension uses G r o s s N a t i o n a l I n c o m e ( G N I ) p e r c a p i t a Gross\;National\;Income\;(GNI)\;per\;capita G ross N a t i o na l I n co m e ( GN I ) p er c a p i t a . The mortality rate, while important, is not directly included in the HDI. The HDI is the geometric mean of normalized indices for each of the three dimensions. Answer: Mortality rate © examsnet.com"
CDS-2024-II-GK-100,2024,GK,Modern History,Indian National Movement,Modern History | Freedom Struggle | British Colonial Rule,easy,"Suppose there are only two normal goods in the economy, X and Y. If price of good X increases, which would be the correct statement from below?",Demand for good X decreases and demand for Y is indeterminate.,Demand for good X decreases and demand for Y decreases.,Demand for good X increases and demand for Y is indeterminate.,Demand for good X increases and demand for Y decreases.,A,"Solution: Concept: For a normal good, a price increase reduces its own quantity demanded (law of demand). The effect on the demand for another normal good depends on whether they are substitutes or complements. Explanation: When the price of good X rises, its quantity demanded falls due to the inverse price–quantity relationship. The change in demand for good Y is not fixed; it depends on the relationship between X and Y. If X and Y are substitutes (e.g., tea and coffee), consumers shift to Y, so demand for Y increases. If X and Y are complements (e.g., printers and ink), the fall in X usage also reduces demand for Y. Since we are not told whether X and Y are substitutes or complements, the effect on Y is uncertain. Thus, among the given options, only the statement “Demand for X decreases, demand for Y is indeterminate” is correct. Answer: Demand for good X decreases and demand for Y is indeterminate. © examsnet.com"
CDS-2024-II-GK-101,2024,GK,Modern History,Indian National Movement,Modern History | Freedom Struggle | British Colonial Rule,easy,"If the price index increased from 100 in 2021 to 110 in 2022 to 132 in 2023, then the rate of inflation is:",0.1,0.32,0.2,Cannot be determined,C,"Solution: Concept: Inflation rate is the percentage change in a price index between two years. Explanation: The formula for inflation rate is: Inflation Rate = New Index − Old Index Old Index \text{Inflation Rate} = \frac{\text{New Index} - \text{Old Index}}{\text{Old Index}} Inflation Rate = Old Index New Index − Old Index ​ . For 2022: 110 − 100 100 = 0.10 \frac{110 - 100}{100} = 0.10 100 110 − 100 ​ = 0.10 (10%). For 2023: 132 − 110 110 = 0.20 \frac{132 - 110}{110} = 0.20 110 132 − 110 ​ = 0.20 (20%). The question likely asks for the inflation rate in the latest year (2022 to 2023), which is 0.20 0.20 0.20 . Option C ( 0.2 0.2 0.2 ) matches this value. Answer: C. 0.2 0.2 0.2 © examsnet.com"
CDS-2024-II-GK-102,2024,GK,Modern History,Indian National Movement,Modern History | Freedom Struggle | British Colonial Rule,hard,The Rangarajan Committee methodology for determining the poverty line incorporated which of the following? 1. A food component 2. A normative level of expenditure for essential non-food items 3. A behaviourally determined expenditure for other non-food items Select the answer using the code given below:,1 and 2 only,2 and 3 only,"1, 2 and 3",1 and 3 only,C,"Solution: Concept: The Rangarajan Committee methodology for measuring poverty in India includes food, essential non-food, and other non-food expenditures. Explanation: The committee was set up in 2012 to revise poverty measurement. It aimed for a more comprehensive and accurate poverty line. The methodology incorporates three components: 1. A food component: ensures minimum calorie intake as per ICMR recommendations. 2. A normative level of expenditure for essential non-food items: covers clothing, shelter, education, and healthcare based on minimum living standards. 3. A behaviourally determined expenditure for other non-food items: reflects actual spending patterns of the population. All three components are necessary to capture both food and non-food needs. Thus, statements 1, 2, and 3 are correct. Answer: Option C: 1, 2 and 3 © examsnet.com"
CDS-2024-II-GK-103,2024,GK,General Knowledge,General Knowledge,General Knowledge | UPSC CDS | Prelims,easy,Which one of the following is not a fund managed by NIIFL (National Investment and Infrastructure Fund Limited)?,Master Fund,Fund of Funds,Strategic Opportunities Fund,Global Investment Fund,D,"Solution: Concept: NIIFL manages three specific funds, and the option not among them is the correct answer. Explanation: NIIFL (National Investment and Infrastructure Fund Limited) is a government-backed entity providing long-term capital for infrastructure. It manages exactly three funds: Master Fund, Fund of Funds, and Strategic Opportunities Fund. The Master Fund focuses on core infrastructure sectors like transportation and energy. The Fund of Funds invests in other fund managers with proven track records in infrastructure. The Strategic Opportunities Fund targets growth-oriented projects, including greenfield and brownfield initiatives. The option ""Global Investment Fund"" does not appear in NIIFL's fund structure. Therefore, Global Investment Fund is the one not managed by NIIFL. Answer: Global Investment Fund © examsnet.com"
CDS-2024-II-GK-104,2024,GK,General Knowledge,General Knowledge,General Knowledge | UPSC CDS | Prelims,easy,Pandit Deendayal Upadhyay National Welfare Fund was established with the view to help which one of the following groups?,Medical Practitioners,Farmers,Sportspersons,War Widows,C,"Solution: Concept: The Pandit Deendayal Upadhyay National Welfare Fund is a government scheme aimed at providing financial assistance to sportspersons who are in need. Explanation: The fund was established in 2016 by the Government of India. It exclusively targets sportspersons, not medical practitioners, farmers, or war widows. The fund is administered by the Ministry of Youth Affairs and Sports. It offers help for medical treatment, training, and other essential needs for sportspersons facing financial difficulties. Eligibility includes national or international level sportspersons who have represented India in recognized competitions. Answer: Sportspersons © examsnet.com"
CDS-2024-II-GK-105,2024,GK,General Knowledge,General Knowledge,General Knowledge | UPSC CDS | Prelims,easy,Which one among the following items comprises the major portion of revenue expenditure of the Union Government of India ?,Salaries,Interest Payments,Road Transport and Highways,Defence Services,B,"Solution: Concept: Revenue expenditure covers the normal running of government departments, services, interest payments, and subsidies. Interest payments are the single largest component of this expenditure. Explanation: The Union Government’s revenue expenditure includes salaries, pensions, subsidies, interest payments, and defence services revenue spending. Among the given options, interest payments form the biggest chunk, accounting for about 24 % 24\% 24% of total revenue expenditure (as per the Union Budget 2022–23). Interest payments arise from past borrowings and are mandatory, non-negotiable outflows to maintain creditworthiness. Salaries and defence services (revenue part) are significant but each individually is smaller than interest payments. Road Transport and Highways expenditure is largely capital (infrastructure), not a major part of revenue expenditure. Therefore, interest payments comprise the major portion of revenue expenditure. Answer: Interest Payments © examsnet.com"
CDS-2024-II-GK-106,2024,GK,Modern History,Indian National Movement,Modern History | Freedom Struggle | British Colonial Rule,medium,"India's women's badminton team recently won the Badminton Asia Team Championship, 2024. Who among the following players was not a part of the team?",P.V. Sindhu,Treesa Jolly,Anmol Kharb,Saina Nehwal,C,"Solution: Concept: Identify which player from the options was not a member of India's winning women's badminton team at the 2024 Badminton Asia Team Championship. Explanation: The Indian women's team that won the 2024 championship included key players. P. V. Sindhu, Saina Nehwal, and Treesa Jolly all represented India in this event. Anmol Kharb was not selected for the team and did not play in the tournament. Therefore, she is the player not part of the squad. Answer: Anmol Kharb © examsnet.com"
CDS-2024-II-GK-107,2024,GK,General Knowledge,General Knowledge,General Knowledge | UPSC CDS | Prelims,easy,Which of the following statements related to Indian medicine system is not correct?,The Siddha system is a holistic system of medicine.,Sowa-Rigpa has been in practice in the Himalayan regions of India.,Unani system of medicine has been dissociated from the Ministry of Ayush.,Sushruta Samhita is a major source of Ayurveda.,C,"Solution: Concept: Identify the false statement among the given options about Indian medicine systems. Explanation: • Option A: The Siddha system is a holistic system of medicine, which is correct. • Option B: Sowa-Rigpa is traditionally practiced in the Himalayan regions of India, such as Ladakh and Sikkim. This is correct. • Option C: The Unani system is governed by the Ministry of Ayush, along with Ayurveda, Yoga, Siddha, and Homeopathy. Therefore, it has not been dissociated from the ministry. This statement is incorrect. • Option D: The Sushruta Samhita is a foundational ancient text of Ayurveda, describing surgical techniques. This is correct. Answer: Option C is not correct. © examsnet.com"
CDS-2024-II-GK-108,2024,GK,Modern History,Indian National Movement,Modern History | Freedom Struggle | British Colonial Rule,easy,"Which one of the following statements is correct about NISHTHA, a Government of India initiative?",It is a training module recently introduced in LBSNAA for civil servants.,It is a teacher-training programme.,It is a training programme for the new recruits in Delhi Police to inculcate integrity of service among them.,It is a workshop for newly elected Members of Parliament organized routinely by the Lok Sabha Secretariat.,B,"Solution: Concept: NISHTHA stands for National Initiative for School Heads' and Teachers' Holistic Advancement. It is a capacity-building programme for teachers. Explanation: The initiative was launched in August 2019 by the Ministry of Human Resource Development (now Ministry of Education). It is the world’s largest teacher training programme. The training covers learning outcomes, school safety, inclusive education, ICT, and personal-social qualities. It is implemented through face-to-face and online modes, using platforms like DIKSHA. NISHTHA is part of the Samagra Shiksha scheme and aims to improve the quality of school education. The focus is on holistic development of students and continuous professional development of teachers. Answer: It is a teacher-training programme. © examsnet.com"
CDS-2024-II-GK-109,2024,GK,Current Affairs,Current Events of National & International Importance,Current Affairs | International Relations | Government Schemes | Awards,hard,"Arrange the BRICS countries in ascending order of their rank in the Human Development Report 2023-24, released by the UNDP: 1. China 2. India 3. Russia 4. Brazil 5. South Africa Select the answer using the code given below:","2, 5, 4, 1, 3","2, 4, 5, 3, 1","5, 4, 2, 3, 1","4, 5, 2, 1, 3",A,"Solution: Concept: The Human Development Index (HDI) rank orders countries from best (rank 1) to worst (higher number). Arranging BRICS countries in ascending order of rank means listing them from the worst rank to the best rank. Explanation: The Human Development Report 2023‑24 by UNDP ranks countries using HDI. Among BRICS nations, India has the highest rank number (worst rank). South Africa is better than India but worse than Brazil. Brazil is better than South Africa but worse than China. China is better than Brazil but worse than Russia. Russia has the lowest rank number (best rank) among BRICS. Thus ascending order of rank (worst to best) is: India, South Africa, Brazil, China, Russia. This corresponds to the code: 2 (India), 5 (South Africa), 4 (Brazil), 1 (China), 3 (Russia). Answer: Option A: 2, 5, 4, 1, 3 is correct. © examsnet.com"
CDS-2024-II-GK-110,2024,GK,General Knowledge,General Knowledge,General Knowledge | UPSC CDS | Prelims,medium,"India has signed a Trade and Economic Partnership. Agreement (TEPA) with EFTA, which is a regional group consisting of four countries. Which one of the following countries is not a member of this group?",Switzerland,Norway,Iceland,England,D,"Solution: Concept: EFTA (European Free Trade Association) is a regional trade bloc of four European countries. Explanation: India signed a Trade and Economic Partnership Agreement (TEPA) with EFTA. EFTA comprises Switzerland, Norway, Iceland, and Liechtenstein. These four countries are full members of the association. England was never a member of EFTA. Historically, England was part of the European Union (EU), not EFTA. After Brexit, England is no longer part of any European free trade association. Therefore, among the given options, England is the country that is not a member of EFTA. Answer: England (Option D). © examsnet.com"
CDS-2024-II-GK-111,2024,GK,General Knowledge,General Knowledge,General Knowledge | UPSC CDS | Prelims,easy,Which one of the following countries shares the territorial boundary with both Russia and Ukraine?,Estonia,Latvia,Belarus,Poland,C,"Solution: Concept: Belarus is the only country among the options that shares a land border with both Russia and Ukraine. Explanation: Belarus is located in Eastern Europe. It borders Russia to its northeast and Ukraine to its south. The length of the Belarus–Russia border is about 1,239 km, and the Belarus–Ukraine border is about 1,084 km. Estonia and Latvia share a border only with Russia, not with Ukraine. Poland shares a border only with Ukraine, not with Russia. Therefore, Belarus is the unique country that borders both Russia and Ukraine. Answer: C. Belarus © examsnet.com"
CDS-2024-II-GK-112,2024,GK,General Knowledge,General Knowledge,General Knowledge | UPSC CDS | Prelims,easy,"In June 2024, India signed a Memorandum of Understanding (MoU) with USA for supporting Indian Railways to achieve Mission Net Zero Carbon Emission by the year:",2030,2040,2050,2070,A,"Solution: Concept: In June 2024, India signed an MoU with the USA to support Indian Railways in achieving its Net Zero Carbon Emission target. Explanation: The goal of Mission Net Zero Carbon Emission is to balance carbon dioxide emitted with an equivalent amount removed or offset. The target year set by Indian Railways for achieving this mission is 2030 2030 2030 . This initiative is part of India's wider efforts to combat climate change and transition to sustainable development. The MoU aims to leverage advanced technologies and best practices from the USA to enhance railway efficiency and sustainability. Key measures include investments in renewable energy (solar, wind), energy efficiency, and adoption of green technologies. Indian Railways is one of the largest networks globally, and its transition to net zero is critical for India's climate goals. India's broader commitment under the Paris Agreement includes achieving 450 450 450 GW of installed renewable energy capacity by 2030 2030 2030 . The collaboration will facilitate technical expertise exchange and innovative solutions for sustainable railways. Answer: 2030 2030 2030 (Option A). © examsnet.com"
CDS-2024-II-GK-113,2024,GK,Polity,Indian Constitution & Governance,Polity | Constitution of India | Governance | Constitutional Bodies,easy,Which one of the following statements is correct about the PM-JANMAN scheme?,It is a scheme of the Government of India to impart electoral literacy to voters.,It is a scheme of the Government of India for deepening of democracy in the of Panchayati Raj functioning institutions.,It is a scheme of the Government of India for benefitting every member of the tribal community from Government schemes.,It is a scheme of the Government of India for benefitting migrants workers in the unorganized sector.,C,"Solution: Concept: PM-JANMAN is a Government of India scheme aimed at ensuring that every member of the tribal community benefits from various government schemes. Explanation: The scheme stands for Pradhan Mantri Janjatiya Anusandhan-Manthan. It focuses on the holistic development of tribal communities. The scheme improves access to government resources, services, and programs. It addresses economic, educational, and health needs of tribal populations. It also aims to empower tribal communities through awareness and support. Answer: Option C: It is a scheme of the Government of India for benefitting every member of the tribal community from Government schemes. © examsnet.com"
CDS-2024-II-GK-114,2024,GK,Modern History,Indian National Movement,Modern History | Freedom Struggle | British Colonial Rule,easy,Which of the following statements is not correct?,"SAGAR-SETU is a mobile app, which aims to improve the Ease of Doing Business.",Harit Sagar aims at achieving Zero Carbon Emission Goal.,"Sagar Manthan is a mission launched by Ministry of Ports, Shipping and Waterways, Government of India, to increase fish production.",Costa Serena is the first international cruise liner in India.,C,"Solution: Concept: Identify the incorrect statement among four options related to Indian maritime initiatives. Explanation: Check each statement: A. SAGAR-SETU is a mobile app that aims to improve the Ease of Doing Business. This is correct as it provides real-time vessel tracking and transparency. B. Harit Sagar aims at achieving Zero Carbon Emission Goal. This is correct; it is a green initiative for sustainable maritime practices. C. Sagar Manthan is a mission launched by Ministry of Ports, Shipping and Waterways to increase fish production. This is incorrect. Sagar Manthan is actually a real-time performance monitoring dashboard for ministry projects, not related to fish production. D. Costa Serena is the first international cruise liner in India. This is correct; it marks the growth of cruise tourism. Thus, only statement C is false. Answer: Statement C is not correct. © examsnet.com"
CDS-2024-II-GK-115,2024,GK,Modern History,Indian National Movement,Modern History | Freedom Struggle | British Colonial Rule,easy,"ISRO, in its studies, has revealed that there is a 178% increase in the size of the Ghepang Ghat Glacial Lake. In which of the following States/UTs is this lake located?",Jammu & Kashmir,Ladakh,Himachal Pradesh,Uttarakhand,C,"Solution: Concept: The Ghepang Ghat Glacial Lake, which has shown a 178 % 178\% 178% increase in size according to ISRO studies, is located in Himachal Pradesh. Explanation: This lake is situated in the Lahaul-Spiti district of Himachal Pradesh. Lahaul-Spiti is known for its high-altitude, rugged terrain and cold desert environment. Himachal Pradesh is a northern Indian state, bordered by Jammu & Kashmir, Ladakh, Punjab, and Haryana. The 178 % 178\% 178% growth in lake size, reported by ISRO, indicates significant glacial melting likely linked to climate change. Such rapid expansion increases the risk of Glacial Lake Outburst Floods (GLOFs) in the region. Understanding these changes is crucial for disaster management and climate adaptation planning. Answer: Himachal Pradesh © examsnet.com"
CDS-2024-II-GK-116,2024,GK,General Knowledge,General Knowledge,General Knowledge | UPSC CDS | Prelims,easy,"Which of the following State/s is/are common to the Bru-Reang Agreement, NLFT (SD) Agreement, and Tripartite Agreement with TIPRA?",Tripura,Assam and Tripura,Tripura and Mizoram,Manipur and Mizoram,A,"Solution: Concept: All three agreements are related to peace and development initiatives in the state of Tripura. Explanation: The Bru-Reang Agreement deals with the rehabilitation of Bru-Reang refugees. These refugees originally fled from Mizoram but were settled in Tripura. The NLFT (SD) Agreement was signed with a faction of the National Liberation Front of Tripura. It focuses on bringing peace and rehabilitating militants within Tripura. The Tripartite Agreement with TIPRA (Tripura Indigenous Progressive Regional Alliance) addresses socio‑economic and political issues of indigenous people in Tripura. Thus, the state common to all three agreements is Tripura. Answer: Tripura (Option A). © examsnet.com"
CDS-2024-II-GK-117,2024,GK,Economy,Indian Economy & Financial System,Economy | Macroeconomics | Banking & Finance | Public Finance,easy,Which of the following movies won the 96th Academy Award 2024 in the Best Picture category?,Anatomy of a Fall,Oppenheimer,Barbie,Killers of the Flower Moon,B,"Solution: Concept: The 96th Academy Awards (2024) Best Picture winner was the biographical thriller *Oppenheimer*. Explanation: The Best Picture category honours overall excellence in filmmaking. At the 96th Academy Awards held in March 2024, *Oppenheimer* won the Best Picture award. Directed by Christopher Nolan, the film chronicles the life of physicist J. Robert Oppenheimer and his role in the Manhattan Project. It triumphed over other nominated films such as *Anatomy of a Fall*, *Barbie*, and *Killers of the Flower Moon*. The Academy’s voting members chose *Oppenheimer* for its powerful storytelling, direction, and performances. Its win was widely anticipated after sweeping several other major categories. Answer: Oppenheimer © examsnet.com"
CDS-2024-II-GK-118,2024,GK,General Knowledge,General Knowledge,General Knowledge | UPSC CDS | Prelims,easy,India's first dedicated OPD for the Transgenders was opened at which one among the following hospitals?,"AIIMS, New Delhi","PGIMER, Chandigarh","KGMU, Lucknow","RML Hospital, New Delhi",D,"Solution: Concept: India's first dedicated OPD for transgender individuals was opened at RML Hospital, New Delhi. Explanation: The first exclusive Outpatient Department (OPD) for transgenders in India was inaugurated at Dr. Ram Manohar Lohia (RML) Hospital, New Delhi. It offers specialized medical services including hormone therapy, psychological counseling, and consultations for gender reassignment surgery. This OPD was established to address the long-standing discrimination and lack of healthcare access faced by the transgender community. The initiative is part of the government's commitment under the Transgender Persons (Protection of Rights) Act, 2019, to ensure inclusive healthcare. RML Hospital, a premier healthcare institution in New Delhi, is known for its patient-centric approach and advanced medical services. Answer: D. RML Hospital, New Delhi. © examsnet.com"
CDS-2024-II-GK-119,2024,GK,Defence & Security,"Defence, Military & Internal Security",Defence | Military Exercises | Armed Forces | Security Architecture,easy,Which one of the following statements about 'INS Tarmugli' is not correct?,It is a fast attack craft commissioned by the Indian Navy.,"It was commissioned at Naval Dockyard, Visakhapatnam.",It was given by the Government of India to Sri Lankan Naval Force in 2006 and returned to the Indian Navy in May 2023.,It is supposed to be used for coastal surveillance.,C,"Solution: Concept: This question tests factual knowledge about the operational history and status of an Indian Navy vessel. Explanation: INS Tarmugli is a fast attack craft (FAC) designed for quick response and high-speed operations. It was commissioned at the Naval Dockyard in Visakhapatnam, a major base on the east coast of India. The vessel is intended for coastal surveillance, monitoring maritime borders for security. Option C claims that INS Tarmugli was given to the Sri Lankan Navy in 2006 and returned in May 2023. No official records confirm such a transfer or return. Therefore, statement C is factually incorrect. Answer: C. It was given by the Government of India to Sri Lankan Naval Force in 2006 and returned to the Indian Navy in May 2023. © examsnet.com"
CDS-2024-II-GK-120,2024,GK,Modern History,Indian National Movement,Modern History | Freedom Struggle | British Colonial Rule,easy,Which one of the following resolutions in the final agreement reached at COP28 is associated with the target of achieving 'Net Zero by 2050'?,Fossil fuel phase-out,Methane emission cuts,Global goal on adaptation,Climate resilience,A,"Solution: Concept: The COP28 resolution directly linked to ""Net Zero by 2050"" is the fossil fuel phase-out, as it tackles the primary source of greenhouse gas emissions. Explanation: Achieving net zero by 2050 requires drastically cutting human-caused greenhouse gas emissions. Fossil fuels (coal, oil, natural gas) are the largest contributors. Phasing them out means shifting to renewable energy (wind, solar, hydro). This resolution was a major outcome at COP28 to align with Paris Agreement goals. Other options like methane cuts target only specific sectors (e.g., agriculture). The global goal on adaptation focuses on adjusting to climate impacts, not emission reductions. Climate resilience is about preparing for effects, not cutting emissions directly. Thus, only the fossil fuel phase-out directly addresses the emission cuts needed for net zero. Answer: Option A: Fossil fuel phase-out. © examsnet.com"
