Id,Year,Paper,Subject,Topics,Tags,Difficulty,Question,Option_A,Option_B,Option_C,Option_D,Correct_Answer,Explanation
CDS-2017-I-GK-001,2017,GK,Science & Tech,General Science & Emerging Technologies,Science & Tech | General Science | Applied Science | Physics | Chemistry | Biology,easy,Polynucleotide chain of DNA contains [2017 CDS-I],"a nitrogenous base, deoxyribose sugar and phosphate group","a nitrogenous base, ribose sugar and phosphate group","deoxyribose sugar, ribose sugar and phosphate group",a nitrogenous base and phosphate group only,A,"Solution: Polynucleotide chain of DNA contains a nitrogenous base, deoxyribose sugar and phosphate group. The nucleotide of DNA consists of a deoxyribose sugar molecule to which is attached a phosphate group and one of the four nitrogenous bases: two purines (adenine and guanine) and two pyrimidines (cytosine and thymine). © examsnet.com"
CDS-2017-I-GK-002,2017,GK,Science & Tech,General Science & Emerging Technologies,Science & Tech | General Science | Applied Science | Physics | Chemistry | Biology,easy,The process of copying genetic information from one strand of DNA into RNA is termed as [2017 CDS-I],translation,transcription,replication,mutation,B,"Solution: The process of copying genetic information from one strand of DNA into RNA is termed as transcription. Transcription is the first step of gene expression in which a particular segment of DNA is copied into RNA by the enzyme RNA polymerase. Both DNA and RNA are nucleic acids, which use base pairs of nucleotides as a complementary language. © examsnet.com"
CDS-2017-I-GK-003,2017,GK,Modern History,Indian National Movement,Modern History | Freedom Struggle | British Colonial Rule,easy,AIDS is caused by the Human Immuno-­deficiency Virus (HIV). The transmission of HIV infection generally occurs through [2017 CDS-I],eating contaminated food and water,transfusion of contaminated blood and blood products,inhaling polluted air,shaking hand with infected person,B,"Solution: The transmission of HIV infection generally occurs through transfusion of contaminated blood and blood products. AIDS is caused by contact between broken skin, wounds or mucous membranes, HIV-infected blood or blood contaminated body fluids. If blood from the HIV-positive partner gets into the bloodstream of the HIV negative partner, then also HIV may spread. It should be noted that HIV is not spread through saliva. © examsnet.com"
CDS-2017-I-GK-004,2017,GK,Science & Tech,General Science & Emerging Technologies,Science & Tech | General Science | Applied Science | Physics | Chemistry | Biology,easy,"In human body, the cell growth and differentiation are highly controlled and regulated, but in cancer cells [2017 CDS-I]",there is breakdown of these regulatory mechanisms leading to formation of benign and malignant tumors,controlled cell division and over­ production of genetic material occur,RNA is mutated and produced in less amount,DNA is mutated and produced in less amount,A,"Solution: In a human body, the cell growth and differentiation are highly controlled and regulated, but in cancer cells, there is breakdown of these regulatory mechanisms, leading to the formation of benign and malignant tumours. Cancer starts when the cells in a part of the body start to grow out of control. Cancer cell growth is different from normal cell growth. Instead of dying, cancer cells continue to grow and form new, abnormal cells. Cancer cells can also grow into other tissues, something that normal cells cannot do. © examsnet.com"
CDS-2017-I-GK-005,2017,GK,Science & Tech,General Science & Emerging Technologies,Science & Tech | General Science | Applied Science | Physics | Chemistry | Biology,easy,Most viruses that infect plants possess [2017 CDS-I],single-stranded DNA,single-stranded RNA,double-stranded DNA and RNA,double-stranded RNA only,B,"Solution: Most viruses that infect plants possess single-stranded RNA.Approximately, around 70% of viruses infecting the plants are ssRNA, 20% are ssDNA and rest are either dsRNA or dsDNA. ssRNA genomes serve as mRNAs and virus-encoded proteins are produced immediately after entry of viral RNA to cell cytoplasm. There is no need, as in the case of DNA viruses, to transport genetic material to the nucleus, where viral DNA has to be transcribed and reproduced. Therefore, using viral genomic RNAs as mRNAs make possible to reduce the number of steps from virus entry to replication, which could be targeted by host defenses. All this could be more important for plant viruses because of the differences between viral spread between plant cells and between animal cells. © examsnet.com"
CDS-2017-I-GK-006,2017,GK,General Knowledge,General Knowledge,General Knowledge | UPSC CDS | Prelims,easy,Syngamy results in formation of [2017 CDS-I],haploid zygote,diploid zygote,non-motile male gametes,motile male gametes,B,Solution: Syngamy results in the formation of diploid zygote. Syngamy is also called fertilisation. It involves the complete and permanent fusion of two haploid gametes to form a diploid zygote. It is the most common mode of sexual reproduction © examsnet.com
CDS-2017-I-GK-007,2017,GK,General Knowledge,General Knowledge,General Knowledge | UPSC CDS | Prelims,easy,"Bleeding of gums, falling of teeth, fragile bones and delayed wound healing occur due to the deficiency of which one of the following vitamins? [2017 CDS-I]",Vitamin C,Vitamin K,Vitamin D,Vitamin B,A,"Solution: Bleeding of gums, falling of teeth, fragile bones and delayed wound healing occur due to the deficiency of vitamin C. Vitamin C is also called ascorbic acid. Vitamin C is needed to make a substance called collagen, which is required for the health and repair of various tissues in the body, including skin, bone, cartilage, blood vessel walls, teeth, ligaments and tendons. It is to be kept in mind that vitamin C cannot be made by the human body and so it is an essential component of our diet. © examsnet.com"
CDS-2017-I-GK-008,2017,GK,Modern History,Indian National Movement,Modern History | Freedom Struggle | British Colonial Rule,easy,"When a piece of pure silicon is doped with aluminium, then [2017 CDS-I]",the conductivity of the doped silicon piece will remain the same,the doped silicon piece will become n-type,the doped silicon piece will become p-type,the resistivity of the doped silicon piece will increase,C,"Solution: When a piece of pure silicon is doped with aluminium, the doped silicon piece will become p-type. Because Silicon is having 4 electrons in its outermost orbit, so it can make four bonds but aluminium is trivalent. By adding a trivalent material to the crystal structure, holes are introduced and, thus, provide a mechanism for conduction. Because trivalent materials can accept an additional electron, they are called acceptor atoms. A silicon crystal doped with the trivalent material is called ptype material. © examsnet.com"
CDS-2017-I-GK-009,2017,GK,Modern History,Indian National Movement,Modern History | Freedom Struggle | British Colonial Rule,medium,Suppose voltage V is applied across a resistance R. The power dissipated in the resistance is P. Now the same voltage V is applied across a parallel combination of three equal resistors each of resistance R. Then the power dissipated in the second case will be [2017 CDS-I],P,3P,P 3 \frac{P}{3} 3 P ​,2 P 3 \frac{2P}{3} 3 2 P ​,B,"Solution: The power dissipated in the second case will be 3P When one resistor is connected, the equivalent resistance is REQ = R. So, power dissipated = V 2 R = P = \frac{V^2}{R} = P = R V 2 ​ = P . But, if the three equal resistors are connected in parallel, the equivalent resistance is REQ = R 3 = \frac{R}{3} = 3 R ​ Power for the parallel combination is = 3 × ( V 2 R ) = 3 × P = 3 \times \left( \frac{V^2}{R} \right) = 3 \times P = 3 × ( R V 2 ​ ) = 3 × P Hence, the parallel combination dissipates 3 times the power of the simple combination © examsnet.com"
CDS-2017-I-GK-010,2017,GK,Science & Tech,General Science & Emerging Technologies,Science & Tech | General Science | Applied Science | Physics | Chemistry | Biology,easy,Which one of the following is not a semiconductor? [2017 CDS-I],Silicon,Germanium,Quartz,Gallium arsenide,C,"Solution: Among the given items, quartz is not a semiconductor. Quartz is a mineral composed of silicon and oxygen atoms in a continuous framework of SiO4 silicon-oxygen tetrahedron, with each oxygen atom being shared between two tetrahedrons, giving an overall chemical formula of S i O 2 SiO_2 S i O 2 ​ . © examsnet.com"
CDS-2017-I-GK-011,2017,GK,General Knowledge,General Knowledge,General Knowledge | UPSC CDS | Prelims,medium,"A parallel-plate capacitor, with air in between the plates, has capacitance C. Now the space between the two plates of the capacitor is filled with a dielectric of dielectric constant 7. Then the value of the capacitance will become [2017 CDS-I]",C,C 7 \frac{C}{7} 7 C ​,7C,14C,C,"Solution: The capacitance of a parallel plate capacitor is proportional to the surface area A and inversely proportional to the distance d between the two plates and this is true for dielectric medium of air. However, the capacitance value of a capacitor can be increased by inserting a solid medium in between the conductive plates which has a dielectric constant greater than that of air. The value of capacitance will be 7C. Capacitance of capacitor C = ε A d C = \frac{\varepsilon A}{d} C = d ε A ​ where, A is area of plates and d is distance between the two plates. Now, C = ε ′ A d C = \frac{\varepsilon' A}{d} C = d ε ′ A ​ = 7 ε A d = \frac{7\varepsilon A}{d} = d 7 ε A ​ Hence,C' = 7C © examsnet.com"
CDS-2017-I-GK-012,2017,GK,General Knowledge,General Knowledge,General Knowledge | UPSC CDS | Prelims,easy,For which one of the following does the centre of mass lie outside the body? [2017 CDS-I],A fountain pen,A cricket ball,A ring,A book,C,"Solution: Among the following items, for a ring, the centre of mass lies outside the body. Centre of mass (COM) is just a point where the entire mass of the body can be considered to be concentrated, while the actual concentration of mass may be at some other place. It is not necessary that it will always lie within the body. It may lie outside the body also. For a body like a uniform ring or a hollow cylindrical object, we find that the COM does not lie on the body. Instead it is found to lie outside the body itself. For a ring, its COM lies at the centre of the circular shape made by it. © examsnet.com"
CDS-2017-I-GK-013,2017,GK,General Knowledge,General Knowledge,General Knowledge | UPSC CDS | Prelims,easy,Which one of the following is a physical change? [2017 CDS-I],Burning of coal,Burning of wood,Heating of a platinum crucible,Heating of potassium chlorate,C,"Solution: Among the given options, heating of a platinum crucible is an example of physical change. The following explanation presents the apt justification: 1. A physical change is reversible, whereas a chemical change is not. For example, the freezing of water would be a physical change because it can be reversed, whereas the burning of wood is a chemical change – we can't 'unburn' it. 2. A physical change is a change in which no new substance is formed; a chemical change results in the formation of one or more new substances. Again, consider the previous example: Freezing water into ice just results in water molecules which are 'stuck' together – it is still H 2 O H_2O H 2 ​ O , whereas burning wood results in ash, carbon dioxide, etc. – all new substances which were not there when we started. © examsnet.com"
CDS-2017-I-GK-014,2017,GK,General Knowledge,General Knowledge,General Knowledge | UPSC CDS | Prelims,easy,The pH value of a sample of multiple-distilled water is [2017 CDS-I],zero,14,very near to zero,very near to seven,D,"Solution: The pH value of a sample of multiple-distilled water is very near to seven. It should be kept in mind that water (distilled, deionised, or tap) is not ‘pure’ (i.e., pH equal to 7). The moment it comes in contact with air, C O 2 CO_2 C O 2 ​ gas begins dissolving into it, forming carbonic acid. The actual pH, therefore, will often be slightly less than 7. © examsnet.com"
CDS-2017-I-GK-015,2017,GK,General Knowledge,General Knowledge,General Knowledge | UPSC CDS | Prelims,easy,Which one of the following is the most characteristic property of an element? [2017 CDS-I],Density,Boiling point,Mass number,Atomic number,D,"Solution: Atomic number is the most characteristic property of an element. It is equal to the number of protons in the nucleus of an atom of the element, and it is also equal to the number of extranuclear electrons in the atom. The atomic number is the most important factor that determines the chemical properties of an element. It is the atomic number alone that gives a distinct identity to a chemical element. © examsnet.com"
CDS-2017-I-GK-016,2017,GK,General Knowledge,General Knowledge,General Knowledge | UPSC CDS | Prelims,medium,There are two elements—calcium (atomic number 20) and argon (atomic number 18). The mass number of both the elements is 40. They are therefore known as [2017 CDS-I],isotones,isochores,isobars,isotopes,C,"Solution: The mass number of both the elements – calcium (atomic number 20) and argon (atomic number 18) – is 40. They are, therefore, known as isobars. Isobars differ in atomic number (or number of protons) but have the same mass number. An example of a series of isobars is 40S, 40Cl, 40Ar, 40K and 40Ca. The nuclei of all these nuclides contain 40 atomic masses. However, they contain varying numbers of protons and neutrons. © examsnet.com"
CDS-2017-I-GK-017,2017,GK,General Knowledge,General Knowledge,General Knowledge | UPSC CDS | Prelims,easy,‘Plum Pudding Model’ for an atom was proposed by [2017 CDS-I],Antoine Lavoisier,Robert Boyle,Ernest Rutherford,J. J. Thomson,D,"Solution: ‘Plum Pudding Model’ for an atom was proposed by J.J. Thomson. It is one of the scientific models of the atom, first proposed by J.J. Thomson in 1904 soon after the discovery of the electron. In Thomson's view, the atoms of the elements consist of a number of negatively electrified corpuscles enclosed in a sphere of uniform positive electrification. © examsnet.com"
CDS-2017-I-GK-018,2017,GK,General Knowledge,General Knowledge,General Knowledge | UPSC CDS | Prelims,easy,What is the number of atoms in 46 g of sodium-23 (N = Avogadro constant)? [2017 CDS-I],N/2,N,2N,23N,C,"Solution: The number of atoms in 46 g of sodium-23 (N = Avogadro constant) is 2N, molar mass of Na = 23 gm/mol, Number of moles of Na in 46 gm = 46 23 = 2 mol = \frac{46}{23} = 2\text{ mol} = 23 46 ​ = 2 mol Number of atoms in 46 gm of Na is = 2 × Avogadro number = 2 × 6.03 × 1 0 23 = 2 \times 6.03 \times 10^{23} = 2 × 6.03 × 1 0 23 = 12.06 × 1 0 23 = 12.06 \times 10^{23} = 12.06 × 1 0 23 atom = 2N Hence, number of atoms in 46g of sodium-23 (N = Avogadro constant) = 2N © examsnet.com"
CDS-2017-I-GK-019,2017,GK,General Knowledge,General Knowledge,General Knowledge | UPSC CDS | Prelims,easy,Which one of the following statements is correct? For the purpose of Census 2011 [2017 CDS-I],a person aged seven and above who can both read and write with understanding in any language is treated as a literate,a person aged eight and above who can both read and write with understanding in any language is treated as a literate,a person aged nine and above who can both read and write with understanding in any language is treated as a literate,a person aged ten and above who can both read and write with understanding in any language is treated as a literate,A,"Solution: Statement (a) is correct as for the purpose of census 2011, a person aged seven and above who can both read and write with understanding in any language is treated as a literate. The literacy rate of India in 2011 is 74.04 per cent. Literacy rate among females is 65.46 per cent, whereas the literacy rate among males is 82.14 per cent. Kerala has achieved a literacy rate of 94.00 per cent. Bihar is the least literate state in India, with a literacy of 61.80 per cent. Census 2011 was the 15th census of India and 7th census after Independence. The motto of Census 2011 was ‘Our Census, Our Future’. First Census was held in 1872.The present Registrar General and Census Commissioner–C. Chandramouli. © examsnet.com"
CDS-2017-I-GK-020,2017,GK,General Knowledge,General Knowledge,General Knowledge | UPSC CDS | Prelims,easy,In which one of the following States is Loktak Lake situated? [2017 CDS-I],Sikkim,Himachal Pradesh,Manipur,Meghalaya,C,"Solution: Loktak Lake is situated inManipur. Loktak Lake is the largestfreshwater lake in north-east India.It is also called the only floatinglake in the world due to the floatingphumdis (heterogeneous mass ofvegetation, soil and organic mattersat various stages of decomposition)on it. The etymology of Loktak isLok = stream and tak = the end.The Keibul Lamjao National Park, which is the last natural refuge of the endangered sangai or Manipur brow-antlered deer (Cervus eldi eldi), one of the three subspecies of Eld's deer, covering an area of 40 km2, is situated in the southeastern shores of this lake and is the largest of all the phumdis in the lake. Loktak Lake was designated for the List of Wetlands of International Importance in March 1990, and in June 1993, it was inscribed in the Montreux Record of sites whose ecological character has changed, is changing, or is about to change as a result of human interference. © examsnet.com"
CDS-2017-I-GK-021,2017,GK,Quantitative Aptitude,Basic Numeracy & Quantitative Aptitude,Aptitude | Mathematics | Quantitative Reasoning | Problem Solving,easy,The ratio of gross cropped area to the net sown area is called [2017 CDS-I],cropping intensity,intensity of crop rotation,crop productivity,cropping diversity,A,"Solution: The ratio of gross cropped area to the net sown area is called cropping intensity. Cropping intensity refers to raising of a number of crops from the same field during one agriculture year. It can be expressed as: Cropping intensity = ( Gross cropped area Net sown area ) × 100 = \left( \frac{\text{Gross cropped area}}{\text{Net sown area}} \right) \times 100 = ( Net sown area Gross cropped area ​ ) × 100 Gross Cropped Area (GCA) is the total area sown once as well as more than once in a particular year. When the crop is sown on a piece of land for twice, the area is counted twice in GCA. On the other hand, Net Sown Area is the area sown with crops but is counted only once © examsnet.com"
CDS-2017-I-GK-022,2017,GK,Geography,Physical and Indian Geography,Geography | Physical Geography | Indian Geography | Geomorphology,easy,Which one of the following is the correct sequence of occurrences of rivers from Chennai to Kolkata when travelled by road (shortest distance)? [2017 CDS-I],"Krishna, Kaveri, Godavari, Mahanadi, Subamarekha","Krishna, Periyar, Godavari, Mahanadi, Subamarekha","Penneru, Krishna, Godavari, Mahanadi, Subamarekha","Penneru, Mahanadi, Subamarekha, Godavari, Krishna",C,"Solution: Option (c) is the correct sequence of occurrences of rivers from Chennai to Kolkata when travelled by road (shortest distance). The Penneru river rises in Nandi Hills in Chikballapura District of Karnataka. The Krishna river rises in western Maharashtra in the Western Ghats range near the town of Mahabaleshwar. The Godavari river, the largest Peninsular river, originates in Triambakeshwar of Maharashtra. Mahanadi river originates in the Sihawa mountains in the Dhamtari district of Chhattisgarh. Subarnarekha river originates near Piska/Nagri, near Ranchi, in Jharkhand. So, we shall encounter Penneru river first, followed by Krishna river, Godavari river, Mahanadi river and, towards the end, Subarnarekha river. © examsnet.com"
CDS-2017-I-GK-023,2017,GK,Modern History,Indian National Movement,Modern History | Freedom Struggle | British Colonial Rule,easy,Which one of the following statements with regard to volcanoes is not correct? [2017 CDS-I],Stratovolcanoes produce lava flows that initially follow valleys but are highly resistant to erosion.,"The surrounding areas can remain highlands, lava ridges or mesas.",Hawaiian shield volcanoes are eroded by streams that form deeply carved valleys with steeply sloping heads.,The system of streams on a dissected volcano cone is not a radial drainage pattern.,D,"Solution: Statement (d) with regard to volcanoes is not correct. Radial drainage pattern, also known as centrifugal pattern, is formed by the streams which diverge from a central higher point in all directions. It is obvious that dome structures, volcanic cones, batholiths and laccoliths, residual hills, small tablelands, mesas and buttes, and isolated uplands favour the development of ideal radial pattern. So, statement (d) is not correct. Statements (a), (b) and (c) are factual statements and are correct. © examsnet.com"
CDS-2017-I-GK-024,2017,GK,Modern History,Indian National Movement,Modern History | Freedom Struggle | British Colonial Rule,easy,Kwashiorkor disease in children is caused by [2017 CDS-I],sufficient carbohydrates fats in diet,sufficient carbohydrates and fats but deficient proteins inand fats diet,sufficient vitamins but deficient fats in diet,sufficient fats deficient but vitamins in diet,B,"Solution: Kwashiorkor disease in children is caused by sufficient carbohydrates and fats but deficient proteins in diet. Kwashiorkor is a form of severe protein-energy malnutrition characterised by edema, irritability, ulcerating dermatoses, and an enlarged liver with fatty infiltrates. It is mainly caused due to sufficient calorie intake, but with insufficient protein consumption. © examsnet.com"
CDS-2017-I-GK-025,2017,GK,Modern History,Indian National Movement,Modern History | Freedom Struggle | British Colonial Rule,easy,The mammalian heart is myogenic and it is regulated by nerves. The heartbeat originates from [2017 CDS-I],sinoatrial node,QRS wave,T wave,hepatic portal system,A,"Solution: The mammalian heart is myogenic and it is regulated by nerves. The heartbeat originates from sinoatrial node. The impulse starts in a small bundle of specialised cells located in the right atrium, called the sinoatrial node. The electrical activity spreads through the walls of the atria and causes them to contract. This forces blood into the ventricles. The sinoatrial node sets the rate and rhythm of our heartbeat. © examsnet.com"
CDS-2017-I-GK-026,2017,GK,Science & Tech,General Science & Emerging Technologies,Science & Tech | General Science | Applied Science | Physics | Chemistry | Biology,easy,"The plant growth regulators are small, simple molecules of diverse chemical composition. They are [2017 CDS-I]","carbohydrates, fats and proteins","indole compounds, adenine deriva­tives, carotenoids and terpenes","fatty acids, glucose and vitamins","vitamin C, vitamin D and glucose",B,"Solution: The plant growth regulators are small, simple molecules of diverse chemical composition. They are indole compounds, adenine derivatives, carotenoids and terpenes. Plant growth regulators, also known as plant exogenous hormones, are synthetic substances that are similar to natural plant hormones, for example, indole compounds, adenine derivatives, carotenoids and terpenes. They are used to regulate the growth of plants and are important measures to ensure agricultural production. © examsnet.com"
CDS-2017-I-GK-027,2017,GK,Science & Tech,General Science & Emerging Technologies,Science & Tech | General Science | Applied Science | Physics | Chemistry | Biology,easy,"Consider the electromagnetic radiations having wavelengths 200 nm, 500 nm and 1000 nm. Which wavelength(s) of the following can make visual sensation to a human eye? [2017 CDS-I]",200 nm and 500 nm,500 nm and 1000 nm,500 nm only,200 nm and 1000 nm,C,"Solution: Among the given wavelengths, third item, i.e., 500 nm only can make visual sensation to a human eye. Visible light is the only light detectable by the human eye. White light is visible light, and it contains all the colours of the rainbow, from red to violet. The range of visible wavelengths is 400 nanometers to 700 nanometers. © examsnet.com"
CDS-2017-I-GK-028,2017,GK,Quantitative Aptitude,Basic Numeracy & Quantitative Aptitude,Aptitude | Mathematics | Quantitative Reasoning | Problem Solving,medium,A copper wire of radius r and length I has a resistance of R. A second copper wire with radius 2r and length I is taken and the two wires are joined in a parallel combination. The resultant resistance of the parallel combination of the two wires will be [2017 CDS-I],5R,5 4 R \frac{5}{4R} 4 R 5 ​,4 5 R \frac{4}{5R} 5 R 4 ​,R 5 \frac{R}{5} 5 R ​,D,Solution: The resultant resistance of the parallel combination of the two wires will be 4 R 5 \frac{4R}{5} 5 4 R ​ . R 1 = ρ L A 1 = P L 3.14 × r × r = R R_1 = \;\; \frac{\rho L}{A_1} = \;\; \frac{PL}{3.14 \times r \times r} = R R 1 ​ = A 1 ​ ρ L ​ = 3.14 × r × r P L ​ = R R 2 = ρ L A 2 = P L 3.14 × 2 r × 2 r R_2 = \;\; \frac{\rho L}{A_2} = \;\; \frac{PL}{3.14 \times 2r \times 2r} R 2 ​ = A 2 ​ ρ L ​ = 3.14 × 2 r × 2 r P L ​ R 2 = R 1 4 = R 4 R_2 = \;\; \frac{R_1}{4} = \;\; \frac{R}{4} R 2 ​ = 4 R 1 ​ ​ = 4 R ​ When connected in parallel: 1 R e q = 1 R 1 + 1 R 2 \frac{1}{R_{eq}} = \frac{1}{R_1} + \frac{1}{R_2} R e q ​ 1 ​ = R 1 ​ 1 ​ + R 2 ​ 1 ​ R e q = R 5 Req = \frac{R}{5} R e q = 5 R ​ © examsnet.com
CDS-2017-I-GK-029,2017,GK,Quantitative Aptitude,Basic Numeracy & Quantitative Aptitude,Aptitude | Mathematics | Quantitative Reasoning | Problem Solving,hard,"A parallel-plate capacitor of capacitance C 1 C_1 C 1 ​ is made using two gold plates. Another parallel-plate capacitor of capacitance C 2 C_2 C 2 ​ is made using two aluminium plates with same plate separation, and all the four plates are of same area. If p g p_g p g ​ and p a p_a p a ​ are respectively the electrical resistivities of gold and aluminium, then which one of the following relations is correct? [2017 CDS-I]",C 1 > C 2 C_1 > C_2 C 1 ​ > C 2 ​,C 2 > C 1 C_2>C_1 C 2 ​ > C 1 ​,C 1 P a = C 2 P g C_1P_a=C_2P_g C 1 ​ P a ​ = C 2 ​ P g ​,C 1 = C 2 C_1 = C_2 C 1 ​ = C 2 ​,D,"Solution: Capacitance ( C ) = Q V (C)=\frac{Q}{V} ( C ) = V Q ​ The C is a constant. It is independent of Q or V. The capacitance C depends only on the geometrical configuration (shape, size, separation) of the system of two conductors. It also depends on the nature of the insulator (dielectric) separating the two conductors. So, C 1 = C 2 C_1=C_2 C 1 ​ = C 2 ​ . © examsnet.com"
CDS-2017-I-GK-030,2017,GK,Science & Tech,General Science & Emerging Technologies,Science & Tech | General Science | Applied Science | Physics | Chemistry | Biology,easy,"A photon of X-ray has energy of 1 keV. A photon of visible radiation has energy of 3 eV. In this context, which one of the following statements is not correct? [2017 CDS-I]",The wavelength of X-ray photon is less than the wavelength of visible radiation photon.,Both the photons have different energies.,The speeds of both the photons in vacuum are different.,The frequency of X-ray photon is higher than the frequency of visible radiation photon.,C,"Solution: Statement (c) is not correct. In physics, electromagnetic radiation refers to the waves of the electromagnetic field, propagating (radiating) through space carrying electromagnetic radiant energy. It includes radio waves, microwaves, infrared, (visible) light, ultraviolet, X- , and gamma radiation. Classically, electromagnetic radiation consists of electromagnetic waves, which are synchronised oscillations of electric and magnetic fields that propagate at the speed of light through a vacuum. © examsnet.com"
CDS-2017-I-GK-031,2017,GK,Science & Tech,General Science & Emerging Technologies,Science & Tech | General Science | Applied Science | Physics | Chemistry | Biology,easy,The optical phenomenon that is primarily responsible for the observation of rainbow on a rainy day is [2017 CDS-I],diffraction,interference,dispersion,reflection,C,"Solution: The optical phenomenon that is primarily responsible for the observation of rainbow on a rainy day is dispersion. One of nature’s most splendid masterpieces is the rainbow. A rainbow is an excellent demonstration of the dispersion of light and one more piece of evidence that visible light is composed of a spectrum of wavelengths, each associated with a distinct colour. © examsnet.com"
CDS-2017-I-GK-032,2017,GK,General Knowledge,General Knowledge,General Knowledge | UPSC CDS | Prelims,easy,"With regard to ‘Project Tiger’, which one of the following statements is not correct? [2017 CDS-I]",It was launched in India in the year 1973.,The objective of the Project is to preserve the habitats and tigers therein as natural heritage.,The Project emphasized to ensure viable population of tigers in India.,There are no Tiger Reserves in north-eastern part of India.,D,"Solution: Statement (d) is not correct with regard to ‘Project Tiger’. Launched in April 1973, Project Tiger has successfully emerged as one of the champion endeavours of tiger conservation as formulated by a special task force set up under Wildlife Conservation Act to address the problem of dwindling tiger population in the country. There are many tiger reserves in northeastern part of India, such as Dampa Tiger Reserve (in Mizoram), Pakui Tiger Reserve (in Arunachal Pradesh), Orang National Park (in Assam), Namdapha National Park (in Arunachal Pradesh), etc. © examsnet.com"
CDS-2017-I-GK-033,2017,GK,Environment & Ecology,"Ecology, Biodiversity & Climate Change",Environment & Ecology | Biodiversity | Conservation | Climate Change,easy,Which one of the following is not a biosphere reserve of India? [2017 CDS-I],Agasthyamalai,Nokrek,Great Nicobar,Great Himalayan,D,"Solution: Great Himalayan is not a biosphere reserve of India. A list of biosphere reserves in India is as follows: (1) Cold Desert, Himachal Pradesh (2) Nanda Devi, Uttarakhand (3) Khangchendzonga, Sikkim (4) Dehang-Debang, Arunachal Pradesh (5) Manas, Assam (6) Dibru-Saikhowa, Assam (7) Nokrek, Meghalaya (8) Panna, Madhya Pradesh (9) Pachmarhi, Madhya Pradesh (10) Achanakmar-Amarkantak,Madhya Pradesh-Chhattisgarh (11) Kachchh, Gujarat (12) Similipal, Odisha (13) Sundarban, West Bengal (14) Seshachalam, Andhra Pradesh (15) Agasthyamala, KarnatakaTamil Nadu-Kerala (16) Nilgiri, Tamil Nadu-Kerala (17) Gulf of Mannar, Tamil Nadu (18) Great Nicobar, Andaman & Nicobar Islands © examsnet.com"
CDS-2017-I-GK-034,2017,GK,General Knowledge,General Knowledge,General Knowledge | UPSC CDS | Prelims,easy,Which one of the following statements with regard to the Indian Railways is not correct? [2017 CDS-I],The Indian rail networks have been developed throughout the Konkan coast.,There is very low density of railway lines in the Himalayan region.,The north Indian plain has a dense network of railway.,"At present, India has the largest railway network in the world.",D,"Solution: Statement (d) with regard to the Indian Railways is not correct as The US rail network (not India), with an operating route length over 2,50,000 km, is the biggest in the world followed by China and then India.The Indian rail networks have been developed throughout the Konkan coast and it is called as Konkan Railways. Statement two and three are correct because topography play important role in the density of railways. © examsnet.com"
CDS-2017-I-GK-035,2017,GK,Modern History,Indian National Movement,Modern History | Freedom Struggle | British Colonial Rule,hard,Which of the following statements with regard to the Mediterranean agriculture is/are correct? 1. The Mediterranean agriculture is highly specialized commercial agriculture. 2. It is intensive subsistence agriculture dominated by wet paddy cultivation. 3. It is a primitive subsistence agriculture. 4. Viticulture is a speciality of the Mediterranean region. Select the correct answer using the code given below. [2017 CDS-I],1 only,2 and 3,1 and 4 only,"1, 3 and 4",C,"Solution: Statements (1) and (4) with regard to the Mediterranean agriculture are correct. Wheat is the most important crop grown in the Mediterranean region. Subsistence and cash crops farming is undertaken with extensive and intensive production. So, Statements (2) and (3) are incorrect. Viticulture or grape cultivation is a speciality of the Mediterranean region. It represents a very intensive form of farming requiring not only good conditions of moisture, temperature and soil, but also much personal care, if the grapes are to be of high quality. © examsnet.com"
CDS-2017-I-GK-036,2017,GK,General Knowledge,General Knowledge,General Knowledge | UPSC CDS | Prelims,easy,Which one of the following statements with regard to the winter solstice is correct? [2017 CDS-I],The South Pole experiences 24 hours of darkness.,It occurs on June 21.,The North Pole experiences 24 hours of darkness.,The Sun is at aphelion.,C,"Solution: Statement (c) with regard to the winter solstice is correct. Known as midwinter, it is an astronomical phenomenon marking the day with the shortest period of daylight and the longest night of the year. In the Northern Hemisphere, this is the December solstice and in the Southern Hemisphere, this is the June solstice. The farther north from the equator we are, the lesser sunlight we will get during the solstice and the longer the night will be. The sun in the sky is farthest south in the Northern Hemisphere (December 21 or 22). So, it experiences 24 hours of darkness © examsnet.com"
CDS-2017-I-GK-037,2017,GK,Geography,Physical and Indian Geography,Geography | Physical Geography | Indian Geography | Geomorphology,medium,Tropical evergreen rain forest biome provides optimum environmental conditions for the growth of plants and animals. Which one among the following statements regarding this is not correct? [2017 CDS-I],It has heavy rainfall and high temperature throughout the year.,This biome is also called mega- thermal biome.,The evergreen rain forest biome extends between 10° N and 10° S latitudes.,"The maximum development of this biome has taken place in central and southern California, and north ­western coastal lands of Africa.",D,"Solution: Statement (d) is not correct. Southern California experiences several different types of climate, including Mediterranean, semi-arid and desert, with infrequent rain and many sunny days and north-western coastal lands of Africa too do not have equatorial climate. Hence, statement (d) is not correct. The first three statements are factually correct. © examsnet.com"
CDS-2017-I-GK-038,2017,GK,Geography,Physical and Indian Geography,Geography | Physical Geography | Indian Geography | Geomorphology,easy,Tsunami waves are the undersea occurrence of earthquake exceeding 7.5 on Richter scale. Which one of the following statements regarding this is not correct? [2017 CDS-I],It often generates strong waves.,The Pacific coasts are most vulnerable to Tsunami waves.,Tsunami waves are also called high-energy tidal waves or seismic sea waves.,Tsunami is a Latin word.,D,"Solution: Statement (d) is not correct. Tsunami is a Japanese word with the English translation as ‘harbour wave’. Represented by two characters, the top character, ‘tsu’ means ‘harbour’, while the bottom character, ‘nami’ means ‘wave’. Tsunamis are giant waves caused by earthquakes or volcanic eruptions under the sea. Out in the depths of the ocean, tsunami waves do not dramatically increase in height. But as the waves travel inland, they build up to higher and higher heights as the depth of the ocean decreases. © examsnet.com"
CDS-2017-I-GK-039,2017,GK,Geography,Physical and Indian Geography,Geography | Physical Geography | Indian Geography | Geomorphology,hard,"Which of the following statements with regard to cloudburst is/are correct? 1. It is defined as sudden localized very heavy downpour with cloud thunder and lightning. 2. It mostly occurs in the hilly areas. 3. It results into very high intensity of rainfall, i.e., 250 mm-300 mm in a couple of hours. 4. It occurs only during daytime. Select the correct answer using the code given below. [2017 CDS-I]","1, 2 and 3","1, 3 and 4",2 and 3 only,2 only,A,"Solution: Statements (1), (2) and (3) with regard to cloudburst are correct. Sudden downpour occurs over a limited area as if the entire clouds were to rain down in a matter of minutes. If it rains over a 100 mm in an hour, concentrated in an area just a few square kilometres, one can call it a cloudburst. In India, a cloudburst mostly occurs in the mountains of India where the low monsoon clouds are stopped by the high mountains. © examsnet.com"
CDS-2017-I-GK-040,2017,GK,Geography,Physical and Indian Geography,Geography | Physical Geography | Indian Geography | Geomorphology,easy,"Which one of the following with regard to Aridisol, one of the soil orders, is not correct? [2017 CDS-I]",Lack of water for plants during most part of the year,High organic matter,Large accumulation of carbonates at depth,Absence of deep wide cracks,B,"Solution: Statement (2) is not correct with regard to Aridisol as these are very poor in organic matter. Aridisols (or desert soils) are a soil order in USA soil taxonomy. Aridisols are dry, desert-like soils that have low organic content and are sparsely vegetated by drought- or salt-tolerant plants. The concept of Aridisols is based on the low availability of soil moisture for sustained plant performance. © examsnet.com"
CDS-2017-I-GK-041,2017,GK,General Knowledge,General Knowledge,General Knowledge | UPSC CDS | Prelims,easy,What is the maximum number of states of matter? [2017 CDS-I],Three,Four,Five,Variable,C,"Solution: The maximum number of states of matter is five. There are five known phases, or states, of matter: solids, liquids, gases, plasma and Bose-Einstein condensates. The main difference in the structures of each state is in the densities of the particles. Plasma is not a common state of matter here on Earth, but may be the most common state of matter in the universe. Plasma consists of highly charged particles with extremely high kinetic energy.The noble gases (helium, neon, argon, krypton, xenon and radon) are often used to make glowing signs by using electricity to ionise them to the plasma state. Stars are essentially super-heated balls of plasma. In 1995, technology enabled the scientists to create a ew state of matter, the BoseEinstein condensate (BEC). Using a combination of lasers and magnets, Eric Cornell and Carl Weiman cooled a sample of rubidium to within a few degrees of absolute zero. At this extremely low temperature, molecular motion comes very close to stopping altogether. Light appears to slow down as it passes through a BEC, allowing study of the particle/wave paradox. A BEC also has many of the properties of a superfluid – flowing without friction. BECs are also used to simulate conditions that might apply in black holes. © examsnet.com"
CDS-2017-I-GK-042,2017,GK,General Knowledge,General Knowledge,General Knowledge | UPSC CDS | Prelims,easy,The chemical properties of an element depend upon [2017 CDS-I],the number of isotopes of the element,the mass number of the element,the total number of neutrons in the element,the number of electrons in the outermost shell of the element,D,"Solution: The chemical properties of an element depend upon the number of electrons in the outermost shell of an element, because electrons play the most important role in bond formation and dissociation. Hence, option (d) is correct. © examsnet.com"
CDS-2017-I-GK-043,2017,GK,Modern History,Indian National Movement,Modern History | Freedom Struggle | British Colonial Rule,easy,Which one of the following statements is not correct? [2017 CDS-I],The cathode rays originate from cathode and proceed towards the anode in a cathode-ray discharge tube.,The television picture tubes are nothing but cathode-ray tubes.,The cathode rays themselves are not visible.,The characteristics of cathode rays depend upon the nature of the gas present in the cathode-ray tube.,D,"Solution: Statement (d) is not correct. The nature of cathode rays depends neither on the gas in the tube nor on the material of the electrodes. Instead, the nature of canal rays depends on the gas in the tube © examsnet.com"
CDS-2017-I-GK-044,2017,GK,Science & Tech,General Science & Emerging Technologies,Science & Tech | General Science | Applied Science | Physics | Chemistry | Biology,medium,"The molecular mass of sulphuric acid is 98. If 49 g of the acid is dissolved in water to make one litre of solution, what will be the strength of the acid? [2017 CDS-I]",Two normal,One normal,0.5 normal,Four normal,B,"Solution: Option (b) is correct. Normality is another way of expressing the concentration of a solution. It is based on an alternate chemical unit of mass called the equivalent weight. The normality of a solution is the concentration expressed as the number of equivalent weights (equivalents) of solute per litre of solution. So, option (b) is correct. © examsnet.com"
CDS-2017-I-GK-045,2017,GK,Quantitative Aptitude,Basic Numeracy & Quantitative Aptitude,Aptitude | Mathematics | Quantitative Reasoning | Problem Solving,easy,"Which one of the following statements with regard to Jet stream, an upper level tropospheric wave, is not correct? [2017 CDS-I]",It is a narrow band of high-velocity wind.,It follows the wave path near the tropopause at elevations of 8 km to 15 km.,Jet streams are typically continuous over long distances.,"In summer, the polar front jet achieves its maximum force.",D,"Solution: Statement (d) with regard to jet stream, an upper level tropospheric wave, is not correct. The jet stream consists of ribbons of very strong winds which move weather systems around the globe. Jet streams are found 9-16 km above the surface of the Earth, just below the tropopause, and can reach speeds of 200 mph. In winter (not in summer, as given in the fourth statement), the polar front jet achieves its maximum force. © examsnet.com"
CDS-2017-I-GK-046,2017,GK,Environment & Ecology,"Ecology, Biodiversity & Climate Change",Environment & Ecology | Biodiversity | Conservation | Climate Change,easy,The Gulf Stream is a poleward flowing current in the Atlantic Ocean. Which one of the following statements with regard to this is not correct? [2017 CDS-I],It is similar to the Kuroshio current in the North Pacific Ocean.,"It transports warm, tropical water towards polar region.",This current is a major factor in weather along the east coast of the USA.,The warm water of the Gulf Stream sustains the coral reefs of West Pacific Coast.,D,"Solution: Statement (d) is not correct in the given context. The Gulf Stream, together with its northern extension the North Atlantic Drift, is a warm and swift Atlantic Ocean current that originates in the Gulf of Mexico and stretches to the tip of Florida. The Kuroshio is a north-flowing ocean current on the west side of the North Pacific Ocean. It is similar to the Gulf Stream. Coral reefs occur outside this range where warm water currents travel outside this band, as is the case where the Gulf Stream Current brings warm tropical water from the Caribbean north to the islands of Bermuda. © examsnet.com"
CDS-2017-I-GK-047,2017,GK,Geography,Physical and Indian Geography,Geography | Physical Geography | Indian Geography | Geomorphology,easy,Which one of the following about sugar industry of Peninsular India is not correct? [2017 CDS-I],High yield per hectare of sugarcane,Higher sucrose content,Long crushing season,Most of the mills in the Peninsula are located mainly along the east coast,D,Solution: Statement (d) is not correct about sugar industry of Peninsular India. The sugar industries of peninsular India have several better conditions prevailing there. The tropical climate of Peninsular India results in higher yield per unit hectare of land. Content of sucrose is higher in peninsular sugarcane. Crushing season is longer in South India (nearly 8 months). Most of the mills in the peninsular India are located on western or central part of the Peninsula © examsnet.com
CDS-2017-I-GK-048,2017,GK,General Knowledge,General Knowledge,General Knowledge | UPSC CDS | Prelims,easy,‘Rand/ZAR’ is the currency of [2017 CDS-I],Burundi,Libya,Sudan,South Africa,D,Solution: ‘Rand/ZAR’ is the currency of South Africa.The Burundian Franc is the currency of Burundi. The Libyan Dinar is the currency of Libya. The Sudanese Pound is the currency of Sudan. © examsnet.com
CDS-2017-I-GK-049,2017,GK,General Knowledge,General Knowledge,General Knowledge | UPSC CDS | Prelims,easy,Which one of the following ports is located on estuary? [2017 CDS-I],Kandala,Marmagao,Kolkata-Haldia,Tuticorin,B,"Solution: Among the ports given in the question, Marmagao is located on estuary. Marmagao Port: It is an important port of Goa located at the entrance of Zuvari estuary and occupies fifth position in handling the traffic. Kandla Port: It is a major tidal seaport situated on the Kandla Creek, which was established in 1952. Kolkata-Haldia Port: It is the only riverine major port in India. Known for twin dock systems, viz., Kolkata Dock System (KDS) and Haldia Dock. Tuticorin Port: It is one of the major trading ports in India and is located in Tuticorin in the state of Tamil Nadu. © examsnet.com"
CDS-2017-I-GK-050,2017,GK,Science & Tech,General Science & Emerging Technologies,Science & Tech | General Science | Applied Science | Physics | Chemistry | Biology,easy,Which one of the following statements is not correct? [2017 CDS-I],Pavo cristatus is the national bird of India.,Nelumbo nucifera Gaertn is the national flower of India.,Ficus benghalensis is the national tree of India.,Mangifera indica is the national animal of India.,D,"Solution: Statement (d) is not correct because Mangifera indica is the national fruit of India (not animal). The magnificent tiger, Panthera tigris, is the national animal of India. The Indian peafowl (Pavo cristatus) is the national bird of India. Nelumbo nucifera, also known as Indian lotus is the nation flower of India. The national tree of India is the Banyan tree, designated formally as Ficus benghalensis. © examsnet.com"
CDS-2017-I-GK-051,2017,GK,Economy,Indian Economy & Financial System,Economy | Macroeconomics | Banking & Finance | Public Finance,easy,Which one of the following statements is correct in relation to the GST Bill passed by the Rajya Sabha in August 2016? [2017 CDS-I],"It will replace all central taxes, duties, etc., only by a single tax.","It will subsume central as well as State taxes, duties, etc.",GST will be levied on alcoholic liquor for human consumption at a uniform rate of 25 percent.,Petroleum and petroleum products shall not be subjected to the levy of GST.,B,Solution: Statement (b) is correct regarding Goods and Services Tax (GST) Bill. GST is a single indirect tax aimed at making the country a unified common market. It is imposed on the supply of goods and/or services within India. Multiple indirect taxes that the Central Government or State Governments impose on suppliers and consumers are subsumed by GST. Liquor has been kept outside the goods and services tax for now as it requires a constitutional amendment to bring it under the ambit of the new tax. Petroleum and petroleum products shall be subjected to the levy of GST in future. © examsnet.com
CDS-2017-I-GK-052,2017,GK,Defence & Security,"Defence, Military & Internal Security",Defence | Military Exercises | Armed Forces | Security Architecture,easy,The sensitive information leaked in August 2016 concerns which one of the following defence platforms of India? [2017 CDS-I],Fifth Generation Fighter Aircraft,Combat Helicopters,Submarines,Unmanned Aerial Vehicles,C,"Solution: The sensitive information leaked in August 2016 concerns submarine defence platforms of India. The leak includes details of the submarine’s underwater sensors, above-water sensors, combat management system, torpedo launch system and specifications, communications system and navigation systems. © examsnet.com"
CDS-2017-I-GK-053,2017,GK,Current Affairs,Current Events of National & International Importance,Current Affairs | International Relations | Government Schemes | Awards,easy,How many medals were won by India in 2016 Summer Olympics? [2017 CDS-I],One Silver and one Bronze,Two Gold,Two Bronze,None,A,"Solution: India managed to win only 2 medals at the Summer Olympics, 2016 at Rio de Janeiro. The two medals were a silver and a bronze. P.V. SINDHU – badminton (silver medal). SAKSHI MALIK – wrestling (bronze medal). © examsnet.com"
CDS-2017-I-GK-054,2017,GK,Science & Tech,General Science & Emerging Technologies,Science & Tech | General Science | Applied Science | Physics | Chemistry | Biology,easy,India became a member of which one of the following in 2016? [2017 CDS-I],Non-Proliferation Treaty,Missile Technology Control Regime,Nuclear Suppliers Group,Wassenaar Arrangement,B,"Solution: India became a member of Missile Technology Control Regime (MTCR) in 2016. Established in April 1987, MTCR aims to limit the spread of ballistic missiles and other unmanned delivery systems that could be used for chemical, biological and nuclear attacks. The regime urges its 35 members, which include most of the world's keymissile manufacturers, to restrict their exports of missiles and related technologies capable of carrying a 500-kilogram payload at least 300 kilometres or delivering any type of weapon of mass destruction. India became the member of Wassenaar Arrangement Arms Control Regime in 2017. © examsnet.com"
CDS-2017-I-GK-055,2017,GK,General Knowledge,General Knowledge,General Knowledge | UPSC CDS | Prelims,easy,India signed an agreement in 2016 to develop a strategic port in one of its neighbouring countries. What is the name of the port? [2017 CDS-I],Chabahar,Gwadar,Hambantota,Mongla,A,"Solution: India signed an agreement with Iran in 2016 to develop a strategic port in Chabahar that will give Inda easy access to landlocked Afghanistan and Central Asia, bypassing its archrival Pakistan. The pact to build and operate the Chabahar Port was signed in Tehran after Indian Prime Minister Narendra Modi, who visited the country, held talks with Iranian President Hassan Rouhani. © examsnet.com"
CDS-2017-I-GK-056,2017,GK,Current Affairs,Current Events of National & International Importance,Current Affairs | International Relations | Government Schemes | Awards,easy,Which one of the following statements is not correct in respect of the South Asian Association for Regional Cooperation (SAARC)? [2017 CDS-I],Its Headquarters is located in Kathmandu.,China is the only country with an Observer status in SAARC.,The First SAARC Summit was held in Dhaka.,The Eighteenth SAARC Summit was held in Nepal.,B,"Solution: Option (b) is incorrect in respect of the SAARC. SAARC has eight observer status countries or groupings, viz., China, the European Union, Iran, Japan, South Korea, Mauritius, Burma/Myanmar and the United States of America. The SAARC is the regional intergovernmental organisation and geopolitical union of nations in South Asia. Its member states include Afghanistan, Bangladesh, Bhutan, India, Nepal, the Maldives, Pakistan and Sri Lanka. SAARC comprises 3% of the world's area, 21% of the world's population and 3.8% (US$2.9 trillion) of the global economy, as of 2015. © examsnet.com"
CDS-2017-I-GK-057,2017,GK,Modern History,Indian National Movement,Modern History | Freedom Struggle | British Colonial Rule,hard,"Which of the following statements about the Ilbert Bill (1883) is/are correct? 1. It proposed to grant limited criminal jurisdiction to native officials. 2. It proposed to grant complete civil and criminal jurisdiction to native officials. 3. The proposed Bill generated opposition from England’s European subjects in India. 4. In spite of opposition to the Bill, it was passed without any modifications. Select the correct answer using the code given below. [2017 CDS-I]",1 and 2,2 only,1 and 3,3 and 4,C,"Solution: Statements (1) and (3) about the IIbert Bill (1883) are correct. The bill was introduced in 1883 by Viceroy Ripon, who actually desired to abolish the racial prejudice from the Indian Penal Code. Ripon had proposed an amendment for the existing laws in the country and to allow the Indian judges and magistrates the jurisdiction to try British offenders in criminal cases at the district level. At first, as a result of popular disapproval of the Ilbert Bill by a majority of English women, Viceroy Ripon (who had introduced the Bill) passed an amendment, whereby a jury of 50% Europeans was required if an Indian judge was to face an European on the dock. © examsnet.com"
CDS-2017-I-GK-058,2017,GK,Geography,Physical and Indian Geography,Geography | Physical Geography | Indian Geography | Geomorphology,hard,"Consider the following statements about the Second Five-Year Plan : 1. It was drafted under the leadership of K. N. Raj. 2. It proposed that industries like electricity, railways, steel, machineries and communication could be developed in the public sector. 3. The drafters found balancing industry and agriculture very difficult. 4. The drafters found balancing industry and agriculture really easy. Which of the statements given above is/are correct? [2017 CDS-I]",1 only,1 and 2,2 and 3,3 and 4,C,"Solution: Statements (2) and (3) about the Second Five-Year Plan are correct. C. Mahalanobis was the moving spirit behind the second five-year plan. So, statement (1) is incorrect. The second five-year plan focussed on industry, especially heavy industry. The target of 25% increase in the national income was set through rapid industrialisation. Statement (4) is not correct as the drafters found balancing industry and agriculture very difficult. © examsnet.com"
CDS-2017-I-GK-059,2017,GK,Modern History,Indian National Movement,Modern History | Freedom Struggle | British Colonial Rule,hard,"Consider the following statements about the different meanings of 'Swaraj' as articulated by Mahatma Gandhi : 1. Swaraj is intimately linked with Ahimsa (non-violence) and Satyagraha (adherence to truth). 2. Swaraj has two senses-one political and one beyond the realm of politics. 3. Swaraj is something that requires time and patience to acquire. 4. With determination, Swaraj could be obtained easily and quickly. Which of the statements given above is/are correct? [2017 CDS-I]",1 only,1 and 2 only,3 and 4,"1, 2 and 3",D,"Solution: - The word Swaraj means self-rule. - Gandhi Ji's call for a 'Swaraj in Ideas' was meant to bring about an ethically grounded cognitive transformation in the Indian status quo. - According to Gandhi Ji, it is Swaraj when we learn to rule ourselves. - He told that embracing whole-heartedly one's own civilization was the first step towards attaining Swaraj. - Swaraj is intimately linked with Ahimsa (non-violence) and Satyagraha (adherence to truth). Hence, statement 1 is correct. - Swaraj is something that requires time and patience to acquire. Hence, statement 3 is correct. - Statement 3 and 4 are opposites of each other. So, if statement 3 is correct then statement 4 is incorrect. © examsnet.com"
CDS-2017-I-GK-060,2017,GK,Modern History,Indian National Movement,Modern History | Freedom Struggle | British Colonial Rule,medium,What was/were the formative influence(s) on the philosophy of Mahatma Gandhi? Gandhiji was influenced by the 18th century Pranami sect that advocated the unity of faiths. 2. Gandhiji was influenced by the theosophists. 3. Gandhiji was an admirer of the writings of Romantics like Wordsworth. Select the correct answer using the code given below. [2017 CDS-I],1 and 2 only,2 and 3 only,"1, 2 and 3",1 only,C,"Solution: All the statements are correct. Mahatma Gandhi's mother, Putlibai, belonged to Pranami sect. Gandhiji in his book ‘My Experiments With Truth’ mentions about this sect – ‘Pranami is a sect deriving the best of both the Quran and the Gita, in search of one goal – God’. Gandhiji was essentially a political romantic in search of truth and love which together comprised the essential article of his faith. His personality and thought betray a strain that is unmistakably romantic. It is this strain that makes him a kindred spirit to Rousseau, and a host of romantics like Blake, Wordsworth and Shelley. Gandhiji was a great admirer of writing of Tolstoy, Ruskin and Thoreau. © examsnet.com"
CDS-2017-I-GK-061,2017,GK,Modern History,Indian National Movement,Modern History | Freedom Struggle | British Colonial Rule,hard,Which of the following statements about the Shiromani Gurudwara Prabandhak Committee (SGPC) are correct? 1. It began as the political wing of the Singh Sabhas in the late 19th century. 2. It was formed in 1920 as part of the upcoming Akali movement. 3. It was founded to reclaim control of the Sikh shrines from the government manipulated loyalist committees. 4. It formed the Akali Dal to coordinate groups (Jathas) to reclaim control of the shrines. Select the correct answer using the code given below. [2017 CDS-I],"1, 3 and 4","2, 3 and 4",2 and 4 only,2 and 3 only,B,"Solution: Statements (2), (3) and (4) about the Shiromani Gurudwara Prabandhak Committee (SGPC) are correct. Statement (1) is false as the formation of Shiromani Gurdwara Parbandhak Committee provided a focal point for the movement for the reformation (not for political gain) of Sikh religious places. The Shiromani Gurdwara Parbandhak Committee is an organisation in India responsible for the management of gurudwaras, Sikh places of worship in three states of Punjab, Haryana, and Himachal Pradesh, and union territory of Chandigarh. © examsnet.com"
CDS-2017-I-GK-062,2017,GK,Modern History,Indian National Movement,Modern History | Freedom Struggle | British Colonial Rule,hard,Which of the following statements with regard to the speech of Mahatma Gandhi at the opening of the Banaras Hindu University are correct? 1. He charged the Indian elite with a lack of concern for the labouring poor. 2. He asserted that our salvation can come only through the farmers. 3. He highlighted the plight of the untouchables. 4. He promised to take up the cause of the mill owners of Ahmedabad. Select the correct answer using the code given below. [2017 CDS-I],"1, 2, 3 and 4",1 and 2 only,"1, 2 and 3 only",3 and 4 only,B,"Solution: Statements (1) and (2) with regard to the speech of Mahatma Gandhi at the opening of the Banaras Hindu University are correct. Invited to speak at the opening of the Banaras Hindu University in front of an audience of princes in elegant robes, and other worthies, some of them British, he declared, ‘There is no salvation for India unless you strip yourselves of this jewellery and hold it in trust for your countrymen’. Gandhiji’s sharp criticism of the English language and demand for self-government jolted the audience and, for the first time, the Mahatma showed signs of taking on the leadership of the country’s freedom struggle. Statements (3) and (4) are factually incorrect. © examsnet.com"
CDS-2017-I-GK-063,2017,GK,Polity,Indian Constitution & Governance,Polity | Constitution of India | Governance | Constitutional Bodies,hard,"To be eligible to contest election under the Haryana Panchayati Raj (Amendment) Act, 2015, a candidate should 1. have a functional toilet at home 2. have payment slips of power bills 3. not be a cooperative loan defaulter 4. have studied minimum matricula­tion irrespective of category Select the correct answer using the code given below. [2017 CDS-I]","1, 2 and 3 only","1, 2 and 4 only","1, 2, 3 and 4",3 and 4 only,A,"Solution: Statements (1), (2) and (3) are correct. The Haryana Panchayati Raj (Amendment) Act, 2015 barred five categories of people from contesting Panchayat elections. These were: 1. Persons who are charged in a criminal case for an offence that could be punished with imprisonment for not less than 10 years; 2. Those who defaulted on agriculture loans; 3. Persons with outstanding payments of electricity bills; 4. Those who do not have a functional toilet at their residence; 5. Those who do not have the minimum specified educational qualification. © examsnet.com"
CDS-2017-I-GK-064,2017,GK,Modern History,Indian National Movement,Modern History | Freedom Struggle | British Colonial Rule,hard,Arrange the following Commissions chronologically on the basis of their date of setting : 1. The Second Administrative Reforms Commission 2. The Eleventh Finance Commission 3. Punchhi Commission 4. Sarkaria Commission Select the correct answer using the code given below. [2017 CDS-I],"4, 2, 1, 3","4, 3, 2, 1","3, 2, 4, 1","3, 4, 1, 2",A,"Solution: The Second Administrative Reforms Commission (ARC) was constituted on August 31, 2005. The Eleventh Finance Commission of India was appointed by the President on July 3, 1998 for the period 2000-2005. The Punchhi Commission was constituted by the Government of India in 2007 as a Commission on Centre-State relations. Sarkaria Commission was set up in June 1983 by the Central Government of India. So, option (a) provides the correct chronology. © examsnet.com"
CDS-2017-I-GK-065,2017,GK,General Knowledge,General Knowledge,General Knowledge | UPSC CDS | Prelims,easy,Who among the following won a Gold medal for India in Men’s Javelin Throw event at the 2016 Rio Paralympic Games? [2017 CDS-I],Rinku Hooda,Devendra Jhajharia,Sundar Singh Gurjar,Mariyappan Thangavelu,B,"Solution: Devendra Jhajharia won a Gold medal for India in Men’s Javelin Throw event at the 2016 Rio Paralympic Games. He won the Gold medal in the Men's Javelin Throw F46 event, bettering his own 2004 record with a world-record throw of 63.97 metres. India capped off a successful Paralympic Games campaign in Rio de Janeiro by procuring their best-ever haul of four medals, including two golds and a silver and bronze medals. © examsnet.com"
CDS-2017-I-GK-066,2017,GK,Modern History,Indian National Movement,Modern History | Freedom Struggle | British Colonial Rule,hard,Which of the following statements with regard to Panchayats in India are correct? 1. Seats in a Panchayat are filled by direct election from the territorial constituencies in the Panchayat area. 2. The Gram Sabha is the body of persons registered in the electoral rolls relating to a village within the Panchayat area. 3. The Panchayats work on the principle of constitutional autonomy. 4. The State Legislature may by law endow the Panchayats with the power and authority to enable them to function. Select the correct answer using the code given below. [2017 CDS-I],"1, 2 and 3","2, 3 and 4","1, 2 and 4",1 and 4 only,C,"Solution: Statements (1), (2) and (4) with regard to Panchayats in India are correct. The 73rd Constitutional Amendment Act provides for a Gram Sabha as the foundation of the Panchayati Raj system. It is essentially a village assembly consisting of all the registered voters in the area of the Panchayat. The state has the power to determine what kind of powers it can exercise, and what functions it has to perform at the village level. © examsnet.com"
CDS-2017-I-GK-067,2017,GK,General Knowledge,General Knowledge,General Knowledge | UPSC CDS | Prelims,hard,Which of the following statements regarding Indian federal system is/are correct? 1. All States have equal represen­tation in the Rajya Sabha. 2. Consent of a State is not required for altering its boundaries. 3. There is no dual citizenship in India. Select the correct answer using the code given below. [2017 CDS-I],"1, 2 and 3",2 and 3 only,1 and 3 only,2 only,B,"Solution: Statements (2) and (3) are correct. Statement (1) is incorrect as all States do not have equal representation in the Rajya Sabha. Representation is totally based on population basis. Article 80 of the Constitution lays down the maximum strength of Rajya Sabha as 250, out of which 12 members are nominated by the President and 238 are representatives of the States and of the two Union Territories. © examsnet.com"
CDS-2017-I-GK-068,2017,GK,Polity,Indian Constitution & Governance,Polity | Constitution of India | Governance | Constitutional Bodies,hard,Which of the following are the powers of the Supreme Court of India? 1. Original jurisdiction in a dispute between the Government of India and one or more States 2. The power to hear appeals from the High Courts 3. Passing decrees and orders for doing justice in any matter before it 4. Render advice to the President of India in matters of law Select the correct answer using the code given below. [2017 CDS-I],"1, 2, 3 and 4","1,2 and 3 only",1 and 2 only,3 and 4 only,A,"Solution: All statements are correct regarding powers of the Supreme Court of India. The Supreme Court has original, appellate and advisory jurisdiction. Its exclusive original jurisdiction extends to any dispute between the Government of India and one or more States or between the Government of India and any State or States on one side and one or more States on the other or between two or more States, if and insofar as the dispute involves any question (whether of law or of fact) on which the existence or extent of a legal right depends. The Supreme Court has an advisory jurisdiction as Article 143 empowers the President to seek the Court’s advisory opinion on any question of law or fact. Such advice, however, is not binding on the President. © examsnet.com"
CDS-2017-I-GK-069,2017,GK,Economy,Indian Economy & Financial System,Economy | Macroeconomics | Banking & Finance | Public Finance,easy,Which one of the following is not a component of Revenue Receipts of the Union Government? [2017 CDS-I],Corporate tax receipts,Dividends and profits,Disinvestment receipts,Interest receipts,C,"Solution: Disinvestment receipts are not a component of Revenue Receipts of the Union Government. Disinvestment is the action of an organisation or government selling or liquidating an asset or subsidiary and disinvestment receipts is amount generated after disinvestment. Revenue receipts of the government are divided into two groups, namely (i) tax revenue; and (ii) non-tax revenue. Tax revenue consists of the proceeds of taxes and other duties levied by the Union Government, such as income tax, corporate tax, excise duty, customs duty, service tax, etc. Income from sources other than taxes is called non-tax revenue. These are the incomes which the government gets in the form of interest, dividend, profit, fees, fines and external grants. © examsnet.com"
CDS-2017-I-GK-070,2017,GK,Economy,Indian Economy & Financial System,Economy | Macroeconomics | Banking & Finance | Public Finance,easy,TRIPS Agreement pertains to [2017 CDS-I],international tariff regime,intellectual property protection,international practices on trade facilitation,international taxation of property,B,"Solution: TRIPS Agreement pertains to intellectual property protection.TRIPS provide minimum standards in the form of common set of rule for the protection of intellectual property globally under WTO system. The TRIPS agreement gives set of provisions which deals with the domestic procedures and remedies for the enforcement of intellectual property rights. The member countries have to prepare the necessary national laws to implement the TRIPS’ provisions. TRIPS cover eight areas for intellectual property rights (IPRs) legislation including patent, copyright and geographical indications. The Agreement on Trade-Related Aspects of Intellectual Property Rights (TRIPS) is an international legal agreement between all the member nations of the World Trade Organization (WTO). It sets down minimum standards for the regulation by national governments of many forms of intellectual properties (IP) as applied to nationals of other WTO member nations. TRIPS was negotiated at the end of the Uruguay Round of the General Agreement on Tariffs and Trade (GATT) in 1994 and is administered by the WTO. © examsnet.com"
CDS-2017-I-GK-071,2017,GK,Science & Tech,General Science & Emerging Technologies,Science & Tech | General Science | Applied Science | Physics | Chemistry | Biology,easy,The 7.6% growth rate registered by Indian economy during the year 2015-16 is based on [2017 CDS-I],Gross National Product at market prices,Gross Value Added at constant prices,Gross Domestic Product at market prices,Gross Domestic Product at constant prices,D,"Solution: The 7.6% growth rate registered by the Indian economy during the year 2015-16 is based on Gross Domestic Product (GDP) at constant prices. GDP of any nation represents the sum total of gross value added (GVA) (i.e., without discounting for capital consumption or depreciation) in all the sectors of that economy during the said year after adjusting for taxes and subsidies. © examsnet.com"
CDS-2017-I-GK-072,2017,GK,Economy,Indian Economy & Financial System,Economy | Macroeconomics | Banking & Finance | Public Finance,hard,Which of the following statements about the Trans-Pacific Partnership (TPP) is /are correct? 1. The TPP was signed by 12 Pacific Rim nations in the year 2015. 2. The TPP is likely to be a game-changer in global trade as member countries account for about 40 percent of global GDP. 3. India is a founder member of TPP. Select the correct answer using the code given below. [2017 CDS-I],"1, 2 and 3",1 and 2 only,2 and 3 only,1 only,B,"Solution: Statements (1) and (2) about the Trans-Pacific Partnership (TPP) are correct. Twelve countries that border the Pacific Ocean signed up to the TPP in February 2016 that was drafted in 2015, representing roughly 40% of the world's economic output. The pact aimed to deepen economic ties between these nations, slashing tariffs and fostering trade to boost growth. India is a not a member of TPP. So, statement (3) is not correct © examsnet.com"
CDS-2017-I-GK-073,2017,GK,General Knowledge,General Knowledge,General Knowledge | UPSC CDS | Prelims,hard,Which of the following statements about Bitcoin is/are correct? 1. It is a decentralized virtual currency. 2. It is generated through complex computer software systems. 3. The Reserve Bank of India recognized it as a legal tender in January 2016. Select the correct answer using the code given below. [2017 CDS-I],1 only,1 and 2 only,2 and 3 only,"1, 2 and 3",B,"Solution: Statements (1) and (2) about Bitcoin are correct. The Reserve Bank of India had not recognised it as a legal tender till January 2016. Bitcoin is a piece of digital code which is also used by the people as currency. It was started in 2009 by Satoshi Nakamoto, whose real identity is still shrouded in mystery. They can be mined by solving these data blocks using special computer software. Solving one data block fetches 25 bitcoins currently © examsnet.com"
CDS-2017-I-GK-074,2017,GK,Defence & Security,"Defence, Military & Internal Security",Defence | Military Exercises | Armed Forces | Security Architecture,medium,Hindustan Aeronautics Limited handed over the first two indigenously designed and manufactured light combat aircrafts to the Indian Air Force in 2016. What is the name of these new combat aircrafts? [2017 CDS-I],Marut,Garud,Tejas,Pushpak,C,"Solution: The name of these new combat aircrafts is Tejas. The HAL Tejas is an Indian single-seat, singlejet engine, multirole light fighter designed by the Aeronautical Development Agency and Hindustan Aeronautics Limited for the Indian Air Force and Navy. The Tejas is the second supersonic fighter developed by Hindustan Aeronautics Limited (HAL) after the HAL HF-24 Marut. It came from the Light Combat Aircraft (LCA) programme, which began in the 1980s to replace India's ageing MiG-21 fighters. In 2003, the LCA was officially named ‘Tejas’, which means ‘Radiant’ in Sanskrit. Tejas will have a limited reach of a little over 400 km. © examsnet.com"
CDS-2017-I-GK-075,2017,GK,Science & Tech,General Science & Emerging Technologies,Science & Tech | General Science | Applied Science | Physics | Chemistry | Biology,medium,Consider the following statement about a famous football player : “He was diagnosed with a growth hormone deficiency during his childhood but went on to win three European Golden Shoes in his career.” Who is that player? [2017 CDS-I],Andres Iniesta,Lionel Messi,Cristiano Ronaldo,Zinedine Zidane,B,"Solution: According to the question, Lionel Messi is that player. Messi is an Argentine professional footballer who plays as a forward for Spanish club Barcelona and the Argentina national team. Often considered the best player in the world and regarded by many as the greatest of all time, Messi has a record-tying five Ballon d'Or awards, four of which he won consecutively. He also went on to win three European Golden Shoes in his career. © examsnet.com"
CDS-2017-I-GK-076,2017,GK,General Knowledge,General Knowledge,General Knowledge | UPSC CDS | Prelims,hard,"Which of the following statements is/are correct? 1. In June 2016, the LIGO group of scientists announced the detection of a second set of gravitational waves. 2. Gravitational waves were generated due to merger of two black holes at about 1 -4 billion light-years distant. 3. Gravitational waves were inserted due to collision of two white dwarf stars at about 1-4 billion light-years distant. Select the correct answer using the code given below. [2017 CDS-I]",1 only,1 and 2 only,2 and 3 only,"1, 2 and 3",B,"Solution: The LIGO Scientific Collaboration and the Virgo collaboration identify a second gravitational wave event in the data from Advanced LIGO detectors. The LIGO Observatories are funded by the National Science Foundation (NSF) and were conceived, built and are operated by Caltech and MIT. Physicists have concluded that gravitational waves were produced during the final moments of the merger of two black holes – 14 and 8 times the mass of the sun – to produce a single, more massive spinning black hole that is 21 times the mass of the sun. Gravitational waves are 'ripples' in the fabric of space-time caused by some of the most violent and energetic processes in the Universe. © examsnet.com"
CDS-2017-I-GK-077,2017,GK,Modern History,Indian National Movement,Modern History | Freedom Struggle | British Colonial Rule,hard,"In the year 2016, the Government of India announced a f 6,000 crore special package for the textile and apparel sector to 1. create one crore jobs within three years 2. create jobs equally for men and women 3. provide tax and production incentives for the entrepreneurs Select the correct answer using the code given below. [2017 CDS-I]",1 only,2 and 3 only,1 and 3 only,"1, 2 and 3",C,"Solution: In the year 2016, the government of India announced a ₹6,000 crore special package for the textile and apparel sector to create one crore jobs within three years and provide tax and production incentives for the entrepreneurs. The package, which will be implemented soon, aims to help in creating one crore jobs, mostly for women (not equally for men and women as given in the third statement), in the next three years. The package is a strategic decision that would strengthen the Indian textile and apparel sector by improving its cost competitiveness in the global market. © examsnet.com"
CDS-2017-I-GK-078,2017,GK,Quantitative Aptitude,Basic Numeracy & Quantitative Aptitude,Aptitude | Mathematics | Quantitative Reasoning | Problem Solving,easy,Which one of the following is not an Inter-Services Establishment? [2017 CDS-I],Officers Training Academy,National Defence Academy,National Defence College,Armed Forces Medical College,A,"Solution: Officers Training Academy is not an Inter-Services Establishment. The Officers Training Academy, Chennai (OTA) is a training establishment of the Indian Army that trains officers for the Short Service Commission. The 49-week course at the OTA prepares graduates for all branches of the Army, except for the Army Medical Corps. It is located at Chennai and Gaya. © examsnet.com"
CDS-2017-I-GK-079,2017,GK,General Knowledge,General Knowledge,General Knowledge | UPSC CDS | Prelims,easy,Which one of the following is a Peacetime Gallantry Award? [2017 CDS-I],Shaurya Chakra,Vir Chakra,Yudh Seva Medal,Parana Vir Chakra,A,"Solution: Shaurya Chakra is a Peacetime Gallantry Award. It was instituted on January 4, 1952 as Ashoka Chakra Class-III and was renamed on  January 27, 1967 as Shaurya Chakra and is awarded for gallantry, otherwise than in the face of the enemy. Vir Chakra was instituted on January 26, 1950 and is awarded for acts of Gallantry in the presence of the enemy. The Yudh Seva Medal is one of India's military decorations for distinguished service during war time. Param Vir Chakra was instituted on January 26, 1950 to recognise the most conspicuous bravery or some daring or pre-eminent act of valour or self-sacrifice in the presence of the enemy. © examsnet.com"
CDS-2017-I-GK-080,2017,GK,Defence & Security,"Defence, Military & Internal Security",Defence | Military Exercises | Armed Forces | Security Architecture,easy,The Headquarters of the Southern Naval Command of the Indian Navy is located at which one of the following places? [2017 CDS-I],Karwar,Kochi,Thiruvananthapuram,Chennai,B,Solution: The Headquarters of the Southern Naval Command of the Indian Navy are located at Kochi. Indian Navy is organised into the following commands: S. No Command Headquarters 1. Eastern  command Visakhapatnam 2. Southern  command Kochi 3. Western  command Mumbai © examsnet.com
CDS-2017-I-GK-081,2017,GK,Modern History,Indian National Movement,Modern History | Freedom Struggle | British Colonial Rule,hard,Match List-I with List-II and select the correct answer using the code given below the Lists : List-I (Act/ Event) List-II (Year) A. Rowlatt Act 1. 1922 B. Salt March 2. 1931 C. Chauri Chaura Incident 3. 1930 D. Second Round Table Conference 4. 1919 A B C D (a) 4 3 1 2 (b) 3 1 4 2 (c) 4 3 2 1 (d) 3 4 2 1 [2017 CDS-I],(a),(b),(c),(d),A,"Solution: Rowlatt Act (February 1919) allowed certain political cases to be tried without juries and permitted internment of suspects without trial. The Salt March, which took place from March to April 1930, was an act of civil disobedience led by Mahatma Gandhito protest British rule in India. The Chauri Chaura incident occurred on February 4, 1922, when a large group of protesters participating in the non-cooperation movement turned violent, leading to police opening fire. In retaliation, the demonstratorsattacked and set fire to a police station, killing all of its occupants. The Second Round Table Conference opened on September 7, 1931. Gandhi represented Indian National Congress and Sarojini Naidu represented Indian women. So, the first option providesthe correct code for the answer. © examsnet.com"
CDS-2017-I-GK-082,2017,GK,General Knowledge,General Knowledge,General Knowledge | UPSC CDS | Prelims,hard,Consider the following statements about the Salt March : 1. The Salt March was deliberately ignored by the European media. 2. The Salt March was widely covered by the American and European press. 3. The Salt March was the first nationalist activity in which women participated in large numbers. 4. The Salt March impressed upon the British the urgent need to devolve more power to Indians. Which of the statements given above are correct? [2017 CDS-I],"1, 2 and 4","2, 3 and 4",3 and 4 only,2 and 3 only,B,"Solution: The Salt March was notable for at least three reasons. First, it was this event that first brought Mahatma Gandhi to world attention. The march was widely covered by the European and American press. Second, it was the first nationalist activity in which women participated in large numbers. The socialist activist Kamaladevi Chattopadhyay had persuaded Gandhiji not to restrict the protests to men alone. Kamaladevi was herself one of the numerous women who courted arrest by breaking the salt or liquor laws. Third, and perhaps most significant, it was the Salt March which forced upon the British the realisation that their ruling would not last forever, and that they would have to devolve some power to the Indians. © examsnet.com"
CDS-2017-I-GK-083,2017,GK,Modern History,Indian National Movement,Modern History | Freedom Struggle | British Colonial Rule,hard,In the elections to the provincial legislatures in 1937 in British India 1. only about 10 to 12 percent of the population had the right to vote 2. the untouchables had no right to vote 3. the Congress won an absolute majority in five out of eleven provinces 4. the Muslim League won more than 80 percent of the seats reserved for Muslims Select the correct answer using the code given below. [2017 CDS-I],"1, 3 and 4",1 and 4 only,1 and 3 only,"2, 3 and 4",C,"Solution: Statements (1) and (3) are correct regarding the elections to the provincial legislatures in 1937 in British India. Congress had clear majority in five provinces, i.e., United Provinces (U.P.), Bihar, Madras, Central Provinces (C.P.) and Orissa. The Muslim League got 106 seats out of the total 485 Muslim Seats, which was less than 80%. Hence, option four is not correct. An estimated 30.1 million persons, including 4.25 million women, had acquired the right to vote (12% of the total population). © examsnet.com"
CDS-2017-I-GK-084,2017,GK,Science & Tech,General Science & Emerging Technologies,Science & Tech | General Science | Applied Science | Physics | Chemistry | Biology,hard,Which of the following statements about the social base of the Aiya Samaj in British India is /are correct? 1. It was located mainly in Punjab and western Uttar Pradesh. 2. It mainly comprised the trading castes. 3. It was much more limited than that of the Brahmo Samaj. Select the correct answer using the code given below. [2017 CDS-I],1 and 2 only,2 and 3 only,1 only,"1, 2 and 3",A,"Solution: Statements (1) and (2) about the social base of the Arya Samaj in British India are correct. Arya Samaj was a North Indian Hindu reform organisation of the late nineteenth and early twentieth centuries, particularly active in Punjab and western Uttar Pradesh, which sought to revive Vedic learning and combine it with modern education in the sciences. The ‘Ten Principles’ of Arya Samaj reflect its vision of mankind which has much broader approach than Brahmo Samaj. So, statement (3) is not correct. Raja Ram Mohan Roy’s Brahmo Samaj and the Arya Samaj led by Swami Dayanand Saraswati were the two prominent socio-religious movements of India in the 19th century. Both the organisations were against the social and religious evils, like Sati, polygamy, child marriage, idol worship and other malpractices prevalent in the society, especially among the Hindus. Both the Brahmo Samaj and the Arya Samaj advocated for the women education and equal status to all in the society. Both the movements worked to develop a sense of national consciousness among the fellow countrymen. © examsnet.com"
CDS-2017-I-GK-085,2017,GK,General Knowledge,General Knowledge,General Knowledge | UPSC CDS | Prelims,easy,"Who among the following is the author of the book, A Comparison between Women and Men? [2017 CDS-I]",Pandita Ramabai,Sarojini Naidu,Tarabai Shinde,Rameshwari Nehru,C,Solution: Tarabai Shinde is the author of the book ‘A Comparison Between Women and Men’. Pandit Ramabai wrote ‘The High-Caste Hindu Woman’. Sarojini Naidu's most popular book is ‘The Golden Threshold’. Rameshwari Nehru wrote ‘The Harijan Movement’. © examsnet.com
CDS-2017-I-GK-086,2017,GK,Quantitative Aptitude,Basic Numeracy & Quantitative Aptitude,Aptitude | Mathematics | Quantitative Reasoning | Problem Solving,easy,"The fact that the planets move around the Sun, not in circles but in ellipses, was first demonstrated by [2017 CDS-I]",Galileo,Martin Luther,Johannes Kepler,Copernicus,C,"Solution: The fact that the planets move around the Sun, not in circles but in ellipses, was first demonstrated by Johannes Kepler. Galileo is credited with several important inventions, including the geometric compass, thermometer and pendulum clock. Martin Luther, O.S.A. was a German professor of theology, composer, priest, monk, and a seminal figure in the Protestant Reformation. Nicolaus Copernicus was instrumental in establishing the concept of a heliocentric system, in which planets revolve around the sun. © examsnet.com"
CDS-2017-I-GK-087,2017,GK,Geography,Physical and Indian Geography,Geography | Physical Geography | Indian Geography | Geomorphology,easy,"During the mid 19th century Industrial Revolution, the average life span of workers in Manchester was [2017 CDS-I]",17 years,30 years,55 years,62 years,A,"Solution: During the mid-19th century Industrial Revolution, the average lifespan of workers in Manchester was 17 years because cotton mills, coal mines, iron-works, and brick factories all had bad air, which caused chest diseases, coughs, blood-spitting, hard breathing, pains in chest, and sleepless nights for the workers. Housing for the workers was overcrowded and unclean, making it suitable for the hazards of typhoid, cholera and smallpox. © examsnet.com"
CDS-2017-I-GK-088,2017,GK,Modern History,Indian National Movement,Modern History | Freedom Struggle | British Colonial Rule,easy,George Washington was made the Commander in Chief of the American forces [2017 CDS-I],"in December 1773, after the Boston Tea Party",at the First Continental Congress in September 1774,at the Second Continental Congress in 1775,"by the Continental Congress at the Declaration of Independence on 4th July, 1776",C,"Solution: George Washington was made the commander-in-Chief of the American forces at the Second Continental Congress in 1775. On July 3, 1775, Washington officially took command of the poorly trained and under-supplied Continental Army. After six years of struggle and despite frequent setbacks, Washington managed to lead the army to key victories and Great Britain eventually surrendered in 1781. Due largely to his military fame and humble personality, Americans overwhelmingly elected Washington their first president in 1789. © examsnet.com"
CDS-2017-I-GK-089,2017,GK,Defence & Security,"Defence, Military & Internal Security",Defence | Military Exercises | Armed Forces | Security Architecture,easy,Alexander Kerensky was [2017 CDS-I],the head of the Provisional Government in Russia before the October Revolution,"a close confidant of Lenin, with whose help the Czar was dethroned",the head of the Czar’s army,an advisor of Joseph Stalin,A,"Solution: Alexander Kerensky was the head of the Provisional Government in Russia before the October Revolution. Alexander Fyodorovich Kerensky was a Russian lawyer and revolutionary who was a key political figure in the Russian Revolution of 1917. Between the fall of Nicholas II in March 1917 and the rise of Vladimir Lenin in October, Russia’s most significant national leader was Alexander Kerensky. After the February Revolution of 1917, he joined the newly formed Russian Provisional Government, first as Minister of Justice, then as Minister of War. A leader of the moderate-socialist Trudoviks faction of the Socialist Revolutionary Party, he was also the Vice Chairman of the powerful Petrograd Soviet. On November 7, his Government was overthrown by the Lenin-led Bolsheviks in the October Revolution. He spent the remainder of his life in exile, in Paris and New York City. © examsnet.com"
CDS-2017-I-GK-090,2017,GK,Modern History,Indian National Movement,Modern History | Freedom Struggle | British Colonial Rule,hard,The Twelfth Five-Year Plan focussed on inclusive growth. Which of the following were considered as challenges for inclusiveness? 1. Poverty 2. Group inequality 3. Regional imbalance 4. Unemployment Select the correct answer using the code given below. [2017 CDS-I],"1, 3 and 4 only","1, 2, 3 and 4","1, 2 and 4 only",2 and 3 only,B,"Solution: The 12th Five-Year Plan focussed on inclusive growth. All the four, viz., poverty, group inequality, regional imbalance and unemployment were considered as challenges for inclusiveness. The 12th Five-Year Plan 2012-17, as per the draft document released by the Planning Commission, aimed at a growth rate of 8% © examsnet.com"
CDS-2017-I-GK-091,2017,GK,Polity,Indian Constitution & Governance,Polity | Constitution of India | Governance | Constitutional Bodies,hard,Which of the following statements are correct about ‘Saakshar Bharat’ scheme? 1. It is a centrally sponsored scheme which was launched during the Eleventh Five-Year Plan. 2. The scheme applies to women in particular and disadvantaged groups in general. 3. The scheme applies to persons above the age of 10 years. 4. The scheme is anchored with Panchayati Raj Institutions and Local Self-Government. Select the correct answer using the code given below. [2017 CDS-I],"1, 2 and 3","2, 3 and 4","1, 2 and 4","1, 3 and 4",C,"Solution: Statements (1), (2) and (4) are correct regarding ‘Saakshar Bharat’ scheme. Saakshar Bharat Mission was launched in September 2009 by the then Prime Minister Manmohan Singh for Female Literacy on International Literacy Day (September 8) in New Delhi. This is a centrally sponsored scheme, under the aegis of Department of School Education & Literacy, Ministry of Human Resource Development, Government of India. It aims at imparting functional literacy to non-literates in the age group of 15-35 years in a time-bound manner (rendering statement (3) incorrect). Thus, option (C) is the correct answer. © examsnet.com"
CDS-2017-I-GK-092,2017,GK,Current Affairs,Current Events of National & International Importance,Current Affairs | International Relations | Government Schemes | Awards,easy,"BRICS Summit, 2016 was held in [2017 CDS-I]",Brazil,China,India,South Africa,C,"Solution: BRICS Summit, 2016 was held in India. BRICS Summit is an annual summit of five nations, viz., Brazil, Russia, India, China and South Africa. First such formal summit was held at Yekaterinburg on June 16, 2009. The five members of BRICS represent 41% of the world’s population and 22% of the global GDP. © examsnet.com"
CDS-2017-I-GK-093,2017,GK,General Knowledge,General Knowledge,General Knowledge | UPSC CDS | Prelims,easy,Which country signed a Memorandum of Understanding with India for promoting the production of Pigeon peas/Tur and other pulses in July 2016? [2017 CDS-I],South Africa,Syria,Egypt,Mozambique,D,"Solution: Mozambique has signed a Memorandum of Understanding (MoU) with India for promoting the production of Pigeon Peas/Tur and other pulses in July 2016. According to the MoU, Mozambique will be focussing on the production of tur daal (pigeon peas) to facilitate the long-term trade goals with India.The imports are aimed at dropping the consistent inflation of pulses that has been over 30 per cent since a few months. The deal was made during Prime Minister Narendra Modi's five-day official tour of four African nations. © examsnet.com"
CDS-2017-I-GK-094,2017,GK,Modern History,Indian National Movement,Modern History | Freedom Struggle | British Colonial Rule,hard,Which of the following statements relating to the powers of the President of India is/are correct? 1. The executive power of the Union shall be vested in the President. 2. The executive power shall be exercised by the President only through officers subordinate to him. 3. The supreme command of the defence forces of the Union shall be vested in the President. Select the correct answer using the code given below. [2017 CDS-I],"1, 2 and 3",1 and 2 only,1 and 3 only,3 only,C,"Solution: Statements (1) and (3) are correct relating to the powers of the President of India. Statement (2) is incorrect as the executive power shall be exercised by the President either directly or through officers subordinate to him [Article 53(1)]. India’s President is head of the Indian state, first citizen of India and supreme commander of the Indian armed forces. The President of India is the head of the executive of the Union Government. Therefore, all executive powers are vested in the hands of the President. © examsnet.com"
CDS-2017-I-GK-095,2017,GK,Polity,Indian Constitution & Governance,Polity | Constitution of India | Governance | Constitutional Bodies,hard,"Which of the following statements regarding Article 21 of the Constitution of India is/are correct? 1. Article 21 is violated when the under-trial prisoners are detained under judicial custody for an indefinite period. 2. Right to life is one of the basic human rights and not even the State has the authority to violate that right. 3. Under Article 21, the right of a woman to make reproductive choices is not a dimension of personal liberty. Select the correct answer using the code given below. [2017 CDS-I]","1, 2 and 3",1 and 2 only,1 and 3 only,2 only,B,"Solution: Statements (1) and (2) are correct regarding Article 21. Article 21 of the Constitution of India, reads as follows: Protection of Life and Personal Liberty – No person shall be deprived of his life or personal liberty except according to the procedure established by law. ‘Life’ in Article 21 of the Constitution has a much wider meaning which includes right to live with human dignity, right to livelihood, right to health, right to pollution-free air, etc. This Article also means that no one can be denied his/her personal liberty. That means under-trial persons cannot be detained for indefinite period. Every detenue has a fundamental right for the grant of bail. In Sanjay Chandra versus Central Bureau of Investigation case, the Hon'ble Supreme Court has held, “When the under-trial prisoners are detained in jail custody to an indefinite period, Article 21 of the Constitution of India is violated.” Various judgements of the Supreme Court have expanded the scope of this right. © examsnet.com"
CDS-2017-I-GK-096,2017,GK,Modern History,Indian National Movement,Modern History | Freedom Struggle | British Colonial Rule,hard,"Which of the following statements is/are correct regarding Right to Education in India? 1. Free and compulsory education should be provided to all children of the age of six to fourteen years. 2. The imperative of the provision of the Right to Education Act, 2009 is that schools must have qualified teachers and basic infrastructure. 3. There should be quality education without any discrimination on the ground of economic, social and cultural background. Select the correct answer using the code given below. [2017 CDS-I]","1,2 and 3",1 and 2 only,1 and 3 only,3 only,A,"Solution: All the statements are correct regarding the Right to Education in India. The Right of Children to Free and Compulsory Education Act or Right to Education Act (RTE) is an Act of the Parliament of India enacted on August 4, 2009, which describes the modalities of the importance of free and compulsory education for children between 6 years and 14 years in India under Article 21A of the Indian Constitution. India became one of the 135 countries to make education a fundamental right of every child when the Act came into force on April 1, 2010. The Act makes education a fundamental right of every child between the ages of 6 years and 14 years and specifies minimum norms in elementary schools. It requires all the private schools to reserve 25% of the seats to the children. © examsnet.com"
CDS-2017-I-GK-097,2017,GK,Modern History,Indian National Movement,Modern History | Freedom Struggle | British Colonial Rule,easy,Which one of the following statements regarding freedom to manage religious affairs as per the Constitution of India is not correct? [2017 CDS-I],Every religious denomination shall have the right to manage its own affairs in matters of religion except some minor communities.,Every religion or any section thereof shall have the right to own and acquire movable and immovable property.,Every religious community has the right to establish and maintain institutions for religious and charitable purposes.,Every community has the right to manage its own affairs in matters of religion.,A,"Solution: Statement (1) is incorrect regarding freedom to manage religious affairs as per the Constitution of India. Subject to public order, morality and health, every religious denomination or any section thereof shall have the right: (a) to establish and maintain institutions for religious and charitable purposes; (b) to manage its own affairs in matters of religion; (c) to own and acquire movable and immovable property; and (d) to administer such property in accordance with law. © examsnet.com"
CDS-2017-I-GK-098,2017,GK,Polity,Indian Constitution & Governance,Polity | Constitution of India | Governance | Constitutional Bodies,easy,Which one of the following statements relating to protection against arrest and detention of individuals under Article 22 is not correct? [2017 CDS-I],No person who is arrested shall be detained in custody without being informed of the grounds for such arrest.,"No person shall be denied the right to consult, and be defended by, a legal practitioner of his/her choice.",Every person who is arrested and detained in custody shall be produced before the nearest Magistrate within a period of one week of such arrest.,The right to protection against arrest is not available to a person in jail pursuant to a judicial order.,C,Solution: Statement (c) relating to protection against arrest and detention of individuals under Article 22 is not correct. Article 22(2) reads: Every person who is arrested and detained in custody shall be produced before the nearest magistrate within a period of twenty-four hours (not a week) of such arrest excluding the time necessary for the journey from the place of arrest to the court of the magistrate and no such person shall be detained in custody beyond the said period without the authority of a magistrate. © examsnet.com
CDS-2017-I-GK-099,2017,GK,Geography,Physical and Indian Geography,Geography | Physical Geography | Indian Geography | Geomorphology,easy,Which one of the following intellectual property rights is protected without making any registration? [2017 CDS-I],Copyright,Patent,Industrial design,Trademark,A,"Solution: Copyright is protected without making any registration. Copyright refers to the legal right of the owner of intellectual property. A patent is a set of exclusive rights granted by a sovereign state or intergovernmental organisation to an inventor or assignee for a limited period of time in exchange for detailed public disclosure of an invention. Industrial design is a process of design applied to products that are to be manufactured through techniques of mass production. A trademark is a recognisable insignia, phrase or symbol that denotes a specific product or service and legally differentiates it from all other products. © examsnet.com"
CDS-2017-I-GK-100,2017,GK,Economy,Indian Economy & Financial System,Economy | Macroeconomics | Banking & Finance | Public Finance,easy,Which one of the following indices is now used by the Reserve Bank of India to measure the rate of inflation in India? [2017 CDS-I],NASDAQ Index,BSE Index,Consumer Price Index,Wholesale Price Index,C,"Solution: Consumer Price Index is now used by the Reserve Bank of India (RBI) to measure the rate of inflation in India. The Consumer Price Index (CPI) is a measure that examines the weighted average of prices of a basket of consumer goods and services, such as transportation, food and medical care. It is calculated by taking price changes for each item in the predetermined basket of goods and averaging them. © examsnet.com"
CDS-2017-I-GK-101,2017,GK,Modern History,Indian National Movement,Modern History | Freedom Struggle | British Colonial Rule,easy,The Most Favoured Nation (MFN) Clause under WTO regime is based on the principle of [2017 CDS-I],non-discrimination between nations,discrimination between nations,differential treatment between locals and foreigners,uniform tariff across commodities,A,"Solution: The Most Favoured Nation (MFN) Clause under WTO regime is based on the principle of nondiscrimination between the nations.According to the MFN principle of the WTO’s General Agreement on Tariffs and Trade (GATT), to which India is a signatory/contracting party, each of the WTO member countries should “treat all the other members equally as ‘most-favoured’ trading partners”. The WTO says, “Grant someone a special favour (such as a lower customs duty rate) and you have to do the same for all other WTO members.” Hence, though MFN sounds like a special treatment, in effect it means non-discrimination © examsnet.com"
CDS-2017-I-GK-102,2017,GK,Modern History,Indian National Movement,Modern History | Freedom Struggle | British Colonial Rule,easy,Goods and Services Tax likely to be levied in India is not a [2017 CDS-I],gross value tax,value-added tax,consumption tax,destination-based tax,A,"Solution: Goods and Services Tax likely to be levied in India is not a gross value tax. Gross value tax is a productivity metric that measures the contribution to an economy, producer, sector or region. Gross value added provides a dollar value for the amount of goods and services, that has been produced, less the cost of all inputs and raw materials that are directly attributable to that production. © examsnet.com"
CDS-2017-I-GK-103,2017,GK,Current Affairs,Current Events of National & International Importance,Current Affairs | International Relations | Government Schemes | Awards,easy,Amartya Sen was awarded the Nobel Prize for his contribution to [2017 CDS-I],Monetary Economics,Welfare Economics,Environmental Economics,Development Economics,B,"Solution: Amartya Sen was awarded the Nobel Prize for his contribution to welfare economics. He was awarded the 1998 Nobel Prize in Economic Sciences for his contributions to welfare economics and social choice theory and for his interest in the problems of the society’s poorest members. Sen was best known for his work on the causes of famine, which led to the development of practical solutions for preventing or limiting the effects of real or perceived shortages of food. © examsnet.com"
CDS-2017-I-GK-104,2017,GK,Defence & Security,"Defence, Military & Internal Security",Defence | Military Exercises | Armed Forces | Security Architecture,easy,The rank of Captain of the Indian Navy is equivalent to which one of the following? [2017 CDS-I],Captain of the Indian Army,Group Captain in the Indian Air Force,Lieutenant Colonel of the Indian Army,Wing Commander of the Indian Air Force,B,Solution: he rank of a Captain of the Indian Navy is equivalent to a Group Captain in the Indian Air Force. Equivalent Ranks in the Armed Forces Officer Ranks Indian Army Indian Navy Indian Air Force General Admiral Air Chief Marshal Lieutenant General Vice Admiral Air Marshal Major General Rear Admiral Air Vice Marshal Brigadier Commodore Air Commodore Colonel Captain Group Captain Lieutenant Colonel Commander Wing Commander Major Lieutenant Commander Squadron Leader Captain Lieutenant Flight Lieutenant Lieutenant Sub-Lieutenant Flying Officer © examsnet.com
CDS-2017-I-GK-105,2017,GK,Defence & Security,"Defence, Military & Internal Security",Defence | Military Exercises | Armed Forces | Security Architecture,easy,Which one of the following statements is correct in relation to the Indian Air Force? [2017 CDS-I],It has bases in many friendly countries.,It does not carry out joint exercises with any country.,It has a separate Maintenance Command.,No officer has ever been elevated to the rank of Marshal of the Indian Air Force.,C,"Solution: Statement (c) is correct regarding Indian Air Force. It has a separate Maintenance Command in Nagpur. Farkhor Air Base is a military air base located near the town of Farkhor in Tajikistan, operated by the Indian Air Force. Farkhor is India's first and only air base outside its territory. So, statement (a) is incorrect because it uses the term ‘many’. Indian Air Force regularly engages itself in bilateral exercises with friendly nations. So, statement (b) is also incorrect. In recognition of his services, the Government of India conferred the rank of the Marshal of the Air Force onto Arjan Singh in January 2002, making him the first and the only 'Five Star' rank officer with the Indian Air Force. So, statement (d) is also incorrect. Commands of the Indian Air Force S. No Command HQs 1. Western AirCommand Delhi 2. South-WesternAir Command Gandhinagar 3. Central Air Command Allahabad 4. Eastern Air Command Shillong 5. Southern Air Command Thiruvananthapuram 6. Training Command Training Command 7. Maintenance Command Nagpur © examsnet.com"
CDS-2017-I-GK-106,2017,GK,Defence & Security,"Defence, Military & Internal Security",Defence | Military Exercises | Armed Forces | Security Architecture,easy,The Indian Navy in October 2016 commissioned the highly maneuverable fast attack craft INS Tihayu. INS Tihayu would be based in [2017 CDS-I],Kochi,Panaji,Visakhapatnam,Mumbai,C,"Solution: INS Tihayu would be basedin Visakhapatnam. Named afterTihayu island in the Nicobargroup, the 320-tonne INS Tihayu,measuring 49 metres, can achieve speeds in excess of 35 knots. INS Tihayu (T93) is a patrol vessel of the Car Nicobar-class of the Indian Navy and the third ship in the series of four Water Jet Fast Attack Craft. The ship is capable of operating in shallow waters at high speeds and is equipped with enhanced fire power. Built for extended coastal and offshore surveillance and patrol, the warship is fitted with advanced MTU engines, water jet propulsion and the latest communication equipment. © examsnet.com"
CDS-2017-I-GK-107,2017,GK,General Knowledge,General Knowledge,General Knowledge | UPSC CDS | Prelims,easy,Which one of the following sectors is not affected by the changes made in the Foreign Direct Investment Policy in June 2016? [2017 CDS-I],Multi-brand retailing,Defence,Private security agencies,"Manufacturing of small arms and ammunitions covered under the Arms Act, 1959",A,"Solution: Multi-brand retailing is not affected by the changes made in the Foreign Direct Investment Policy in June 2016. Now Foreign Investment in Defence Sector is up to 100%. Earlier, FDI up to 49% is now permitted under automatic route in this sector. Union Government radically liberalised the FDI regime on June 20, 2016 with the objective of providing major impetus to employment and job creation in India. © examsnet.com"
CDS-2017-I-GK-108,2017,GK,Science & Tech,General Science & Emerging Technologies,Science & Tech | General Science | Applied Science | Physics | Chemistry | Biology,easy,BREXIT refers to the Great Britain leaving which one of the following? [2017 CDS-I],International Monetary Fund,Commonwealth,World Trade Organization,European Union,D,"Solution: BREXIT refers to the Great Britain leaving European Union. BREXIT is the prospective withdrawal of the United Kingdom from the European Union. In a referendum on June 23, 2016, 51.9% of the participating UK electorate voted to leave the EU, out of a turnout of 72.2%. The European Union is a political and economic union of 28 member states that are located primarily in Europe © examsnet.com"
CDS-2017-I-GK-109,2017,GK,Current Affairs,Current Events of National & International Importance,Current Affairs | International Relations | Government Schemes | Awards,easy,"In which one of the following cities are the Summer Olympics, 2020 going to be held? [2017 CDS-I]",London,Paris,Tokyo,Moscow,C,"Solution: Summer Olympics, 2020 is going to be held in Tokyo. 2024 Olympic Summer Games will be held in Paris from July 26 to August 11, 2024. Los Angeles will host the 2028 Summer Olympics after reaching a deal with the Olympic organisers. © examsnet.com"
CDS-2017-I-GK-110,2017,GK,Polity,Indian Constitution & Governance,Polity | Constitution of India | Governance | Constitutional Bodies,easy,Who among the following is the President of Republic of the Union of Myanmar? [2017 CDS-I],Aung San Suu Kyi,Htin Kyaw,Myint Swe,Heniy Van Thio,B,"Solution: Htin Kyaw is the President of Republic of the Union of Myanmar. Aung San Suu Kyi is a Burmese politician, diplomat, and author, and Nobel Peace Prize laureate. Myint Swe is a Burmese politician and the first Vice President of Myanmar. Henry Van Thio is a Burmese politician who was the second Vice President of Myanmar since 2016. © examsnet.com"
CDS-2017-I-GK-111,2017,GK,Polity,Indian Constitution & Governance,Polity | Constitution of India | Governance | Constitutional Bodies,medium,"Statement I : The passing of the Coercive Acts made reconciliation between Britain and her American colonies virtually impossible. Statement II : The British Parliament, having issued the Stamp Act in 1765, repealed it later. [2017 CDS-I]",(a),(b),(c),(d),B,"Solution: Both the statements are individually true, but statement II is not the correct explanation of statement I. The Coercive Acts, passed throughout 1774, were a series of laws that restricted trade and increased British control in Boston and the rest of Massachusetts. The Coercive Acts were designed to scare and silence the colonists, but they actually brought the colonies closer together and closer to outright rebellion. The Stamp Act of 1765 was the first internal tax levied directly on American colonists by the British government. © examsnet.com"
CDS-2017-I-GK-112,2017,GK,Polity,Indian Constitution & Governance,Polity | Constitution of India | Governance | Constitutional Bodies,medium,"Statement I : The Poona Pact provided for 151 reserved seats for the scheduled castes to be elected by a joint, not separate, electorate. Statement II : Dr. B. R. Ambedkar withdrew from active politics for almost a decade when the Communal Award was revoked. [2017 CDS-I]",(a),(b),(c),(d),C,"Solution: Statement I is true but statement II is false. Poona Pact was an agreement between Dr. B.R. Ambedkar and Mahatma Gandhi, signed on September 24, 1932. While communal award promised 71 seats to the depressed classes, the Poona Pact asked for the allocationof 148 seats to the depressed classes. Dr. B.R. Ambedkar did not withdraw from active politics for almost a decade when the Communal Award was revoked. In 1936, he formed ‘Independent Labour Party’. In 1937, ‘Municipal Workers Union’ in Bombay was formedby him. © examsnet.com"
CDS-2017-I-GK-113,2017,GK,Modern History,Indian National Movement,Modern History | Freedom Struggle | British Colonial Rule,easy,Which one of the following statements about the All India Depressed Classes Association is not correct? [2017 CDS-I],The All India Depressed Classes Association was formed in Nagpur with M. C. Rajah as its first elected President.,The All India Depressed Classes Association was not attended by Dr. B. R. Ambedkar in 1926.,Ambedkar resigned from the All India Depressed Classes Association and formed his own All India Depressed Classes Congress in 1930.,The All India Depressed Classes Association favoured Ambedkar’s demand for separate electorate for the depressed classes.,D,"Solution: Statement (d) about the All India Depressed Classes Association is not correct. Rao Bahadur Mylai Chinna Thambi Pillai Rajah (M.C. Rajah) (June 17, 1883-August 20, 1943) was a Paraiyar politician, social and political activist from Tamil Nadu, who founded the All India Depressed Class Association. In 1932, M.C. Rajah concluded a pact with two members of the Indian National Congress, B.S. Moonje and Jadhav. According to this pact, Moonje offered reserved seats to the scheduled castes in return for Rajah's support. This demand prompted Ambedkar to make an official demand for separate electorates on an all-India basis and, thus, he parted ways from All India Depressed Classes Association. © examsnet.com"
CDS-2017-I-GK-114,2017,GK,Modern History,Indian National Movement,Modern History | Freedom Struggle | British Colonial Rule,easy,Which one of the following statements about the Justice Party is not correct? [2017 CDS-I],It clamoured for the same kind of separate communal representation for the Non-Brahmins as had been granted to the Muslims by the Morley-Minto Reforms.,It was patronized mainly by richer landowning and urban middle class Non-Brahmins.,It succeeded in getting the provision for 28 reserved seats for the Non-Brahmins in the Montagu- Chelmsford Reforms.,It supported the call given by the Congress to boycott elections in 1920.,D,"Solution: Statement (d) is not correct regarding the Justice Party. In 1920, it won the first direct elections in the Madras Presidency and formed the government. So, statement (d) is not correct. The Justice Party, officially the South Indian Liberal Federation, was a political party in the Madras Presidency of the British India. It was established in 1916 by T.M. Nair and P. Theagaraya Chetty as a result of a series of non-Brahmin conferences and meetings in the presidency. © examsnet.com"
CDS-2017-I-GK-115,2017,GK,Modern History,Indian National Movement,Modern History | Freedom Struggle | British Colonial Rule,easy,Ryotwari experiment in land revenue was started by [2017 CDS-I],Henry Dundas,Alexander Reed,David Ricardo,Mountstuart Elphinstone,B,"Solution: The Ryotwari experiment in land revenue was started by Alexander Reed and Thomas (later Sir Thomas) Munro at the end of the 18th century and introduced by the latter when he was the Governor (1820–1827) of Madras (now Chennai). The major areas of introduction include Madras, Bombay, parts of Assam and Coorgh provinces of the British India. In Ryotwari System, the ownership rights were handed over to the peasants. The British Government collected taxes directly from the peasants. The revenue rates of the Ryotwari System were 50% where the lands were dry and 60% in irrigated land. © examsnet.com"
CDS-2017-I-GK-116,2017,GK,Polity,Indian Constitution & Governance,Polity | Constitution of India | Governance | Constitutional Bodies,hard,Which of the following statements is/are correct regarding the Preamble of the Indian Constitution? 1. The Preamble by itself is not enforceable in a Court of Law. 2. The Preamble states the objectives which the Constitution seeks to establish and promote. 3. The Preamble indicates the source from which the Constitution derives its authority. Select the correct answer using the code given below. [2017 CDS-I],"1, 2 and 3",1 and 2 only,1 and 3 only,2 only,A,"Solution: All the three statements are correct regarding the Preamble of the Indian Constitution. The Preamble of the Constitution of India is a brief introductory statement that sets out the guiding purpose, principles and philosophy of the Constitution. The Constitution of India begins with a Preamble which describes the nature of the Indian State and the objectives it is committed to secure. © examsnet.com"
CDS-2017-I-GK-117,2017,GK,Science & Tech,General Science & Emerging Technologies,Science & Tech | General Science | Applied Science | Physics | Chemistry | Biology,easy,Which one of the following statements relating to cultural and educational rights in India is not correct? [2017 CDS-I],"Every section of the citizens has the right to conserve its language, script or culture.","No citizen shall be denied admission into any educational institution maintained by the State or receiving aid out of State funds on grounds of religion, race or language.","The State shall, in granting aid to educational institutions, discrimi­nate against any educational institution on the ground that it is under the management of a majority community.","All minorities, whether based on religion or language, shall have the right to establish and administer educational institutions of their choice.",C,"Solution: Statement (c) relating to the cultural and educational rights in India is not correct because the state shall not, in granting aid to educational institutions, discriminate against any educational institution on the ground that it is under the management of a minority community. Both Article 29 as well as Article 30 guarantee certain right to the minorities. Article 29 protects the interests of the minorities by making a provision that any citizen/section of citizens having a distinct language, script or culture have the right to conserve the same. Article 30 mandates that all minorities, whether based on religion or language, shall have the right to establish and administer educational institutions of their choice. © examsnet.com"
CDS-2017-I-GK-118,2017,GK,Modern History,Indian National Movement,Modern History | Freedom Struggle | British Colonial Rule,easy,Which one of the following statements relating to the Directive Principles of State Policy is not correct? [2017 CDS-I],The provisions contained in Part IV of the Constitution of India shall not be enforceable by any Court.,The Directive Principles of State Policy are fundamental in the governance of the country.,It shall be the duty of the State to apply the Directive Principles in making laws.,The Directive Principles are directed in making India an advanced capitalist country of the world.,D,"Solution: Statement (d) relating to the Directive Principles of State Policy (DPSPs) is not correct as DPSPs do not give directive to make India an advanced capitalist country of the world. The directive principles place an ideal before the legislator of India, which shows them light while they frame the policies and laws. They are basically a code of conduct for the legislature and administrators of the country. They show the path to the leaders of the country which takes the country to achieve the ideal of the Constitution embodied in the Preamble – “Justice, Social, Economic, Political; Liberty, Equality and Fraternity”. © examsnet.com"
CDS-2017-I-GK-119,2017,GK,Polity,Indian Constitution & Governance,Polity | Constitution of India | Governance | Constitutional Bodies,easy,Which one of the following statements is not correct regarding the Office of the Vice President of India? [2017 CDS-I],The Vice President is elected by an electoral college consisting of the elected members of both the Houses of the Parliament.,The Vice President is elected in accordance with the system of proportional representation by means of single transferable vote.,The Vice President shall not be a member of either House of the Parliament or of a House of the Legislature of any State.,The Vice President of India shall be ex officio Chairman of the Council of States and shall not hold any office of profit.,A,Solution: The Vice President is elected by an electoral college consisting of the members of both the Houses of the Parliament in accordance with the system of proportional representation by means of the single transferable vote and the voting in such election is by secret ballot. The Vice President is not a member of either House of Parliament or of a House of a Legislature of any state. The person shall not be eligible for election as a President if he holds any office of profit. © examsnet.com
CDS-2017-I-GK-120,2017,GK,Polity,Indian Constitution & Governance,Polity | Constitution of India | Governance | Constitutional Bodies,medium,Which one of the following constitutional authorities inquires and decides in case of doubts and disputes arising out of election of the President and Vice President of India? [2017 CDS-I],The Supreme Court of India,The Election Commission of India,The Parliamentary Committee,The High Court of Delhi,A,"Solution: The Supreme Court of India inquires and decides in case of doubts and disputes arising out of election of the President and Vice President of India. Clause 1, Article 71 of the Indian Constitution deals with this provision that all doubts and disputes arising out of or in connection with the election of a President or Vice President shall be inquired into and decided by the Supreme Court whose decision shall be final. © examsnet.com"
